{
  "train_cls_loss": [
    2.331487,
    1.611216,
    1.343805,
    1.204763,
    1.1111,
    1.032035,
    0.965676,
    0.932363,
    0.883386,
    0.856479,
    0.84704,
    0.807144,
    0.788302,
    0.744509,
    0.736168,
    0.692179,
    0.681136,
    0.6649,
    0.652267,
    0.64271,
    0.561173,
    0.503543,
    0.500857,
    0.465822,
    0.464476,
    0.458832,
    0.438665,
    0.452868,
    0.423742,
    0.419947,
    0.406888
  ],
  "train_top_cls_loss": [
    0.710179,
    0.516462,
    0.462953,
    0.441798,
    0.425453,
    0.385752,
    0.371524,
    0.376051,
    0.352311,
    0.342883,
    0.333881,
    0.323959,
    0.310145,
    0.29961,
    0.29434,
    0.271235,
    0.273336,
    0.269207,
    0.269368,
    0.252106,
    0.215786,
    0.19036,
    0.202123,
    0.179672,
    0.179571,
    0.175491,
    0.174079,
    0.170757,
    0.15782,
    0.164219,
    0.160099
  ],
  "train_total_loss": [
    3.396755,
    2.385909,
    2.038234,
    1.86746,
    1.749279,
    1.610663,
    1.522962,
    1.49644,
    1.411853,
    1.370803,
    1.347861,
    1.293082,
    1.253519,
    1.193923,
    1.177679,
    1.099032,
    1.09114,
    1.068711,
    1.056318,
    1.020869,
    0.884852,
    0.789082,
    0.804041,
    0.73533,
    0.733833,
    0.722069,
    0.699784,
    0.709004,
    0.660472,
    0.666275,
    0.647037
  ],
  "learning_rates": [
    0.001,
    0.001,
    0.001,
    0.001,
    0.001,
    0.001,
    0.001,
    0.001,
    0.001,
    0.001,
    0.001,
    0.001,
    0.001,
    0.001,
    0.001,
    0.001,
    0.001,
    0.001,
    0.001,
    0.001,
    0.0005,
    0.0005,
    0.0005,
    0.0005,
    0.0005,
    0.0005,
    0.0005,
    0.0005,
    0.0005,
    0.0005,
    0.0005
  ],
  "val_accuracy": [
    45.287356,
    61.781609,
    66.551724,
    71.609195,
    72.873563,
    74.310345,
    74.827586,
    75.287356,
    76.896552,
    75.402299,
    75.862069,
    76.494253,
    77.011494,
    76.724138,
    77.011494,
    78.16092,
    77.356322,
    76.954023,
    77.126437,
    75.91954,
    77.816092,
    77.816092,
    77.298851,
    77.298851,
    76.551724,
    77.758621,
    77.528736,
    76.494253,
    77.528736,
    77.413793,
    77.356322
  ],
  "model_info": {
    "model_class": "BaseClassifier",
    "hidden_size": 128,
    "num_classes": 23,
    "emb_size_audio": 1280,
    "emb_size_text": 0,
    "dropout": 0.1,
    "use_batch_norm": true,
    "mode": "audio",
    "num_folds": 5,
    "fold_id": 2,
    "batch_size": 64,
    "random_seed": 1821
  }
}