{
  "train_cls_loss": [
    2.441478,
    1.594041,
    1.378747,
    1.265915,
    1.202936,
    1.136408,
    1.098453,
    1.041906,
    1.034834,
    1.004706,
    0.973557,
    0.945625,
    0.906946,
    0.905758,
    0.898418,
    0.855144,
    0.848141,
    0.848575,
    0.808639,
    0.795813,
    0.70886,
    0.688497,
    0.68031,
    0.657791,
    0.649088,
    0.642091,
    0.620262,
    0.619534,
    0.599849,
    0.58641,
    0.589173,
    0.59388,
    0.571289,
    0.572263,
    0.561279,
    0.547263
  ],
  "train_total_loss": [
    2.441478,
    1.594041,
    1.378747,
    1.265915,
    1.202936,
    1.136408,
    1.098453,
    1.041906,
    1.034834,
    1.004706,
    0.973557,
    0.945625,
    0.906946,
    0.905758,
    0.898418,
    0.855144,
    0.848141,
    0.848575,
    0.808639,
    0.795813,
    0.70886,
    0.688497,
    0.68031,
    0.657791,
    0.649088,
    0.642091,
    0.620262,
    0.619534,
    0.599849,
    0.58641,
    0.589173,
    0.59388,
    0.571289,
    0.572263,
    0.561279,
    0.547263
  ],
  "learning_rates": [
    0.001,
    0.001,
    0.001,
    0.001,
    0.001,
    0.001,
    0.001,
    0.001,
    0.001,
    0.001,
    0.001,
    0.001,
    0.001,
    0.001,
    0.001,
    0.001,
    0.001,
    0.001,
    0.001,
    0.001,
    0.0005,
    0.0005,
    0.0005,
    0.0005,
    0.0005,
    0.0005,
    0.0005,
    0.0005,
    0.0005,
    0.0005,
    0.0005,
    0.0005,
    0.0005,
    0.0005,
    0.0005,
    0.0005
  ],
  "val_accuracy": [
    61.15231,
    68.568169,
    70.678836,
    72.104963,
    73.131774,
    73.416999,
    74.729036,
    75.299487,
    75.527667,
    74.786081,
    75.698802,
    77.181974,
    77.010839,
    76.896748,
    76.554478,
    76.782658,
    76.554478,
    76.497433,
    76.725613,
    76.611523,
    77.239019,
    77.239019,
    77.239019,
    76.269253,
    76.782658,
    76.611523,
    76.383343,
    77.010839,
    75.926982,
    76.155163,
    76.725613,
    76.155163,
    77.010839,
    76.839703,
    76.953793,
    75.926982
  ],
  "model_info": {
    "model_class": "BaseClassifier",
    "hidden_size": 128,
    "num_classes": 23,
    "emb_size_audio": 512,
    "emb_size_text": 0,
    "dropout": 0.1,
    "use_batch_norm": true,
    "mode": "audio",
    "num_folds": 5,
    "fold_id": 2,
    "batch_size": 64,
    "random_seed": 1821
  }
}