{
  "train_cls_loss": [
    2.514851,
    1.918021,
    1.655641,
    1.577558,
    1.611804,
    1.568333,
    1.542461,
    1.416586,
    1.468902,
    1.420543,
    1.363227,
    1.354701,
    1.290778,
    1.350787,
    1.32215,
    1.250495,
    1.273516,
    1.274638,
    1.248675,
    1.268474,
    1.191896,
    1.168623,
    1.213112,
    1.160785,
    1.144158,
    1.100591,
    1.161432,
    1.119952,
    1.073855,
    1.131248,
    1.162285,
    1.143301,
    1.051919,
    1.150599,
    1.045792,
    1.052534,
    0.965731
  ],
  "train_total_loss": [
    2.514851,
    1.918021,
    1.655641,
    1.577558,
    1.611804,
    1.568333,
    1.542461,
    1.416586,
    1.468902,
    1.420543,
    1.363227,
    1.354701,
    1.290778,
    1.350787,
    1.32215,
    1.250495,
    1.273516,
    1.274638,
    1.248675,
    1.268474,
    1.191896,
    1.168623,
    1.213112,
    1.160785,
    1.144158,
    1.100591,
    1.161432,
    1.119952,
    1.073855,
    1.131248,
    1.162285,
    1.143301,
    1.051919,
    1.150599,
    1.045792,
    1.052534,
    0.965731
  ],
  "learning_rates": [
    0.001,
    0.001,
    0.001,
    0.001,
    0.001,
    0.001,
    0.001,
    0.001,
    0.001,
    0.001,
    0.001,
    0.001,
    0.001,
    0.001,
    0.001,
    0.001,
    0.001,
    0.001,
    0.001,
    0.001,
    0.0005,
    0.0005,
    0.0005,
    0.0005,
    0.0005,
    0.0005,
    0.0005,
    0.0005,
    0.0005,
    0.0005,
    0.0005,
    0.0005,
    0.0005,
    0.0005,
    0.0005,
    0.0005,
    0.0005
  ],
  "val_accuracy": [
    56.41757,
    67.427268,
    69.93725,
    71.591557,
    72.333143,
    74.044495,
    73.188819,
    74.32972,
    73.188819,
    75.413577,
    74.21563,
    74.32972,
    74.957216,
    75.470622,
    74.957216,
    77.124929,
    76.155163,
    76.212208,
    76.668568,
    76.497433,
    77.124929,
    77.809469,
    77.067884,
    77.809469,
    77.181974,
    77.010839,
    77.410154,
    76.953793,
    76.326298,
    77.296064,
    76.326298,
    77.524244,
    77.067884,
    76.440388,
    75.755847,
    75.527667,
    75.869937
  ],
  "model_info": {
    "model_class": "BaseClassifier",
    "hidden_size": 128,
    "num_classes": 23,
    "emb_size_audio": 512,
    "emb_size_text": 0,
    "dropout": 0.1,
    "use_batch_norm": true,
    "mode": "audio",
    "num_folds": 5,
    "fold_id": 4,
    "batch_size": 64,
    "random_seed": 1821
  }
}