{
  "attention_audio": [
    0.513822,
    0.486837,
    0.478896,
    0.480465,
    0.478718,
    0.478548,
    0.476291,
    0.482222,
    0.480798,
    0.479417,
    0.483215,
    0.486743,
    0.485216,
    0.488495,
    0.487961,
    0.490261,
    0.490199,
    0.490751,
    0.491314,
    0.492663,
    0.492007,
    0.495263,
    0.495832,
    0.492288,
    0.490042,
    0.488133,
    0.492446,
    0.495978,
    0.497233,
    0.497464,
    0.498013,
    0.498095,
    0.499499,
    0.499559,
    0.498293,
    0.501417,
    0.50165,
    0.502712,
    0.50083,
    0.501698,
    0.499817,
    0.501239,
    0.50275
  ],
  "attention_text": [
    0.486178,
    0.513163,
    0.521104,
    0.519535,
    0.521282,
    0.521452,
    0.523709,
    0.517778,
    0.519202,
    0.520583,
    0.516785,
    0.513257,
    0.514784,
    0.511505,
    0.512039,
    0.509738,
    0.509801,
    0.509249,
    0.508686,
    0.507337,
    0.507993,
    0.504737,
    0.504168,
    0.507712,
    0.509958,
    0.511867,
    0.507554,
    0.504022,
    0.502767,
    0.502536,
    0.501987,
    0.501905,
    0.500501,
    0.500441,
    0.501707,
    0.498583,
    0.49835,
    0.497288,
    0.49917,
    0.498302,
    0.500183,
    0.498761,
    0.49725
  ],
  "train_cls_loss": [
    2.195207,
    1.356504,
    1.092962,
    1.008891,
    0.932425,
    0.891346,
    0.826795,
    0.788584,
    0.752754,
    0.738727,
    0.69652,
    0.690203,
    0.671398,
    0.656552,
    0.623601,
    0.610397,
    0.594761,
    0.583928,
    0.566878,
    0.55439,
    0.507884,
    0.452044,
    0.433295,
    0.433098,
    0.416119,
    0.41501,
    0.405005,
    0.400139,
    0.383705,
    0.383764,
    0.372034,
    0.358108,
    0.365706,
    0.34965,
    0.352987,
    0.352972,
    0.32657,
    0.325313,
    0.326022,
    0.316331,
    0.293203,
    0.267091,
    0.263159
  ],
  "train_total_loss": [
    2.195207,
    1.356504,
    1.092962,
    1.008891,
    0.932425,
    0.891346,
    0.826795,
    0.788584,
    0.752754,
    0.738727,
    0.69652,
    0.690203,
    0.671398,
    0.656552,
    0.623601,
    0.610397,
    0.594761,
    0.583928,
    0.566878,
    0.55439,
    0.507884,
    0.452044,
    0.433295,
    0.433098,
    0.416119,
    0.41501,
    0.405005,
    0.400139,
    0.383705,
    0.383764,
    0.372034,
    0.358108,
    0.365706,
    0.34965,
    0.352987,
    0.352972,
    0.32657,
    0.325313,
    0.326022,
    0.316331,
    0.293203,
    0.267091,
    0.263159
  ],
  "learning_rates": [
    0.001,
    0.001,
    0.001,
    0.001,
    0.001,
    0.001,
    0.001,
    0.001,
    0.001,
    0.001,
    0.001,
    0.001,
    0.001,
    0.001,
    0.001,
    0.001,
    0.001,
    0.001,
    0.001,
    0.001,
    0.0005,
    0.0005,
    0.0005,
    0.0005,
    0.0005,
    0.0005,
    0.0005,
    0.0005,
    0.0005,
    0.0005,
    0.0005,
    0.0005,
    0.0005,
    0.0005,
    0.0005,
    0.0005,
    0.0005,
    0.0005,
    0.0005,
    0.0005,
    0.00025,
    0.00025,
    0.00025
  ],
  "val_accuracy": [
    62.407302,
    68.282944,
    73.131774,
    75.869937,
    76.098118,
    76.155163,
    77.92356,
    78.436965,
    78.893326,
    78.322875,
    78.836281,
    78.950371,
    78.15174,
    78.551055,
    78.893326,
    79.292641,
    78.950371,
    78.779236,
    78.836281,
    79.235596,
    80.205362,
    79.520821,
    79.178551,
    79.691957,
    79.634912,
    79.977182,
    80.433542,
    80.661723,
    78.6081,
    80.148317,
    78.6081,
    78.950371,
    79.292641,
    79.007416,
    80.205362,
    79.749002,
    78.779236,
    78.551055,
    78.6081,
    79.235596,
    80.148317,
    79.292641,
    79.749002
  ],
  "model_info": {
    "model_class": "BaseClassifier",
    "hidden_size": 128,
    "num_classes": 23,
    "emb_size_audio": 768,
    "emb_size_text": 512,
    "dropout": 0.1,
    "use_batch_norm": true,
    "mode": "both",
    "num_folds": 5,
    "fold_id": 4,
    "batch_size": 64,
    "random_seed": 1821
  }
}