{
  "train_cls_loss": [
    2.42012,
    1.613919,
    1.438712,
    1.336737,
    1.233378,
    1.197057,
    1.175498,
    1.131104,
    1.092463,
    1.063452,
    1.029456,
    1.004621,
    0.966894,
    0.953299,
    0.917562,
    0.891377,
    0.867932,
    0.851479,
    0.814064,
    0.828368,
    0.712703,
    0.719957,
    0.672995,
    0.677317,
    0.646859,
    0.636017,
    0.619677,
    0.608811,
    0.588518,
    0.587254,
    0.562589,
    0.560288,
    0.555185,
    0.553098,
    0.521153,
    0.519511,
    0.522528,
    0.496916
  ],
  "train_top_cls_loss": [
    1.022668,
    0.70346,
    0.642932,
    0.592421,
    0.547193,
    0.547436,
    0.540861,
    0.512143,
    0.500429,
    0.481625,
    0.470737,
    0.467282,
    0.450662,
    0.444479,
    0.418448,
    0.421417,
    0.402382,
    0.400528,
    0.377744,
    0.400932,
    0.335413,
    0.335737,
    0.311802,
    0.324051,
    0.305028,
    0.298547,
    0.28838,
    0.291417,
    0.274748,
    0.280294,
    0.273798,
    0.270631,
    0.267597,
    0.258986,
    0.251563,
    0.239716,
    0.258341,
    0.237598
  ],
  "train_total_loss": [
    2.72692,
    1.824957,
    1.631591,
    1.514463,
    1.397536,
    1.361288,
    1.337757,
    1.284748,
    1.242592,
    1.20794,
    1.170678,
    1.144806,
    1.102093,
    1.086642,
    1.043096,
    1.017802,
    0.988647,
    0.971637,
    0.927387,
    0.948648,
    0.813327,
    0.820679,
    0.766536,
    0.774532,
    0.738368,
    0.725581,
    0.706191,
    0.696236,
    0.670942,
    0.671342,
    0.644729,
    0.641478,
    0.635464,
    0.630794,
    0.596622,
    0.591426,
    0.60003,
    0.568195
  ],
  "learning_rates": [
    0.001,
    0.001,
    0.001,
    0.001,
    0.001,
    0.001,
    0.001,
    0.001,
    0.001,
    0.001,
    0.001,
    0.001,
    0.001,
    0.001,
    0.001,
    0.001,
    0.001,
    0.001,
    0.001,
    0.001,
    0.0005,
    0.0005,
    0.0005,
    0.0005,
    0.0005,
    0.0005,
    0.0005,
    0.0005,
    0.0005,
    0.0005,
    0.0005,
    0.0005,
    0.0005,
    0.0005,
    0.0005,
    0.0005,
    0.0005,
    0.0005
  ],
  "val_accuracy": [
    55.172414,
    59.655172,
    62.758621,
    64.655172,
    67.528736,
    67.701149,
    68.333333,
    65.804598,
    68.965517,
    69.137931,
    69.770115,
    70.114943,
    69.367816,
    71.206897,
    71.37931,
    71.609195,
    70.0,
    70.0,
    69.310345,
    70.91954,
    71.149425,
    71.609195,
    72.643678,
    71.37931,
    72.298851,
    70.402299,
    72.068966,
    71.666667,
    71.321839,
    71.206897,
    71.609195,
    71.666667,
    70.977011,
    70.804598,
    71.149425,
    71.609195,
    71.781609,
    71.896552
  ],
  "model_info": {
    "model_class": "BaseClassifier",
    "hidden_size": 128,
    "num_classes": 23,
    "emb_size_audio": 768,
    "emb_size_text": 0,
    "dropout": 0.1,
    "use_batch_norm": true,
    "mode": "audio",
    "num_folds": 5,
    "fold_id": 0,
    "batch_size": 64,
    "random_seed": 1821
  }
}