{
  "attention_audio": [
    0.470639,
    0.460801,
    0.459018,
    0.454565,
    0.453541,
    0.455751,
    0.451966,
    0.458515,
    0.454459,
    0.455314,
    0.455446,
    0.455425,
    0.45647,
    0.456151,
    0.455763,
    0.456525,
    0.459011,
    0.458739,
    0.452009,
    0.456409,
    0.45882,
    0.461279,
    0.462595,
    0.458616,
    0.460759,
    0.45962,
    0.463607,
    0.463687,
    0.465932,
    0.468038,
    0.467782,
    0.468666,
    0.465904,
    0.465883,
    0.469636,
    0.466925,
    0.469286,
    0.466164,
    0.469155,
    0.470844,
    0.474426,
    0.471628,
    0.471474
  ],
  "attention_text": [
    0.529361,
    0.539199,
    0.540982,
    0.545435,
    0.546459,
    0.544249,
    0.548034,
    0.541485,
    0.545541,
    0.544686,
    0.544554,
    0.544575,
    0.54353,
    0.543849,
    0.544237,
    0.543475,
    0.540989,
    0.541261,
    0.547991,
    0.543591,
    0.54118,
    0.538721,
    0.537405,
    0.541384,
    0.539241,
    0.54038,
    0.536393,
    0.536313,
    0.534068,
    0.531962,
    0.532218,
    0.531334,
    0.534096,
    0.534117,
    0.530364,
    0.533075,
    0.530714,
    0.533836,
    0.530845,
    0.529155,
    0.525574,
    0.528372,
    0.528526
  ],
  "train_cls_loss": [
    2.255693,
    1.38854,
    1.187192,
    1.063722,
    0.951223,
    0.91196,
    0.849501,
    0.836559,
    0.805072,
    0.783393,
    0.759695,
    0.726853,
    0.718905,
    0.69718,
    0.649378,
    0.654242,
    0.641818,
    0.603467,
    0.611199,
    0.585957,
    0.513908,
    0.495154,
    0.47626,
    0.468092,
    0.453537,
    0.450782,
    0.442792,
    0.431175,
    0.420786,
    0.398298,
    0.407546,
    0.408299,
    0.390815,
    0.402755,
    0.377286,
    0.368071,
    0.367402,
    0.361986,
    0.360033,
    0.34501,
    0.308117,
    0.301038,
    0.28134
  ],
  "train_top_cls_loss": [
    0.822514,
    0.523719,
    0.480597,
    0.455944,
    0.409294,
    0.405172,
    0.390553,
    0.367514,
    0.357956,
    0.360675,
    0.345278,
    0.332596,
    0.332618,
    0.31931,
    0.291299,
    0.301698,
    0.294173,
    0.272861,
    0.280566,
    0.268085,
    0.227248,
    0.223917,
    0.216497,
    0.214998,
    0.211032,
    0.207289,
    0.202517,
    0.206456,
    0.191629,
    0.178079,
    0.185815,
    0.187679,
    0.185721,
    0.181999,
    0.175401,
    0.167077,
    0.164483,
    0.174387,
    0.169939,
    0.163254,
    0.152322,
    0.143509,
    0.132504
  ],
  "train_total_loss": [
    2.66695,
    1.650399,
    1.427491,
    1.291694,
    1.15587,
    1.114547,
    1.044778,
    1.020316,
    0.98405,
    0.96373,
    0.932334,
    0.893151,
    0.885214,
    0.856835,
    0.795027,
    0.805091,
    0.788904,
    0.739897,
    0.751482,
    0.719999,
    0.627532,
    0.607112,
    0.584508,
    0.575591,
    0.559053,
    0.554427,
    0.544051,
    0.534403,
    0.516601,
    0.487338,
    0.500454,
    0.502138,
    0.483675,
    0.493755,
    0.464987,
    0.45161,
    0.449643,
    0.44918,
    0.445003,
    0.426636,
    0.384278,
    0.372792,
    0.347592
  ],
  "learning_rates": [
    0.001,
    0.001,
    0.001,
    0.001,
    0.001,
    0.001,
    0.001,
    0.001,
    0.001,
    0.001,
    0.001,
    0.001,
    0.001,
    0.001,
    0.001,
    0.001,
    0.001,
    0.001,
    0.001,
    0.001,
    0.0005,
    0.0005,
    0.0005,
    0.0005,
    0.0005,
    0.0005,
    0.0005,
    0.0005,
    0.0005,
    0.0005,
    0.0005,
    0.0005,
    0.0005,
    0.0005,
    0.0005,
    0.0005,
    0.0005,
    0.0005,
    0.0005,
    0.0005,
    0.00025,
    0.00025,
    0.00025
  ],
  "val_accuracy": [
    55.114943,
    66.666667,
    70.344828,
    73.390805,
    75.287356,
    76.666667,
    76.551724,
    76.609195,
    75.804598,
    78.103448,
    78.62069,
    77.931034,
    77.126437,
    77.413793,
    78.045977,
    78.448276,
    78.563218,
    77.816092,
    78.563218,
    78.103448,
    79.022989,
    79.137931,
    78.793103,
    78.103448,
    78.62069,
    79.655172,
    79.655172,
    80.172414,
    78.735632,
    78.62069,
    78.850575,
    78.390805,
    78.275862,
    78.275862,
    78.333333,
    77.471264,
    77.931034,
    78.735632,
    77.413793,
    77.758621,
    78.103448,
    79.08046,
    78.103448
  ],
  "model_info": {
    "model_class": "BaseClassifier",
    "hidden_size": 128,
    "num_classes": 23,
    "emb_size_audio": 768,
    "emb_size_text": 512,
    "dropout": 0.1,
    "use_batch_norm": true,
    "mode": "both",
    "num_folds": 5,
    "fold_id": 3,
    "batch_size": 64,
    "random_seed": 1821
  }
}