{
  "train_cls_loss": [
    2.381836,
    1.574321,
    1.352309,
    1.199212,
    1.104952,
    1.072368,
    1.021358,
    0.972322,
    0.973324,
    0.915719,
    0.917387,
    0.884943,
    0.863936,
    0.845779,
    0.809528,
    0.7758,
    0.770165,
    0.76186,
    0.760795,
    0.736663,
    0.663511,
    0.64346,
    0.633521,
    0.613937,
    0.613819,
    0.592134,
    0.600821,
    0.581155,
    0.571759,
    0.555188,
    0.557202,
    0.532215,
    0.521057,
    0.52346,
    0.511446,
    0.517578,
    0.517054,
    0.497412,
    0.487662,
    0.479841,
    0.449424
  ],
  "train_top_cls_loss": [
    0.894038,
    0.568081,
    0.534291,
    0.492446,
    0.459281,
    0.47126,
    0.441307,
    0.427434,
    0.428968,
    0.398716,
    0.401116,
    0.388982,
    0.384461,
    0.381661,
    0.355407,
    0.340401,
    0.342633,
    0.341902,
    0.34006,
    0.332224,
    0.294183,
    0.288639,
    0.283755,
    0.281079,
    0.280702,
    0.270171,
    0.269253,
    0.250059,
    0.258782,
    0.246132,
    0.251464,
    0.240681,
    0.234701,
    0.232269,
    0.233854,
    0.242137,
    0.229334,
    0.230456,
    0.220398,
    0.225607,
    0.205254
  ],
  "train_total_loss": [
    2.828855,
    1.858361,
    1.619455,
    1.445435,
    1.334593,
    1.307999,
    1.242012,
    1.186039,
    1.187807,
    1.115077,
    1.117945,
    1.079434,
    1.056166,
    1.03661,
    0.987232,
    0.946001,
    0.941481,
    0.932812,
    0.930825,
    0.902775,
    0.810603,
    0.78778,
    0.775399,
    0.754477,
    0.75417,
    0.727219,
    0.735448,
    0.706185,
    0.70115,
    0.678254,
    0.682934,
    0.652555,
    0.638407,
    0.639594,
    0.628373,
    0.638646,
    0.631721,
    0.61264,
    0.597861,
    0.592645,
    0.552051
  ],
  "learning_rates": [
    0.001,
    0.001,
    0.001,
    0.001,
    0.001,
    0.001,
    0.001,
    0.001,
    0.001,
    0.001,
    0.001,
    0.001,
    0.001,
    0.001,
    0.001,
    0.001,
    0.001,
    0.001,
    0.001,
    0.001,
    0.0005,
    0.0005,
    0.0005,
    0.0005,
    0.0005,
    0.0005,
    0.0005,
    0.0005,
    0.0005,
    0.0005,
    0.0005,
    0.0005,
    0.0005,
    0.0005,
    0.0005,
    0.0005,
    0.0005,
    0.0005,
    0.0005,
    0.0005,
    0.00025
  ],
  "val_accuracy": [
    53.508272,
    61.551626,
    71.876783,
    73.245864,
    73.474044,
    75.128351,
    75.812892,
    75.926982,
    76.497433,
    75.698802,
    74.843126,
    75.698802,
    75.869937,
    77.181974,
    77.181974,
    76.725613,
    75.413577,
    76.611523,
    76.098118,
    77.124929,
    78.094695,
    77.010839,
    77.638334,
    76.896748,
    78.03765,
    78.6081,
    76.668568,
    77.638334,
    77.980605,
    77.124929,
    77.296064,
    76.269253,
    75.812892,
    76.212208,
    76.668568,
    76.668568,
    76.554478,
    77.124929,
    77.296064,
    77.067884,
    77.92356
  ],
  "model_info": {
    "model_class": "BaseClassifier",
    "hidden_size": 128,
    "num_classes": 23,
    "emb_size_audio": 512,
    "emb_size_text": 0,
    "dropout": 0.1,
    "use_batch_norm": true,
    "mode": "audio",
    "num_folds": 5,
    "fold_id": 2,
    "batch_size": 64,
    "random_seed": 1821
  }
}