{
  "attention_audio": [
    0.508833,
    0.501941,
    0.496573,
    0.492944,
    0.492777,
    0.492915,
    0.489373,
    0.48952,
    0.494085,
    0.491506,
    0.488511,
    0.49357,
    0.491572,
    0.494333,
    0.493011,
    0.494623,
    0.494249,
    0.492435,
    0.494173,
    0.495229,
    0.495305,
    0.493713,
    0.494529,
    0.494345,
    0.494332,
    0.49397,
    0.497192,
    0.495284,
    0.49418,
    0.493064,
    0.496124,
    0.494729
  ],
  "attention_text": [
    0.491167,
    0.498059,
    0.503427,
    0.507056,
    0.507223,
    0.507085,
    0.510627,
    0.51048,
    0.505915,
    0.508494,
    0.511489,
    0.50643,
    0.508428,
    0.505667,
    0.506989,
    0.505377,
    0.50575,
    0.507565,
    0.505827,
    0.504771,
    0.504695,
    0.506287,
    0.505471,
    0.505655,
    0.505668,
    0.50603,
    0.502808,
    0.504716,
    0.50582,
    0.506936,
    0.503876,
    0.505271
  ],
  "train_cls_loss": [
    2.354525,
    1.424105,
    1.180427,
    1.06972,
    1.001927,
    0.947195,
    0.902626,
    0.863696,
    0.828803,
    0.816763,
    0.783866,
    0.768121,
    0.733534,
    0.729028,
    0.694333,
    0.697761,
    0.674444,
    0.654544,
    0.622568,
    0.632327,
    0.549966,
    0.525121,
    0.496511,
    0.489285,
    0.481206,
    0.480382,
    0.454709,
    0.450192,
    0.456048,
    0.440134,
    0.429415,
    0.434485
  ],
  "train_total_loss": [
    2.354525,
    1.424105,
    1.180427,
    1.06972,
    1.001927,
    0.947195,
    0.902626,
    0.863696,
    0.828803,
    0.816763,
    0.783866,
    0.768121,
    0.733534,
    0.729028,
    0.694333,
    0.697761,
    0.674444,
    0.654544,
    0.622568,
    0.632327,
    0.549966,
    0.525121,
    0.496511,
    0.489285,
    0.481206,
    0.480382,
    0.454709,
    0.450192,
    0.456048,
    0.440134,
    0.429415,
    0.434485
  ],
  "learning_rates": [
    0.001,
    0.001,
    0.001,
    0.001,
    0.001,
    0.001,
    0.001,
    0.001,
    0.001,
    0.001,
    0.001,
    0.001,
    0.001,
    0.001,
    0.001,
    0.001,
    0.001,
    0.001,
    0.001,
    0.001,
    0.0005,
    0.0005,
    0.0005,
    0.0005,
    0.0005,
    0.0005,
    0.0005,
    0.0005,
    0.0005,
    0.0005,
    0.0005,
    0.0005
  ],
  "val_accuracy": [
    64.346834,
    68.796349,
    73.416999,
    75.014261,
    75.470622,
    78.779236,
    77.239019,
    77.638334,
    77.809469,
    77.980605,
    77.695379,
    78.665145,
    78.551055,
    76.668568,
    78.893326,
    78.836281,
    79.520821,
    77.866515,
    78.436965,
    79.007416,
    79.235596,
    79.064461,
    78.322875,
    78.665145,
    78.779236,
    78.49401,
    78.722191,
    78.322875,
    78.094695,
    78.49401,
    77.752424,
    77.809469
  ],
  "model_info": {
    "model_class": "BaseClassifier",
    "hidden_size": 128,
    "num_classes": 23,
    "emb_size_audio": 512,
    "emb_size_text": 512,
    "dropout": 0.1,
    "use_batch_norm": true,
    "mode": "both",
    "num_folds": 5,
    "fold_id": 1,
    "batch_size": 64,
    "random_seed": 1821
  }
}