{
  "attention_audio": [
    0.444835,
    0.445387,
    0.448429,
    0.441383,
    0.44389,
    0.438127,
    0.436915,
    0.435809,
    0.435878,
    0.437232,
    0.439544,
    0.440611,
    0.439454,
    0.441237,
    0.443795,
    0.439819,
    0.437468,
    0.438968,
    0.440111,
    0.443033,
    0.448428,
    0.447159,
    0.447682,
    0.449646,
    0.45017,
    0.450274,
    0.449207,
    0.453932,
    0.452714,
    0.453248,
    0.453025,
    0.455329,
    0.455309,
    0.457443,
    0.45844,
    0.454577,
    0.455937
  ],
  "attention_text": [
    0.555165,
    0.554613,
    0.551571,
    0.558617,
    0.55611,
    0.561873,
    0.563085,
    0.564191,
    0.564122,
    0.562768,
    0.560456,
    0.559389,
    0.560546,
    0.558763,
    0.556205,
    0.560181,
    0.562532,
    0.561032,
    0.559889,
    0.556967,
    0.551572,
    0.55284,
    0.552318,
    0.550354,
    0.54983,
    0.549726,
    0.550793,
    0.546068,
    0.547287,
    0.546752,
    0.546975,
    0.544671,
    0.544691,
    0.542557,
    0.54156,
    0.545423,
    0.544063
  ],
  "train_cls_loss": [
    1.974514,
    1.285949,
    1.105092,
    1.016552,
    0.95254,
    0.892314,
    0.845428,
    0.81613,
    0.776692,
    0.76408,
    0.715166,
    0.713211,
    0.694191,
    0.65948,
    0.639435,
    0.629721,
    0.617151,
    0.595348,
    0.586439,
    0.562185,
    0.492982,
    0.463993,
    0.455238,
    0.440557,
    0.42274,
    0.413932,
    0.407092,
    0.402428,
    0.397142,
    0.394947,
    0.38307,
    0.371425,
    0.361828,
    0.362106,
    0.359948,
    0.351388,
    0.343687
  ],
  "train_total_loss": [
    1.974514,
    1.285949,
    1.105092,
    1.016552,
    0.95254,
    0.892314,
    0.845428,
    0.81613,
    0.776692,
    0.76408,
    0.715166,
    0.713211,
    0.694191,
    0.65948,
    0.639435,
    0.629721,
    0.617151,
    0.595348,
    0.586439,
    0.562185,
    0.492982,
    0.463993,
    0.455238,
    0.440557,
    0.42274,
    0.413932,
    0.407092,
    0.402428,
    0.397142,
    0.394947,
    0.38307,
    0.371425,
    0.361828,
    0.362106,
    0.359948,
    0.351388,
    0.343687
  ],
  "learning_rates": [
    0.001,
    0.001,
    0.001,
    0.001,
    0.001,
    0.001,
    0.001,
    0.001,
    0.001,
    0.001,
    0.001,
    0.001,
    0.001,
    0.001,
    0.001,
    0.001,
    0.001,
    0.001,
    0.001,
    0.001,
    0.0005,
    0.0005,
    0.0005,
    0.0005,
    0.0005,
    0.0005,
    0.0005,
    0.0005,
    0.0005,
    0.0005,
    0.0005,
    0.0005,
    0.0005,
    0.0005,
    0.0005,
    0.0005,
    0.0005
  ],
  "val_accuracy": [
    62.007986,
    71.078152,
    74.10154,
    75.527667,
    73.87336,
    75.413577,
    77.010839,
    76.896748,
    76.554478,
    76.896748,
    78.551055,
    77.752424,
    76.440388,
    77.92356,
    77.239019,
    78.436965,
    78.893326,
    76.953793,
    76.782658,
    78.49401,
    78.779236,
    79.406731,
    79.406731,
    78.37992,
    78.551055,
    78.893326,
    77.866515,
    77.980605,
    77.467199,
    76.953793,
    77.752424,
    78.49401,
    77.866515,
    77.92356,
    77.181974,
    78.26583,
    76.440388
  ],
  "model_info": {
    "model_class": "BaseClassifier",
    "hidden_size": 128,
    "num_classes": 23,
    "emb_size_audio": 512,
    "emb_size_text": 512,
    "dropout": 0.1,
    "use_batch_norm": true,
    "mode": "both",
    "num_folds": 5,
    "fold_id": 3,
    "batch_size": 64,
    "random_seed": 1821
  }
}