{
  "attention_audio": [
    0.358486,
    0.365699,
    0.36038,
    0.35846,
    0.355923,
    0.361382,
    0.365382,
    0.363769,
    0.363002,
    0.3625,
    0.363605,
    0.364973,
    0.369701,
    0.372862,
    0.37282,
    0.36814,
    0.367216,
    0.365892,
    0.370957,
    0.373747,
    0.376034,
    0.373214,
    0.373675,
    0.376323,
    0.375073,
    0.37414,
    0.375118,
    0.373937,
    0.373083,
    0.375808,
    0.376383,
    0.378074,
    0.379929,
    0.378875,
    0.383552,
    0.380784,
    0.380822,
    0.379577
  ],
  "attention_text": [
    0.351895,
    0.361411,
    0.360953,
    0.359649,
    0.364356,
    0.364558,
    0.364657,
    0.368276,
    0.368553,
    0.369506,
    0.368733,
    0.364548,
    0.367796,
    0.370235,
    0.37305,
    0.372734,
    0.372085,
    0.374778,
    0.3742,
    0.372745,
    0.372391,
    0.372555,
    0.372895,
    0.372761,
    0.375342,
    0.379397,
    0.376583,
    0.376726,
    0.376605,
    0.374285,
    0.376975,
    0.375906,
    0.371863,
    0.374006,
    0.372393,
    0.376407,
    0.377814,
    0.376997
  ],
  "train_cls_loss": [
    2.462503,
    1.791259,
    1.565778,
    1.515541,
    1.353152,
    1.35879,
    1.249066,
    1.252533,
    1.235004,
    1.167023,
    1.11803,
    1.131494,
    1.123057,
    1.054219,
    1.025594,
    1.034277,
    1.112994,
    1.143814,
    1.131587,
    0.939254,
    0.882948,
    0.942826,
    0.911988,
    0.940051,
    0.968336,
    0.860848,
    0.893214,
    0.877532,
    0.917592,
    0.919459,
    0.838985,
    0.871129,
    0.821057,
    0.810978,
    0.80486,
    0.869559,
    0.806842,
    0.876486
  ],
  "train_total_loss": [
    2.462503,
    1.791259,
    1.565778,
    1.515541,
    1.353152,
    1.35879,
    1.249066,
    1.252533,
    1.235004,
    1.167023,
    1.11803,
    1.131494,
    1.123057,
    1.054219,
    1.025594,
    1.034277,
    1.112994,
    1.143814,
    1.131587,
    0.939254,
    0.882948,
    0.942826,
    0.911988,
    0.940051,
    0.968336,
    0.860848,
    0.893214,
    0.877532,
    0.917592,
    0.919459,
    0.838985,
    0.871129,
    0.821057,
    0.810978,
    0.80486,
    0.869559,
    0.806842,
    0.876486
  ],
  "learning_rates": [
    0.001,
    0.001,
    0.001,
    0.001,
    0.001,
    0.001,
    0.001,
    0.001,
    0.001,
    0.001,
    0.001,
    0.001,
    0.001,
    0.001,
    0.001,
    0.001,
    0.001,
    0.001,
    0.001,
    0.001,
    0.0005,
    0.0005,
    0.0005,
    0.0005,
    0.0005,
    0.0005,
    0.0005,
    0.0005,
    0.0005,
    0.0005,
    0.0005,
    0.0005,
    0.0005,
    0.0005,
    0.0005,
    0.0005,
    0.0005,
    0.0005
  ],
  "val_accuracy": [
    53.850542,
    66.115231,
    70.279521,
    75.299487,
    75.014261,
    76.782658,
    77.524244,
    77.92356,
    77.638334,
    78.322875,
    78.551055,
    78.551055,
    79.577867,
    78.551055,
    79.463776,
    79.007416,
    78.722191,
    79.292641,
    79.292641,
    79.235596,
    79.863092,
    79.349686,
    79.920137,
    79.920137,
    79.806047,
    79.577867,
    79.121506,
    79.235596,
    78.6081,
    79.691957,
    79.064461,
    78.37992,
    79.007416,
    79.235596,
    78.893326,
    79.007416,
    79.235596,
    78.836281
  ],
  "model_info": {
    "model_class": "BaseClassifier",
    "hidden_size": 128,
    "num_classes": 23,
    "emb_size_audio": 512,
    "emb_size_text": 512,
    "dropout": 0.1,
    "use_batch_norm": true,
    "mode": "both",
    "num_folds": 5,
    "fold_id": 1,
    "batch_size": 64,
    "random_seed": 1821
  }
}