{
  "train_cls_loss": [
    2.518027,
    1.934626,
    1.693089,
    1.592842,
    1.548498,
    1.513324,
    1.415372,
    1.438854,
    1.454394,
    1.380181,
    1.412236,
    1.451412,
    1.339858,
    1.421348,
    1.354547,
    1.320104,
    1.252515,
    1.323106,
    1.274966,
    1.256905,
    1.170953,
    1.113414,
    1.167056,
    1.182308,
    1.135942,
    1.186904,
    1.219413,
    1.074997,
    1.068426,
    1.089665,
    1.12469,
    1.139261,
    1.103175,
    1.139415,
    1.047815,
    1.086733,
    1.09231,
    1.03322,
    0.9901
  ],
  "train_total_loss": [
    2.518027,
    1.934626,
    1.693089,
    1.592842,
    1.548498,
    1.513324,
    1.415372,
    1.438854,
    1.454394,
    1.380181,
    1.412236,
    1.451412,
    1.339858,
    1.421348,
    1.354547,
    1.320104,
    1.252515,
    1.323106,
    1.274966,
    1.256905,
    1.170953,
    1.113414,
    1.167056,
    1.182308,
    1.135942,
    1.186904,
    1.219413,
    1.074997,
    1.068426,
    1.089665,
    1.12469,
    1.139261,
    1.103175,
    1.139415,
    1.047815,
    1.086733,
    1.09231,
    1.03322,
    0.9901
  ],
  "learning_rates": [
    0.001,
    0.001,
    0.001,
    0.001,
    0.001,
    0.001,
    0.001,
    0.001,
    0.001,
    0.001,
    0.001,
    0.001,
    0.001,
    0.001,
    0.001,
    0.001,
    0.001,
    0.001,
    0.001,
    0.001,
    0.0005,
    0.0005,
    0.0005,
    0.0005,
    0.0005,
    0.0005,
    0.0005,
    0.0005,
    0.0005,
    0.0005,
    0.0005,
    0.0005,
    0.0005,
    0.0005,
    0.0005,
    0.0005,
    0.0005,
    0.0005,
    0.0005
  ],
  "val_accuracy": [
    60.239589,
    64.004564,
    69.880205,
    71.705647,
    74.10154,
    74.044495,
    73.188819,
    75.071306,
    76.041072,
    74.386766,
    75.413577,
    74.10154,
    75.356532,
    75.527667,
    75.698802,
    75.755847,
    75.185396,
    76.611523,
    75.869937,
    76.440388,
    76.212208,
    76.953793,
    76.668568,
    77.467199,
    75.812892,
    76.383343,
    77.067884,
    76.440388,
    76.098118,
    75.984027,
    75.984027,
    76.839703,
    76.326298,
    75.698802,
    75.641757,
    76.098118,
    76.269253,
    75.356532,
    74.843126
  ],
  "model_info": {
    "model_class": "BaseClassifier",
    "hidden_size": 128,
    "num_classes": 23,
    "emb_size_audio": 512,
    "emb_size_text": 0,
    "dropout": 0.1,
    "use_batch_norm": true,
    "mode": "audio",
    "num_folds": 5,
    "fold_id": 1,
    "batch_size": 64,
    "random_seed": 1821
  }
}