{
  "train_cls_loss": [
    2.232382,
    1.505037,
    1.25694,
    1.115526,
    1.032448,
    0.943225,
    0.898274,
    0.873731,
    0.831502,
    0.800065,
    0.779733,
    0.734995,
    0.687822,
    0.676005,
    0.650922,
    0.651681,
    0.616551,
    0.595168,
    0.603252,
    0.563817,
    0.481037,
    0.458765,
    0.42404,
    0.425796,
    0.434875,
    0.397239,
    0.396614,
    0.371283,
    0.367417,
    0.375196,
    0.369603,
    0.358894,
    0.339482,
    0.333926
  ],
  "train_top_cls_loss": [
    0.871833,
    0.572282,
    0.504945,
    0.463541,
    0.436044,
    0.412899,
    0.388649,
    0.396628,
    0.369693,
    0.362816,
    0.357115,
    0.326309,
    0.31057,
    0.312124,
    0.298577,
    0.305537,
    0.286899,
    0.278544,
    0.288621,
    0.260522,
    0.226987,
    0.224411,
    0.202183,
    0.202021,
    0.206417,
    0.192876,
    0.189564,
    0.177008,
    0.177726,
    0.180015,
    0.182751,
    0.175179,
    0.170793,
    0.168595
  ],
  "train_total_loss": [
    2.493932,
    1.676722,
    1.408423,
    1.254589,
    1.163262,
    1.067094,
    1.014868,
    0.992719,
    0.94241,
    0.908909,
    0.886868,
    0.832888,
    0.780993,
    0.769642,
    0.740495,
    0.743342,
    0.702621,
    0.678731,
    0.689839,
    0.641974,
    0.549133,
    0.526089,
    0.484695,
    0.486403,
    0.4968,
    0.455101,
    0.453484,
    0.424385,
    0.420734,
    0.429201,
    0.424429,
    0.411447,
    0.39072,
    0.384504
  ],
  "learning_rates": [
    0.001,
    0.001,
    0.001,
    0.001,
    0.001,
    0.001,
    0.001,
    0.001,
    0.001,
    0.001,
    0.001,
    0.001,
    0.001,
    0.001,
    0.001,
    0.001,
    0.001,
    0.001,
    0.001,
    0.001,
    0.0005,
    0.0005,
    0.0005,
    0.0005,
    0.0005,
    0.0005,
    0.0005,
    0.0005,
    0.0005,
    0.0005,
    0.0005,
    0.0005,
    0.0005,
    0.0005
  ],
  "val_accuracy": [
    49.597701,
    63.333333,
    70.862069,
    72.586207,
    74.08046,
    75.862069,
    74.597701,
    76.091954,
    75.0,
    77.356322,
    76.954023,
    77.873563,
    76.954023,
    77.528736,
    76.494253,
    77.873563,
    77.471264,
    77.298851,
    78.333333,
    77.183908,
    77.356322,
    77.586207,
    77.586207,
    77.701149,
    77.068966,
    76.896552,
    77.528736,
    77.356322,
    76.954023,
    77.068966,
    76.551724,
    77.298851,
    76.436782,
    77.413793
  ],
  "model_info": {
    "model_class": "BaseClassifier",
    "hidden_size": 128,
    "num_classes": 23,
    "emb_size_audio": 1280,
    "emb_size_text": 0,
    "dropout": 0.1,
    "use_batch_norm": true,
    "mode": "audio",
    "num_folds": 5,
    "fold_id": 1,
    "batch_size": 64,
    "random_seed": 1821
  }
}