{
  "attention_audio": [
    0.456547,
    0.432615,
    0.422854,
    0.415879,
    0.415086,
    0.413956,
    0.414569,
    0.411577,
    0.410543,
    0.410452,
    0.410191,
    0.412112,
    0.412906,
    0.416738,
    0.417135,
    0.418843,
    0.416164,
    0.417973,
    0.420038,
    0.422304,
    0.432151,
    0.430084,
    0.43168,
    0.430628,
    0.430797,
    0.429352,
    0.42973,
    0.429312,
    0.428002,
    0.433395,
    0.434829,
    0.434184,
    0.434149,
    0.434887,
    0.441215,
    0.43929
  ],
  "attention_text": [
    0.543453,
    0.567385,
    0.577146,
    0.584121,
    0.584914,
    0.586044,
    0.585432,
    0.588423,
    0.589457,
    0.589548,
    0.589809,
    0.587888,
    0.587094,
    0.583262,
    0.582865,
    0.581157,
    0.583836,
    0.582027,
    0.579962,
    0.577696,
    0.567849,
    0.569916,
    0.56832,
    0.569372,
    0.569203,
    0.570648,
    0.57027,
    0.570688,
    0.571998,
    0.566605,
    0.565171,
    0.565816,
    0.565851,
    0.565113,
    0.558785,
    0.56071
  ],
  "train_cls_loss": [
    0.829156,
    0.580177,
    0.511394,
    0.472027,
    0.446756,
    0.42934,
    0.410986,
    0.396705,
    0.384201,
    0.373679,
    0.363,
    0.353036,
    0.342012,
    0.333792,
    0.327556,
    0.319973,
    0.318391,
    0.307672,
    0.304802,
    0.297839,
    0.266936,
    0.256755,
    0.250155,
    0.241826,
    0.241876,
    0.235317,
    0.22899,
    0.226923,
    0.223675,
    0.220136,
    0.216979,
    0.214665,
    0.21102,
    0.207167,
    0.204116,
    0.203276
  ],
  "train_total_loss": [
    0.829156,
    0.580177,
    0.511394,
    0.472027,
    0.446756,
    0.42934,
    0.410986,
    0.396705,
    0.384201,
    0.373679,
    0.363,
    0.353036,
    0.342012,
    0.333792,
    0.327556,
    0.319973,
    0.318391,
    0.307672,
    0.304802,
    0.297839,
    0.266936,
    0.256755,
    0.250155,
    0.241826,
    0.241876,
    0.235317,
    0.22899,
    0.226923,
    0.223675,
    0.220136,
    0.216979,
    0.214665,
    0.21102,
    0.207167,
    0.204116,
    0.203276
  ],
  "learning_rates": [
    0.001,
    0.001,
    0.001,
    0.001,
    0.001,
    0.001,
    0.001,
    0.001,
    0.001,
    0.001,
    0.001,
    0.001,
    0.001,
    0.001,
    0.001,
    0.001,
    0.001,
    0.001,
    0.001,
    0.001,
    0.0005,
    0.0005,
    0.0005,
    0.0005,
    0.0005,
    0.0005,
    0.0005,
    0.0005,
    0.0005,
    0.0005,
    0.0005,
    0.0005,
    0.0005,
    0.0005,
    0.0005,
    0.0005
  ],
  "val_accuracy": [
    62.578437,
    71.876783,
    71.477467,
    74.671991,
    76.725613,
    75.128351,
    75.926982,
    75.812892,
    76.269253,
    76.098118,
    76.326298,
    75.470622,
    75.641757,
    76.782658,
    75.584712,
    76.269253,
    76.098118,
    76.782658,
    76.554478,
    77.467199,
    77.752424,
    76.668568,
    76.611523,
    77.010839,
    76.839703,
    76.668568,
    77.010839,
    77.010839,
    76.041072,
    76.668568,
    76.668568,
    76.839703,
    76.839703,
    76.269253,
    76.326298,
    75.926982
  ],
  "model_info": {
    "model_class": "BaseClassifier",
    "hidden_size": 128,
    "num_classes": 23,
    "emb_size_audio": 512,
    "emb_size_text": 512,
    "dropout": 0.1,
    "use_batch_norm": true,
    "mode": "both",
    "num_folds": 5,
    "fold_id": 0,
    "batch_size": 64,
    "random_seed": 1821
  }
}