{
  "attention_audio": [
    0.506828,
    0.509597,
    0.502781,
    0.50421,
    0.50179,
    0.502024,
    0.503081,
    0.504498,
    0.505357,
    0.502691,
    0.502101,
    0.503076,
    0.504521,
    0.504986,
    0.508737,
    0.509162,
    0.507924,
    0.509507,
    0.513801,
    0.513127,
    0.514494,
    0.514975,
    0.515802,
    0.5145,
    0.514626,
    0.513961,
    0.511806,
    0.51008,
    0.5138,
    0.514608,
    0.516347,
    0.512962,
    0.512939,
    0.509841,
    0.511359,
    0.510159,
    0.510889,
    0.511919,
    0.513512,
    0.511251,
    0.511375,
    0.509764
  ],
  "attention_text": [
    0.493172,
    0.490403,
    0.497219,
    0.49579,
    0.49821,
    0.497976,
    0.496919,
    0.495502,
    0.494643,
    0.497309,
    0.497899,
    0.496924,
    0.495479,
    0.495014,
    0.491263,
    0.490838,
    0.492076,
    0.490493,
    0.486199,
    0.486873,
    0.485506,
    0.485025,
    0.484198,
    0.4855,
    0.485374,
    0.486039,
    0.488194,
    0.48992,
    0.4862,
    0.485392,
    0.483653,
    0.487038,
    0.487061,
    0.490159,
    0.488641,
    0.489841,
    0.489111,
    0.488081,
    0.486488,
    0.488749,
    0.488625,
    0.490236
  ],
  "train_cls_loss": [
    1.714372,
    1.169651,
    1.038219,
    1.029478,
    0.928823,
    0.917216,
    0.888496,
    0.916165,
    0.808155,
    0.831621,
    0.789786,
    0.780067,
    0.82252,
    0.787844,
    0.773344,
    0.702785,
    0.749802,
    0.738096,
    0.770774,
    0.709522,
    0.721737,
    0.680141,
    0.672905,
    0.627404,
    0.627675,
    0.610197,
    0.660568,
    0.596491,
    0.654875,
    0.644796,
    0.625077,
    0.661117,
    0.594089,
    0.59344,
    0.592374,
    0.628086,
    0.628572,
    0.630455,
    0.617609,
    0.543847,
    0.565491,
    0.607325
  ],
  "train_total_loss": [
    1.714372,
    1.169651,
    1.038219,
    1.029478,
    0.928823,
    0.917216,
    0.888496,
    0.916165,
    0.808155,
    0.831621,
    0.789786,
    0.780067,
    0.82252,
    0.787844,
    0.773344,
    0.702785,
    0.749802,
    0.738096,
    0.770774,
    0.709522,
    0.721737,
    0.680141,
    0.672905,
    0.627404,
    0.627675,
    0.610197,
    0.660568,
    0.596491,
    0.654875,
    0.644796,
    0.625077,
    0.661117,
    0.594089,
    0.59344,
    0.592374,
    0.628086,
    0.628572,
    0.630455,
    0.617609,
    0.543847,
    0.565491,
    0.607325
  ],
  "learning_rates": [
    0.001,
    0.001,
    0.001,
    0.001,
    0.001,
    0.001,
    0.001,
    0.001,
    0.001,
    0.001,
    0.001,
    0.001,
    0.001,
    0.001,
    0.001,
    0.001,
    0.001,
    0.001,
    0.001,
    0.001,
    0.0005,
    0.0005,
    0.0005,
    0.0005,
    0.0005,
    0.0005,
    0.0005,
    0.0005,
    0.0005,
    0.0005,
    0.0005,
    0.0005,
    0.0005,
    0.0005,
    0.0005,
    0.0005,
    0.0005,
    0.0005,
    0.0005,
    0.0005,
    0.00025,
    0.00025
  ],
  "val_accuracy": [
    61.950941,
    69.652025,
    75.356532,
    75.869937,
    77.752424,
    76.155163,
    78.208785,
    77.980605,
    80.205362,
    79.463776,
    79.577867,
    79.749002,
    80.376497,
    79.634912,
    80.889903,
    80.889903,
    80.661723,
    80.205362,
    80.433542,
    80.490588,
    81.232173,
    80.832858,
    80.604678,
    80.433542,
    80.490588,
    79.406731,
    81.346264,
    80.205362,
    80.946948,
    81.346264,
    80.433542,
    80.319452,
    80.946948,
    78.893326,
    79.577867,
    80.376497,
    80.319452,
    80.091272,
    80.604678,
    79.634912,
    80.376497,
    80.091272
  ],
  "model_info": {
    "model_class": "BaseClassifier",
    "hidden_size": 128,
    "num_classes": 23,
    "emb_size_audio": 512,
    "emb_size_text": 512,
    "dropout": 0.1,
    "use_batch_norm": true,
    "mode": "both",
    "num_folds": 5,
    "fold_id": 2,
    "batch_size": 64,
    "random_seed": 1821
  }
}