{
  "train_cls_loss": [
    2.264014,
    1.447993,
    1.242271,
    1.137849,
    1.058792,
    0.986051,
    0.926249,
    0.897524,
    0.865805,
    0.826659,
    0.798464,
    0.741008,
    0.726107,
    0.702157,
    0.666917,
    0.668097,
    0.61776,
    0.58994,
    0.579465,
    0.569295,
    0.482089,
    0.461727,
    0.429249,
    0.424251,
    0.40958,
    0.407116,
    0.381517,
    0.379236,
    0.36613,
    0.341102,
    0.356841,
    0.345929,
    0.332433,
    0.323862,
    0.306713,
    0.315433,
    0.302548,
    0.317414
  ],
  "train_top_cls_loss": [
    0.923021,
    0.584891,
    0.529556,
    0.48414,
    0.456712,
    0.434075,
    0.408974,
    0.409697,
    0.39385,
    0.375746,
    0.368899,
    0.347311,
    0.334007,
    0.318292,
    0.302649,
    0.311799,
    0.298068,
    0.279023,
    0.273692,
    0.272134,
    0.227474,
    0.21698,
    0.202961,
    0.202836,
    0.192036,
    0.19149,
    0.182795,
    0.186042,
    0.176873,
    0.165859,
    0.177183,
    0.170737,
    0.163642,
    0.156214,
    0.153099,
    0.156527,
    0.150604,
    0.155626
  ],
  "train_total_loss": [
    2.540921,
    1.62346,
    1.401138,
    1.283091,
    1.195806,
    1.116274,
    1.048941,
    1.020433,
    0.98396,
    0.939383,
    0.909133,
    0.845201,
    0.826308,
    0.797645,
    0.757711,
    0.761637,
    0.70718,
    0.673647,
    0.661572,
    0.650936,
    0.550331,
    0.526821,
    0.490137,
    0.485102,
    0.467191,
    0.464563,
    0.436355,
    0.435049,
    0.419192,
    0.39086,
    0.409995,
    0.39715,
    0.381526,
    0.370727,
    0.352643,
    0.362391,
    0.34773,
    0.364102
  ],
  "learning_rates": [
    0.001,
    0.001,
    0.001,
    0.001,
    0.001,
    0.001,
    0.001,
    0.001,
    0.001,
    0.001,
    0.001,
    0.001,
    0.001,
    0.001,
    0.001,
    0.001,
    0.001,
    0.001,
    0.001,
    0.001,
    0.0005,
    0.0005,
    0.0005,
    0.0005,
    0.0005,
    0.0005,
    0.0005,
    0.0005,
    0.0005,
    0.0005,
    0.0005,
    0.0005,
    0.0005,
    0.0005,
    0.0005,
    0.0005,
    0.0005,
    0.0005
  ],
  "val_accuracy": [
    56.149425,
    68.275862,
    69.770115,
    70.114943,
    72.931034,
    72.988506,
    74.712644,
    76.436782,
    77.183908,
    77.068966,
    77.413793,
    77.528736,
    77.643678,
    78.275862,
    76.781609,
    78.390805,
    78.275862,
    77.988506,
    78.275862,
    78.045977,
    78.045977,
    78.448276,
    78.678161,
    77.241379,
    78.390805,
    78.045977,
    78.103448,
    78.16092,
    77.586207,
    77.643678,
    77.643678,
    77.356322,
    78.62069,
    77.758621,
    78.505747,
    78.448276,
    77.356322,
    77.126437
  ],
  "model_info": {
    "model_class": "BaseClassifier",
    "hidden_size": 128,
    "num_classes": 23,
    "emb_size_audio": 1280,
    "emb_size_text": 0,
    "dropout": 0.1,
    "use_batch_norm": true,
    "mode": "audio",
    "num_folds": 5,
    "fold_id": 2,
    "batch_size": 64,
    "random_seed": 1821
  }
}