{
  "attention_audio": [
    0.50716,
    0.492778,
    0.49433,
    0.491324,
    0.490296,
    0.491309,
    0.49042,
    0.489739,
    0.490026,
    0.485114,
    0.491678,
    0.490225,
    0.489977,
    0.48682,
    0.48761,
    0.48607,
    0.487988,
    0.491758,
    0.49245,
    0.49431,
    0.49685,
    0.497863,
    0.497705,
    0.500687,
    0.498008,
    0.498483,
    0.501979,
    0.501782,
    0.50151,
    0.501707,
    0.503096,
    0.503585,
    0.503055,
    0.503062,
    0.503299,
    0.505578,
    0.505838
  ],
  "attention_text": [
    0.49284,
    0.507222,
    0.50567,
    0.508676,
    0.509704,
    0.508691,
    0.50958,
    0.510261,
    0.509974,
    0.514886,
    0.508322,
    0.509775,
    0.510023,
    0.51318,
    0.51239,
    0.51393,
    0.512012,
    0.508242,
    0.50755,
    0.50569,
    0.50315,
    0.502137,
    0.502295,
    0.499313,
    0.501992,
    0.501517,
    0.498021,
    0.498218,
    0.49849,
    0.498293,
    0.496904,
    0.496415,
    0.496945,
    0.496938,
    0.496701,
    0.494422,
    0.494162
  ],
  "train_cls_loss": [
    2.306901,
    1.608571,
    1.472033,
    1.372802,
    1.326926,
    1.192593,
    1.220043,
    1.157076,
    1.090432,
    1.133091,
    1.114843,
    1.141347,
    1.095385,
    1.109057,
    1.033781,
    0.967347,
    0.981292,
    1.053131,
    0.976319,
    0.99926,
    0.9121,
    0.852197,
    0.811849,
    0.836503,
    0.833015,
    0.832636,
    0.909135,
    0.899467,
    0.813614,
    0.728189,
    0.855356,
    0.803477,
    0.740819,
    0.702567,
    0.810799,
    0.713046,
    0.712916
  ],
  "train_total_loss": [
    2.306901,
    1.608571,
    1.472033,
    1.372802,
    1.326926,
    1.192593,
    1.220043,
    1.157076,
    1.090432,
    1.133091,
    1.114843,
    1.141347,
    1.095385,
    1.109057,
    1.033781,
    0.967347,
    0.981292,
    1.053131,
    0.976319,
    0.99926,
    0.9121,
    0.852197,
    0.811849,
    0.836503,
    0.833015,
    0.832636,
    0.909135,
    0.899467,
    0.813614,
    0.728189,
    0.855356,
    0.803477,
    0.740819,
    0.702567,
    0.810799,
    0.713046,
    0.712916
  ],
  "learning_rates": [
    0.001,
    0.001,
    0.001,
    0.001,
    0.001,
    0.001,
    0.001,
    0.001,
    0.001,
    0.001,
    0.001,
    0.001,
    0.001,
    0.001,
    0.001,
    0.001,
    0.001,
    0.001,
    0.001,
    0.001,
    0.0005,
    0.0005,
    0.0005,
    0.0005,
    0.0005,
    0.0005,
    0.0005,
    0.0005,
    0.0005,
    0.0005,
    0.0005,
    0.0005,
    0.0005,
    0.0005,
    0.0005,
    0.0005,
    0.0005
  ],
  "val_accuracy": [
    61.323446,
    67.940673,
    72.675414,
    75.071306,
    74.21563,
    74.786081,
    76.041072,
    76.839703,
    77.92356,
    76.611523,
    77.410154,
    78.208785,
    78.836281,
    77.980605,
    78.665145,
    79.520821,
    77.239019,
    78.094695,
    77.809469,
    79.292641,
    80.433542,
    80.832858,
    80.262407,
    80.490588,
    79.235596,
    80.205362,
    80.148317,
    80.205362,
    80.205362,
    80.376497,
    79.349686,
    79.178551,
    79.463776,
    79.064461,
    79.520821,
    79.463776,
    79.634912
  ],
  "model_info": {
    "model_class": "BaseClassifier",
    "hidden_size": 128,
    "num_classes": 23,
    "emb_size_audio": 768,
    "emb_size_text": 512,
    "dropout": 0.1,
    "use_batch_norm": true,
    "mode": "both",
    "num_folds": 5,
    "fold_id": 0,
    "batch_size": 64,
    "random_seed": 1821
  }
}