{
  "attention_audio": [
    0.514039,
    0.503984,
    0.518022,
    0.519793,
    0.529455,
    0.53296,
    0.535256,
    0.537979,
    0.54069,
    0.542003,
    0.545004,
    0.546922,
    0.552789,
    0.556337,
    0.551079,
    0.553624,
    0.558361,
    0.557807,
    0.557724,
    0.559439,
    0.559217,
    0.56611,
    0.564564,
    0.567891,
    0.5641,
    0.568128
  ],
  "attention_text": [
    0.485961,
    0.496016,
    0.481978,
    0.480207,
    0.470545,
    0.46704,
    0.464744,
    0.462021,
    0.45931,
    0.457997,
    0.454996,
    0.453078,
    0.447211,
    0.443663,
    0.448921,
    0.446376,
    0.441639,
    0.442193,
    0.442276,
    0.440561,
    0.440783,
    0.43389,
    0.435436,
    0.432109,
    0.4359,
    0.431872
  ],
  "train_cls_loss": [
    2.290224,
    1.38152,
    1.129736,
    1.00393,
    0.905259,
    0.844192,
    0.785125,
    0.764558,
    0.74058,
    0.690337,
    0.679604,
    0.619157,
    0.61724,
    0.583318,
    0.57584,
    0.573124,
    0.555645,
    0.525027,
    0.512737,
    0.480739,
    0.410521,
    0.385394,
    0.374449,
    0.359654,
    0.361131,
    0.348699
  ],
  "train_total_loss": [
    2.290224,
    1.38152,
    1.129736,
    1.00393,
    0.905259,
    0.844192,
    0.785125,
    0.764558,
    0.74058,
    0.690337,
    0.679604,
    0.619157,
    0.61724,
    0.583318,
    0.57584,
    0.573124,
    0.555645,
    0.525027,
    0.512737,
    0.480739,
    0.410521,
    0.385394,
    0.374449,
    0.359654,
    0.361131,
    0.348699
  ],
  "learning_rates": [
    0.001,
    0.001,
    0.001,
    0.001,
    0.001,
    0.001,
    0.001,
    0.001,
    0.001,
    0.001,
    0.001,
    0.001,
    0.001,
    0.001,
    0.001,
    0.001,
    0.001,
    0.001,
    0.001,
    0.001,
    0.0005,
    0.0005,
    0.0005,
    0.0005,
    0.0005,
    0.0005
  ],
  "val_accuracy": [
    62.988506,
    70.114943,
    72.873563,
    74.54023,
    76.551724,
    77.068966,
    79.022989,
    78.275862,
    78.62069,
    78.908046,
    80.344828,
    80.0,
    79.425287,
    79.425287,
    79.655172,
    77.988506,
    78.850575,
    78.678161,
    79.425287,
    78.965517,
    79.770115,
    79.827586,
    79.827586,
    79.137931,
    79.195402,
    79.367816
  ],
  "model_info": {
    "model_class": "BaseClassifier",
    "hidden_size": 128,
    "num_classes": 23,
    "emb_size_audio": 1280,
    "emb_size_text": 512,
    "dropout": 0.1,
    "use_batch_norm": true,
    "mode": "both",
    "num_folds": 5,
    "fold_id": 2,
    "batch_size": 64,
    "random_seed": 1821
  }
}