{
  "attention_audio": [
    0.367959,
    0.349645,
    0.321521,
    0.306821,
    0.296344,
    0.28692,
    0.284134,
    0.278636,
    0.280677,
    0.274402,
    0.278593,
    0.280245,
    0.279556,
    0.278137,
    0.280623,
    0.276737,
    0.275185,
    0.275936,
    0.273114,
    0.275902,
    0.274073,
    0.273452,
    0.278043,
    0.274855,
    0.272916,
    0.274034,
    0.270342,
    0.271203,
    0.267336,
    0.270695,
    0.267111,
    0.270603,
    0.27218,
    0.26233,
    0.260279,
    0.261544,
    0.258998,
    0.261742,
    0.2646,
    0.264248,
    0.266625,
    0.262794,
    0.262826,
    0.263767
  ],
  "attention_text": [
    0.632041,
    0.650355,
    0.678479,
    0.693179,
    0.703655,
    0.71308,
    0.715865,
    0.721364,
    0.719323,
    0.725598,
    0.721407,
    0.719755,
    0.720444,
    0.721863,
    0.719377,
    0.723264,
    0.724815,
    0.724064,
    0.726886,
    0.724099,
    0.725927,
    0.726548,
    0.721957,
    0.725146,
    0.727084,
    0.725966,
    0.729658,
    0.728797,
    0.732664,
    0.729305,
    0.732889,
    0.729397,
    0.72782,
    0.73767,
    0.739721,
    0.738456,
    0.741002,
    0.738258,
    0.7354,
    0.735752,
    0.733375,
    0.737206,
    0.737174,
    0.736233
  ],
  "train_cls_loss": [
    1.134227,
    0.724651,
    0.67646,
    0.618106,
    0.60737,
    0.574137,
    0.562984,
    0.549798,
    0.536014,
    0.504393,
    0.541419,
    0.507233,
    0.496145,
    0.500337,
    0.496413,
    0.479601,
    0.482529,
    0.465525,
    0.441683,
    0.460726,
    0.453769,
    0.431697,
    0.395738,
    0.420221,
    0.440666,
    0.409398,
    0.419617,
    0.434468,
    0.407942,
    0.401189,
    0.398003,
    0.403587,
    0.391236,
    0.389189,
    0.406734,
    0.395071,
    0.418937,
    0.35829,
    0.368379,
    0.381955,
    0.38261,
    0.366506,
    0.377145,
    0.37057
  ],
  "train_total_loss": [
    1.134227,
    0.724651,
    0.67646,
    0.618106,
    0.60737,
    0.574137,
    0.562984,
    0.549798,
    0.536014,
    0.504393,
    0.541419,
    0.507233,
    0.496145,
    0.500337,
    0.496413,
    0.479601,
    0.482529,
    0.465525,
    0.441683,
    0.460726,
    0.453769,
    0.431697,
    0.395738,
    0.420221,
    0.440666,
    0.409398,
    0.419617,
    0.434468,
    0.407942,
    0.401189,
    0.398003,
    0.403587,
    0.391236,
    0.389189,
    0.406734,
    0.395071,
    0.418937,
    0.35829,
    0.368379,
    0.381955,
    0.38261,
    0.366506,
    0.377145,
    0.37057
  ],
  "learning_rates": [
    0.001,
    0.001,
    0.001,
    0.001,
    0.001,
    0.001,
    0.001,
    0.001,
    0.001,
    0.001,
    0.001,
    0.001,
    0.001,
    0.001,
    0.001,
    0.001,
    0.001,
    0.001,
    0.001,
    0.001,
    0.0005,
    0.0005,
    0.0005,
    0.0005,
    0.0005,
    0.0005,
    0.0005,
    0.0005,
    0.0005,
    0.0005,
    0.0005,
    0.0005,
    0.0005,
    0.0005,
    0.0005,
    0.0005,
    0.0005,
    0.0005,
    0.0005,
    0.0005,
    0.00025,
    0.00025,
    0.00025,
    0.00025
  ],
  "val_accuracy": [
    64.118654,
    67.826583,
    72.276098,
    76.269253,
    75.984027,
    74.900171,
    76.839703,
    77.353109,
    76.839703,
    77.067884,
    77.010839,
    75.984027,
    77.067884,
    77.695379,
    77.809469,
    77.980605,
    77.695379,
    78.49401,
    77.638334,
    76.782658,
    77.980605,
    78.836281,
    78.551055,
    77.92356,
    77.695379,
    78.722191,
    78.836281,
    79.463776,
    79.520821,
    79.463776,
    78.15174,
    78.26583,
    78.551055,
    79.292641,
    78.6081,
    77.524244,
    78.49401,
    79.064461,
    79.406731,
    79.235596,
    79.121506,
    79.349686,
    78.49401,
    78.208785
  ],
  "model_info": {
    "model_class": "BaseClassifier",
    "hidden_size": 128,
    "num_classes": 23,
    "emb_size_audio": 512,
    "emb_size_text": 512,
    "dropout": 0.1,
    "use_batch_norm": true,
    "mode": "both",
    "num_folds": 5,
    "fold_id": 1,
    "batch_size": 64,
    "random_seed": 1821
  }
}