{
  "attention_audio": [
    0.366671,
    0.346953,
    0.335762,
    0.323244,
    0.313382,
    0.30175,
    0.30072,
    0.297485,
    0.298961,
    0.292722,
    0.295095,
    0.285495,
    0.289731,
    0.277438,
    0.280216,
    0.282768,
    0.278299,
    0.283931,
    0.285057,
    0.279494,
    0.272691,
    0.272183,
    0.268805,
    0.273302,
    0.274484,
    0.274635,
    0.271448,
    0.273885,
    0.273258,
    0.270664,
    0.268009,
    0.274421,
    0.268568,
    0.271126,
    0.266017,
    0.263478,
    0.270794,
    0.265548,
    0.266061,
    0.268183,
    0.267977,
    0.270095,
    0.266419,
    0.267293,
    0.267708,
    0.266563
  ],
  "attention_text": [
    0.633329,
    0.653047,
    0.664238,
    0.676756,
    0.686618,
    0.69825,
    0.69928,
    0.702515,
    0.701039,
    0.707278,
    0.704905,
    0.714505,
    0.710269,
    0.722562,
    0.719784,
    0.717232,
    0.721701,
    0.716069,
    0.714943,
    0.720506,
    0.727309,
    0.727817,
    0.731195,
    0.726698,
    0.725516,
    0.725365,
    0.728552,
    0.726115,
    0.726742,
    0.729336,
    0.731991,
    0.725579,
    0.731432,
    0.728874,
    0.733983,
    0.736522,
    0.729206,
    0.734452,
    0.733939,
    0.731817,
    0.732023,
    0.729906,
    0.733581,
    0.732707,
    0.732292,
    0.733437
  ],
  "train_cls_loss": [
    0.582291,
    0.398488,
    0.364927,
    0.342649,
    0.324477,
    0.305735,
    0.317798,
    0.295523,
    0.282525,
    0.285776,
    0.280167,
    0.271845,
    0.270318,
    0.257606,
    0.247522,
    0.254606,
    0.260254,
    0.254648,
    0.236104,
    0.247047,
    0.239749,
    0.222086,
    0.227434,
    0.230363,
    0.220131,
    0.214664,
    0.209794,
    0.21585,
    0.204671,
    0.206605,
    0.216837,
    0.206063,
    0.219382,
    0.188915,
    0.193763,
    0.199014,
    0.204952,
    0.199727,
    0.20556,
    0.198637,
    0.193819,
    0.200605,
    0.203124,
    0.195988,
    0.17783,
    0.191488
  ],
  "train_total_loss": [
    0.582291,
    0.398488,
    0.364927,
    0.342649,
    0.324477,
    0.305735,
    0.317798,
    0.295523,
    0.282525,
    0.285776,
    0.280167,
    0.271845,
    0.270318,
    0.257606,
    0.247522,
    0.254606,
    0.260254,
    0.254648,
    0.236104,
    0.247047,
    0.239749,
    0.222086,
    0.227434,
    0.230363,
    0.220131,
    0.214664,
    0.209794,
    0.21585,
    0.204671,
    0.206605,
    0.216837,
    0.206063,
    0.219382,
    0.188915,
    0.193763,
    0.199014,
    0.204952,
    0.199727,
    0.20556,
    0.198637,
    0.193819,
    0.200605,
    0.203124,
    0.195988,
    0.17783,
    0.191488
  ],
  "learning_rates": [
    0.001,
    0.001,
    0.001,
    0.001,
    0.001,
    0.001,
    0.001,
    0.001,
    0.001,
    0.001,
    0.001,
    0.001,
    0.001,
    0.001,
    0.001,
    0.001,
    0.001,
    0.001,
    0.001,
    0.001,
    0.0005,
    0.0005,
    0.0005,
    0.0005,
    0.0005,
    0.0005,
    0.0005,
    0.0005,
    0.0005,
    0.0005,
    0.0005,
    0.0005,
    0.0005,
    0.0005,
    0.0005,
    0.0005,
    0.0005,
    0.0005,
    0.0005,
    0.0005,
    0.00025,
    0.00025,
    0.00025,
    0.00025,
    0.00025,
    0.00025
  ],
  "val_accuracy": [
    62.007986,
    68.511124,
    71.249287,
    70.849971,
    74.044495,
    76.041072,
    75.356532,
    74.044495,
    76.326298,
    76.953793,
    76.896748,
    76.383343,
    76.782658,
    77.695379,
    78.208785,
    77.296064,
    78.436965,
    77.980605,
    78.49401,
    76.839703,
    79.121506,
    78.950371,
    79.691957,
    79.121506,
    78.893326,
    79.806047,
    78.6081,
    78.436965,
    78.37992,
    78.779236,
    80.034227,
    78.950371,
    78.26583,
    78.950371,
    78.37992,
    78.49401,
    78.03765,
    78.6081,
    77.809469,
    77.809469,
    78.779236,
    78.665145,
    78.15174,
    78.551055,
    78.436965,
    79.007416
  ],
  "model_info": {
    "model_class": "BaseClassifier",
    "hidden_size": 128,
    "num_classes": 23,
    "emb_size_audio": 512,
    "emb_size_text": 512,
    "dropout": 0.1,
    "use_batch_norm": true,
    "mode": "both",
    "num_folds": 5,
    "fold_id": 1,
    "batch_size": 64,
    "random_seed": 1821
  }
}