{
  "attention_audio": [
    0.499543,
    0.500378,
    0.500561,
    0.499208,
    0.498443,
    0.500174,
    0.496219,
    0.496242,
    0.499358,
    0.498847,
    0.50015,
    0.499119,
    0.504395,
    0.502579,
    0.501786,
    0.503923,
    0.501207,
    0.5024,
    0.506748,
    0.504511,
    0.501011,
    0.501427,
    0.50171,
    0.503643,
    0.505264,
    0.506901,
    0.505675,
    0.50481,
    0.504141,
    0.507333,
    0.505106,
    0.502406,
    0.505473,
    0.504497,
    0.507504,
    0.508255,
    0.505391,
    0.503576,
    0.501085,
    0.502916,
    0.500462
  ],
  "attention_text": [
    0.500457,
    0.499622,
    0.499439,
    0.500792,
    0.501557,
    0.499826,
    0.503781,
    0.503758,
    0.500642,
    0.501153,
    0.49985,
    0.500881,
    0.495605,
    0.497421,
    0.498214,
    0.496077,
    0.498793,
    0.4976,
    0.493252,
    0.495489,
    0.498989,
    0.498573,
    0.49829,
    0.496357,
    0.494736,
    0.493099,
    0.494325,
    0.49519,
    0.495859,
    0.492667,
    0.494894,
    0.497594,
    0.494527,
    0.495503,
    0.492496,
    0.491745,
    0.494609,
    0.496424,
    0.498915,
    0.497084,
    0.499538
  ],
  "train_cls_loss": [
    2.556645,
    1.840918,
    1.695575,
    1.574672,
    1.603691,
    1.471375,
    1.483652,
    1.384951,
    1.422125,
    1.359802,
    1.454649,
    1.395895,
    1.350792,
    1.283278,
    1.245502,
    1.328411,
    1.292401,
    1.21739,
    1.355121,
    1.213525,
    1.209839,
    1.239658,
    1.184846,
    1.138572,
    1.129918,
    1.078734,
    1.175322,
    1.123556,
    1.074522,
    1.109703,
    1.10884,
    0.97425,
    1.076753,
    1.10576,
    1.07962,
    1.125381,
    1.025694,
    1.037949,
    0.977906,
    1.126254,
    1.107349
  ],
  "train_total_loss": [
    2.556645,
    1.840918,
    1.695575,
    1.574672,
    1.603691,
    1.471375,
    1.483652,
    1.384951,
    1.422125,
    1.359802,
    1.454649,
    1.395895,
    1.350792,
    1.283278,
    1.245502,
    1.328411,
    1.292401,
    1.21739,
    1.355121,
    1.213525,
    1.209839,
    1.239658,
    1.184846,
    1.138572,
    1.129918,
    1.078734,
    1.175322,
    1.123556,
    1.074522,
    1.109703,
    1.10884,
    0.97425,
    1.076753,
    1.10576,
    1.07962,
    1.125381,
    1.025694,
    1.037949,
    0.977906,
    1.126254,
    1.107349
  ],
  "learning_rates": [
    0.001,
    0.001,
    0.001,
    0.001,
    0.001,
    0.001,
    0.001,
    0.001,
    0.001,
    0.001,
    0.001,
    0.001,
    0.001,
    0.001,
    0.001,
    0.001,
    0.001,
    0.001,
    0.001,
    0.001,
    0.0005,
    0.0005,
    0.0005,
    0.0005,
    0.0005,
    0.0005,
    0.0005,
    0.0005,
    0.0005,
    0.0005,
    0.0005,
    0.0005,
    0.0005,
    0.0005,
    0.0005,
    0.0005,
    0.0005,
    0.0005,
    0.0005,
    0.0005,
    0.00025
  ],
  "val_accuracy": [
    63.491158,
    70.964062,
    72.447233,
    75.185396,
    75.470622,
    77.067884,
    76.953793,
    78.436965,
    77.980605,
    77.809469,
    77.92356,
    79.863092,
    79.977182,
    81.175128,
    79.749002,
    78.950371,
    80.148317,
    79.007416,
    79.863092,
    81.003993,
    80.832858,
    80.889903,
    80.718768,
    80.946948,
    80.205362,
    81.859669,
    80.775813,
    80.946948,
    80.775813,
    79.691957,
    80.148317,
    80.376497,
    81.175128,
    80.832858,
    80.775813,
    79.349686,
    80.262407,
    80.091272,
    80.547633,
    79.863092,
    80.832858
  ],
  "model_info": {
    "model_class": "BaseClassifier",
    "hidden_size": 128,
    "num_classes": 23,
    "emb_size_audio": 512,
    "emb_size_text": 512,
    "dropout": 0.1,
    "use_batch_norm": true,
    "mode": "both",
    "num_folds": 5,
    "fold_id": 2,
    "batch_size": 64,
    "random_seed": 1821
  }
}