{
  "attention_audio": [
    0.462857,
    0.447753,
    0.435865,
    0.429985,
    0.424525,
    0.425477,
    0.423239,
    0.421417,
    0.416704,
    0.416952,
    0.420274,
    0.416331,
    0.414729,
    0.420326,
    0.420646,
    0.421418,
    0.424114,
    0.430388,
    0.429669,
    0.436882,
    0.436511,
    0.431584,
    0.432679,
    0.432711,
    0.433259,
    0.43407,
    0.431273,
    0.436442,
    0.4327,
    0.435749,
    0.440939,
    0.437497,
    0.439389,
    0.438396,
    0.435921,
    0.433862
  ],
  "attention_text": [
    0.537143,
    0.552247,
    0.564135,
    0.570015,
    0.575475,
    0.574523,
    0.576761,
    0.578583,
    0.583296,
    0.583048,
    0.579726,
    0.583669,
    0.585271,
    0.579674,
    0.579354,
    0.578582,
    0.575886,
    0.569612,
    0.570331,
    0.563118,
    0.563489,
    0.568416,
    0.567321,
    0.567289,
    0.566741,
    0.56593,
    0.568727,
    0.563558,
    0.5673,
    0.564251,
    0.559061,
    0.562503,
    0.560611,
    0.561604,
    0.564079,
    0.566138
  ],
  "train_cls_loss": [
    0.69894,
    0.489165,
    0.432552,
    0.399299,
    0.377954,
    0.360788,
    0.351472,
    0.338036,
    0.329296,
    0.321743,
    0.310187,
    0.306853,
    0.295501,
    0.290843,
    0.281428,
    0.279233,
    0.271585,
    0.26511,
    0.264011,
    0.256503,
    0.226647,
    0.218906,
    0.215339,
    0.207155,
    0.20635,
    0.203611,
    0.1992,
    0.197127,
    0.190637,
    0.19135,
    0.188265,
    0.185095,
    0.182853,
    0.179099,
    0.179122,
    0.1772
  ],
  "train_total_loss": [
    0.69894,
    0.489165,
    0.432552,
    0.399299,
    0.377954,
    0.360788,
    0.351472,
    0.338036,
    0.329296,
    0.321743,
    0.310187,
    0.306853,
    0.295501,
    0.290843,
    0.281428,
    0.279233,
    0.271585,
    0.26511,
    0.264011,
    0.256503,
    0.226647,
    0.218906,
    0.215339,
    0.207155,
    0.20635,
    0.203611,
    0.1992,
    0.197127,
    0.190637,
    0.19135,
    0.188265,
    0.185095,
    0.182853,
    0.179099,
    0.179122,
    0.1772
  ],
  "learning_rates": [
    0.001,
    0.001,
    0.001,
    0.001,
    0.001,
    0.001,
    0.001,
    0.001,
    0.001,
    0.001,
    0.001,
    0.001,
    0.001,
    0.001,
    0.001,
    0.001,
    0.001,
    0.001,
    0.001,
    0.001,
    0.0005,
    0.0005,
    0.0005,
    0.0005,
    0.0005,
    0.0005,
    0.0005,
    0.0005,
    0.0005,
    0.0005,
    0.0005,
    0.0005,
    0.0005,
    0.0005,
    0.0005,
    0.0005
  ],
  "val_accuracy": [
    61.608671,
    75.470622,
    71.249287,
    75.584712,
    76.554478,
    75.698802,
    77.239019,
    77.296064,
    77.752424,
    77.410154,
    77.353109,
    75.527667,
    77.866515,
    76.554478,
    77.866515,
    77.124929,
    76.212208,
    77.353109,
    77.353109,
    77.752424,
    78.722191,
    78.49401,
    77.467199,
    78.03765,
    77.524244,
    77.92356,
    78.03765,
    77.010839,
    77.467199,
    77.239019,
    77.010839,
    77.638334,
    77.353109,
    76.668568,
    77.92356,
    77.067884
  ],
  "model_info": {
    "model_class": "BaseClassifier",
    "hidden_size": 128,
    "num_classes": 23,
    "emb_size_audio": 512,
    "emb_size_text": 512,
    "dropout": 0.1,
    "use_batch_norm": true,
    "mode": "both",
    "num_folds": 5,
    "fold_id": 0,
    "batch_size": 64,
    "random_seed": 1821
  }
}