{
  "attention_audio": [
    0.437467,
    0.424368,
    0.417107,
    0.415671,
    0.410996,
    0.407831,
    0.405601,
    0.406871,
    0.405746,
    0.406206,
    0.403222,
    0.410815,
    0.407873,
    0.411459,
    0.409724,
    0.406838,
    0.409445,
    0.407685,
    0.407816,
    0.415342,
    0.415516,
    0.416144,
    0.420973,
    0.417668,
    0.422193,
    0.421784,
    0.420533,
    0.418611,
    0.418615,
    0.421783,
    0.418832,
    0.421293,
    0.422188,
    0.424205,
    0.424822,
    0.426316,
    0.423451,
    0.424913,
    0.424184,
    0.423572,
    0.425196
  ],
  "attention_text": [
    0.562533,
    0.575632,
    0.582893,
    0.584329,
    0.589004,
    0.592169,
    0.594399,
    0.593129,
    0.594254,
    0.593794,
    0.596778,
    0.589185,
    0.592127,
    0.588541,
    0.590276,
    0.593162,
    0.590555,
    0.592315,
    0.592184,
    0.584658,
    0.584484,
    0.583856,
    0.579027,
    0.582332,
    0.577807,
    0.578216,
    0.579467,
    0.58139,
    0.581385,
    0.578217,
    0.581168,
    0.578707,
    0.577812,
    0.575795,
    0.575178,
    0.573684,
    0.576549,
    0.575087,
    0.575816,
    0.576428,
    0.574804
  ],
  "train_cls_loss": [
    1.513136,
    1.052577,
    0.93455,
    0.869299,
    0.821431,
    0.793277,
    0.762726,
    0.732064,
    0.714318,
    0.697317,
    0.676222,
    0.653854,
    0.644903,
    0.624687,
    0.618531,
    0.597947,
    0.584008,
    0.575627,
    0.559765,
    0.550642,
    0.501338,
    0.473575,
    0.463063,
    0.447048,
    0.444928,
    0.431188,
    0.430789,
    0.425835,
    0.413588,
    0.405886,
    0.39859,
    0.389661,
    0.386528,
    0.374948,
    0.377949,
    0.373581,
    0.365749,
    0.361218,
    0.364445,
    0.347545,
    0.318295
  ],
  "train_total_loss": [
    1.513136,
    1.052577,
    0.93455,
    0.869299,
    0.821431,
    0.793277,
    0.762726,
    0.732064,
    0.714318,
    0.697317,
    0.676222,
    0.653854,
    0.644903,
    0.624687,
    0.618531,
    0.597947,
    0.584008,
    0.575627,
    0.559765,
    0.550642,
    0.501338,
    0.473575,
    0.463063,
    0.447048,
    0.444928,
    0.431188,
    0.430789,
    0.425835,
    0.413588,
    0.405886,
    0.39859,
    0.389661,
    0.386528,
    0.374948,
    0.377949,
    0.373581,
    0.365749,
    0.361218,
    0.364445,
    0.347545,
    0.318295
  ],
  "learning_rates": [
    0.001,
    0.001,
    0.001,
    0.001,
    0.001,
    0.001,
    0.001,
    0.001,
    0.001,
    0.001,
    0.001,
    0.001,
    0.001,
    0.001,
    0.001,
    0.001,
    0.001,
    0.001,
    0.001,
    0.001,
    0.0005,
    0.0005,
    0.0005,
    0.0005,
    0.0005,
    0.0005,
    0.0005,
    0.0005,
    0.0005,
    0.0005,
    0.0005,
    0.0005,
    0.0005,
    0.0005,
    0.0005,
    0.0005,
    0.0005,
    0.0005,
    0.0005,
    0.0005,
    0.00025
  ],
  "val_accuracy": [
    62.578437,
    69.48089,
    73.98745,
    74.21563,
    74.32972,
    73.816315,
    74.21563,
    75.470622,
    76.497433,
    76.782658,
    74.729036,
    76.212208,
    77.524244,
    75.527667,
    75.527667,
    75.413577,
    75.128351,
    77.124929,
    77.638334,
    75.527667,
    77.581289,
    76.839703,
    77.296064,
    77.524244,
    75.984027,
    78.26583,
    77.067884,
    77.410154,
    76.611523,
    76.668568,
    76.212208,
    76.383343,
    76.383343,
    76.326298,
    75.584712,
    75.984027,
    76.098118,
    76.554478,
    76.896748,
    76.782658,
    75.755847
  ],
  "model_info": {
    "model_class": "BaseClassifier",
    "hidden_size": 128,
    "num_classes": 23,
    "emb_size_audio": 512,
    "emb_size_text": 512,
    "dropout": 0.1,
    "use_batch_norm": true,
    "mode": "both",
    "num_folds": 5,
    "fold_id": 4,
    "batch_size": 64,
    "random_seed": 1821
  }
}