{
  "train_cls_loss": [
    2.429737,
    1.518737,
    1.278888,
    1.206593,
    1.103164,
    1.050225,
    0.997071,
    0.997691,
    0.951273,
    0.925874,
    0.888332,
    0.886548,
    0.858262,
    0.839282,
    0.803478,
    0.798367,
    0.78841,
    0.771225,
    0.745589,
    0.74232,
    0.68771,
    0.638961,
    0.617077,
    0.617053,
    0.614099,
    0.606227,
    0.58776,
    0.574359,
    0.563673,
    0.579636,
    0.543859,
    0.551324,
    0.542477,
    0.525504,
    0.533131,
    0.51745,
    0.527747,
    0.526255,
    0.484784,
    0.496923,
    0.456977,
    0.436897,
    0.429968,
    0.415661,
    0.410302,
    0.401608
  ],
  "train_top_cls_loss": [
    0.854089,
    0.56267,
    0.517765,
    0.50278,
    0.462824,
    0.444754,
    0.434357,
    0.436781,
    0.409106,
    0.41374,
    0.39707,
    0.397831,
    0.387541,
    0.37737,
    0.36188,
    0.359252,
    0.353886,
    0.336137,
    0.334886,
    0.33516,
    0.308576,
    0.280179,
    0.27702,
    0.26572,
    0.275678,
    0.263679,
    0.256361,
    0.259745,
    0.252127,
    0.256858,
    0.244062,
    0.241516,
    0.239078,
    0.234501,
    0.237682,
    0.227716,
    0.231719,
    0.237442,
    0.212051,
    0.223635,
    0.201975,
    0.192178,
    0.187665,
    0.182415,
    0.18296,
    0.173626
  ],
  "train_total_loss": [
    3.0276,
    1.912607,
    1.641324,
    1.55854,
    1.427141,
    1.361553,
    1.301121,
    1.303437,
    1.237647,
    1.215492,
    1.166281,
    1.16503,
    1.12954,
    1.103441,
    1.056794,
    1.049844,
    1.03613,
    1.006522,
    0.980009,
    0.976932,
    0.903713,
    0.835086,
    0.810991,
    0.803057,
    0.807074,
    0.790802,
    0.767213,
    0.75618,
    0.740161,
    0.759437,
    0.714703,
    0.720385,
    0.709832,
    0.689655,
    0.699508,
    0.676851,
    0.68995,
    0.692464,
    0.63322,
    0.653468,
    0.598359,
    0.571422,
    0.561333,
    0.543352,
    0.538374,
    0.523146
  ],
  "learning_rates": [
    0.001,
    0.001,
    0.001,
    0.001,
    0.001,
    0.001,
    0.001,
    0.001,
    0.001,
    0.001,
    0.001,
    0.001,
    0.001,
    0.001,
    0.001,
    0.001,
    0.001,
    0.001,
    0.001,
    0.001,
    0.0005,
    0.0005,
    0.0005,
    0.0005,
    0.0005,
    0.0005,
    0.0005,
    0.0005,
    0.0005,
    0.0005,
    0.0005,
    0.0005,
    0.0005,
    0.0005,
    0.0005,
    0.0005,
    0.0005,
    0.0005,
    0.0005,
    0.0005,
    0.00025,
    0.00025,
    0.00025,
    0.00025,
    0.00025,
    0.00025
  ],
  "val_accuracy": [
    53.793497,
    66.229321,
    68.910439,
    70.621791,
    71.876783,
    72.675414,
    74.443811,
    74.900171,
    74.900171,
    73.816315,
    76.155163,
    75.185396,
    76.497433,
    76.212208,
    76.839703,
    76.782658,
    76.668568,
    75.299487,
    76.383343,
    75.869937,
    77.809469,
    77.181974,
    76.782658,
    77.181974,
    77.581289,
    76.953793,
    77.638334,
    77.239019,
    77.010839,
    77.010839,
    78.665145,
    76.155163,
    77.410154,
    76.668568,
    78.436965,
    76.953793,
    76.611523,
    77.239019,
    76.668568,
    76.953793,
    77.010839,
    77.638334,
    77.524244,
    77.181974,
    77.296064,
    77.010839
  ],
  "model_info": {
    "model_class": "BaseClassifier",
    "hidden_size": 128,
    "num_classes": 23,
    "emb_size_audio": 512,
    "emb_size_text": 0,
    "dropout": 0.1,
    "use_batch_norm": true,
    "mode": "audio",
    "num_folds": 5,
    "fold_id": 4,
    "batch_size": 64,
    "random_seed": 1821
  }
}