{
  "train_cls_loss": [
    0.79281,
    0.616438,
    0.561208,
    0.533025,
    0.509238,
    0.493467,
    0.474107,
    0.467651,
    0.453109,
    0.443443,
    0.435488,
    0.427958,
    0.418091,
    0.413603,
    0.400973,
    0.397025,
    0.391641,
    0.383662,
    0.380266,
    0.374742,
    0.348241,
    0.341419,
    0.336666,
    0.332094,
    0.324158,
    0.320373,
    0.316806,
    0.312853,
    0.310385,
    0.307127,
    0.303092,
    0.298841,
    0.299698,
    0.293087
  ],
  "train_total_loss": [
    0.79281,
    0.616438,
    0.561208,
    0.533025,
    0.509238,
    0.493467,
    0.474107,
    0.467651,
    0.453109,
    0.443443,
    0.435488,
    0.427958,
    0.418091,
    0.413603,
    0.400973,
    0.397025,
    0.391641,
    0.383662,
    0.380266,
    0.374742,
    0.348241,
    0.341419,
    0.336666,
    0.332094,
    0.324158,
    0.320373,
    0.316806,
    0.312853,
    0.310385,
    0.307127,
    0.303092,
    0.298841,
    0.299698,
    0.293087
  ],
  "learning_rates": [
    0.001,
    0.001,
    0.001,
    0.001,
    0.001,
    0.001,
    0.001,
    0.001,
    0.001,
    0.001,
    0.001,
    0.001,
    0.001,
    0.001,
    0.001,
    0.001,
    0.001,
    0.001,
    0.001,
    0.001,
    0.0005,
    0.0005,
    0.0005,
    0.0005,
    0.0005,
    0.0005,
    0.0005,
    0.0005,
    0.0005,
    0.0005,
    0.0005,
    0.0005,
    0.0005,
    0.0005
  ],
  "val_accuracy": [
    59.498003,
    69.024529,
    68.910439,
    69.70907,
    71.933828,
    71.135197,
    71.306332,
    73.131774,
    73.302909,
    73.131774,
    72.675414,
    71.990873,
    73.302909,
    72.618369,
    72.447233,
    73.188819,
    73.702225,
    72.219053,
    74.32972,
    73.64518,
    74.21563,
    73.930405,
    73.302909,
    72.504278,
    74.158585,
    73.416999,
    73.930405,
    72.333143,
    74.272675,
    71.648602,
    73.188819,
    72.561323,
    73.245864,
    73.017684
  ],
  "model_info": {
    "model_class": "BaseClassifier",
    "hidden_size": 128,
    "num_classes": 23,
    "emb_size_audio": 512,
    "emb_size_text": 0,
    "dropout": 0.1,
    "use_batch_norm": true,
    "mode": "audio",
    "num_folds": 5,
    "fold_id": 3,
    "batch_size": 64,
    "random_seed": 1821
  }
}