{
  "attention_audio": [
    0.488782,
    0.497538,
    0.486019,
    0.485989,
    0.483961,
    0.480757,
    0.480238,
    0.481061,
    0.479478,
    0.47718,
    0.477153,
    0.478787,
    0.479444,
    0.482821,
    0.486111,
    0.48459,
    0.48456,
    0.481771,
    0.478385,
    0.483955,
    0.482754,
    0.486598,
    0.485427,
    0.489449,
    0.489201,
    0.491189,
    0.490079,
    0.491649,
    0.493189,
    0.491705,
    0.490847,
    0.490317,
    0.493319,
    0.495697,
    0.498432,
    0.496075
  ],
  "attention_text": [
    0.511218,
    0.502462,
    0.513981,
    0.514011,
    0.516039,
    0.519243,
    0.519762,
    0.518939,
    0.520522,
    0.52282,
    0.522847,
    0.521213,
    0.520556,
    0.517179,
    0.513889,
    0.51541,
    0.51544,
    0.518229,
    0.521615,
    0.516045,
    0.517246,
    0.513402,
    0.514573,
    0.510551,
    0.510799,
    0.508811,
    0.509921,
    0.508352,
    0.506811,
    0.508295,
    0.509153,
    0.509683,
    0.506681,
    0.504303,
    0.501568,
    0.503925
  ],
  "train_cls_loss": [
    2.28119,
    1.362806,
    1.145858,
    1.041545,
    0.947041,
    0.906269,
    0.839493,
    0.801411,
    0.764995,
    0.737746,
    0.72906,
    0.716949,
    0.672343,
    0.66475,
    0.6463,
    0.61785,
    0.602447,
    0.619771,
    0.588923,
    0.574292,
    0.507489,
    0.474251,
    0.448821,
    0.451554,
    0.443124,
    0.426911,
    0.427495,
    0.416456,
    0.404617,
    0.391726,
    0.384121,
    0.386168,
    0.379247,
    0.378479,
    0.366379,
    0.361251
  ],
  "train_total_loss": [
    2.28119,
    1.362806,
    1.145858,
    1.041545,
    0.947041,
    0.906269,
    0.839493,
    0.801411,
    0.764995,
    0.737746,
    0.72906,
    0.716949,
    0.672343,
    0.66475,
    0.6463,
    0.61785,
    0.602447,
    0.619771,
    0.588923,
    0.574292,
    0.507489,
    0.474251,
    0.448821,
    0.451554,
    0.443124,
    0.426911,
    0.427495,
    0.416456,
    0.404617,
    0.391726,
    0.384121,
    0.386168,
    0.379247,
    0.378479,
    0.366379,
    0.361251
  ],
  "learning_rates": [
    0.001,
    0.001,
    0.001,
    0.001,
    0.001,
    0.001,
    0.001,
    0.001,
    0.001,
    0.001,
    0.001,
    0.001,
    0.001,
    0.001,
    0.001,
    0.001,
    0.001,
    0.001,
    0.001,
    0.001,
    0.0005,
    0.0005,
    0.0005,
    0.0005,
    0.0005,
    0.0005,
    0.0005,
    0.0005,
    0.0005,
    0.0005,
    0.0005,
    0.0005,
    0.0005,
    0.0005,
    0.0005,
    0.0005
  ],
  "val_accuracy": [
    61.034483,
    68.735632,
    72.126437,
    72.816092,
    75.172414,
    76.264368,
    75.517241,
    76.896552,
    77.528736,
    77.701149,
    77.471264,
    77.011494,
    78.563218,
    77.298851,
    78.735632,
    78.045977,
    78.505747,
    77.586207,
    78.103448,
    77.643678,
    79.885057,
    79.022989,
    78.275862,
    79.022989,
    78.965517,
    77.816092,
    77.298851,
    78.563218,
    78.390805,
    77.586207,
    77.931034,
    77.471264,
    78.218391,
    78.505747,
    77.758621,
    77.471264
  ],
  "model_info": {
    "model_class": "BaseClassifier",
    "hidden_size": 128,
    "num_classes": 23,
    "emb_size_audio": 768,
    "emb_size_text": 512,
    "dropout": 0.1,
    "use_batch_norm": true,
    "mode": "both",
    "num_folds": 5,
    "fold_id": 3,
    "batch_size": 64,
    "random_seed": 1821
  }
}