{
  "attention_audio": [
    0.487773,
    0.495763,
    0.498153,
    0.500208,
    0.50624,
    0.50214,
    0.502297,
    0.505187,
    0.504318,
    0.499247,
    0.503406,
    0.502402,
    0.501482,
    0.504687,
    0.499733,
    0.497558,
    0.500048,
    0.503518,
    0.504836,
    0.499958,
    0.50274,
    0.505711,
    0.504104,
    0.503574,
    0.505959,
    0.504177,
    0.505385,
    0.508628,
    0.505194,
    0.504384,
    0.504726,
    0.505032,
    0.506932,
    0.502851,
    0.505711,
    0.505519
  ],
  "attention_text": [
    0.512227,
    0.504237,
    0.501847,
    0.499792,
    0.49376,
    0.49786,
    0.497703,
    0.494813,
    0.495682,
    0.500753,
    0.496594,
    0.497598,
    0.498518,
    0.495313,
    0.500267,
    0.502442,
    0.499952,
    0.496482,
    0.495164,
    0.500042,
    0.49726,
    0.494289,
    0.495896,
    0.496426,
    0.494041,
    0.495823,
    0.494615,
    0.491372,
    0.494806,
    0.495616,
    0.495274,
    0.494968,
    0.493068,
    0.497149,
    0.494289,
    0.494481
  ],
  "train_cls_loss": [
    2.417246,
    1.669106,
    1.532006,
    1.459557,
    1.415947,
    1.274957,
    1.294774,
    1.248167,
    1.178646,
    1.202953,
    1.193312,
    1.202428,
    1.179618,
    1.179832,
    1.110543,
    1.052158,
    1.069672,
    1.128417,
    1.066991,
    1.067066,
    1.001937,
    0.924154,
    0.910675,
    0.921589,
    0.928699,
    0.938509,
    0.989539,
    0.991818,
    0.914275,
    0.803803,
    0.944718,
    0.91442,
    0.850705,
    0.801299,
    0.915531,
    0.81092
  ],
  "train_top_cls_loss": [
    0.911147,
    0.663877,
    0.662609,
    0.653691,
    0.652134,
    0.597556,
    0.614233,
    0.602603,
    0.565294,
    0.58399,
    0.595669,
    0.594803,
    0.590289,
    0.588545,
    0.553066,
    0.522201,
    0.533151,
    0.570678,
    0.535054,
    0.537193,
    0.507961,
    0.463719,
    0.457268,
    0.463767,
    0.477438,
    0.482436,
    0.508885,
    0.50819,
    0.462335,
    0.41098,
    0.491101,
    0.471154,
    0.438588,
    0.404987,
    0.476043,
    0.416653
  ],
  "train_total_loss": [
    3.055048,
    2.13382,
    1.995832,
    1.917141,
    1.872441,
    1.693246,
    1.724737,
    1.669989,
    1.574351,
    1.611745,
    1.61028,
    1.61879,
    1.59282,
    1.591814,
    1.49769,
    1.417698,
    1.442878,
    1.527892,
    1.441529,
    1.443101,
    1.35751,
    1.248757,
    1.230763,
    1.246226,
    1.262905,
    1.276215,
    1.345759,
    1.347551,
    1.237909,
    1.091489,
    1.288489,
    1.244228,
    1.157717,
    1.08479,
    1.248762,
    1.102577
  ],
  "learning_rates": [
    0.001,
    0.001,
    0.001,
    0.001,
    0.001,
    0.001,
    0.001,
    0.001,
    0.001,
    0.001,
    0.001,
    0.001,
    0.001,
    0.001,
    0.001,
    0.001,
    0.001,
    0.001,
    0.001,
    0.001,
    0.0005,
    0.0005,
    0.0005,
    0.0005,
    0.0005,
    0.0005,
    0.0005,
    0.0005,
    0.0005,
    0.0005,
    0.0005,
    0.0005,
    0.0005,
    0.0005,
    0.0005,
    0.0005
  ],
  "val_accuracy": [
    62.179122,
    66.514546,
    69.766115,
    72.047918,
    75.984027,
    76.839703,
    77.467199,
    77.581289,
    77.410154,
    78.779236,
    78.551055,
    78.49401,
    79.520821,
    78.893326,
    80.148317,
    79.806047,
    79.977182,
    79.634912,
    80.034227,
    79.178551,
    81.346264,
    80.376497,
    79.806047,
    79.863092,
    79.749002,
    80.205362,
    79.691957,
    79.920137,
    79.520821,
    80.832858,
    80.433542,
    79.520821,
    80.319452,
    80.547633,
    79.406731,
    80.262407
  ],
  "model_info": {
    "model_class": "BaseClassifier",
    "hidden_size": 128,
    "num_classes": 23,
    "emb_size_audio": 512,
    "emb_size_text": 512,
    "dropout": 0.1,
    "use_batch_norm": true,
    "mode": "both",
    "num_folds": 5,
    "fold_id": 0,
    "batch_size": 64,
    "random_seed": 1821
  }
}