{
  "attention_audio": [
    0.512381,
    0.493544,
    0.494095,
    0.49792,
    0.499729,
    0.500354,
    0.498587,
    0.500001,
    0.501639,
    0.502671,
    0.506848,
    0.504085,
    0.503061,
    0.505305,
    0.50381,
    0.50215,
    0.502075,
    0.503892,
    0.505257,
    0.505745,
    0.50722,
    0.503069,
    0.502692,
    0.505416,
    0.507172,
    0.509266,
    0.509748,
    0.508068,
    0.508547,
    0.506813,
    0.509304,
    0.508667,
    0.507612,
    0.506556,
    0.505457,
    0.509064,
    0.508921,
    0.506935,
    0.508832,
    0.510192,
    0.510542,
    0.510728,
    0.51002
  ],
  "attention_text": [
    0.487619,
    0.506456,
    0.505905,
    0.50208,
    0.500271,
    0.499646,
    0.501413,
    0.499999,
    0.498361,
    0.497329,
    0.493152,
    0.495915,
    0.496939,
    0.494695,
    0.49619,
    0.49785,
    0.497925,
    0.496108,
    0.494743,
    0.494255,
    0.49278,
    0.496931,
    0.497308,
    0.494584,
    0.492829,
    0.490734,
    0.490252,
    0.491932,
    0.491453,
    0.493187,
    0.490696,
    0.491333,
    0.492388,
    0.493444,
    0.494543,
    0.490936,
    0.491079,
    0.493065,
    0.491168,
    0.489808,
    0.489458,
    0.489272,
    0.48998
  ],
  "train_cls_loss": [
    2.533314,
    1.794163,
    1.726292,
    1.664407,
    1.612743,
    1.561357,
    1.545224,
    1.510846,
    1.436914,
    1.474106,
    1.540443,
    1.492233,
    1.458681,
    1.409232,
    1.403049,
    1.410153,
    1.460846,
    1.336385,
    1.378801,
    1.316194,
    1.368045,
    1.395588,
    1.338212,
    1.367757,
    1.371426,
    1.264454,
    1.265946,
    1.219337,
    1.269679,
    1.276355,
    1.201415,
    1.286473,
    1.233657,
    1.215262,
    1.262212,
    1.259128,
    1.20584,
    1.237733,
    1.147537,
    1.239091,
    1.167143,
    1.182686,
    1.161484
  ],
  "train_total_loss": [
    2.533314,
    1.794163,
    1.726292,
    1.664407,
    1.612743,
    1.561357,
    1.545224,
    1.510846,
    1.436914,
    1.474106,
    1.540443,
    1.492233,
    1.458681,
    1.409232,
    1.403049,
    1.410153,
    1.460846,
    1.336385,
    1.378801,
    1.316194,
    1.368045,
    1.395588,
    1.338212,
    1.367757,
    1.371426,
    1.264454,
    1.265946,
    1.219337,
    1.269679,
    1.276355,
    1.201415,
    1.286473,
    1.233657,
    1.215262,
    1.262212,
    1.259128,
    1.20584,
    1.237733,
    1.147537,
    1.239091,
    1.167143,
    1.182686,
    1.161484
  ],
  "learning_rates": [
    0.001,
    0.001,
    0.001,
    0.001,
    0.001,
    0.001,
    0.001,
    0.001,
    0.001,
    0.001,
    0.001,
    0.001,
    0.001,
    0.001,
    0.001,
    0.001,
    0.001,
    0.001,
    0.001,
    0.001,
    0.0005,
    0.0005,
    0.0005,
    0.0005,
    0.0005,
    0.0005,
    0.0005,
    0.0005,
    0.0005,
    0.0005,
    0.0005,
    0.0005,
    0.0005,
    0.0005,
    0.0005,
    0.0005,
    0.0005,
    0.0005,
    0.0005,
    0.0005,
    0.00025,
    0.00025,
    0.00025
  ],
  "val_accuracy": [
    65.830006,
    70.450656,
    72.732459,
    73.75927,
    76.383343,
    76.212208,
    77.695379,
    78.836281,
    79.064461,
    77.980605,
    78.836281,
    78.950371,
    79.235596,
    78.836281,
    78.15174,
    79.634912,
    79.349686,
    80.490588,
    79.292641,
    79.349686,
    80.433542,
    80.604678,
    80.490588,
    79.977182,
    80.604678,
    80.034227,
    80.205362,
    80.889903,
    80.262407,
    80.262407,
    79.235596,
    79.577867,
    80.433542,
    80.376497,
    79.977182,
    79.691957,
    79.349686,
    79.634912,
    79.920137,
    80.034227,
    80.661723,
    80.262407,
    79.977182
  ],
  "model_info": {
    "model_class": "BaseClassifier",
    "hidden_size": 128,
    "num_classes": 23,
    "emb_size_audio": 512,
    "emb_size_text": 512,
    "dropout": 0.1,
    "use_batch_norm": true,
    "mode": "both",
    "num_folds": 5,
    "fold_id": 4,
    "batch_size": 64,
    "random_seed": 1821
  }
}