{
  "attention_audio": [
    0.510863,
    0.510214,
    0.506289,
    0.509533,
    0.508393,
    0.513067,
    0.512088,
    0.511524,
    0.510758,
    0.509001,
    0.513523,
    0.512536,
    0.513268,
    0.51357,
    0.514671,
    0.515553,
    0.517174,
    0.515709,
    0.517081,
    0.51502,
    0.513411,
    0.51432,
    0.51751,
    0.519659,
    0.51915,
    0.520439,
    0.517483,
    0.518264,
    0.517271,
    0.518807,
    0.516118,
    0.517842,
    0.515723,
    0.51532,
    0.516715,
    0.519332,
    0.521031,
    0.517669,
    0.516266,
    0.517662,
    0.51516,
    0.515369,
    0.519487,
    0.518303,
    0.519245,
    0.518574
  ],
  "attention_text": [
    0.489137,
    0.489786,
    0.493711,
    0.490467,
    0.491607,
    0.486933,
    0.487912,
    0.488476,
    0.489242,
    0.490999,
    0.486477,
    0.487464,
    0.486732,
    0.48643,
    0.485329,
    0.484447,
    0.482826,
    0.484291,
    0.482919,
    0.48498,
    0.486589,
    0.48568,
    0.48249,
    0.48034,
    0.48085,
    0.479561,
    0.482517,
    0.481735,
    0.482729,
    0.481193,
    0.483882,
    0.482158,
    0.484277,
    0.48468,
    0.483285,
    0.480669,
    0.478969,
    0.482331,
    0.483734,
    0.482338,
    0.48484,
    0.484631,
    0.480513,
    0.481697,
    0.480755,
    0.481426
  ],
  "train_cls_loss": [
    1.641192,
    0.954041,
    0.77939,
    0.705635,
    0.657211,
    0.592043,
    0.561797,
    0.556874,
    0.526707,
    0.493494,
    0.480922,
    0.470347,
    0.464193,
    0.448653,
    0.439823,
    0.428055,
    0.423391,
    0.415613,
    0.402005,
    0.401017,
    0.346932,
    0.331866,
    0.322035,
    0.31021,
    0.301992,
    0.306429,
    0.300836,
    0.300504,
    0.298997,
    0.283701,
    0.277484,
    0.275501,
    0.280415,
    0.279021,
    0.267734,
    0.257004,
    0.255797,
    0.254398,
    0.259302,
    0.242992,
    0.224035,
    0.214763,
    0.208492,
    0.204559,
    0.20945,
    0.195239
  ],
  "train_total_loss": [
    1.641192,
    0.954041,
    0.77939,
    0.705635,
    0.657211,
    0.592043,
    0.561797,
    0.556874,
    0.526707,
    0.493494,
    0.480922,
    0.470347,
    0.464193,
    0.448653,
    0.439823,
    0.428055,
    0.423391,
    0.415613,
    0.402005,
    0.401017,
    0.346932,
    0.331866,
    0.322035,
    0.31021,
    0.301992,
    0.306429,
    0.300836,
    0.300504,
    0.298997,
    0.283701,
    0.277484,
    0.275501,
    0.280415,
    0.279021,
    0.267734,
    0.257004,
    0.255797,
    0.254398,
    0.259302,
    0.242992,
    0.224035,
    0.214763,
    0.208492,
    0.204559,
    0.20945,
    0.195239
  ],
  "learning_rates": [
    0.001,
    0.001,
    0.001,
    0.001,
    0.001,
    0.001,
    0.001,
    0.001,
    0.001,
    0.001,
    0.001,
    0.001,
    0.001,
    0.001,
    0.001,
    0.001,
    0.001,
    0.001,
    0.001,
    0.001,
    0.0005,
    0.0005,
    0.0005,
    0.0005,
    0.0005,
    0.0005,
    0.0005,
    0.0005,
    0.0005,
    0.0005,
    0.0005,
    0.0005,
    0.0005,
    0.0005,
    0.0005,
    0.0005,
    0.0005,
    0.0005,
    0.0005,
    0.0005,
    0.00025,
    0.00025,
    0.00025,
    0.00025,
    0.00025,
    0.00025
  ],
  "val_accuracy": [
    61.950941,
    71.078152,
    74.614946,
    75.641757,
    75.869937,
    78.37992,
    78.779236,
    79.064461,
    80.205362,
    78.49401,
    78.779236,
    80.148317,
    79.349686,
    79.064461,
    79.977182,
    80.604678,
    79.235596,
    79.292641,
    79.406731,
    80.547633,
    80.889903,
    80.718768,
    80.775813,
    80.319452,
    79.463776,
    80.148317,
    79.235596,
    80.490588,
    80.262407,
    80.604678,
    81.061038,
    79.292641,
    79.235596,
    79.520821,
    79.235596,
    80.661723,
    79.463776,
    79.064461,
    79.463776,
    79.292641,
    80.433542,
    80.661723,
    79.920137,
    79.806047,
    80.319452,
    79.977182
  ],
  "model_info": {
    "model_class": "BaseClassifier",
    "hidden_size": 128,
    "num_classes": 23,
    "emb_size_audio": 512,
    "emb_size_text": 512,
    "dropout": 0.1,
    "use_batch_norm": true,
    "mode": "both",
    "num_folds": 5,
    "fold_id": 3,
    "batch_size": 64,
    "random_seed": 1821
  }
}