{
  "train_cls_loss": [
    2.366896,
    1.558244,
    1.314773,
    1.214703,
    1.098261,
    1.06444,
    1.005072,
    0.969204,
    0.92512,
    0.916509,
    0.893973,
    0.872655,
    0.842922,
    0.817163,
    0.828349,
    0.8093,
    0.762416,
    0.764751,
    0.747045,
    0.751535,
    0.68147,
    0.638074,
    0.625833,
    0.619437,
    0.598877,
    0.603825,
    0.583732,
    0.585026,
    0.569282,
    0.575067,
    0.535456,
    0.531891,
    0.542815,
    0.533882,
    0.534325,
    0.511629,
    0.518982
  ],
  "train_top_cls_loss": [
    0.892899,
    0.598593,
    0.53822,
    0.52723,
    0.481081,
    0.466006,
    0.450157,
    0.436842,
    0.425445,
    0.421294,
    0.414655,
    0.404006,
    0.376796,
    0.3714,
    0.378066,
    0.370619,
    0.350712,
    0.350651,
    0.341788,
    0.347696,
    0.307572,
    0.294777,
    0.279366,
    0.287163,
    0.277168,
    0.2789,
    0.26819,
    0.266128,
    0.264868,
    0.265586,
    0.248861,
    0.254411,
    0.251306,
    0.250357,
    0.242427,
    0.238009,
    0.236426
  ],
  "train_total_loss": [
    2.813346,
    1.85754,
    1.583883,
    1.478318,
    1.338802,
    1.297442,
    1.230151,
    1.187625,
    1.137842,
    1.127156,
    1.1013,
    1.074658,
    1.03132,
    1.002863,
    1.017382,
    0.994609,
    0.937772,
    0.940077,
    0.917939,
    0.925383,
    0.835256,
    0.785462,
    0.765516,
    0.763018,
    0.737461,
    0.743275,
    0.717827,
    0.71809,
    0.701716,
    0.70786,
    0.659887,
    0.659097,
    0.668468,
    0.65906,
    0.655539,
    0.630633,
    0.637195
  ],
  "learning_rates": [
    0.001,
    0.001,
    0.001,
    0.001,
    0.001,
    0.001,
    0.001,
    0.001,
    0.001,
    0.001,
    0.001,
    0.001,
    0.001,
    0.001,
    0.001,
    0.001,
    0.001,
    0.001,
    0.001,
    0.001,
    0.0005,
    0.0005,
    0.0005,
    0.0005,
    0.0005,
    0.0005,
    0.0005,
    0.0005,
    0.0005,
    0.0005,
    0.0005,
    0.0005,
    0.0005,
    0.0005,
    0.0005,
    0.0005,
    0.0005
  ],
  "val_accuracy": [
    58.471192,
    64.575014,
    69.880205,
    71.363377,
    74.10154,
    74.786081,
    74.443811,
    75.128351,
    75.984027,
    75.755847,
    75.926982,
    76.668568,
    76.041072,
    76.269253,
    76.497433,
    77.524244,
    76.668568,
    76.554478,
    75.584712,
    76.554478,
    77.467199,
    77.581289,
    76.554478,
    76.269253,
    77.067884,
    76.098118,
    77.124929,
    76.269253,
    77.181974,
    77.181974,
    77.524244,
    76.839703,
    76.554478,
    76.554478,
    76.098118,
    76.155163,
    77.124929
  ],
  "model_info": {
    "model_class": "BaseClassifier",
    "hidden_size": 128,
    "num_classes": 23,
    "emb_size_audio": 512,
    "emb_size_text": 0,
    "dropout": 0.1,
    "use_batch_norm": true,
    "mode": "audio",
    "num_folds": 5,
    "fold_id": 1,
    "batch_size": 64,
    "random_seed": 1821
  }
}