{
  "attention_audio": [
    0.487013,
    0.483518,
    0.484184,
    0.477009,
    0.473852,
    0.473497,
    0.475089,
    0.473321,
    0.47216,
    0.472067,
    0.469505,
    0.4672,
    0.467203,
    0.470115,
    0.475141,
    0.471542,
    0.469107,
    0.470418,
    0.470913,
    0.4725,
    0.468755,
    0.468515,
    0.470516,
    0.470351,
    0.476011,
    0.473314,
    0.473232,
    0.47657,
    0.473384,
    0.475756,
    0.475451,
    0.475621,
    0.474621,
    0.476479,
    0.477027,
    0.477256,
    0.478715,
    0.477973
  ],
  "attention_text": [
    0.512987,
    0.516482,
    0.515816,
    0.522991,
    0.526148,
    0.526503,
    0.524911,
    0.526679,
    0.52784,
    0.527933,
    0.530495,
    0.5328,
    0.532797,
    0.529885,
    0.524859,
    0.528458,
    0.530893,
    0.529582,
    0.529087,
    0.5275,
    0.531245,
    0.531485,
    0.529484,
    0.529649,
    0.523989,
    0.526686,
    0.526768,
    0.52343,
    0.526616,
    0.524244,
    0.524549,
    0.524379,
    0.525379,
    0.523521,
    0.522973,
    0.522744,
    0.521285,
    0.522027
  ],
  "train_cls_loss": [
    2.356606,
    1.505336,
    1.276912,
    1.12653,
    1.04678,
    0.975931,
    0.934431,
    0.885111,
    0.871302,
    0.829281,
    0.79625,
    0.769103,
    0.726353,
    0.733132,
    0.702829,
    0.687657,
    0.659366,
    0.664577,
    0.650896,
    0.614025,
    0.558422,
    0.521253,
    0.511737,
    0.497967,
    0.493081,
    0.465241,
    0.462472,
    0.466731,
    0.450017,
    0.448307,
    0.43816,
    0.421857,
    0.42219,
    0.404388,
    0.423546,
    0.421916,
    0.38674,
    0.387636
  ],
  "train_top_cls_loss": [
    0.77857,
    0.511325,
    0.464058,
    0.431403,
    0.411655,
    0.397533,
    0.391732,
    0.366583,
    0.370084,
    0.358315,
    0.343991,
    0.329918,
    0.317013,
    0.314935,
    0.300551,
    0.302482,
    0.278409,
    0.294895,
    0.28261,
    0.275779,
    0.241113,
    0.221645,
    0.222206,
    0.214218,
    0.213884,
    0.199822,
    0.195644,
    0.197658,
    0.202916,
    0.196658,
    0.191229,
    0.177105,
    0.181326,
    0.173849,
    0.18116,
    0.185625,
    0.167257,
    0.167148
  ],
  "train_total_loss": [
    3.135176,
    2.016661,
    1.74097,
    1.557933,
    1.458436,
    1.373463,
    1.326163,
    1.251695,
    1.241386,
    1.187596,
    1.140241,
    1.099021,
    1.043366,
    1.048068,
    1.00338,
    0.99014,
    0.937775,
    0.959471,
    0.933506,
    0.889804,
    0.799535,
    0.742898,
    0.733942,
    0.712185,
    0.706965,
    0.665063,
    0.658116,
    0.664389,
    0.652932,
    0.644965,
    0.62939,
    0.598962,
    0.603516,
    0.578237,
    0.604706,
    0.607541,
    0.553996,
    0.554784
  ],
  "learning_rates": [
    0.001,
    0.001,
    0.001,
    0.001,
    0.001,
    0.001,
    0.001,
    0.001,
    0.001,
    0.001,
    0.001,
    0.001,
    0.001,
    0.001,
    0.001,
    0.001,
    0.001,
    0.001,
    0.001,
    0.001,
    0.0005,
    0.0005,
    0.0005,
    0.0005,
    0.0005,
    0.0005,
    0.0005,
    0.0005,
    0.0005,
    0.0005,
    0.0005,
    0.0005,
    0.0005,
    0.0005,
    0.0005,
    0.0005,
    0.0005,
    0.0005
  ],
  "val_accuracy": [
    49.310345,
    62.241379,
    67.356322,
    72.126437,
    73.333333,
    72.413793,
    72.931034,
    75.747126,
    74.712644,
    75.804598,
    75.574713,
    76.83908,
    76.551724,
    76.494253,
    75.862069,
    76.954023,
    78.793103,
    78.16092,
    78.045977,
    78.275862,
    78.390805,
    77.701149,
    79.137931,
    78.275862,
    78.505747,
    78.333333,
    79.08046,
    77.873563,
    77.701149,
    77.356322,
    77.413793,
    78.103448,
    77.586207,
    78.045977,
    77.873563,
    78.16092,
    78.333333,
    78.218391
  ],
  "model_info": {
    "model_class": "BaseClassifier",
    "hidden_size": 128,
    "num_classes": 23,
    "emb_size_audio": 768,
    "emb_size_text": 512,
    "dropout": 0.1,
    "use_batch_norm": true,
    "mode": "both",
    "num_folds": 5,
    "fold_id": 0,
    "batch_size": 64,
    "random_seed": 1821
  }
}