{
  "attention_audio": [
    0.485557,
    0.479783,
    0.482109,
    0.481085,
    0.483851,
    0.488914,
    0.487449,
    0.48658,
    0.494929,
    0.495919,
    0.490926,
    0.49113,
    0.495378,
    0.494298,
    0.496809,
    0.500692,
    0.498891,
    0.5012,
    0.498811,
    0.503588,
    0.502068,
    0.502908,
    0.501366,
    0.500807,
    0.499714,
    0.501235,
    0.500781,
    0.499695,
    0.502207,
    0.505267,
    0.504621,
    0.506965,
    0.505721,
    0.505676
  ],
  "attention_text": [
    0.514443,
    0.520217,
    0.517891,
    0.518915,
    0.516149,
    0.511086,
    0.512551,
    0.51342,
    0.505071,
    0.504081,
    0.509074,
    0.50887,
    0.504622,
    0.505702,
    0.503191,
    0.499308,
    0.501109,
    0.4988,
    0.501189,
    0.496412,
    0.497932,
    0.497092,
    0.498634,
    0.499193,
    0.500286,
    0.498764,
    0.499219,
    0.500305,
    0.497794,
    0.494733,
    0.495379,
    0.493035,
    0.494279,
    0.494324
  ],
  "train_cls_loss": [
    2.451838,
    1.789188,
    1.665609,
    1.460501,
    1.482929,
    1.373628,
    1.417784,
    1.342069,
    1.273526,
    1.357409,
    1.158498,
    1.216464,
    1.249798,
    1.145828,
    1.224451,
    1.166716,
    1.189619,
    1.123427,
    1.204054,
    1.112081,
    1.05712,
    1.077439,
    1.128542,
    0.984929,
    0.983058,
    1.06024,
    1.041002,
    1.049262,
    0.960413,
    1.041387,
    0.976397,
    0.982401,
    1.003463,
    0.996773
  ],
  "train_total_loss": [
    2.451838,
    1.789188,
    1.665609,
    1.460501,
    1.482929,
    1.373628,
    1.417784,
    1.342069,
    1.273526,
    1.357409,
    1.158498,
    1.216464,
    1.249798,
    1.145828,
    1.224451,
    1.166716,
    1.189619,
    1.123427,
    1.204054,
    1.112081,
    1.05712,
    1.077439,
    1.128542,
    0.984929,
    0.983058,
    1.06024,
    1.041002,
    1.049262,
    0.960413,
    1.041387,
    0.976397,
    0.982401,
    1.003463,
    0.996773
  ],
  "learning_rates": [
    0.001,
    0.001,
    0.001,
    0.001,
    0.001,
    0.001,
    0.001,
    0.001,
    0.001,
    0.001,
    0.001,
    0.001,
    0.001,
    0.001,
    0.001,
    0.001,
    0.001,
    0.001,
    0.001,
    0.001,
    0.0005,
    0.0005,
    0.0005,
    0.0005,
    0.0005,
    0.0005,
    0.0005,
    0.0005,
    0.0005,
    0.0005,
    0.0005,
    0.0005,
    0.0005,
    0.0005
  ],
  "val_accuracy": [
    61.608671,
    66.514546,
    72.219053,
    74.443811,
    75.356532,
    75.185396,
    77.010839,
    78.836281,
    77.410154,
    78.094695,
    78.49401,
    78.779236,
    78.779236,
    79.749002,
    78.37992,
    79.349686,
    79.863092,
    79.064461,
    80.148317,
    78.950371,
    79.349686,
    79.806047,
    79.463776,
    78.322875,
    78.551055,
    79.349686,
    79.007416,
    79.863092,
    79.235596,
    79.463776,
    79.178551,
    78.893326,
    78.950371,
    79.121506
  ],
  "model_info": {
    "model_class": "BaseClassifier",
    "hidden_size": 128,
    "num_classes": 23,
    "emb_size_audio": 512,
    "emb_size_text": 512,
    "dropout": 0.1,
    "use_batch_norm": true,
    "mode": "both",
    "num_folds": 5,
    "fold_id": 1,
    "batch_size": 64,
    "random_seed": 1821
  }
}