{
  "train_cls_loss": [
    2.35095,
    1.595118,
    1.350034,
    1.226362,
    1.12441,
    1.081156,
    0.972724,
    0.949052,
    0.886659,
    0.865468,
    0.835101,
    0.80907,
    0.763495,
    0.751131,
    0.718707,
    0.707729,
    0.697807,
    0.649512,
    0.638569,
    0.622096,
    0.544459,
    0.508445,
    0.494845,
    0.451251,
    0.440502,
    0.450339,
    0.440156,
    0.424742,
    0.411306,
    0.397487,
    0.385238,
    0.374866,
    0.37771,
    0.357201,
    0.3672,
    0.367942,
    0.349882,
    0.345669,
    0.327607,
    0.332745,
    0.293048,
    0.27152,
    0.265165,
    0.266983,
    0.246127,
    0.247271,
    0.242988,
    0.235617,
    0.23706,
    0.225714,
    0.240485,
    0.227039,
    0.228511,
    0.2146,
    0.213867,
    0.222316,
    0.218404,
    0.21058,
    0.212166,
    0.224977,
    0.196902,
    0.19488,
    0.17704,
    0.194765,
    0.182613,
    0.179755,
    0.184696,
    0.187918,
    0.178865,
    0.178568
  ],
  "train_top_cls_loss": [
    0.735651,
    0.525285,
    0.470743,
    0.443852,
    0.420187,
    0.41356,
    0.379166,
    0.38521,
    0.355165,
    0.352549,
    0.339591,
    0.343253,
    0.316065,
    0.307856,
    0.304717,
    0.299996,
    0.29215,
    0.274776,
    0.263254,
    0.258778,
    0.23219,
    0.207719,
    0.205733,
    0.187859,
    0.182072,
    0.186945,
    0.18641,
    0.177087,
    0.176155,
    0.169488,
    0.155541,
    0.149613,
    0.157124,
    0.15038,
    0.155566,
    0.157051,
    0.150899,
    0.155832,
    0.142364,
    0.141432,
    0.126672,
    0.119764,
    0.114944,
    0.116378,
    0.107054,
    0.111512,
    0.108274,
    0.103614,
    0.106027,
    0.103388,
    0.109948,
    0.100116,
    0.107428,
    0.102982,
    0.098004,
    0.103437,
    0.104109,
    0.096865,
    0.099166,
    0.106618,
    0.097238,
    0.097632,
    0.082133,
    0.090221,
    0.087593,
    0.088875,
    0.087608,
    0.08893,
    0.08614,
    0.083898
  ],
  "train_total_loss": [
    3.086601,
    2.120403,
    1.820777,
    1.670215,
    1.544598,
    1.494717,
    1.35189,
    1.334263,
    1.241824,
    1.218017,
    1.174692,
    1.152323,
    1.07956,
    1.058987,
    1.023424,
    1.007725,
    0.989957,
    0.924287,
    0.901823,
    0.880874,
    0.776649,
    0.716165,
    0.700578,
    0.63911,
    0.622574,
    0.637284,
    0.626566,
    0.601828,
    0.587461,
    0.566975,
    0.540779,
    0.52448,
    0.534835,
    0.507581,
    0.522766,
    0.524993,
    0.50078,
    0.501501,
    0.469971,
    0.474177,
    0.41972,
    0.391284,
    0.38011,
    0.383361,
    0.353181,
    0.358783,
    0.351261,
    0.339231,
    0.343087,
    0.329103,
    0.350433,
    0.327155,
    0.33594,
    0.317582,
    0.311871,
    0.325753,
    0.322513,
    0.307445,
    0.311332,
    0.331596,
    0.29414,
    0.292512,
    0.259173,
    0.284986,
    0.270205,
    0.268631,
    0.272304,
    0.276848,
    0.265006,
    0.262466
  ],
  "learning_rates": [
    0.001,
    0.001,
    0.001,
    0.001,
    0.001,
    0.001,
    0.001,
    0.001,
    0.001,
    0.001,
    0.001,
    0.001,
    0.001,
    0.001,
    0.001,
    0.001,
    0.001,
    0.001,
    0.001,
    0.001,
    0.0005,
    0.0005,
    0.0005,
    0.0005,
    0.0005,
    0.0005,
    0.0005,
    0.0005,
    0.0005,
    0.0005,
    0.0005,
    0.0005,
    0.0005,
    0.0005,
    0.0005,
    0.0005,
    0.0005,
    0.0005,
    0.0005,
    0.0005,
    0.00025,
    0.00025,
    0.00025,
    0.00025,
    0.00025,
    0.00025,
    0.00025,
    0.00025,
    0.00025,
    0.00025,
    0.00025,
    0.00025,
    0.00025,
    0.00025,
    0.00025,
    0.00025,
    0.00025,
    0.00025,
    0.00025,
    0.00025,
    0.000125,
    0.000125,
    0.000125,
    0.000125,
    0.000125,
    0.000125,
    0.000125,
    0.000125,
    0.000125,
    0.000125
  ],
  "val_accuracy": [
    45.804598,
    59.770115,
    66.954023,
    68.333333,
    68.563218,
    72.586207,
    70.977011,
    72.586207,
    74.022989,
    73.965517,
    74.425287,
    74.367816,
    74.367816,
    75.172414,
    76.206897,
    73.678161,
    76.37931,
    76.37931,
    75.632184,
    74.712644,
    75.977011,
    75.747126,
    76.321839,
    76.321839,
    76.494253,
    76.264368,
    76.264368,
    76.896552,
    76.83908,
    75.114943,
    76.091954,
    76.896552,
    75.977011,
    76.321839,
    75.747126,
    76.321839,
    75.45977,
    76.206897,
    75.862069,
    76.494253,
    76.83908,
    77.011494,
    77.126437,
    77.068966,
    77.011494,
    76.666667,
    76.37931,
    76.724138,
    76.034483,
    75.574713,
    76.666667,
    76.149425,
    76.551724,
    76.436782,
    77.183908,
    77.183908,
    75.977011,
    76.666667,
    76.264368,
    75.632184,
    75.862069,
    76.149425,
    76.781609,
    76.83908,
    76.149425,
    76.436782,
    76.954023,
    76.724138,
    76.724138,
    76.83908
  ],
  "model_info": {
    "model_class": "BaseClassifier",
    "hidden_size": 128,
    "num_classes": 23,
    "emb_size_audio": 1280,
    "emb_size_text": 0,
    "dropout": 0.1,
    "use_batch_norm": true,
    "mode": "audio",
    "num_folds": 5,
    "fold_id": 0,
    "batch_size": 64,
    "random_seed": 1821
  }
}