{
  "train_cls_loss": [
    2.287644,
    1.534053,
    1.305244,
    1.176307,
    1.098855,
    1.049883,
    1.002735,
    0.954823,
    0.941522,
    0.917397,
    0.879182,
    0.865961,
    0.838414,
    0.821129,
    0.829324,
    0.804115,
    0.781699,
    0.752949,
    0.743912,
    0.74905,
    0.659726,
    0.649375,
    0.621283,
    0.599029,
    0.601471,
    0.581853,
    0.576028,
    0.56394,
    0.550725,
    0.551556,
    0.544526,
    0.535165,
    0.539262,
    0.522282,
    0.515141,
    0.500201,
    0.499786,
    0.484197
  ],
  "train_total_loss": [
    2.287644,
    1.534053,
    1.305244,
    1.176307,
    1.098855,
    1.049883,
    1.002735,
    0.954823,
    0.941522,
    0.917397,
    0.879182,
    0.865961,
    0.838414,
    0.821129,
    0.829324,
    0.804115,
    0.781699,
    0.752949,
    0.743912,
    0.74905,
    0.659726,
    0.649375,
    0.621283,
    0.599029,
    0.601471,
    0.581853,
    0.576028,
    0.56394,
    0.550725,
    0.551556,
    0.544526,
    0.535165,
    0.539262,
    0.522282,
    0.515141,
    0.500201,
    0.499786,
    0.484197
  ],
  "learning_rates": [
    0.001,
    0.001,
    0.001,
    0.001,
    0.001,
    0.001,
    0.001,
    0.001,
    0.001,
    0.001,
    0.001,
    0.001,
    0.001,
    0.001,
    0.001,
    0.001,
    0.001,
    0.001,
    0.001,
    0.001,
    0.0005,
    0.0005,
    0.0005,
    0.0005,
    0.0005,
    0.0005,
    0.0005,
    0.0005,
    0.0005,
    0.0005,
    0.0005,
    0.0005,
    0.0005,
    0.0005,
    0.0005,
    0.0005,
    0.0005,
    0.0005
  ],
  "val_accuracy": [
    57.397812,
    65.860679,
    70.35118,
    72.020725,
    73.402418,
    73.978123,
    73.805412,
    74.668969,
    74.093264,
    75.762809,
    73.747841,
    75.87795,
    75.417386,
    76.741508,
    76.050662,
    75.474957,
    76.741508,
    76.223374,
    76.165803,
    75.82038,
    76.799079,
    77.489925,
    77.547496,
    77.086931,
    76.626367,
    76.741508,
    77.144502,
    76.568797,
    77.202073,
    76.396085,
    77.317214,
    76.511226,
    76.050662,
    75.532527,
    74.899252,
    76.165803,
    75.993092,
    75.82038
  ],
  "model_info": {
    "model_class": "BaseClassifier",
    "hidden_size": 128,
    "num_classes": 23,
    "emb_size_audio": 512,
    "emb_size_text": 0,
    "dropout": 0.1,
    "use_batch_norm": true,
    "mode": "audio",
    "num_folds": 5,
    "fold_id": 3,
    "batch_size": 64,
    "random_seed": 1821
  }
}