{
  "attention_audio": [
    0.487662,
    0.485682,
    0.488318,
    0.486716,
    0.492174,
    0.496855,
    0.499173,
    0.498838,
    0.501128,
    0.497518,
    0.49557,
    0.498358,
    0.501571,
    0.496735,
    0.499895,
    0.503471,
    0.50454,
    0.502738,
    0.500682,
    0.500132,
    0.504108,
    0.503166,
    0.506479,
    0.506432,
    0.508212,
    0.508429,
    0.503224,
    0.504872,
    0.507767,
    0.5108,
    0.510685
  ],
  "attention_text": [
    0.512338,
    0.514318,
    0.511682,
    0.513283,
    0.507826,
    0.503145,
    0.500827,
    0.501162,
    0.498872,
    0.502482,
    0.50443,
    0.501642,
    0.498429,
    0.503265,
    0.500105,
    0.496529,
    0.49546,
    0.497262,
    0.499318,
    0.499868,
    0.495892,
    0.496834,
    0.493521,
    0.493568,
    0.491788,
    0.491571,
    0.496776,
    0.495128,
    0.492233,
    0.4892,
    0.489315
  ],
  "train_cls_loss": [
    2.507509,
    1.822596,
    1.71849,
    1.64996,
    1.609629,
    1.517012,
    1.547743,
    1.51578,
    1.468083,
    1.487272,
    1.4582,
    1.502216,
    1.486191,
    1.476808,
    1.411624,
    1.361312,
    1.385598,
    1.435422,
    1.365352,
    1.400258,
    1.336743,
    1.274778,
    1.26878,
    1.283185,
    1.28144,
    1.280704,
    1.331655,
    1.327352,
    1.254593,
    1.176921,
    1.295459
  ],
  "train_total_loss": [
    2.507509,
    1.822596,
    1.71849,
    1.64996,
    1.609629,
    1.517012,
    1.547743,
    1.51578,
    1.468083,
    1.487272,
    1.4582,
    1.502216,
    1.486191,
    1.476808,
    1.411624,
    1.361312,
    1.385598,
    1.435422,
    1.365352,
    1.400258,
    1.336743,
    1.274778,
    1.26878,
    1.283185,
    1.28144,
    1.280704,
    1.331655,
    1.327352,
    1.254593,
    1.176921,
    1.295459
  ],
  "learning_rates": [
    0.001,
    0.001,
    0.001,
    0.001,
    0.001,
    0.001,
    0.001,
    0.001,
    0.001,
    0.001,
    0.001,
    0.001,
    0.001,
    0.001,
    0.001,
    0.001,
    0.001,
    0.001,
    0.001,
    0.001,
    0.0005,
    0.0005,
    0.0005,
    0.0005,
    0.0005,
    0.0005,
    0.0005,
    0.0005,
    0.0005,
    0.0005,
    0.0005
  ],
  "val_accuracy": [
    61.608671,
    72.219053,
    72.846549,
    74.786081,
    75.926982,
    76.839703,
    76.098118,
    76.896748,
    77.92356,
    77.695379,
    78.722191,
    78.779236,
    79.406731,
    79.178551,
    79.520821,
    80.604678,
    80.433542,
    79.749002,
    79.007416,
    79.577867,
    79.920137,
    80.490588,
    79.863092,
    80.433542,
    80.205362,
    80.205362,
    80.034227,
    80.034227,
    79.863092,
    80.547633,
    79.577867
  ],
  "model_info": {
    "model_class": "BaseClassifier",
    "hidden_size": 128,
    "num_classes": 23,
    "emb_size_audio": 512,
    "emb_size_text": 512,
    "dropout": 0.1,
    "use_batch_norm": true,
    "mode": "both",
    "num_folds": 5,
    "fold_id": 0,
    "batch_size": 64,
    "random_seed": 1821
  }
}