{
  "attention_audio": [
    0.34641,
    0.359392,
    0.356967,
    0.352536,
    0.358287,
    0.358192,
    0.359919,
    0.356702,
    0.357907,
    0.362522,
    0.360874,
    0.363397,
    0.366441,
    0.364331,
    0.371821,
    0.367838,
    0.366886,
    0.369731,
    0.364973,
    0.372835,
    0.368181,
    0.371114,
    0.37044,
    0.370946,
    0.370383,
    0.374358,
    0.377332,
    0.376689,
    0.378722,
    0.375408,
    0.374771,
    0.376164,
    0.376902,
    0.3763,
    0.375453,
    0.376943,
    0.378288,
    0.375722,
    0.376964,
    0.375454,
    0.378098
  ],
  "attention_text": [
    0.328677,
    0.342481,
    0.347378,
    0.356833,
    0.358012,
    0.355775,
    0.358722,
    0.362089,
    0.364306,
    0.362706,
    0.366938,
    0.365142,
    0.363598,
    0.367763,
    0.364625,
    0.365298,
    0.368671,
    0.364467,
    0.370456,
    0.361786,
    0.367414,
    0.367736,
    0.366192,
    0.366133,
    0.367521,
    0.364789,
    0.365489,
    0.36682,
    0.364175,
    0.366137,
    0.368966,
    0.367111,
    0.366529,
    0.368683,
    0.368127,
    0.367155,
    0.367505,
    0.370833,
    0.369766,
    0.372105,
    0.369923
  ],
  "train_cls_loss": [
    2.425292,
    1.698303,
    1.54441,
    1.415733,
    1.396413,
    1.378696,
    1.239044,
    1.225204,
    1.129359,
    1.19381,
    1.149731,
    1.065286,
    1.143558,
    1.084168,
    1.036753,
    1.119031,
    1.101944,
    1.017736,
    1.048131,
    0.951911,
    0.996965,
    0.93104,
    0.919034,
    0.908389,
    0.870907,
    0.924498,
    0.845174,
    0.863031,
    0.896216,
    0.840543,
    0.879893,
    0.88479,
    0.890742,
    0.817064,
    0.874886,
    0.811991,
    0.814819,
    0.782907,
    0.825945,
    0.813453,
    0.727479
  ],
  "train_total_loss": [
    2.425292,
    1.698303,
    1.54441,
    1.415733,
    1.396413,
    1.378696,
    1.239044,
    1.225204,
    1.129359,
    1.19381,
    1.149731,
    1.065286,
    1.143558,
    1.084168,
    1.036753,
    1.119031,
    1.101944,
    1.017736,
    1.048131,
    0.951911,
    0.996965,
    0.93104,
    0.919034,
    0.908389,
    0.870907,
    0.924498,
    0.845174,
    0.863031,
    0.896216,
    0.840543,
    0.879893,
    0.88479,
    0.890742,
    0.817064,
    0.874886,
    0.811991,
    0.814819,
    0.782907,
    0.825945,
    0.813453,
    0.727479
  ],
  "learning_rates": [
    0.001,
    0.001,
    0.001,
    0.001,
    0.001,
    0.001,
    0.001,
    0.001,
    0.001,
    0.001,
    0.001,
    0.001,
    0.001,
    0.001,
    0.001,
    0.001,
    0.001,
    0.001,
    0.001,
    0.001,
    0.0005,
    0.0005,
    0.0005,
    0.0005,
    0.0005,
    0.0005,
    0.0005,
    0.0005,
    0.0005,
    0.0005,
    0.0005,
    0.0005,
    0.0005,
    0.0005,
    0.0005,
    0.0005,
    0.0005,
    0.0005,
    0.0005,
    0.0005,
    0.00025
  ],
  "val_accuracy": [
    66.913862,
    70.507701,
    74.10154,
    76.155163,
    76.554478,
    77.467199,
    77.980605,
    79.292641,
    77.239019,
    79.235596,
    79.520821,
    77.866515,
    78.950371,
    79.863092,
    79.292641,
    79.577867,
    79.520821,
    79.349686,
    78.893326,
    80.547633,
    81.061038,
    80.946948,
    80.376497,
    80.889903,
    80.319452,
    81.118083,
    79.749002,
    80.091272,
    80.547633,
    78.37992,
    79.749002,
    79.977182,
    80.262407,
    79.634912,
    79.977182,
    79.178551,
    79.863092,
    79.007416,
    79.691957,
    79.977182,
    80.490588
  ],
  "model_info": {
    "model_class": "BaseClassifier",
    "hidden_size": 128,
    "num_classes": 23,
    "emb_size_audio": 512,
    "emb_size_text": 512,
    "dropout": 0.1,
    "use_batch_norm": true,
    "mode": "both",
    "num_folds": 5,
    "fold_id": 4,
    "batch_size": 64,
    "random_seed": 1821
  }
}