{
  "train_cls_loss": [
    2.403513,
    1.54885,
    1.298652,
    1.21304,
    1.118073,
    1.056405,
    1.017366,
    1.017293,
    0.951067,
    0.929808,
    0.898827,
    0.877888,
    0.844873,
    0.835527,
    0.833354,
    0.78463,
    0.772033,
    0.754439,
    0.74708,
    0.744284,
    0.658564,
    0.619984,
    0.60669,
    0.617236,
    0.59302,
    0.577015,
    0.588271,
    0.566026,
    0.562609,
    0.541163,
    0.548786,
    0.524112,
    0.51823,
    0.52905,
    0.512698,
    0.511632
  ],
  "train_top_cls_loss": [
    0.899145,
    0.612831,
    0.5615,
    0.530016,
    0.502535,
    0.47293,
    0.460203,
    0.472966,
    0.432083,
    0.432916,
    0.422341,
    0.403867,
    0.389415,
    0.392947,
    0.39552,
    0.36967,
    0.363162,
    0.346621,
    0.350427,
    0.33889,
    0.313756,
    0.300037,
    0.293062,
    0.285764,
    0.275652,
    0.276806,
    0.27565,
    0.269471,
    0.271869,
    0.264163,
    0.261803,
    0.252975,
    0.247656,
    0.245185,
    0.241084,
    0.246031
  ],
  "train_total_loss": [
    2.673257,
    1.7327,
    1.467102,
    1.372045,
    1.268833,
    1.198284,
    1.155427,
    1.159183,
    1.080691,
    1.059683,
    1.025529,
    0.999049,
    0.961698,
    0.953411,
    0.95201,
    0.895531,
    0.880981,
    0.858425,
    0.852208,
    0.845951,
    0.752691,
    0.709996,
    0.694609,
    0.702965,
    0.675716,
    0.660057,
    0.670966,
    0.646868,
    0.64417,
    0.620412,
    0.627327,
    0.600004,
    0.592527,
    0.602606,
    0.585023,
    0.585442
  ],
  "learning_rates": [
    0.001,
    0.001,
    0.001,
    0.001,
    0.001,
    0.001,
    0.001,
    0.001,
    0.001,
    0.001,
    0.001,
    0.001,
    0.001,
    0.001,
    0.001,
    0.001,
    0.001,
    0.001,
    0.001,
    0.001,
    0.0005,
    0.0005,
    0.0005,
    0.0005,
    0.0005,
    0.0005,
    0.0005,
    0.0005,
    0.0005,
    0.0005,
    0.0005,
    0.0005,
    0.0005,
    0.0005,
    0.0005,
    0.0005
  ],
  "val_accuracy": [
    59.326868,
    64.517969,
    69.766115,
    72.846549,
    73.588135,
    74.272675,
    74.10154,
    73.416999,
    74.386766,
    75.926982,
    75.242442,
    75.470622,
    75.242442,
    74.10154,
    74.900171,
    75.413577,
    76.383343,
    75.527667,
    75.527667,
    76.611523,
    78.03765,
    77.124929,
    77.181974,
    77.467199,
    76.383343,
    76.839703,
    76.554478,
    76.896748,
    75.698802,
    76.041072,
    77.124929,
    76.839703,
    75.356532,
    76.440388,
    75.413577,
    76.041072
  ],
  "model_info": {
    "model_class": "BaseClassifier",
    "hidden_size": 128,
    "num_classes": 23,
    "emb_size_audio": 512,
    "emb_size_text": 0,
    "dropout": 0.1,
    "use_batch_norm": true,
    "mode": "audio",
    "num_folds": 5,
    "fold_id": 1,
    "batch_size": 64,
    "random_seed": 1821
  }
}