{
  "train_cls_loss": [
    2.382394,
    1.899797,
    1.74865,
    1.711736,
    1.694681,
    1.569063,
    1.561153,
    1.541563,
    1.475928,
    1.420767,
    1.458486,
    1.430328,
    1.362279,
    1.40695,
    1.316856,
    1.381256,
    1.329835,
    1.329644,
    1.317904,
    1.362424,
    1.256524,
    1.237869,
    1.150883,
    1.127268,
    1.136125,
    1.186102,
    1.168417,
    1.078484,
    1.100707,
    1.176429,
    1.106081,
    1.093582,
    1.111659,
    1.046999,
    1.157528,
    1.000422,
    1.065492,
    1.005233,
    1.065488,
    1.029017,
    1.012211,
    0.934958,
    0.966409,
    0.991139,
    1.022386,
    0.974497,
    0.951393,
    0.966017,
    0.916792,
    1.000995
  ],
  "train_total_loss": [
    2.382394,
    1.899797,
    1.74865,
    1.711736,
    1.694681,
    1.569063,
    1.561153,
    1.541563,
    1.475928,
    1.420767,
    1.458486,
    1.430328,
    1.362279,
    1.40695,
    1.316856,
    1.381256,
    1.329835,
    1.329644,
    1.317904,
    1.362424,
    1.256524,
    1.237869,
    1.150883,
    1.127268,
    1.136125,
    1.186102,
    1.168417,
    1.078484,
    1.100707,
    1.176429,
    1.106081,
    1.093582,
    1.111659,
    1.046999,
    1.157528,
    1.000422,
    1.065492,
    1.005233,
    1.065488,
    1.029017,
    1.012211,
    0.934958,
    0.966409,
    0.991139,
    1.022386,
    0.974497,
    0.951393,
    0.966017,
    0.916792,
    1.000995
  ],
  "learning_rates": [
    0.001,
    0.001,
    0.001,
    0.001,
    0.001,
    0.001,
    0.001,
    0.001,
    0.001,
    0.001,
    0.001,
    0.001,
    0.001,
    0.001,
    0.001,
    0.001,
    0.001,
    0.001,
    0.001,
    0.001,
    0.0005,
    0.0005,
    0.0005,
    0.0005,
    0.0005,
    0.0005,
    0.0005,
    0.0005,
    0.0005,
    0.0005,
    0.0005,
    0.0005,
    0.0005,
    0.0005,
    0.0005,
    0.0005,
    0.0005,
    0.0005,
    0.0005,
    0.0005,
    0.00025,
    0.00025,
    0.00025,
    0.00025,
    0.00025,
    0.00025,
    0.00025,
    0.00025,
    0.00025,
    0.00025
  ],
  "val_accuracy": [
    55.390759,
    62.122076,
    66.685682,
    68.397034,
    70.678836,
    69.25271,
    69.423845,
    69.82316,
    72.504278,
    70.735881,
    71.819738,
    73.302909,
    71.705647,
    72.333143,
    72.333143,
    72.618369,
    71.876783,
    71.192242,
    71.135197,
    73.131774,
    73.416999,
    72.333143,
    71.762693,
    73.64518,
    73.245864,
    73.416999,
    73.245864,
    72.675414,
    72.276098,
    72.732459,
    72.960639,
    73.302909,
    72.618369,
    73.017684,
    73.87336,
    73.188819,
    73.131774,
    72.903594,
    72.447233,
    72.732459,
    73.017684,
    73.359954,
    72.789504,
    73.302909,
    73.416999,
    73.302909,
    73.359954,
    73.245864,
    72.732459,
    72.732459
  ],
  "model_info": {
    "model_class": "BaseClassifier",
    "hidden_size": 128,
    "num_classes": 23,
    "emb_size_audio": 512,
    "emb_size_text": 0,
    "dropout": 0.1,
    "use_batch_norm": true,
    "mode": "audio",
    "num_folds": 5,
    "fold_id": 0,
    "batch_size": 64,
    "random_seed": 1821
  }
}