{
  "attention_audio": [
    0.510747,
    0.505425,
    0.507175,
    0.508442,
    0.506545,
    0.506564,
    0.509277,
    0.508028,
    0.506796,
    0.508317,
    0.508388,
    0.506891,
    0.504332,
    0.507185,
    0.506132,
    0.506899,
    0.508821,
    0.506726,
    0.509152,
    0.514161,
    0.514548,
    0.512875,
    0.516054,
    0.511917,
    0.510812,
    0.51139,
    0.511359,
    0.512104,
    0.515473,
    0.512433,
    0.513295,
    0.513334,
    0.513506,
    0.514134,
    0.514508,
    0.517098,
    0.516771,
    0.514877,
    0.517208
  ],
  "attention_text": [
    0.489253,
    0.494575,
    0.492825,
    0.491558,
    0.493455,
    0.493436,
    0.490723,
    0.491972,
    0.493204,
    0.491683,
    0.491612,
    0.493109,
    0.495668,
    0.492815,
    0.493868,
    0.493101,
    0.491179,
    0.493274,
    0.490848,
    0.485839,
    0.485452,
    0.487125,
    0.483946,
    0.488083,
    0.489188,
    0.48861,
    0.488641,
    0.487896,
    0.484527,
    0.487567,
    0.486705,
    0.486666,
    0.486494,
    0.485866,
    0.485492,
    0.482902,
    0.483229,
    0.485123,
    0.482792
  ],
  "train_cls_loss": [
    2.210926,
    1.302211,
    1.073505,
    0.999804,
    0.912972,
    0.84493,
    0.787406,
    0.737741,
    0.745318,
    0.68742,
    0.671665,
    0.654854,
    0.61525,
    0.605353,
    0.587876,
    0.577652,
    0.571794,
    0.559538,
    0.548272,
    0.530259,
    0.426238,
    0.422,
    0.401201,
    0.39452,
    0.391828,
    0.371187,
    0.369737,
    0.35356,
    0.348174,
    0.361684,
    0.345122,
    0.338122,
    0.332552,
    0.327611,
    0.319153,
    0.322044,
    0.285861,
    0.285997,
    0.28766
  ],
  "train_contrastive_loss": [
    3.899903,
    3.723976,
    3.682309,
    3.653414,
    3.622463,
    3.590621,
    3.576846,
    3.552168,
    3.538617,
    3.508756,
    3.501513,
    3.494552,
    3.480045,
    3.468116,
    3.458351,
    3.454203,
    3.452615,
    3.437156,
    3.424347,
    3.411275,
    3.384906,
    3.3812,
    3.378653,
    3.363418,
    3.362485,
    3.354918,
    3.353279,
    3.350556,
    3.339113,
    3.332302,
    3.33052,
    3.326075,
    3.325723,
    3.313934,
    3.314017,
    3.309263,
    3.294338,
    3.292584,
    3.298869
  ],
  "train_total_loss": [
    2.990907,
    2.047007,
    1.809967,
    1.730487,
    1.637464,
    1.563054,
    1.502775,
    1.448174,
    1.453042,
    1.389171,
    1.371968,
    1.353764,
    1.311259,
    1.298977,
    1.279546,
    1.268493,
    1.262317,
    1.246969,
    1.233141,
    1.212514,
    1.103219,
    1.09824,
    1.076931,
    1.067204,
    1.064325,
    1.042171,
    1.040393,
    1.023671,
    1.015996,
    1.028144,
    1.011226,
    1.003337,
    0.997696,
    0.990398,
    0.981956,
    0.983897,
    0.944729,
    0.944514,
    0.947434
  ],
  "learning_rates": [
    0.001,
    0.001,
    0.001,
    0.001,
    0.001,
    0.001,
    0.001,
    0.001,
    0.001,
    0.001,
    0.001,
    0.001,
    0.001,
    0.001,
    0.001,
    0.001,
    0.001,
    0.001,
    0.001,
    0.001,
    0.0005,
    0.0005,
    0.0005,
    0.0005,
    0.0005,
    0.0005,
    0.0005,
    0.0005,
    0.0005,
    0.0005,
    0.0005,
    0.0005,
    0.0005,
    0.0005,
    0.0005,
    0.0005,
    0.0005,
    0.0005,
    0.0005
  ],
  "val_accuracy": [
    58.185967,
    70.450656,
    70.907017,
    74.21563,
    74.729036,
    76.155163,
    78.551055,
    75.926982,
    76.269253,
    77.581289,
    78.094695,
    76.212208,
    78.6081,
    77.92356,
    78.893326,
    77.980605,
    77.124929,
    77.638334,
    78.15174,
    78.26583,
    78.779236,
    77.980605,
    76.953793,
    79.235596,
    78.893326,
    77.695379,
    78.15174,
    78.15174,
    78.322875,
    78.03765,
    79.121506,
    79.178551,
    77.467199,
    79.121506,
    77.353109,
    77.980605,
    78.15174,
    78.893326,
    79.121506
  ],
  "model_info": {
    "model_class": "BaseClassifier",
    "hidden_size": 128,
    "num_classes": 23,
    "emb_size_audio": 512,
    "emb_size_text": 512,
    "dropout": 0.1,
    "use_batch_norm": true,
    "mode": "both",
    "num_folds": 5,
    "fold_id": 1,
    "batch_size": 64,
    "random_seed": 1821
  }
}