{
  "train_cls_loss": [
    2.393259,
    1.50629,
    1.298718,
    1.198787,
    1.095432,
    1.068124,
    0.997986,
    0.957467,
    0.936481,
    0.902527,
    0.891513,
    0.875745,
    0.835851,
    0.809762,
    0.788645,
    0.802655,
    0.763256,
    0.737077,
    0.747005,
    0.721727,
    0.674429,
    0.621178,
    0.604423,
    0.590735,
    0.575856,
    0.583531,
    0.558606,
    0.553833,
    0.549492,
    0.536664,
    0.530765,
    0.528652,
    0.51084,
    0.506584,
    0.491498,
    0.488219,
    0.50462,
    0.477388,
    0.480228,
    0.460618
  ],
  "train_top_cls_loss": [
    0.992431,
    0.592342,
    0.533361,
    0.513901,
    0.473359,
    0.474344,
    0.450711,
    0.430631,
    0.421066,
    0.41694,
    0.405905,
    0.398851,
    0.38529,
    0.378818,
    0.36192,
    0.370745,
    0.34701,
    0.33784,
    0.357259,
    0.339097,
    0.312281,
    0.295884,
    0.28816,
    0.285504,
    0.274014,
    0.272553,
    0.259911,
    0.258608,
    0.267899,
    0.260596,
    0.246114,
    0.24691,
    0.242646,
    0.241072,
    0.23776,
    0.234752,
    0.244571,
    0.228398,
    0.233208,
    0.213784
  ],
  "train_total_loss": [
    2.690988,
    1.683993,
    1.458726,
    1.352957,
    1.23744,
    1.210427,
    1.133199,
    1.086656,
    1.062801,
    1.027609,
    1.013284,
    0.9954,
    0.951438,
    0.923407,
    0.897221,
    0.913878,
    0.867359,
    0.838429,
    0.854183,
    0.823456,
    0.768113,
    0.709944,
    0.690871,
    0.676386,
    0.65806,
    0.665297,
    0.636579,
    0.631415,
    0.629862,
    0.614843,
    0.604599,
    0.602725,
    0.583634,
    0.578906,
    0.562826,
    0.558644,
    0.577991,
    0.545907,
    0.55019,
    0.524753
  ],
  "learning_rates": [
    0.001,
    0.001,
    0.001,
    0.001,
    0.001,
    0.001,
    0.001,
    0.001,
    0.001,
    0.001,
    0.001,
    0.001,
    0.001,
    0.001,
    0.001,
    0.001,
    0.001,
    0.001,
    0.001,
    0.001,
    0.0005,
    0.0005,
    0.0005,
    0.0005,
    0.0005,
    0.0005,
    0.0005,
    0.0005,
    0.0005,
    0.0005,
    0.0005,
    0.0005,
    0.0005,
    0.0005,
    0.0005,
    0.0005,
    0.0005,
    0.0005,
    0.0005,
    0.0005
  ],
  "val_accuracy": [
    54.306902,
    65.887051,
    65.601825,
    72.561323,
    73.302909,
    74.786081,
    74.272675,
    75.242442,
    74.614946,
    75.869937,
    72.732459,
    75.527667,
    76.155163,
    76.326298,
    76.497433,
    75.812892,
    75.926982,
    74.614946,
    76.839703,
    76.953793,
    76.725613,
    76.383343,
    77.410154,
    76.725613,
    77.467199,
    75.698802,
    76.212208,
    76.554478,
    75.128351,
    75.356532,
    76.611523,
    75.698802,
    75.185396,
    75.869937,
    75.926982,
    75.869937,
    76.440388,
    75.527667,
    75.413577,
    75.698802
  ],
  "model_info": {
    "model_class": "BaseClassifier",
    "hidden_size": 128,
    "num_classes": 23,
    "emb_size_audio": 512,
    "emb_size_text": 0,
    "dropout": 0.1,
    "use_batch_norm": true,
    "mode": "audio",
    "num_folds": 5,
    "fold_id": 0,
    "batch_size": 64,
    "random_seed": 1821
  }
}