{
  "train_cls_loss": [
    2.237342,
    1.460274,
    1.224456,
    1.081936,
    1.035913,
    0.97169,
    0.927904,
    0.876067,
    0.846963,
    0.810126,
    0.75547,
    0.756533,
    0.723381,
    0.69659,
    0.677961,
    0.632606,
    0.622346,
    0.588142,
    0.576169,
    0.562383,
    0.488457,
    0.451347,
    0.438983,
    0.407308,
    0.400046,
    0.392787,
    0.384555,
    0.375398,
    0.378867,
    0.36378,
    0.344628,
    0.35042,
    0.325338,
    0.327502,
    0.323388,
    0.307313,
    0.320558,
    0.293061,
    0.290882,
    0.285537,
    0.248883,
    0.220159,
    0.229551,
    0.23712,
    0.222665,
    0.223978,
    0.219532,
    0.218477,
    0.206915,
    0.213306
  ],
  "train_total_loss": [
    2.237342,
    1.460274,
    1.224456,
    1.081936,
    1.035913,
    0.97169,
    0.927904,
    0.876067,
    0.846963,
    0.810126,
    0.75547,
    0.756533,
    0.723381,
    0.69659,
    0.677961,
    0.632606,
    0.622346,
    0.588142,
    0.576169,
    0.562383,
    0.488457,
    0.451347,
    0.438983,
    0.407308,
    0.400046,
    0.392787,
    0.384555,
    0.375398,
    0.378867,
    0.36378,
    0.344628,
    0.35042,
    0.325338,
    0.327502,
    0.323388,
    0.307313,
    0.320558,
    0.293061,
    0.290882,
    0.285537,
    0.248883,
    0.220159,
    0.229551,
    0.23712,
    0.222665,
    0.223978,
    0.219532,
    0.218477,
    0.206915,
    0.213306
  ],
  "learning_rates": [
    0.001,
    0.001,
    0.001,
    0.001,
    0.001,
    0.001,
    0.001,
    0.001,
    0.001,
    0.001,
    0.001,
    0.001,
    0.001,
    0.001,
    0.001,
    0.001,
    0.001,
    0.001,
    0.001,
    0.001,
    0.0005,
    0.0005,
    0.0005,
    0.0005,
    0.0005,
    0.0005,
    0.0005,
    0.0005,
    0.0005,
    0.0005,
    0.0005,
    0.0005,
    0.0005,
    0.0005,
    0.0005,
    0.0005,
    0.0005,
    0.0005,
    0.0005,
    0.0005,
    0.00025,
    0.00025,
    0.00025,
    0.00025,
    0.00025,
    0.00025,
    0.00025,
    0.00025,
    0.00025,
    0.00025
  ],
  "val_accuracy": [
    56.666667,
    69.022989,
    70.172414,
    75.172414,
    74.252874,
    74.367816,
    73.62069,
    76.551724,
    76.321839,
    77.183908,
    76.666667,
    77.873563,
    77.183908,
    78.275862,
    77.643678,
    77.298851,
    78.563218,
    77.586207,
    77.298851,
    77.643678,
    78.62069,
    77.643678,
    78.62069,
    77.643678,
    77.413793,
    77.586207,
    78.103448,
    78.62069,
    77.471264,
    76.666667,
    77.586207,
    78.103448,
    77.528736,
    77.011494,
    79.022989,
    77.241379,
    77.356322,
    77.816092,
    77.816092,
    77.873563,
    78.62069,
    78.908046,
    78.045977,
    78.16092,
    78.448276,
    78.275862,
    78.103448,
    77.586207,
    78.505747,
    78.16092
  ],
  "model_info": {
    "model_class": "BaseClassifier",
    "hidden_size": 128,
    "num_classes": 23,
    "emb_size_audio": 1280,
    "emb_size_text": 0,
    "dropout": 0.1,
    "use_batch_norm": true,
    "mode": "audio",
    "num_folds": 5,
    "fold_id": 2,
    "batch_size": 64,
    "random_seed": 1821
  }
}