{
  "train_cls_loss": [
    2.344941,
    1.442649,
    1.232542,
    1.101132,
    1.030985,
    0.989752,
    0.953142,
    0.910098,
    0.882769,
    0.840852,
    0.812065,
    0.817678,
    0.790792,
    0.747084,
    0.737569,
    0.7277,
    0.717767,
    0.683655,
    0.673378,
    0.67755,
    0.581703,
    0.584633,
    0.574907,
    0.539141,
    0.521999,
    0.533617,
    0.51664,
    0.509205,
    0.503655,
    0.502589,
    0.479915,
    0.487891,
    0.470379,
    0.488991,
    0.461256,
    0.450063
  ],
  "train_total_loss": [
    2.344941,
    1.442649,
    1.232542,
    1.101132,
    1.030985,
    0.989752,
    0.953142,
    0.910098,
    0.882769,
    0.840852,
    0.812065,
    0.817678,
    0.790792,
    0.747084,
    0.737569,
    0.7277,
    0.717767,
    0.683655,
    0.673378,
    0.67755,
    0.581703,
    0.584633,
    0.574907,
    0.539141,
    0.521999,
    0.533617,
    0.51664,
    0.509205,
    0.503655,
    0.502589,
    0.479915,
    0.487891,
    0.470379,
    0.488991,
    0.461256,
    0.450063
  ],
  "learning_rates": [
    0.001,
    0.001,
    0.001,
    0.001,
    0.001,
    0.001,
    0.001,
    0.001,
    0.001,
    0.001,
    0.001,
    0.001,
    0.001,
    0.001,
    0.001,
    0.001,
    0.001,
    0.001,
    0.001,
    0.001,
    0.0005,
    0.0005,
    0.0005,
    0.0005,
    0.0005,
    0.0005,
    0.0005,
    0.0005,
    0.0005,
    0.0005,
    0.0005,
    0.0005,
    0.0005,
    0.0005,
    0.0005,
    0.0005
  ],
  "val_accuracy": [
    57.800983,
    69.471744,
    72.174447,
    74.692875,
    75.982801,
    76.719902,
    76.412776,
    78.685504,
    78.071253,
    77.457002,
    76.535627,
    77.764128,
    78.624079,
    78.255528,
    79.299754,
    79.361179,
    79.361179,
    78.685504,
    77.272727,
    78.316953,
    80.958231,
    80.036855,
    79.791155,
    79.176904,
    79.422604,
    79.238329,
    79.176904,
    79.484029,
    78.562654,
    79.60688,
    78.685504,
    78.439803,
    79.176904,
    78.746929,
    78.439803,
    79.054054
  ],
  "model_info": {
    "model_class": "BaseClassifier",
    "hidden_size": 128,
    "num_classes": 23,
    "emb_size_audio": 512,
    "emb_size_text": 0,
    "dropout": 0.1,
    "use_batch_norm": true,
    "mode": "audio",
    "num_folds": 5,
    "fold_id": 2,
    "batch_size": 64,
    "random_seed": 1821
  }
}