{
  "attention_audio": [
    0.504604,
    0.504106,
    0.504547,
    0.502708,
    0.503862,
    0.500359,
    0.501004,
    0.503304,
    0.504318,
    0.502228,
    0.497878,
    0.500831,
    0.501986,
    0.505204,
    0.507671,
    0.507684,
    0.503675,
    0.505427,
    0.508514,
    0.507386,
    0.509992,
    0.510947,
    0.51042,
    0.50985,
    0.508833,
    0.507608,
    0.511814,
    0.512211,
    0.51151,
    0.51258,
    0.51427,
    0.513879,
    0.513104,
    0.511932,
    0.512099,
    0.510716,
    0.51403,
    0.514812,
    0.515986,
    0.515283,
    0.517431,
    0.517382,
    0.51792,
    0.51792,
    0.518681,
    0.51867,
    0.518679,
    0.519173,
    0.517165,
    0.517797,
    0.518215
  ],
  "attention_text": [
    0.495396,
    0.495894,
    0.495453,
    0.497292,
    0.496138,
    0.499641,
    0.498996,
    0.496696,
    0.495682,
    0.497772,
    0.502122,
    0.499169,
    0.498014,
    0.494796,
    0.492329,
    0.492316,
    0.496325,
    0.494573,
    0.491486,
    0.492614,
    0.490008,
    0.489053,
    0.48958,
    0.49015,
    0.491167,
    0.492392,
    0.488186,
    0.487789,
    0.48849,
    0.48742,
    0.48573,
    0.486121,
    0.486896,
    0.488068,
    0.487901,
    0.489284,
    0.48597,
    0.485188,
    0.484014,
    0.484717,
    0.482569,
    0.482618,
    0.482081,
    0.48208,
    0.481319,
    0.48133,
    0.481321,
    0.480827,
    0.482835,
    0.482203,
    0.481785
  ],
  "train_cls_loss": [
    2.086107,
    1.245894,
    1.05436,
    0.935912,
    0.857818,
    0.805818,
    0.76151,
    0.766478,
    0.71142,
    0.701575,
    0.667707,
    0.65391,
    0.652813,
    0.624685,
    0.610741,
    0.591279,
    0.595568,
    0.580734,
    0.555289,
    0.537103,
    0.472238,
    0.451027,
    0.439247,
    0.419541,
    0.429516,
    0.416751,
    0.417053,
    0.399365,
    0.389069,
    0.397899,
    0.385511,
    0.368686,
    0.368048,
    0.361261,
    0.368002,
    0.347538,
    0.339479,
    0.331593,
    0.32815,
    0.321617,
    0.293556,
    0.284789,
    0.258187,
    0.257316,
    0.266685,
    0.253983,
    0.2526,
    0.246273,
    0.242914,
    0.240829,
    0.242336
  ],
  "train_total_loss": [
    2.086107,
    1.245894,
    1.05436,
    0.935912,
    0.857818,
    0.805818,
    0.76151,
    0.766478,
    0.71142,
    0.701575,
    0.667707,
    0.65391,
    0.652813,
    0.624685,
    0.610741,
    0.591279,
    0.595568,
    0.580734,
    0.555289,
    0.537103,
    0.472238,
    0.451027,
    0.439247,
    0.419541,
    0.429516,
    0.416751,
    0.417053,
    0.399365,
    0.389069,
    0.397899,
    0.385511,
    0.368686,
    0.368048,
    0.361261,
    0.368002,
    0.347538,
    0.339479,
    0.331593,
    0.32815,
    0.321617,
    0.293556,
    0.284789,
    0.258187,
    0.257316,
    0.266685,
    0.253983,
    0.2526,
    0.246273,
    0.242914,
    0.240829,
    0.242336
  ],
  "learning_rates": [
    0.001,
    0.001,
    0.001,
    0.001,
    0.001,
    0.001,
    0.001,
    0.001,
    0.001,
    0.001,
    0.001,
    0.001,
    0.001,
    0.001,
    0.001,
    0.001,
    0.001,
    0.001,
    0.001,
    0.001,
    0.0005,
    0.0005,
    0.0005,
    0.0005,
    0.0005,
    0.0005,
    0.0005,
    0.0005,
    0.0005,
    0.0005,
    0.0005,
    0.0005,
    0.0005,
    0.0005,
    0.0005,
    0.0005,
    0.0005,
    0.0005,
    0.0005,
    0.0005,
    0.00025,
    0.00025,
    0.00025,
    0.00025,
    0.00025,
    0.00025,
    0.00025,
    0.00025,
    0.00025,
    0.00025,
    0.00025
  ],
  "val_accuracy": [
    64.97433,
    69.70907,
    72.333143,
    75.071306,
    76.098118,
    77.524244,
    75.869937,
    78.322875,
    76.611523,
    78.15174,
    78.26583,
    78.49401,
    77.353109,
    78.322875,
    78.551055,
    77.239019,
    76.839703,
    77.809469,
    77.410154,
    77.467199,
    78.551055,
    77.809469,
    77.695379,
    77.353109,
    78.436965,
    76.839703,
    77.809469,
    78.322875,
    78.6081,
    78.6081,
    77.809469,
    77.866515,
    77.239019,
    77.410154,
    78.37992,
    78.722191,
    77.467199,
    78.551055,
    77.124929,
    77.067884,
    78.208785,
    78.15174,
    78.665145,
    77.695379,
    77.581289,
    77.467199,
    78.15174,
    77.638334,
    77.809469,
    78.15174,
    77.524244
  ],
  "model_info": {
    "model_class": "BaseClassifier",
    "hidden_size": 128,
    "num_classes": 23,
    "emb_size_audio": 512,
    "emb_size_text": 512,
    "dropout": 0.1,
    "use_batch_norm": true,
    "mode": "both",
    "num_folds": 5,
    "fold_id": 1,
    "batch_size": 64,
    "random_seed": 1821
  }
}