{
  "train_cls_loss": [
    2.31493,
    1.480251,
    1.256349,
    1.146029,
    1.067782,
    1.044157,
    0.972162,
    0.95435,
    0.925832,
    0.875842,
    0.85061,
    0.855537,
    0.814824,
    0.809477,
    0.772098,
    0.766446,
    0.738292,
    0.724646,
    0.721272,
    0.695785,
    0.63275,
    0.615627,
    0.607287,
    0.590944,
    0.555103,
    0.579375,
    0.556145,
    0.535052,
    0.552166,
    0.546505,
    0.534721,
    0.517669,
    0.506416,
    0.497109,
    0.499068,
    0.496227,
    0.482188,
    0.474716,
    0.473428,
    0.448506
  ],
  "train_total_loss": [
    2.31493,
    1.480251,
    1.256349,
    1.146029,
    1.067782,
    1.044157,
    0.972162,
    0.95435,
    0.925832,
    0.875842,
    0.85061,
    0.855537,
    0.814824,
    0.809477,
    0.772098,
    0.766446,
    0.738292,
    0.724646,
    0.721272,
    0.695785,
    0.63275,
    0.615627,
    0.607287,
    0.590944,
    0.555103,
    0.579375,
    0.556145,
    0.535052,
    0.552166,
    0.546505,
    0.534721,
    0.517669,
    0.506416,
    0.497109,
    0.499068,
    0.496227,
    0.482188,
    0.474716,
    0.473428,
    0.448506
  ],
  "learning_rates": [
    0.001,
    0.001,
    0.001,
    0.001,
    0.001,
    0.001,
    0.001,
    0.001,
    0.001,
    0.001,
    0.001,
    0.001,
    0.001,
    0.001,
    0.001,
    0.001,
    0.001,
    0.001,
    0.001,
    0.001,
    0.0005,
    0.0005,
    0.0005,
    0.0005,
    0.0005,
    0.0005,
    0.0005,
    0.0005,
    0.0005,
    0.0005,
    0.0005,
    0.0005,
    0.0005,
    0.0005,
    0.0005,
    0.0005,
    0.0005,
    0.0005,
    0.0005,
    0.0005
  ],
  "val_accuracy": [
    58.801729,
    67.449043,
    72.760964,
    73.131563,
    74.24336,
    74.24336,
    75.293391,
    76.775788,
    75.66399,
    76.405188,
    76.961087,
    78.196418,
    77.887585,
    78.752316,
    78.258184,
    77.640519,
    78.319951,
    76.961087,
    78.50525,
    78.011118,
    79.369981,
    79.493515,
    79.184682,
    79.740581,
    80.172946,
    79.617048,
    78.814083,
    79.369981,
    78.814083,
    78.567017,
    78.814083,
    78.752316,
    79.864114,
    79.246448,
    79.308215,
    79.493515,
    77.578752,
    79.061149,
    79.061149,
    78.381717
  ],
  "model_info": {
    "model_class": "BaseClassifier",
    "hidden_size": 128,
    "num_classes": 23,
    "emb_size_audio": 512,
    "emb_size_text": 0,
    "dropout": 0.1,
    "use_batch_norm": true,
    "mode": "audio",
    "num_folds": 5,
    "fold_id": 3,
    "batch_size": 64,
    "random_seed": 1821
  }
}