{
  "train_cls_loss": [
    2.66227,
    2.063782,
    1.894075,
    1.798438,
    1.77548,
    1.724471,
    1.67422,
    1.668253,
    1.637813,
    1.607231,
    1.612088,
    1.549089,
    1.567739,
    1.541804,
    1.502561,
    1.497383,
    1.51483,
    1.504896,
    1.486299,
    1.453619,
    1.414215,
    1.41011,
    1.387526,
    1.378137,
    1.362651,
    1.365088,
    1.352407,
    1.35499,
    1.333284,
    1.336318,
    1.324782,
    1.317607,
    1.321337,
    1.315027,
    1.302917,
    1.31705,
    1.28825,
    1.271169,
    1.263898,
    1.267945,
    1.227892,
    1.215736,
    1.200341,
    1.18867,
    1.198204,
    1.184126,
    1.181799,
    1.17386,
    1.179369,
    1.151304,
    1.170925,
    1.157456,
    1.157942,
    1.151879,
    1.135674,
    1.134449,
    1.129169,
    1.143787,
    1.144909,
    1.124548,
    1.077717,
    1.100522,
    1.0899,
    1.082072,
    1.097846,
    1.068941,
    1.074937,
    1.077844,
    1.059158,
    1.074748
  ],
  "train_total_loss": [
    2.66227,
    2.063782,
    1.894075,
    1.798438,
    1.77548,
    1.724471,
    1.67422,
    1.668253,
    1.637813,
    1.607231,
    1.612088,
    1.549089,
    1.567739,
    1.541804,
    1.502561,
    1.497383,
    1.51483,
    1.504896,
    1.486299,
    1.453619,
    1.414215,
    1.41011,
    1.387526,
    1.378137,
    1.362651,
    1.365088,
    1.352407,
    1.35499,
    1.333284,
    1.336318,
    1.324782,
    1.317607,
    1.321337,
    1.315027,
    1.302917,
    1.31705,
    1.28825,
    1.271169,
    1.263898,
    1.267945,
    1.227892,
    1.215736,
    1.200341,
    1.18867,
    1.198204,
    1.184126,
    1.181799,
    1.17386,
    1.179369,
    1.151304,
    1.170925,
    1.157456,
    1.157942,
    1.151879,
    1.135674,
    1.134449,
    1.129169,
    1.143787,
    1.144909,
    1.124548,
    1.077717,
    1.100522,
    1.0899,
    1.082072,
    1.097846,
    1.068941,
    1.074937,
    1.077844,
    1.059158,
    1.074748
  ],
  "learning_rates": [
    0.001,
    0.001,
    0.001,
    0.001,
    0.001,
    0.001,
    0.001,
    0.001,
    0.001,
    0.001,
    0.001,
    0.001,
    0.001,
    0.001,
    0.001,
    0.001,
    0.001,
    0.001,
    0.001,
    0.001,
    0.0005,
    0.0005,
    0.0005,
    0.0005,
    0.0005,
    0.0005,
    0.0005,
    0.0005,
    0.0005,
    0.0005,
    0.0005,
    0.0005,
    0.0005,
    0.0005,
    0.0005,
    0.0005,
    0.0005,
    0.0005,
    0.0005,
    0.0005,
    0.00025,
    0.00025,
    0.00025,
    0.00025,
    0.00025,
    0.00025,
    0.00025,
    0.00025,
    0.00025,
    0.00025,
    0.00025,
    0.00025,
    0.00025,
    0.00025,
    0.00025,
    0.00025,
    0.00025,
    0.00025,
    0.00025,
    0.00025,
    0.000125,
    0.000125,
    0.000125,
    0.000125,
    0.000125,
    0.000125,
    0.000125,
    0.000125,
    0.000125,
    0.000125
  ],
  "val_accuracy": [
    42.099258,
    44.951512,
    49.515117,
    48.602396,
    54.820308,
    54.877353,
    56.075299,
    55.733029,
    57.273246,
    58.870508,
    58.927553,
    58.927553,
    59.098688,
    58.984598,
    58.128922,
    60.068454,
    60.46777,
    60.867085,
    62.293212,
    58.300057,
    62.977752,
    62.293212,
    63.034797,
    64.403879,
    64.118654,
    63.719338,
    63.148888,
    62.692527,
    62.007986,
    63.434113,
    63.148888,
    64.403879,
    64.97433,
    64.118654,
    63.434113,
    65.43069,
    64.004564,
    64.004564,
    63.776383,
    65.145465,
    65.601825,
    64.175699,
    65.54478,
    64.460924,
    64.689104,
    65.944096,
    64.346834,
    65.601825,
    65.601825,
    66.115231,
    66.229321,
    65.658871,
    65.487735,
    65.54478,
    66.742727,
    65.487735,
    64.97433,
    64.746149,
    66.628637,
    64.917285,
    66.514546,
    66.457501,
    65.259555,
    66.058186,
    66.172276,
    65.43069,
    66.343411,
    66.514546,
    66.400456,
    66.115231
  ],
  "model_info": {
    "model_class": "BaseClassifier",
    "hidden_size": 128,
    "num_classes": 23,
    "emb_size_audio": 512,
    "emb_size_text": 0,
    "dropout": 0.1,
    "use_batch_norm": true,
    "mode": "audio",
    "num_folds": 5,
    "fold_id": 0,
    "batch_size": 64,
    "random_seed": 1821
  }
}