{
  "train_cls_loss": [
    1.617359,
    1.027699,
    0.892004,
    0.798374,
    0.749783,
    0.708181,
    0.678705,
    0.665625,
    0.634765,
    0.608867,
    0.606015,
    0.588556,
    0.557843,
    0.556654,
    0.550643,
    0.537203,
    0.522237,
    0.518342,
    0.495525,
    0.492438,
    0.444354,
    0.431469,
    0.42459,
    0.40773,
    0.409983,
    0.404085,
    0.38885,
    0.388355,
    0.379859,
    0.369908,
    0.360828,
    0.365332,
    0.363671,
    0.339264,
    0.354204,
    0.346376
  ],
  "train_total_loss": [
    1.617359,
    1.027699,
    0.892004,
    0.798374,
    0.749783,
    0.708181,
    0.678705,
    0.665625,
    0.634765,
    0.608867,
    0.606015,
    0.588556,
    0.557843,
    0.556654,
    0.550643,
    0.537203,
    0.522237,
    0.518342,
    0.495525,
    0.492438,
    0.444354,
    0.431469,
    0.42459,
    0.40773,
    0.409983,
    0.404085,
    0.38885,
    0.388355,
    0.379859,
    0.369908,
    0.360828,
    0.365332,
    0.363671,
    0.339264,
    0.354204,
    0.346376
  ],
  "learning_rates": [
    0.001,
    0.001,
    0.001,
    0.001,
    0.001,
    0.001,
    0.001,
    0.001,
    0.001,
    0.001,
    0.001,
    0.001,
    0.001,
    0.001,
    0.001,
    0.001,
    0.001,
    0.001,
    0.001,
    0.001,
    0.0005,
    0.0005,
    0.0005,
    0.0005,
    0.0005,
    0.0005,
    0.0005,
    0.0005,
    0.0005,
    0.0005,
    0.0005,
    0.0005,
    0.0005,
    0.0005,
    0.0005,
    0.0005
  ],
  "val_accuracy": [
    59.897319,
    66.628637,
    70.735881,
    72.447233,
    72.618369,
    73.53109,
    73.930405,
    73.302909,
    74.386766,
    75.413577,
    75.014261,
    76.155163,
    75.527667,
    76.383343,
    75.926982,
    77.581289,
    76.725613,
    76.269253,
    76.497433,
    77.181974,
    77.92356,
    76.896748,
    76.896748,
    76.440388,
    76.668568,
    77.124929,
    76.383343,
    75.812892,
    76.383343,
    76.725613,
    77.067884,
    76.155163,
    76.383343,
    76.668568,
    76.554478,
    76.497433
  ],
  "model_info": {
    "model_class": "BaseClassifier",
    "hidden_size": 128,
    "num_classes": 23,
    "emb_size_audio": 512,
    "emb_size_text": 0,
    "dropout": 0.1,
    "use_batch_norm": true,
    "mode": "audio",
    "num_folds": 5,
    "fold_id": 3,
    "batch_size": 64,
    "random_seed": 1821
  }
}