{
  "attention_audio": [
    0.313445,
    0.340526,
    0.345841,
    0.350918,
    0.35356,
    0.354873,
    0.35168,
    0.350292,
    0.34485,
    0.354078,
    0.356741,
    0.350631,
    0.35137,
    0.352364,
    0.350448,
    0.359578,
    0.355128,
    0.356346,
    0.355941,
    0.354958,
    0.360348,
    0.361408,
    0.363626,
    0.361005,
    0.35947,
    0.360491,
    0.364449,
    0.361221,
    0.360005,
    0.360654,
    0.365195,
    0.366271,
    0.36689,
    0.363342,
    0.36529,
    0.361793
  ],
  "attention_text": [
    0.35931,
    0.374563,
    0.372226,
    0.367768,
    0.371853,
    0.379646,
    0.379498,
    0.382645,
    0.386598,
    0.377645,
    0.380696,
    0.385318,
    0.385664,
    0.384038,
    0.385746,
    0.384238,
    0.388318,
    0.385738,
    0.388551,
    0.391744,
    0.387529,
    0.388451,
    0.385336,
    0.386385,
    0.389834,
    0.388495,
    0.383326,
    0.386976,
    0.387442,
    0.389945,
    0.38988,
    0.388699,
    0.384773,
    0.384556,
    0.383365,
    0.386428
  ],
  "train_cls_loss": [
    2.23754,
    1.375223,
    1.143033,
    1.018542,
    0.953389,
    0.899542,
    0.864675,
    0.824552,
    0.792232,
    0.769482,
    0.764034,
    0.690615,
    0.701948,
    0.673392,
    0.663998,
    0.647208,
    0.633795,
    0.606017,
    0.598011,
    0.589408,
    0.519064,
    0.486824,
    0.486553,
    0.465423,
    0.438284,
    0.442587,
    0.425412,
    0.429426,
    0.423932,
    0.407466,
    0.397661,
    0.393714,
    0.403212,
    0.378909,
    0.39967,
    0.383615
  ],
  "train_total_loss": [
    2.23754,
    1.375223,
    1.143033,
    1.018542,
    0.953389,
    0.899542,
    0.864675,
    0.824552,
    0.792232,
    0.769482,
    0.764034,
    0.690615,
    0.701948,
    0.673392,
    0.663998,
    0.647208,
    0.633795,
    0.606017,
    0.598011,
    0.589408,
    0.519064,
    0.486824,
    0.486553,
    0.465423,
    0.438284,
    0.442587,
    0.425412,
    0.429426,
    0.423932,
    0.407466,
    0.397661,
    0.393714,
    0.403212,
    0.378909,
    0.39967,
    0.383615
  ],
  "learning_rates": [
    0.001,
    0.001,
    0.001,
    0.001,
    0.001,
    0.001,
    0.001,
    0.001,
    0.001,
    0.001,
    0.001,
    0.001,
    0.001,
    0.001,
    0.001,
    0.001,
    0.001,
    0.001,
    0.001,
    0.001,
    0.0005,
    0.0005,
    0.0005,
    0.0005,
    0.0005,
    0.0005,
    0.0005,
    0.0005,
    0.0005,
    0.0005,
    0.0005,
    0.0005,
    0.0005,
    0.0005,
    0.0005,
    0.0005
  ],
  "val_accuracy": [
    58.414147,
    67.940673,
    74.32972,
    75.869937,
    76.953793,
    78.49401,
    77.92356,
    77.410154,
    78.094695,
    78.6081,
    80.376497,
    79.520821,
    80.091272,
    78.722191,
    79.064461,
    79.806047,
    79.806047,
    80.889903,
    79.577867,
    79.634912,
    81.061038,
    80.604678,
    80.034227,
    80.490588,
    80.262407,
    80.376497,
    80.319452,
    79.863092,
    79.634912,
    80.034227,
    80.091272,
    79.577867,
    79.806047,
    79.178551,
    80.148317,
    79.349686
  ],
  "model_info": {
    "model_class": "BaseClassifier",
    "hidden_size": 128,
    "num_classes": 23,
    "emb_size_audio": 512,
    "emb_size_text": 512,
    "dropout": 0.1,
    "use_batch_norm": true,
    "mode": "both",
    "num_folds": 5,
    "fold_id": 3,
    "batch_size": 64,
    "random_seed": 1821
  }
}