{
  "train_cls_loss": [
    2.276773,
    1.504816,
    1.288886,
    1.128578,
    1.056656,
    0.980324,
    0.92482,
    0.912735,
    0.845608,
    0.814737,
    0.780726,
    0.754247,
    0.73844,
    0.7016,
    0.670729,
    0.672114,
    0.656171,
    0.616478,
    0.616014,
    0.601941,
    0.516256,
    0.477422,
    0.45466,
    0.448025,
    0.437364,
    0.414217,
    0.420492,
    0.411641,
    0.411763,
    0.378857,
    0.374212,
    0.356272,
    0.36646,
    0.34203,
    0.356327,
    0.341263
  ],
  "train_top_cls_loss": [
    0.731251,
    0.512436,
    0.479955,
    0.440844,
    0.423902,
    0.396268,
    0.386659,
    0.382076,
    0.34761,
    0.345431,
    0.329059,
    0.318957,
    0.321887,
    0.299557,
    0.276151,
    0.283646,
    0.275773,
    0.257083,
    0.259459,
    0.249156,
    0.220326,
    0.189594,
    0.189989,
    0.178081,
    0.181878,
    0.163688,
    0.169718,
    0.168729,
    0.173826,
    0.154898,
    0.151275,
    0.1524,
    0.157238,
    0.145012,
    0.15301,
    0.14587
  ],
  "train_total_loss": [
    3.008023,
    2.017252,
    1.76884,
    1.569422,
    1.480558,
    1.376593,
    1.311479,
    1.294811,
    1.193218,
    1.160167,
    1.109785,
    1.073204,
    1.060327,
    1.001158,
    0.94688,
    0.95576,
    0.931944,
    0.87356,
    0.875472,
    0.851097,
    0.736582,
    0.667016,
    0.644648,
    0.626107,
    0.619242,
    0.577904,
    0.59021,
    0.58037,
    0.58559,
    0.533755,
    0.525487,
    0.508671,
    0.523698,
    0.487042,
    0.509337,
    0.487134
  ],
  "learning_rates": [
    0.001,
    0.001,
    0.001,
    0.001,
    0.001,
    0.001,
    0.001,
    0.001,
    0.001,
    0.001,
    0.001,
    0.001,
    0.001,
    0.001,
    0.001,
    0.001,
    0.001,
    0.001,
    0.001,
    0.001,
    0.0005,
    0.0005,
    0.0005,
    0.0005,
    0.0005,
    0.0005,
    0.0005,
    0.0005,
    0.0005,
    0.0005,
    0.0005,
    0.0005,
    0.0005,
    0.0005,
    0.0005,
    0.0005
  ],
  "val_accuracy": [
    51.83908,
    62.068966,
    67.241379,
    69.425287,
    70.574713,
    72.816092,
    71.896552,
    73.563218,
    72.471264,
    72.011494,
    73.735632,
    74.195402,
    75.0,
    75.172414,
    74.597701,
    75.229885,
    75.689655,
    75.804598,
    75.402299,
    76.091954,
    77.356322,
    77.126437,
    76.091954,
    75.632184,
    75.91954,
    75.862069,
    76.724138,
    76.896552,
    75.172414,
    76.666667,
    76.321839,
    75.862069,
    75.804598,
    75.287356,
    75.91954,
    76.149425
  ],
  "model_info": {
    "model_class": "BaseClassifier",
    "hidden_size": 128,
    "num_classes": 23,
    "emb_size_audio": 1280,
    "emb_size_text": 0,
    "dropout": 0.1,
    "use_batch_norm": true,
    "mode": "audio",
    "num_folds": 5,
    "fold_id": 3,
    "batch_size": 64,
    "random_seed": 1821
  }
}