{
  "train_cls_loss": [
    2.710789,
    2.095507,
    1.919875,
    1.824539,
    1.769099,
    1.717706,
    1.699207,
    1.660136,
    1.635084,
    1.641021,
    1.596426,
    1.585993,
    1.551267,
    1.54753,
    1.519756,
    1.543094,
    1.50715,
    1.507315,
    1.471677,
    1.471069,
    1.405603,
    1.394511,
    1.391476,
    1.389671,
    1.355941,
    1.360124,
    1.355064,
    1.353793,
    1.356127,
    1.344403,
    1.32136,
    1.320332,
    1.319461,
    1.307401,
    1.318028,
    1.300892,
    1.296044,
    1.285662,
    1.26589,
    1.286789,
    1.248027,
    1.217857,
    1.205173,
    1.199331,
    1.194704,
    1.199599,
    1.197255,
    1.185418,
    1.18073,
    1.171671,
    1.161217,
    1.180023,
    1.157385,
    1.157361,
    1.15303,
    1.154891,
    1.156542,
    1.142835,
    1.144432,
    1.123972,
    1.101872,
    1.093059,
    1.092177,
    1.08466,
    1.084906,
    1.091836,
    1.08083,
    1.069884,
    1.079094,
    1.066197,
    1.07308,
    1.06369,
    1.080037,
    1.075909,
    1.050816,
    1.043671,
    1.060783,
    1.058103,
    1.053244,
    1.056211,
    1.015953,
    1.039589,
    1.025635,
    1.016291,
    1.020505,
    1.022204,
    1.008218,
    1.006773,
    1.001857,
    1.004971,
    0.99699,
    0.993178
  ],
  "train_total_loss": [
    2.710789,
    2.095507,
    1.919875,
    1.824539,
    1.769099,
    1.717706,
    1.699207,
    1.660136,
    1.635084,
    1.641021,
    1.596426,
    1.585993,
    1.551267,
    1.54753,
    1.519756,
    1.543094,
    1.50715,
    1.507315,
    1.471677,
    1.471069,
    1.405603,
    1.394511,
    1.391476,
    1.389671,
    1.355941,
    1.360124,
    1.355064,
    1.353793,
    1.356127,
    1.344403,
    1.32136,
    1.320332,
    1.319461,
    1.307401,
    1.318028,
    1.300892,
    1.296044,
    1.285662,
    1.26589,
    1.286789,
    1.248027,
    1.217857,
    1.205173,
    1.199331,
    1.194704,
    1.199599,
    1.197255,
    1.185418,
    1.18073,
    1.171671,
    1.161217,
    1.180023,
    1.157385,
    1.157361,
    1.15303,
    1.154891,
    1.156542,
    1.142835,
    1.144432,
    1.123972,
    1.101872,
    1.093059,
    1.092177,
    1.08466,
    1.084906,
    1.091836,
    1.08083,
    1.069884,
    1.079094,
    1.066197,
    1.07308,
    1.06369,
    1.080037,
    1.075909,
    1.050816,
    1.043671,
    1.060783,
    1.058103,
    1.053244,
    1.056211,
    1.015953,
    1.039589,
    1.025635,
    1.016291,
    1.020505,
    1.022204,
    1.008218,
    1.006773,
    1.001857,
    1.004971,
    0.99699,
    0.993178
  ],
  "learning_rates": [
    0.001,
    0.001,
    0.001,
    0.001,
    0.001,
    0.001,
    0.001,
    0.001,
    0.001,
    0.001,
    0.001,
    0.001,
    0.001,
    0.001,
    0.001,
    0.001,
    0.001,
    0.001,
    0.001,
    0.001,
    0.0005,
    0.0005,
    0.0005,
    0.0005,
    0.0005,
    0.0005,
    0.0005,
    0.0005,
    0.0005,
    0.0005,
    0.0005,
    0.0005,
    0.0005,
    0.0005,
    0.0005,
    0.0005,
    0.0005,
    0.0005,
    0.0005,
    0.0005,
    0.00025,
    0.00025,
    0.00025,
    0.00025,
    0.00025,
    0.00025,
    0.00025,
    0.00025,
    0.00025,
    0.00025,
    0.00025,
    0.00025,
    0.00025,
    0.00025,
    0.00025,
    0.00025,
    0.00025,
    0.00025,
    0.00025,
    0.00025,
    0.000125,
    0.000125,
    0.000125,
    0.000125,
    0.000125,
    0.000125,
    0.000125,
    0.000125,
    0.000125,
    0.000125,
    0.000125,
    0.000125,
    0.000125,
    0.000125,
    0.000125,
    0.000125,
    0.000125,
    0.000125,
    0.000125,
    0.000125,
    6.3e-05,
    6.3e-05,
    6.3e-05,
    6.3e-05,
    6.3e-05,
    6.3e-05,
    6.3e-05,
    6.3e-05,
    6.3e-05,
    6.3e-05,
    6.3e-05,
    6.3e-05
  ],
  "val_accuracy": [
    33.542499,
    43.58243,
    48.374216,
    47.176269,
    53.394181,
    53.622362,
    55.447804,
    54.135767,
    55.733029,
    56.53166,
    56.816885,
    58.471192,
    58.185967,
    59.098688,
    58.813463,
    58.128922,
    56.75984,
    59.155733,
    59.783229,
    60.182544,
    61.779806,
    62.521392,
    60.92413,
    60.69595,
    62.179122,
    61.380491,
    62.464347,
    62.635482,
    61.03822,
    63.034797,
    62.521392,
    62.122076,
    64.061609,
    62.236167,
    62.692527,
    63.091843,
    63.548203,
    64.403879,
    64.517969,
    63.947519,
    66.001141,
    64.97433,
    64.632059,
    63.833428,
    64.917285,
    64.86024,
    65.373645,
    65.54478,
    64.917285,
    65.145465,
    65.772961,
    65.830006,
    65.373645,
    65.772961,
    66.229321,
    65.830006,
    64.689104,
    64.97433,
    66.172276,
    65.08842,
    65.944096,
    66.115231,
    65.715916,
    65.830006,
    65.43069,
    66.286366,
    65.830006,
    65.715916,
    66.058186,
    65.944096,
    66.343411,
    66.856817,
    66.742727,
    66.628637,
    66.685682,
    66.172276,
    67.199087,
    66.970907,
    65.830006,
    65.658871,
    65.601825,
    66.229321,
    66.172276,
    66.001141,
    65.830006,
    66.229321,
    65.487735,
    65.715916,
    65.715916,
    66.229321,
    66.115231,
    65.715916
  ],
  "model_info": {
    "model_class": "BaseClassifier",
    "hidden_size": 128,
    "num_classes": 23,
    "emb_size_audio": 512,
    "emb_size_text": 0,
    "dropout": 0.1,
    "use_batch_norm": true,
    "mode": "audio",
    "num_folds": 5,
    "fold_id": 1,
    "batch_size": 64,
    "random_seed": 1821
  }
}