{
  "attention_audio": [
    0.504511,
    0.481927,
    0.481201,
    0.486801,
    0.489795,
    0.491328,
    0.489869,
    0.493434,
    0.48959,
    0.495184,
    0.49547,
    0.494501,
    0.495155,
    0.505283,
    0.500561,
    0.496849,
    0.503093,
    0.505315,
    0.501986,
    0.503175,
    0.504886,
    0.503881,
    0.505236,
    0.506508,
    0.507892,
    0.506546,
    0.504368,
    0.506444,
    0.509025,
    0.507575,
    0.508347,
    0.507736,
    0.505644,
    0.50586,
    0.509541,
    0.512394,
    0.508472,
    0.509408,
    0.511078
  ],
  "attention_text": [
    0.495489,
    0.518073,
    0.518799,
    0.513199,
    0.510205,
    0.508672,
    0.510131,
    0.506566,
    0.51041,
    0.504816,
    0.50453,
    0.505499,
    0.504845,
    0.494717,
    0.499439,
    0.503151,
    0.496907,
    0.494685,
    0.498014,
    0.496825,
    0.495114,
    0.496119,
    0.494764,
    0.493492,
    0.492108,
    0.493454,
    0.495632,
    0.493556,
    0.490975,
    0.492425,
    0.491653,
    0.492264,
    0.494356,
    0.49414,
    0.490459,
    0.487606,
    0.491528,
    0.490592,
    0.488922
  ],
  "train_cls_loss": [
    1.569656,
    0.898545,
    0.733862,
    0.638001,
    0.589063,
    0.544388,
    0.526095,
    0.513418,
    0.476566,
    0.475187,
    0.443187,
    0.439609,
    0.432678,
    0.412575,
    0.399532,
    0.387852,
    0.383506,
    0.369571,
    0.366105,
    0.363161,
    0.316217,
    0.302287,
    0.295757,
    0.282196,
    0.276503,
    0.269614,
    0.276201,
    0.267223,
    0.266144,
    0.261813,
    0.269457,
    0.253726,
    0.253198,
    0.246053,
    0.241571,
    0.232875,
    0.230989,
    0.2311,
    0.219511
  ],
  "train_total_loss": [
    1.569656,
    0.898545,
    0.733862,
    0.638001,
    0.589063,
    0.544388,
    0.526095,
    0.513418,
    0.476566,
    0.475187,
    0.443187,
    0.439609,
    0.432678,
    0.412575,
    0.399532,
    0.387852,
    0.383506,
    0.369571,
    0.366105,
    0.363161,
    0.316217,
    0.302287,
    0.295757,
    0.282196,
    0.276503,
    0.269614,
    0.276201,
    0.267223,
    0.266144,
    0.261813,
    0.269457,
    0.253726,
    0.253198,
    0.246053,
    0.241571,
    0.232875,
    0.230989,
    0.2311,
    0.219511
  ],
  "learning_rates": [
    0.001,
    0.001,
    0.001,
    0.001,
    0.001,
    0.001,
    0.001,
    0.001,
    0.001,
    0.001,
    0.001,
    0.001,
    0.001,
    0.001,
    0.001,
    0.001,
    0.001,
    0.001,
    0.001,
    0.001,
    0.0005,
    0.0005,
    0.0005,
    0.0005,
    0.0005,
    0.0005,
    0.0005,
    0.0005,
    0.0005,
    0.0005,
    0.0005,
    0.0005,
    0.0005,
    0.0005,
    0.0005,
    0.0005,
    0.0005,
    0.0005,
    0.0005
  ],
  "val_accuracy": [
    52.59555,
    71.762693,
    73.474044,
    76.497433,
    76.839703,
    77.752424,
    75.984027,
    78.779236,
    78.436965,
    77.524244,
    79.121506,
    78.722191,
    79.292641,
    80.433542,
    80.091272,
    79.749002,
    78.836281,
    81.003993,
    79.007416,
    80.661723,
    80.775813,
    80.091272,
    79.121506,
    81.118083,
    79.806047,
    80.148317,
    80.775813,
    79.749002,
    80.376497,
    80.319452,
    79.749002,
    80.376497,
    80.148317,
    80.148317,
    79.977182,
    79.292641,
    78.893326,
    80.091272,
    79.463776
  ],
  "model_info": {
    "model_class": "BaseClassifier",
    "hidden_size": 128,
    "num_classes": 23,
    "emb_size_audio": 512,
    "emb_size_text": 512,
    "dropout": 0.1,
    "use_batch_norm": true,
    "mode": "both",
    "num_folds": 5,
    "fold_id": 2,
    "batch_size": 64,
    "random_seed": 1821
  }
}