{
  "attention_audio": [
    0.510989,
    0.51179,
    0.509215,
    0.509022,
    0.50975,
    0.508866,
    0.5097,
    0.509054,
    0.511943,
    0.509935,
    0.511546,
    0.512758,
    0.5134,
    0.509856,
    0.511709,
    0.511319,
    0.513909,
    0.512954,
    0.509551,
    0.511522,
    0.51201,
    0.512613,
    0.513002,
    0.5142,
    0.512762,
    0.515022,
    0.511538,
    0.513243,
    0.516176,
    0.517111,
    0.515736,
    0.517074,
    0.512795,
    0.515175,
    0.516674,
    0.517223,
    0.518742,
    0.518623,
    0.518344
  ],
  "attention_text": [
    0.489011,
    0.48821,
    0.490785,
    0.490978,
    0.49025,
    0.491134,
    0.4903,
    0.490947,
    0.488057,
    0.490065,
    0.488454,
    0.487242,
    0.4866,
    0.490144,
    0.488291,
    0.488681,
    0.486091,
    0.487046,
    0.490449,
    0.488478,
    0.48799,
    0.487387,
    0.486998,
    0.4858,
    0.487237,
    0.484978,
    0.488462,
    0.486757,
    0.483824,
    0.482889,
    0.484264,
    0.482926,
    0.487205,
    0.484825,
    0.483326,
    0.482777,
    0.481258,
    0.481377,
    0.481656
  ],
  "train_cls_loss": [
    2.254087,
    1.366956,
    1.116647,
    1.030704,
    0.927344,
    0.887599,
    0.83314,
    0.800686,
    0.743156,
    0.719848,
    0.711044,
    0.668474,
    0.662189,
    0.641696,
    0.635874,
    0.617112,
    0.591865,
    0.567615,
    0.562226,
    0.543056,
    0.479172,
    0.434714,
    0.40309,
    0.420614,
    0.402733,
    0.401463,
    0.385192,
    0.395409,
    0.38846,
    0.363808,
    0.35363,
    0.349657,
    0.333521,
    0.331044,
    0.325194,
    0.317985,
    0.321594,
    0.309612,
    0.298945
  ],
  "train_contrastive_loss": [
    3.909498,
    3.715314,
    3.6668,
    3.632298,
    3.615538,
    3.588941,
    3.565215,
    3.556394,
    3.540717,
    3.522591,
    3.506316,
    3.497903,
    3.48611,
    3.488634,
    3.467054,
    3.455514,
    3.443468,
    3.431027,
    3.429432,
    3.424212,
    3.407611,
    3.376768,
    3.36914,
    3.366087,
    3.359575,
    3.359018,
    3.348919,
    3.356324,
    3.351236,
    3.337658,
    3.331199,
    3.320616,
    3.318467,
    3.315076,
    3.31021,
    3.304734,
    3.310767,
    3.303589,
    3.295761
  ],
  "train_total_loss": [
    3.035987,
    2.110019,
    1.850007,
    1.757163,
    1.650452,
    1.605387,
    1.546183,
    1.511965,
    1.451299,
    1.424366,
    1.412308,
    1.368055,
    1.359411,
    1.339422,
    1.329285,
    1.308215,
    1.280559,
    1.253821,
    1.248112,
    1.227899,
    1.160695,
    1.110067,
    1.076918,
    1.093832,
    1.074648,
    1.073266,
    1.054976,
    1.066673,
    1.058707,
    1.03134,
    1.01987,
    1.01378,
    0.997214,
    0.99406,
    0.987236,
    0.978932,
    0.983748,
    0.97033,
    0.958098
  ],
  "learning_rates": [
    0.001,
    0.001,
    0.001,
    0.001,
    0.001,
    0.001,
    0.001,
    0.001,
    0.001,
    0.001,
    0.001,
    0.001,
    0.001,
    0.001,
    0.001,
    0.001,
    0.001,
    0.001,
    0.001,
    0.001,
    0.0005,
    0.0005,
    0.0005,
    0.0005,
    0.0005,
    0.0005,
    0.0005,
    0.0005,
    0.0005,
    0.0005,
    0.0005,
    0.0005,
    0.0005,
    0.0005,
    0.0005,
    0.0005,
    0.0005,
    0.0005,
    0.0005
  ],
  "val_accuracy": [
    56.18939,
    67.940673,
    73.702225,
    73.87336,
    75.014261,
    76.725613,
    76.326298,
    76.725613,
    78.722191,
    78.779236,
    78.6081,
    79.406731,
    79.178551,
    78.665145,
    78.322875,
    79.349686,
    79.292641,
    79.064461,
    79.406731,
    80.262407,
    80.148317,
    80.775813,
    80.148317,
    81.003993,
    80.433542,
    80.034227,
    80.091272,
    80.148317,
    79.977182,
    80.091272,
    80.034227,
    80.319452,
    79.977182,
    80.319452,
    78.779236,
    79.463776,
    80.319452,
    79.806047,
    80.034227
  ],
  "model_info": {
    "model_class": "BaseClassifier",
    "hidden_size": 128,
    "num_classes": 23,
    "emb_size_audio": 512,
    "emb_size_text": 512,
    "dropout": 0.1,
    "use_batch_norm": true,
    "mode": "both",
    "num_folds": 5,
    "fold_id": 3,
    "batch_size": 64,
    "random_seed": 1821
  }
}