{
  "attention_audio": [
    0.504104,
    0.488712,
    0.485739,
    0.483238,
    0.478143,
    0.478605,
    0.480216,
    0.483478,
    0.482031,
    0.479972,
    0.483223,
    0.484258,
    0.484179,
    0.48595,
    0.48382,
    0.485548,
    0.484144,
    0.486214,
    0.486236,
    0.487508,
    0.490465,
    0.493001,
    0.490706,
    0.489557,
    0.488318,
    0.488584,
    0.489212,
    0.490412,
    0.491806,
    0.490406,
    0.490813,
    0.49047,
    0.492426,
    0.488937,
    0.493324
  ],
  "attention_text": [
    0.495896,
    0.511289,
    0.514261,
    0.516762,
    0.521857,
    0.521395,
    0.519784,
    0.516522,
    0.517969,
    0.520028,
    0.516777,
    0.515742,
    0.515821,
    0.51405,
    0.51618,
    0.514452,
    0.515856,
    0.513786,
    0.513765,
    0.512492,
    0.509535,
    0.506999,
    0.509294,
    0.510443,
    0.511682,
    0.511416,
    0.510788,
    0.509588,
    0.508194,
    0.509593,
    0.509187,
    0.50953,
    0.507574,
    0.511063,
    0.506676
  ],
  "train_cls_loss": [
    2.288447,
    1.350942,
    1.141856,
    1.024275,
    0.9456,
    0.921384,
    0.846052,
    0.827717,
    0.776128,
    0.744828,
    0.739853,
    0.701571,
    0.691469,
    0.652223,
    0.642288,
    0.620327,
    0.618817,
    0.593908,
    0.582011,
    0.552517,
    0.494501,
    0.457054,
    0.459757,
    0.437963,
    0.427371,
    0.420891,
    0.421202,
    0.408788,
    0.403161,
    0.389448,
    0.390669,
    0.382579,
    0.372265,
    0.368834,
    0.34703
  ],
  "train_total_loss": [
    2.288447,
    1.350942,
    1.141856,
    1.024275,
    0.9456,
    0.921384,
    0.846052,
    0.827717,
    0.776128,
    0.744828,
    0.739853,
    0.701571,
    0.691469,
    0.652223,
    0.642288,
    0.620327,
    0.618817,
    0.593908,
    0.582011,
    0.552517,
    0.494501,
    0.457054,
    0.459757,
    0.437963,
    0.427371,
    0.420891,
    0.421202,
    0.408788,
    0.403161,
    0.389448,
    0.390669,
    0.382579,
    0.372265,
    0.368834,
    0.34703
  ],
  "learning_rates": [
    0.001,
    0.001,
    0.001,
    0.001,
    0.001,
    0.001,
    0.001,
    0.001,
    0.001,
    0.001,
    0.001,
    0.001,
    0.001,
    0.001,
    0.001,
    0.001,
    0.001,
    0.001,
    0.001,
    0.001,
    0.0005,
    0.0005,
    0.0005,
    0.0005,
    0.0005,
    0.0005,
    0.0005,
    0.0005,
    0.0005,
    0.0005,
    0.0005,
    0.0005,
    0.0005,
    0.0005,
    0.0005
  ],
  "val_accuracy": [
    58.927553,
    68.282944,
    72.047918,
    73.131774,
    75.641757,
    75.527667,
    77.524244,
    76.953793,
    77.124929,
    76.554478,
    76.383343,
    78.6081,
    78.893326,
    78.836281,
    78.665145,
    78.49401,
    78.722191,
    78.722191,
    78.436965,
    80.319452,
    79.235596,
    78.950371,
    79.178551,
    78.722191,
    78.722191,
    79.178551,
    77.866515,
    78.15174,
    78.15174,
    77.524244,
    77.581289,
    78.551055,
    78.665145,
    77.92356,
    78.779236
  ],
  "model_info": {
    "model_class": "BaseClassifier",
    "hidden_size": 128,
    "num_classes": 23,
    "emb_size_audio": 768,
    "emb_size_text": 512,
    "dropout": 0.1,
    "use_batch_norm": true,
    "mode": "both",
    "num_folds": 5,
    "fold_id": 1,
    "batch_size": 64,
    "random_seed": 1821
  }
}