{
  "attention_audio": [
    0.470328,
    0.446341,
    0.444282,
    0.435611,
    0.432246,
    0.429653,
    0.428025,
    0.425866,
    0.413487,
    0.417089,
    0.416895,
    0.411967,
    0.420322,
    0.423726,
    0.422679,
    0.424124,
    0.423092,
    0.424291,
    0.425485,
    0.428522,
    0.427176,
    0.425317,
    0.427111,
    0.428144,
    0.430656,
    0.429971,
    0.432096,
    0.427974,
    0.423431,
    0.426776,
    0.432708,
    0.43436,
    0.439296,
    0.432374,
    0.432553,
    0.43358,
    0.43129,
    0.430553
  ],
  "attention_text": [
    0.529672,
    0.553659,
    0.555718,
    0.564389,
    0.567754,
    0.570347,
    0.571975,
    0.574134,
    0.586513,
    0.582911,
    0.583105,
    0.588033,
    0.579678,
    0.576274,
    0.577321,
    0.575876,
    0.576908,
    0.575709,
    0.574515,
    0.571478,
    0.572824,
    0.574683,
    0.572889,
    0.571856,
    0.569343,
    0.570029,
    0.567904,
    0.572026,
    0.576569,
    0.573224,
    0.567292,
    0.56564,
    0.560704,
    0.567626,
    0.567447,
    0.56642,
    0.56871,
    0.569447
  ],
  "train_cls_loss": [
    0.713699,
    0.489119,
    0.439321,
    0.405173,
    0.383731,
    0.366972,
    0.358369,
    0.344641,
    0.333331,
    0.321598,
    0.316947,
    0.308792,
    0.300843,
    0.293058,
    0.288399,
    0.283712,
    0.278729,
    0.267722,
    0.266502,
    0.260373,
    0.233263,
    0.223313,
    0.219053,
    0.214986,
    0.210417,
    0.20943,
    0.204008,
    0.200586,
    0.197147,
    0.195865,
    0.191332,
    0.191509,
    0.1893,
    0.183788,
    0.180278,
    0.177955,
    0.176627,
    0.177223
  ],
  "train_total_loss": [
    0.713699,
    0.489119,
    0.439321,
    0.405173,
    0.383731,
    0.366972,
    0.358369,
    0.344641,
    0.333331,
    0.321598,
    0.316947,
    0.308792,
    0.300843,
    0.293058,
    0.288399,
    0.283712,
    0.278729,
    0.267722,
    0.266502,
    0.260373,
    0.233263,
    0.223313,
    0.219053,
    0.214986,
    0.210417,
    0.20943,
    0.204008,
    0.200586,
    0.197147,
    0.195865,
    0.191332,
    0.191509,
    0.1893,
    0.183788,
    0.180278,
    0.177955,
    0.176627,
    0.177223
  ],
  "learning_rates": [
    0.001,
    0.001,
    0.001,
    0.001,
    0.001,
    0.001,
    0.001,
    0.001,
    0.001,
    0.001,
    0.001,
    0.001,
    0.001,
    0.001,
    0.001,
    0.001,
    0.001,
    0.001,
    0.001,
    0.001,
    0.0005,
    0.0005,
    0.0005,
    0.0005,
    0.0005,
    0.0005,
    0.0005,
    0.0005,
    0.0005,
    0.0005,
    0.0005,
    0.0005,
    0.0005,
    0.0005,
    0.0005,
    0.0005,
    0.0005,
    0.0005
  ],
  "val_accuracy": [
    66.514546,
    74.32972,
    76.440388,
    74.158585,
    76.041072,
    76.725613,
    77.467199,
    77.92356,
    78.15174,
    77.752424,
    77.866515,
    75.984027,
    78.094695,
    77.181974,
    79.007416,
    78.436965,
    77.410154,
    77.581289,
    78.094695,
    78.551055,
    79.064461,
    78.551055,
    79.349686,
    78.779236,
    77.410154,
    78.893326,
    77.638334,
    78.094695,
    78.26583,
    77.581289,
    77.581289,
    78.6081,
    78.15174,
    78.49401,
    77.638334,
    76.953793,
    76.611523,
    77.353109
  ],
  "model_info": {
    "model_class": "BaseClassifier",
    "hidden_size": 128,
    "num_classes": 23,
    "emb_size_audio": 512,
    "emb_size_text": 512,
    "dropout": 0.1,
    "use_batch_norm": true,
    "mode": "both",
    "num_folds": 5,
    "fold_id": 4,
    "batch_size": 64,
    "random_seed": 1821
  }
}