{
  "train_cls_loss": [
    2.555751,
    2.012799,
    1.835275,
    1.747556,
    1.65489,
    1.55544,
    1.584805,
    1.542388,
    1.626991,
    1.560026,
    1.487027,
    1.485353,
    1.470842,
    1.443033,
    1.443043,
    1.482671,
    1.419991,
    1.440697,
    1.422909,
    1.407489,
    1.338964,
    1.357608,
    1.213724,
    1.185848,
    1.323228,
    1.168315,
    1.179857,
    1.318466,
    1.251423,
    1.224285,
    1.2502,
    1.241363,
    1.331537,
    1.241326,
    1.194461,
    1.151143,
    1.198645,
    1.241338,
    1.222552,
    1.161871,
    1.069356
  ],
  "train_total_loss": [
    2.555751,
    2.012799,
    1.835275,
    1.747556,
    1.65489,
    1.55544,
    1.584805,
    1.542388,
    1.626991,
    1.560026,
    1.487027,
    1.485353,
    1.470842,
    1.443033,
    1.443043,
    1.482671,
    1.419991,
    1.440697,
    1.422909,
    1.407489,
    1.338964,
    1.357608,
    1.213724,
    1.185848,
    1.323228,
    1.168315,
    1.179857,
    1.318466,
    1.251423,
    1.224285,
    1.2502,
    1.241363,
    1.331537,
    1.241326,
    1.194461,
    1.151143,
    1.198645,
    1.241338,
    1.222552,
    1.161871,
    1.069356
  ],
  "learning_rates": [
    0.001,
    0.001,
    0.001,
    0.001,
    0.001,
    0.001,
    0.001,
    0.001,
    0.001,
    0.001,
    0.001,
    0.001,
    0.001,
    0.001,
    0.001,
    0.001,
    0.001,
    0.001,
    0.001,
    0.001,
    0.0005,
    0.0005,
    0.0005,
    0.0005,
    0.0005,
    0.0005,
    0.0005,
    0.0005,
    0.0005,
    0.0005,
    0.0005,
    0.0005,
    0.0005,
    0.0005,
    0.0005,
    0.0005,
    0.0005,
    0.0005,
    0.0005,
    0.0005,
    0.00025
  ],
  "val_accuracy": [
    52.310325,
    63.091843,
    68.054763,
    71.762693,
    72.047918,
    74.272675,
    74.957216,
    75.413577,
    74.386766,
    75.926982,
    77.239019,
    75.926982,
    75.869937,
    75.755847,
    76.098118,
    75.584712,
    75.299487,
    76.041072,
    76.953793,
    76.041072,
    77.524244,
    77.866515,
    77.410154,
    78.208785,
    77.296064,
    78.49401,
    77.124929,
    77.92356,
    76.782658,
    77.467199,
    76.896748,
    77.410154,
    76.953793,
    77.296064,
    76.953793,
    77.410154,
    76.725613,
    77.92356,
    77.124929,
    76.953793,
    77.239019
  ],
  "model_info": {
    "model_class": "BaseClassifier",
    "hidden_size": 128,
    "num_classes": 23,
    "emb_size_audio": 512,
    "emb_size_text": 0,
    "dropout": 0.1,
    "use_batch_norm": true,
    "mode": "audio",
    "num_folds": 5,
    "fold_id": 0,
    "batch_size": 64,
    "random_seed": 1821
  }
}