{
  "attention_audio": [
    0.499657,
    0.494781,
    0.486074,
    0.482107,
    0.481836,
    0.477521,
    0.472594,
    0.474945,
    0.475061,
    0.475331,
    0.470966,
    0.471052,
    0.471153,
    0.472183,
    0.46981,
    0.471747,
    0.469106,
    0.472201,
    0.476612,
    0.473864,
    0.472349,
    0.478055,
    0.479436,
    0.481185,
    0.480458,
    0.479786,
    0.481081,
    0.481728,
    0.480603,
    0.47962,
    0.482239,
    0.482021,
    0.481616,
    0.482382,
    0.480193,
    0.484575,
    0.480636
  ],
  "attention_text": [
    0.500343,
    0.505219,
    0.513926,
    0.517893,
    0.518164,
    0.522479,
    0.527406,
    0.525055,
    0.524939,
    0.524669,
    0.529034,
    0.528948,
    0.528847,
    0.527817,
    0.53019,
    0.528253,
    0.530894,
    0.527799,
    0.523388,
    0.526136,
    0.527651,
    0.521945,
    0.520564,
    0.518815,
    0.519542,
    0.520214,
    0.518919,
    0.518272,
    0.519397,
    0.52038,
    0.517762,
    0.517979,
    0.518384,
    0.517618,
    0.519807,
    0.515426,
    0.519364
  ],
  "train_cls_loss": [
    2.227136,
    1.33255,
    1.152669,
    1.038119,
    0.978448,
    0.918592,
    0.889269,
    0.853204,
    0.815183,
    0.769409,
    0.753925,
    0.745044,
    0.711119,
    0.702174,
    0.686581,
    0.656076,
    0.638902,
    0.614406,
    0.598762,
    0.590138,
    0.508112,
    0.494919,
    0.472228,
    0.459431,
    0.446551,
    0.449688,
    0.430939,
    0.439344,
    0.423578,
    0.416133,
    0.417604,
    0.391613,
    0.392425,
    0.379813,
    0.37891,
    0.372983,
    0.368611
  ],
  "train_total_loss": [
    2.227136,
    1.33255,
    1.152669,
    1.038119,
    0.978448,
    0.918592,
    0.889269,
    0.853204,
    0.815183,
    0.769409,
    0.753925,
    0.745044,
    0.711119,
    0.702174,
    0.686581,
    0.656076,
    0.638902,
    0.614406,
    0.598762,
    0.590138,
    0.508112,
    0.494919,
    0.472228,
    0.459431,
    0.446551,
    0.449688,
    0.430939,
    0.439344,
    0.423578,
    0.416133,
    0.417604,
    0.391613,
    0.392425,
    0.379813,
    0.37891,
    0.372983,
    0.368611
  ],
  "learning_rates": [
    0.001,
    0.001,
    0.001,
    0.001,
    0.001,
    0.001,
    0.001,
    0.001,
    0.001,
    0.001,
    0.001,
    0.001,
    0.001,
    0.001,
    0.001,
    0.001,
    0.001,
    0.001,
    0.001,
    0.001,
    0.0005,
    0.0005,
    0.0005,
    0.0005,
    0.0005,
    0.0005,
    0.0005,
    0.0005,
    0.0005,
    0.0005,
    0.0005,
    0.0005,
    0.0005,
    0.0005,
    0.0005,
    0.0005,
    0.0005
  ],
  "val_accuracy": [
    62.183908,
    69.252874,
    70.977011,
    73.850575,
    74.252874,
    75.0,
    75.45977,
    74.885057,
    74.942529,
    75.862069,
    75.747126,
    76.091954,
    78.045977,
    77.183908,
    78.563218,
    78.62069,
    78.448276,
    75.977011,
    77.586207,
    78.448276,
    78.218391,
    79.54023,
    78.908046,
    79.022989,
    79.252874,
    78.793103,
    78.103448,
    78.850575,
    77.701149,
    77.816092,
    79.08046,
    78.045977,
    78.678161,
    78.275862,
    78.275862,
    79.022989,
    78.390805
  ],
  "model_info": {
    "model_class": "BaseClassifier",
    "hidden_size": 128,
    "num_classes": 23,
    "emb_size_audio": 768,
    "emb_size_text": 512,
    "dropout": 0.1,
    "use_batch_norm": true,
    "mode": "both",
    "num_folds": 5,
    "fold_id": 0,
    "batch_size": 64,
    "random_seed": 1821
  }
}