{
  "attention_audio": [
    0.48333,
    0.463965,
    0.466757,
    0.468493,
    0.470578,
    0.470179,
    0.466533,
    0.472557,
    0.472037,
    0.471332,
    0.47091,
    0.472117,
    0.473002,
    0.474313,
    0.471462,
    0.475418,
    0.475272,
    0.474789,
    0.47547,
    0.471589,
    0.473304,
    0.47435,
    0.474618,
    0.473517,
    0.472565,
    0.474555,
    0.47481,
    0.475531,
    0.477112,
    0.476497,
    0.478886,
    0.477049,
    0.476467,
    0.478071,
    0.478284,
    0.479985,
    0.479439,
    0.479693
  ],
  "attention_text": [
    0.51667,
    0.536035,
    0.533243,
    0.531507,
    0.529422,
    0.529821,
    0.533467,
    0.527443,
    0.527963,
    0.528668,
    0.52909,
    0.527883,
    0.526998,
    0.525687,
    0.528538,
    0.524582,
    0.524728,
    0.525211,
    0.52453,
    0.528411,
    0.526696,
    0.52565,
    0.525382,
    0.526483,
    0.527435,
    0.525445,
    0.52519,
    0.524469,
    0.522888,
    0.523503,
    0.521114,
    0.522951,
    0.523533,
    0.521929,
    0.521716,
    0.520015,
    0.520561,
    0.520307
  ],
  "train_cls_loss": [
    2.275394,
    1.435824,
    1.203624,
    1.060266,
    1.008987,
    0.937697,
    0.881059,
    0.842666,
    0.80123,
    0.788276,
    0.764762,
    0.723138,
    0.704175,
    0.702074,
    0.662084,
    0.645128,
    0.629788,
    0.62271,
    0.619351,
    0.579025,
    0.506744,
    0.496987,
    0.468662,
    0.46269,
    0.458454,
    0.449148,
    0.447374,
    0.426133,
    0.429765,
    0.409257,
    0.411393,
    0.399051,
    0.408966,
    0.399091,
    0.3679,
    0.382437,
    0.36255,
    0.364732
  ],
  "train_top_cls_loss": [
    0.837741,
    0.533767,
    0.487001,
    0.449342,
    0.434868,
    0.411511,
    0.39785,
    0.381965,
    0.358542,
    0.352618,
    0.342694,
    0.332377,
    0.322896,
    0.320834,
    0.294993,
    0.300239,
    0.284073,
    0.28848,
    0.279225,
    0.269049,
    0.235026,
    0.23,
    0.211635,
    0.209567,
    0.210055,
    0.21282,
    0.206057,
    0.201552,
    0.199174,
    0.190295,
    0.193849,
    0.192979,
    0.196911,
    0.188211,
    0.175277,
    0.177195,
    0.169083,
    0.170875
  ],
  "train_total_loss": [
    2.694265,
    1.702708,
    1.447124,
    1.284937,
    1.226421,
    1.143452,
    1.079984,
    1.033649,
    0.980501,
    0.964584,
    0.936109,
    0.889326,
    0.865623,
    0.862491,
    0.809581,
    0.795248,
    0.771825,
    0.76695,
    0.758963,
    0.71355,
    0.624257,
    0.611987,
    0.574479,
    0.567473,
    0.563482,
    0.555558,
    0.550402,
    0.526909,
    0.529352,
    0.504405,
    0.508318,
    0.49554,
    0.507421,
    0.493197,
    0.455539,
    0.471034,
    0.447091,
    0.45017
  ],
  "learning_rates": [
    0.001,
    0.001,
    0.001,
    0.001,
    0.001,
    0.001,
    0.001,
    0.001,
    0.001,
    0.001,
    0.001,
    0.001,
    0.001,
    0.001,
    0.001,
    0.001,
    0.001,
    0.001,
    0.001,
    0.001,
    0.0005,
    0.0005,
    0.0005,
    0.0005,
    0.0005,
    0.0005,
    0.0005,
    0.0005,
    0.0005,
    0.0005,
    0.0005,
    0.0005,
    0.0005,
    0.0005,
    0.0005,
    0.0005,
    0.0005,
    0.0005
  ],
  "val_accuracy": [
    60.229885,
    65.632184,
    69.655172,
    72.988506,
    74.597701,
    75.057471,
    76.551724,
    77.816092,
    76.724138,
    78.045977,
    77.988506,
    79.195402,
    78.678161,
    79.137931,
    79.252874,
    78.390805,
    78.448276,
    79.195402,
    79.195402,
    77.586207,
    79.367816,
    79.252874,
    80.229885,
    79.54023,
    79.310345,
    79.597701,
    79.712644,
    79.54023,
    79.08046,
    80.057471,
    79.482759,
    78.563218,
    79.195402,
    79.022989,
    78.62069,
    79.137931,
    78.218391,
    78.850575
  ],
  "model_info": {
    "model_class": "BaseClassifier",
    "hidden_size": 128,
    "num_classes": 23,
    "emb_size_audio": 768,
    "emb_size_text": 512,
    "dropout": 0.1,
    "use_batch_norm": true,
    "mode": "both",
    "num_folds": 5,
    "fold_id": 1,
    "batch_size": 64,
    "random_seed": 1821
  }
}