{
  "train_cls_loss": [
    2.188117,
    1.403342,
    1.216462,
    1.10111,
    1.011876,
    0.999413,
    0.938076,
    0.901551,
    0.845659,
    0.842165,
    0.793616,
    0.770648,
    0.723344,
    0.708412,
    0.684668,
    0.679168,
    0.648867,
    0.641173,
    0.608127,
    0.585743,
    0.532857,
    0.489958,
    0.458172,
    0.445519,
    0.415107,
    0.412174,
    0.394307,
    0.392424,
    0.398568,
    0.36326,
    0.385532,
    0.349338,
    0.350391,
    0.344936,
    0.350163,
    0.324536,
    0.339059
  ],
  "train_top_cls_loss": [
    0.74284,
    0.524669,
    0.464462,
    0.453425,
    0.422203,
    0.414875,
    0.401537,
    0.385268,
    0.368435,
    0.360608,
    0.344591,
    0.333736,
    0.313053,
    0.307062,
    0.296825,
    0.302938,
    0.282004,
    0.283227,
    0.269224,
    0.25244,
    0.234204,
    0.217712,
    0.20882,
    0.193529,
    0.187074,
    0.184438,
    0.173496,
    0.172336,
    0.175778,
    0.168656,
    0.172846,
    0.15469,
    0.155312,
    0.151646,
    0.154876,
    0.150565,
    0.157893
  ],
  "train_total_loss": [
    2.708105,
    1.770611,
    1.541585,
    1.418507,
    1.307418,
    1.289826,
    1.219152,
    1.171238,
    1.103563,
    1.09459,
    1.03483,
    1.004263,
    0.942481,
    0.923356,
    0.892445,
    0.891224,
    0.84627,
    0.839432,
    0.796584,
    0.762451,
    0.6968,
    0.642356,
    0.604346,
    0.580989,
    0.546059,
    0.541281,
    0.515755,
    0.513059,
    0.521613,
    0.481319,
    0.506524,
    0.457621,
    0.45911,
    0.451088,
    0.458576,
    0.429931,
    0.449584
  ],
  "learning_rates": [
    0.001,
    0.001,
    0.001,
    0.001,
    0.001,
    0.001,
    0.001,
    0.001,
    0.001,
    0.001,
    0.001,
    0.001,
    0.001,
    0.001,
    0.001,
    0.001,
    0.001,
    0.001,
    0.001,
    0.001,
    0.0005,
    0.0005,
    0.0005,
    0.0005,
    0.0005,
    0.0005,
    0.0005,
    0.0005,
    0.0005,
    0.0005,
    0.0005,
    0.0005,
    0.0005,
    0.0005,
    0.0005,
    0.0005,
    0.0005
  ],
  "val_accuracy": [
    58.333333,
    64.885057,
    68.333333,
    71.896552,
    72.298851,
    72.931034,
    76.149425,
    76.436782,
    75.517241,
    76.724138,
    77.701149,
    76.609195,
    77.988506,
    77.816092,
    76.954023,
    75.574713,
    76.37931,
    76.37931,
    77.011494,
    76.034483,
    77.758621,
    78.793103,
    77.931034,
    77.758621,
    78.16092,
    77.701149,
    77.068966,
    76.609195,
    76.781609,
    76.954023,
    77.068966,
    76.551724,
    77.356322,
    76.321839,
    76.609195,
    77.528736,
    77.126437
  ],
  "model_info": {
    "model_class": "BaseClassifier",
    "hidden_size": 128,
    "num_classes": 23,
    "emb_size_audio": 1280,
    "emb_size_text": 0,
    "dropout": 0.1,
    "use_batch_norm": true,
    "mode": "audio",
    "num_folds": 5,
    "fold_id": 4,
    "batch_size": 64,
    "random_seed": 1821
  }
}