{
  "attention_audio": [
    0.50105,
    0.4991,
    0.499846,
    0.503757,
    0.508235,
    0.504491,
    0.504866,
    0.510221,
    0.508129,
    0.511278,
    0.507361,
    0.507453,
    0.506543,
    0.505064,
    0.505937,
    0.503608,
    0.50756,
    0.50621,
    0.507758,
    0.508056,
    0.510382,
    0.511877,
    0.511479,
    0.512258,
    0.513137,
    0.512463,
    0.513136,
    0.511736,
    0.509663,
    0.510275,
    0.510565,
    0.512101,
    0.515322,
    0.518141,
    0.514406,
    0.510233
  ],
  "attention_text": [
    0.49895,
    0.5009,
    0.500154,
    0.496243,
    0.491765,
    0.495509,
    0.495134,
    0.489779,
    0.491871,
    0.488722,
    0.492639,
    0.492547,
    0.493457,
    0.494936,
    0.494063,
    0.496392,
    0.49244,
    0.49379,
    0.492242,
    0.491944,
    0.489618,
    0.488123,
    0.488521,
    0.487742,
    0.486863,
    0.487537,
    0.486864,
    0.488264,
    0.490337,
    0.489725,
    0.489435,
    0.4879,
    0.484678,
    0.481859,
    0.485594,
    0.489767
  ],
  "train_cls_loss": [
    2.269907,
    1.367281,
    1.173835,
    1.045511,
    0.991108,
    0.926939,
    0.871286,
    0.851392,
    0.81453,
    0.784281,
    0.753001,
    0.72705,
    0.710642,
    0.698534,
    0.671014,
    0.653808,
    0.629877,
    0.63976,
    0.621412,
    0.578591,
    0.535716,
    0.487434,
    0.484447,
    0.471553,
    0.459164,
    0.465442,
    0.445341,
    0.447797,
    0.443245,
    0.42228,
    0.42194,
    0.419746,
    0.411753,
    0.399619,
    0.39677,
    0.366989
  ],
  "train_top_cls_loss": [
    0.843211,
    0.518556,
    0.482173,
    0.441877,
    0.429892,
    0.407217,
    0.387562,
    0.383801,
    0.363133,
    0.355589,
    0.345053,
    0.334221,
    0.325553,
    0.323621,
    0.309483,
    0.308157,
    0.294269,
    0.299082,
    0.284922,
    0.275473,
    0.26025,
    0.23605,
    0.228932,
    0.224777,
    0.216738,
    0.222431,
    0.213701,
    0.208428,
    0.215035,
    0.201541,
    0.203704,
    0.198656,
    0.202563,
    0.196664,
    0.19855,
    0.176101
  ],
  "train_total_loss": [
    2.52287,
    1.522848,
    1.318487,
    1.178074,
    1.120075,
    1.049104,
    0.987555,
    0.966533,
    0.92347,
    0.890958,
    0.856517,
    0.827316,
    0.808308,
    0.79562,
    0.763859,
    0.746255,
    0.718157,
    0.729485,
    0.706889,
    0.661233,
    0.61379,
    0.558249,
    0.553127,
    0.538986,
    0.524185,
    0.532172,
    0.509451,
    0.510326,
    0.507755,
    0.482742,
    0.483051,
    0.479343,
    0.472522,
    0.458618,
    0.456335,
    0.419819
  ],
  "learning_rates": [
    0.001,
    0.001,
    0.001,
    0.001,
    0.001,
    0.001,
    0.001,
    0.001,
    0.001,
    0.001,
    0.001,
    0.001,
    0.001,
    0.001,
    0.001,
    0.001,
    0.001,
    0.001,
    0.001,
    0.001,
    0.0005,
    0.0005,
    0.0005,
    0.0005,
    0.0005,
    0.0005,
    0.0005,
    0.0005,
    0.0005,
    0.0005,
    0.0005,
    0.0005,
    0.0005,
    0.0005,
    0.0005,
    0.0005
  ],
  "val_accuracy": [
    58.699373,
    68.168853,
    70.678836,
    74.957216,
    76.554478,
    77.296064,
    78.03765,
    77.980605,
    78.665145,
    78.322875,
    78.779236,
    77.980605,
    80.148317,
    78.551055,
    78.950371,
    80.490588,
    79.920137,
    79.749002,
    80.718768,
    80.091272,
    80.832858,
    80.319452,
    79.863092,
    80.148317,
    78.836281,
    79.977182,
    79.749002,
    79.577867,
    80.091272,
    79.235596,
    80.148317,
    80.034227,
    78.779236,
    78.779236,
    79.520821,
    79.235596
  ],
  "model_info": {
    "model_class": "BaseClassifier",
    "hidden_size": 128,
    "num_classes": 23,
    "emb_size_audio": 512,
    "emb_size_text": 512,
    "dropout": 0.1,
    "use_batch_norm": true,
    "mode": "both",
    "num_folds": 5,
    "fold_id": 3,
    "batch_size": 64,
    "random_seed": 1821
  }
}