{
  "attention_audio": [
    0.497398,
    0.493344,
    0.492282,
    0.492883,
    0.490699,
    0.495308,
    0.494525,
    0.502885,
    0.499303,
    0.498884,
    0.49484,
    0.499734,
    0.503609,
    0.502523,
    0.503072,
    0.505336,
    0.50502,
    0.505019,
    0.505187,
    0.504825,
    0.505866,
    0.505385,
    0.507647,
    0.505922,
    0.507646,
    0.509011,
    0.509064,
    0.506387,
    0.506466,
    0.508143,
    0.508275,
    0.508802,
    0.511526,
    0.51123,
    0.509512,
    0.510516,
    0.509612,
    0.508741,
    0.508449
  ],
  "attention_text": [
    0.502602,
    0.506656,
    0.507718,
    0.507117,
    0.509301,
    0.504692,
    0.505475,
    0.497115,
    0.500697,
    0.501116,
    0.50516,
    0.500266,
    0.496391,
    0.497477,
    0.496928,
    0.494664,
    0.49498,
    0.494981,
    0.494813,
    0.495175,
    0.494134,
    0.494615,
    0.492353,
    0.494078,
    0.492354,
    0.490989,
    0.490936,
    0.493613,
    0.493534,
    0.491857,
    0.491725,
    0.491197,
    0.488474,
    0.48877,
    0.490488,
    0.489484,
    0.490388,
    0.491259,
    0.491551
  ],
  "train_cls_loss": [
    2.308808,
    1.465239,
    1.186594,
    1.079703,
    0.98717,
    0.920929,
    0.870785,
    0.837702,
    0.813145,
    0.786047,
    0.752353,
    0.724004,
    0.714716,
    0.68975,
    0.679377,
    0.653887,
    0.642191,
    0.632428,
    0.600237,
    0.603042,
    0.529601,
    0.49079,
    0.460587,
    0.47509,
    0.469247,
    0.460349,
    0.437762,
    0.445343,
    0.434555,
    0.427914,
    0.422289,
    0.430003,
    0.418096,
    0.414315,
    0.405987,
    0.390903,
    0.391451,
    0.372696,
    0.372644
  ],
  "train_top_cls_loss": [
    0.809063,
    0.500909,
    0.456322,
    0.416495,
    0.415895,
    0.388725,
    0.376622,
    0.359315,
    0.355602,
    0.347438,
    0.333665,
    0.319025,
    0.326348,
    0.312027,
    0.302643,
    0.299014,
    0.282661,
    0.279099,
    0.269137,
    0.265566,
    0.234286,
    0.222234,
    0.204846,
    0.211445,
    0.206772,
    0.20847,
    0.197895,
    0.204971,
    0.195538,
    0.191717,
    0.192098,
    0.196222,
    0.184392,
    0.185195,
    0.189499,
    0.173556,
    0.176823,
    0.175037,
    0.1727
  ],
  "train_total_loss": [
    2.875152,
    1.815875,
    1.506019,
    1.371249,
    1.278296,
    1.193037,
    1.13442,
    1.089223,
    1.062066,
    1.029253,
    0.985918,
    0.947321,
    0.94316,
    0.908169,
    0.891227,
    0.863197,
    0.840054,
    0.827797,
    0.788632,
    0.788937,
    0.693601,
    0.646354,
    0.603979,
    0.623102,
    0.613987,
    0.606278,
    0.576289,
    0.588823,
    0.571432,
    0.562116,
    0.556758,
    0.567358,
    0.547171,
    0.543952,
    0.538636,
    0.512392,
    0.515227,
    0.495222,
    0.493534
  ],
  "learning_rates": [
    0.001,
    0.001,
    0.001,
    0.001,
    0.001,
    0.001,
    0.001,
    0.001,
    0.001,
    0.001,
    0.001,
    0.001,
    0.001,
    0.001,
    0.001,
    0.001,
    0.001,
    0.001,
    0.001,
    0.001,
    0.0005,
    0.0005,
    0.0005,
    0.0005,
    0.0005,
    0.0005,
    0.0005,
    0.0005,
    0.0005,
    0.0005,
    0.0005,
    0.0005,
    0.0005,
    0.0005,
    0.0005,
    0.0005,
    0.0005,
    0.0005,
    0.0005
  ],
  "val_accuracy": [
    50.998289,
    65.031375,
    69.25271,
    73.302909,
    75.071306,
    75.185396,
    77.124929,
    77.410154,
    76.668568,
    79.349686,
    78.322875,
    78.836281,
    76.440388,
    78.665145,
    78.551055,
    78.6081,
    78.722191,
    78.26583,
    78.551055,
    80.034227,
    80.433542,
    80.433542,
    80.433542,
    80.490588,
    79.863092,
    79.863092,
    79.064461,
    80.034227,
    79.863092,
    79.863092,
    80.319452,
    80.319452,
    79.349686,
    80.091272,
    79.577867,
    78.665145,
    79.634912,
    80.091272,
    79.349686
  ],
  "model_info": {
    "model_class": "BaseClassifier",
    "hidden_size": 128,
    "num_classes": 23,
    "emb_size_audio": 512,
    "emb_size_text": 512,
    "dropout": 0.1,
    "use_batch_norm": true,
    "mode": "both",
    "num_folds": 5,
    "fold_id": 4,
    "batch_size": 64,
    "random_seed": 1821
  }
}