{
  "attention_audio": [
    0.453128,
    0.439951,
    0.431395,
    0.422943,
    0.420431,
    0.419172,
    0.416523,
    0.40933,
    0.404945,
    0.406379,
    0.409455,
    0.413108,
    0.407458,
    0.412109,
    0.412812,
    0.416269,
    0.416399,
    0.416987,
    0.420582,
    0.416487,
    0.423562,
    0.427589,
    0.427865
  ],
  "attention_text": [
    0.546872,
    0.560049,
    0.568605,
    0.577057,
    0.579569,
    0.580828,
    0.583477,
    0.59067,
    0.595055,
    0.593621,
    0.590545,
    0.586892,
    0.592542,
    0.587891,
    0.587188,
    0.583731,
    0.583601,
    0.583013,
    0.579418,
    0.583513,
    0.576438,
    0.572411,
    0.572135
  ],
  "train_cls_loss": [
    1.170471,
    0.8301,
    0.734495,
    0.6809,
    0.641118,
    0.608734,
    0.586499,
    0.568634,
    0.552414,
    0.533181,
    0.524499,
    0.504832,
    0.49117,
    0.482666,
    0.46741,
    0.46224,
    0.4525,
    0.440962,
    0.431674,
    0.42377,
    0.378503,
    0.367734,
    0.353273
  ],
  "train_total_loss": [
    1.170471,
    0.8301,
    0.734495,
    0.6809,
    0.641118,
    0.608734,
    0.586499,
    0.568634,
    0.552414,
    0.533181,
    0.524499,
    0.504832,
    0.49117,
    0.482666,
    0.46741,
    0.46224,
    0.4525,
    0.440962,
    0.431674,
    0.42377,
    0.378503,
    0.367734,
    0.353273
  ],
  "learning_rates": [
    0.001,
    0.001,
    0.001,
    0.001,
    0.001,
    0.001,
    0.001,
    0.001,
    0.001,
    0.001,
    0.001,
    0.001,
    0.001,
    0.001,
    0.001,
    0.001,
    0.001,
    0.001,
    0.001,
    0.001,
    0.0005,
    0.0005,
    0.0005
  ],
  "val_accuracy": [
    62.863662,
    69.13862,
    72.789504,
    73.302909,
    75.470622,
    76.155163,
    75.584712,
    77.353109,
    76.668568,
    76.611523,
    75.698802,
    76.212208,
    75.984027,
    77.010839,
    76.554478,
    76.497433,
    77.353109,
    76.839703,
    76.041072,
    76.839703,
    77.239019,
    77.353109,
    77.296064
  ],
  "model_info": {
    "model_class": "BaseClassifier",
    "hidden_size": 128,
    "num_classes": 23,
    "emb_size_audio": 512,
    "emb_size_text": 512,
    "dropout": 0.1,
    "use_batch_norm": true,
    "mode": "both",
    "num_folds": 5,
    "fold_id": 1,
    "batch_size": 64,
    "random_seed": 1821
  }
}