{
  "attention_audio": [
    0.513812,
    0.487692,
    0.495233,
    0.499065,
    0.497577,
    0.496137,
    0.494004,
    0.498614,
    0.497528,
    0.497497,
    0.497357,
    0.499881,
    0.501169,
    0.502466,
    0.501102,
    0.502535,
    0.501487,
    0.5027,
    0.503469,
    0.504732,
    0.506965,
    0.507614,
    0.508458,
    0.505847,
    0.505179,
    0.504255,
    0.504644,
    0.506443,
    0.505903,
    0.505334,
    0.505356,
    0.506219,
    0.505452,
    0.508333,
    0.508155,
    0.505321
  ],
  "attention_text": [
    0.486188,
    0.512308,
    0.504767,
    0.500935,
    0.502423,
    0.503863,
    0.505996,
    0.501386,
    0.502472,
    0.502504,
    0.502643,
    0.500119,
    0.498831,
    0.497534,
    0.498898,
    0.497465,
    0.498513,
    0.4973,
    0.496531,
    0.495268,
    0.493035,
    0.492386,
    0.491542,
    0.494153,
    0.494821,
    0.495745,
    0.495356,
    0.493557,
    0.494097,
    0.494666,
    0.494644,
    0.493781,
    0.494548,
    0.491667,
    0.491845,
    0.494679
  ],
  "train_cls_loss": [
    1.73603,
    0.981482,
    0.791518,
    0.714534,
    0.654443,
    0.603138,
    0.567235,
    0.538131,
    0.503784,
    0.511587,
    0.482183,
    0.461429,
    0.461721,
    0.439972,
    0.429702,
    0.414598,
    0.411361,
    0.400556,
    0.377603,
    0.389353,
    0.338507,
    0.325643,
    0.320807,
    0.308314,
    0.293358,
    0.294183,
    0.299032,
    0.288527,
    0.287724,
    0.282263,
    0.27575,
    0.269889,
    0.266617,
    0.267982,
    0.265126,
    0.252523
  ],
  "train_total_loss": [
    1.73603,
    0.981482,
    0.791518,
    0.714534,
    0.654443,
    0.603138,
    0.567235,
    0.538131,
    0.503784,
    0.511587,
    0.482183,
    0.461429,
    0.461721,
    0.439972,
    0.429702,
    0.414598,
    0.411361,
    0.400556,
    0.377603,
    0.389353,
    0.338507,
    0.325643,
    0.320807,
    0.308314,
    0.293358,
    0.294183,
    0.299032,
    0.288527,
    0.287724,
    0.282263,
    0.27575,
    0.269889,
    0.266617,
    0.267982,
    0.265126,
    0.252523
  ],
  "learning_rates": [
    0.001,
    0.001,
    0.001,
    0.001,
    0.001,
    0.001,
    0.001,
    0.001,
    0.001,
    0.001,
    0.001,
    0.001,
    0.001,
    0.001,
    0.001,
    0.001,
    0.001,
    0.001,
    0.001,
    0.001,
    0.0005,
    0.0005,
    0.0005,
    0.0005,
    0.0005,
    0.0005,
    0.0005,
    0.0005,
    0.0005,
    0.0005,
    0.0005,
    0.0005,
    0.0005,
    0.0005,
    0.0005,
    0.0005
  ],
  "val_accuracy": [
    59.897319,
    68.054763,
    71.876783,
    75.128351,
    76.896748,
    77.181974,
    78.208785,
    78.03765,
    78.6081,
    79.121506,
    79.863092,
    80.319452,
    80.319452,
    79.920137,
    80.832858,
    79.920137,
    79.863092,
    80.262407,
    79.577867,
    80.091272,
    81.745579,
    80.319452,
    78.893326,
    80.889903,
    80.490588,
    80.718768,
    78.893326,
    79.463776,
    79.178551,
    79.749002,
    80.205362,
    79.863092,
    80.091272,
    80.205362,
    80.319452,
    78.6081
  ],
  "model_info": {
    "model_class": "BaseClassifier",
    "hidden_size": 128,
    "num_classes": 23,
    "emb_size_audio": 512,
    "emb_size_text": 512,
    "dropout": 0.1,
    "use_batch_norm": true,
    "mode": "both",
    "num_folds": 5,
    "fold_id": 2,
    "batch_size": 64,
    "random_seed": 1821
  }
}