{
  "attention_audio": [
    0.450015,
    0.43354,
    0.429019,
    0.419053,
    0.415209,
    0.413545,
    0.411501,
    0.409351,
    0.408256,
    0.408064,
    0.405111,
    0.407779,
    0.407622,
    0.415557,
    0.415664,
    0.417934,
    0.424515,
    0.421315,
    0.417606,
    0.417378,
    0.422733,
    0.421913,
    0.425131,
    0.42667,
    0.428698,
    0.425654,
    0.425634,
    0.430583,
    0.429478,
    0.429677,
    0.429923,
    0.433421,
    0.430921,
    0.431522
  ],
  "attention_text": [
    0.549985,
    0.56646,
    0.570981,
    0.580947,
    0.584791,
    0.586455,
    0.588499,
    0.590649,
    0.591744,
    0.591936,
    0.594889,
    0.592221,
    0.592378,
    0.584443,
    0.584336,
    0.582066,
    0.575485,
    0.578685,
    0.582394,
    0.582622,
    0.577267,
    0.578087,
    0.574869,
    0.57333,
    0.571302,
    0.574346,
    0.574366,
    0.569417,
    0.570521,
    0.570323,
    0.570077,
    0.566579,
    0.569079,
    0.568478
  ],
  "train_cls_loss": [
    0.811514,
    0.564134,
    0.500386,
    0.465702,
    0.442758,
    0.424857,
    0.407767,
    0.393867,
    0.382053,
    0.369388,
    0.359009,
    0.350055,
    0.341874,
    0.335428,
    0.328334,
    0.320605,
    0.31392,
    0.308305,
    0.303214,
    0.296559,
    0.265075,
    0.253882,
    0.245245,
    0.24471,
    0.235837,
    0.234893,
    0.226031,
    0.224364,
    0.220133,
    0.217805,
    0.213771,
    0.212699,
    0.208902,
    0.207407
  ],
  "train_total_loss": [
    0.811514,
    0.564134,
    0.500386,
    0.465702,
    0.442758,
    0.424857,
    0.407767,
    0.393867,
    0.382053,
    0.369388,
    0.359009,
    0.350055,
    0.341874,
    0.335428,
    0.328334,
    0.320605,
    0.31392,
    0.308305,
    0.303214,
    0.296559,
    0.265075,
    0.253882,
    0.245245,
    0.24471,
    0.235837,
    0.234893,
    0.226031,
    0.224364,
    0.220133,
    0.217805,
    0.213771,
    0.212699,
    0.208902,
    0.207407
  ],
  "learning_rates": [
    0.001,
    0.001,
    0.001,
    0.001,
    0.001,
    0.001,
    0.001,
    0.001,
    0.001,
    0.001,
    0.001,
    0.001,
    0.001,
    0.001,
    0.001,
    0.001,
    0.001,
    0.001,
    0.001,
    0.001,
    0.0005,
    0.0005,
    0.0005,
    0.0005,
    0.0005,
    0.0005,
    0.0005,
    0.0005,
    0.0005,
    0.0005,
    0.0005,
    0.0005,
    0.0005,
    0.0005
  ],
  "val_accuracy": [
    64.118654,
    75.470622,
    73.416999,
    74.272675,
    74.32972,
    75.128351,
    74.957216,
    75.641757,
    76.098118,
    75.470622,
    76.839703,
    77.239019,
    75.185396,
    75.812892,
    77.524244,
    77.809469,
    77.524244,
    75.413577,
    78.208785,
    77.124929,
    77.353109,
    77.067884,
    76.554478,
    77.752424,
    77.809469,
    77.467199,
    76.611523,
    77.638334,
    77.410154,
    78.15174,
    77.010839,
    77.752424,
    77.067884,
    77.067884
  ],
  "model_info": {
    "model_class": "BaseClassifier",
    "hidden_size": 128,
    "num_classes": 23,
    "emb_size_audio": 512,
    "emb_size_text": 512,
    "dropout": 0.1,
    "use_batch_norm": true,
    "mode": "both",
    "num_folds": 5,
    "fold_id": 3,
    "batch_size": 64,
    "random_seed": 1821
  }
}