{
  "train_cls_loss": [
    2.415519,
    1.632617,
    1.415148,
    1.333221,
    1.240507,
    1.177828,
    1.137216,
    1.124252,
    1.072395,
    1.032571,
    1.017447,
    0.98444,
    0.961822,
    0.937973,
    0.912734,
    0.89417,
    0.884228,
    0.871154,
    0.839858,
    0.856046,
    0.756289,
    0.72867,
    0.701219,
    0.728158,
    0.682634,
    0.663614,
    0.657448,
    0.659063,
    0.644668,
    0.641139,
    0.619604,
    0.610488,
    0.595507,
    0.585861,
    0.578348,
    0.559244,
    0.569562,
    0.546075,
    0.551213,
    0.532486
  ],
  "train_total_loss": [
    2.415519,
    1.632617,
    1.415148,
    1.333221,
    1.240507,
    1.177828,
    1.137216,
    1.124252,
    1.072395,
    1.032571,
    1.017447,
    0.98444,
    0.961822,
    0.937973,
    0.912734,
    0.89417,
    0.884228,
    0.871154,
    0.839858,
    0.856046,
    0.756289,
    0.72867,
    0.701219,
    0.728158,
    0.682634,
    0.663614,
    0.657448,
    0.659063,
    0.644668,
    0.641139,
    0.619604,
    0.610488,
    0.595507,
    0.585861,
    0.578348,
    0.559244,
    0.569562,
    0.546075,
    0.551213,
    0.532486
  ],
  "learning_rates": [
    0.001,
    0.001,
    0.001,
    0.001,
    0.001,
    0.001,
    0.001,
    0.001,
    0.001,
    0.001,
    0.001,
    0.001,
    0.001,
    0.001,
    0.001,
    0.001,
    0.001,
    0.001,
    0.001,
    0.001,
    0.0005,
    0.0005,
    0.0005,
    0.0005,
    0.0005,
    0.0005,
    0.0005,
    0.0005,
    0.0005,
    0.0005,
    0.0005,
    0.0005,
    0.0005,
    0.0005,
    0.0005,
    0.0005,
    0.0005,
    0.0005,
    0.0005,
    0.0005
  ],
  "val_accuracy": [
    60.068454,
    67.655448,
    69.081574,
    71.021107,
    72.047918,
    72.732459,
    72.732459,
    72.789504,
    73.98745,
    75.185396,
    74.272675,
    76.098118,
    75.185396,
    74.443811,
    73.302909,
    74.729036,
    75.926982,
    75.984027,
    75.014261,
    76.383343,
    76.440388,
    76.725613,
    76.668568,
    76.440388,
    76.839703,
    75.641757,
    76.497433,
    76.554478,
    76.725613,
    76.725613,
    76.782658,
    76.326298,
    76.554478,
    76.668568,
    75.812892,
    76.326298,
    75.470622,
    76.782658,
    75.984027,
    75.071306
  ],
  "model_info": {
    "model_class": "BaseClassifier",
    "hidden_size": 128,
    "num_classes": 23,
    "emb_size_audio": 512,
    "emb_size_text": 0,
    "dropout": 0.1,
    "use_batch_norm": true,
    "mode": "audio",
    "num_folds": 5,
    "fold_id": 3,
    "batch_size": 64,
    "random_seed": 1821
  }
}