{
  "attention_audio": [
    0.506001,
    0.506377,
    0.502236,
    0.505002,
    0.50645,
    0.506693,
    0.506229,
    0.50396,
    0.507761,
    0.505959,
    0.50648,
    0.510408,
    0.510023,
    0.508864,
    0.512067,
    0.505318,
    0.510373,
    0.508773,
    0.50926,
    0.506837,
    0.509382,
    0.511179,
    0.512205,
    0.513891,
    0.512194,
    0.51385,
    0.512939,
    0.51291,
    0.513854,
    0.513254,
    0.51325,
    0.512861,
    0.515923,
    0.516389,
    0.514207,
    0.514943,
    0.515185,
    0.514599,
    0.517481,
    0.514587,
    0.512621
  ],
  "attention_text": [
    0.493999,
    0.493623,
    0.497764,
    0.494998,
    0.49355,
    0.493307,
    0.493771,
    0.49604,
    0.492239,
    0.494041,
    0.49352,
    0.489592,
    0.489977,
    0.491136,
    0.487933,
    0.494682,
    0.489627,
    0.491227,
    0.49074,
    0.493163,
    0.490618,
    0.488821,
    0.487795,
    0.486109,
    0.487806,
    0.48615,
    0.487061,
    0.48709,
    0.486146,
    0.486746,
    0.48675,
    0.487139,
    0.484077,
    0.483611,
    0.485793,
    0.485057,
    0.484815,
    0.485401,
    0.482519,
    0.485413,
    0.487379
  ],
  "train_cls_loss": [
    2.246191,
    1.441401,
    1.221313,
    1.083451,
    0.990448,
    0.924727,
    0.887447,
    0.834294,
    0.773349,
    0.762404,
    0.714929,
    0.714155,
    0.680793,
    0.660224,
    0.642295,
    0.628786,
    0.600517,
    0.592138,
    0.550329,
    0.545727,
    0.492187,
    0.444187,
    0.439191,
    0.425958,
    0.420481,
    0.404559,
    0.390758,
    0.393575,
    0.38681,
    0.378255,
    0.372836,
    0.359419,
    0.370413,
    0.336093,
    0.355091,
    0.32954,
    0.329154,
    0.327006,
    0.309757,
    0.323047,
    0.278266
  ],
  "train_contrastive_loss": [
    3.821665,
    3.598065,
    3.560734,
    3.523075,
    3.509479,
    3.479378,
    3.469631,
    3.457031,
    3.440987,
    3.435946,
    3.410159,
    3.411707,
    3.399337,
    3.38959,
    3.381132,
    3.368951,
    3.361277,
    3.354724,
    3.348142,
    3.333127,
    3.320983,
    3.302693,
    3.293388,
    3.288967,
    3.286383,
    3.278644,
    3.270623,
    3.260116,
    3.263936,
    3.255387,
    3.25874,
    3.243064,
    3.245323,
    3.239577,
    3.243567,
    3.237993,
    3.233477,
    3.227094,
    3.218784,
    3.224924,
    3.211266
  ],
  "train_total_loss": [
    4.157023,
    3.240433,
    3.00168,
    2.844988,
    2.745187,
    2.664416,
    2.622262,
    2.56281,
    2.493843,
    2.480377,
    2.420008,
    2.420008,
    2.380461,
    2.355019,
    2.332861,
    2.313261,
    2.281155,
    2.2695,
    2.2244,
    2.212291,
    2.152679,
    2.095534,
    2.085885,
    2.070441,
    2.063672,
    2.043881,
    2.026069,
    2.023633,
    2.018778,
    2.005949,
    2.002207,
    1.980951,
    1.993075,
    1.955881,
    1.976874,
    1.948536,
    1.945892,
    1.940553,
    1.919149,
    1.93551,
    1.883899
  ],
  "learning_rates": [
    0.001,
    0.001,
    0.001,
    0.001,
    0.001,
    0.001,
    0.001,
    0.001,
    0.001,
    0.001,
    0.001,
    0.001,
    0.001,
    0.001,
    0.001,
    0.001,
    0.001,
    0.001,
    0.001,
    0.001,
    0.0005,
    0.0005,
    0.0005,
    0.0005,
    0.0005,
    0.0005,
    0.0005,
    0.0005,
    0.0005,
    0.0005,
    0.0005,
    0.0005,
    0.0005,
    0.0005,
    0.0005,
    0.0005,
    0.0005,
    0.0005,
    0.0005,
    0.0005,
    0.00025
  ],
  "val_accuracy": [
    57.501426,
    63.205933,
    69.59498,
    72.504278,
    73.64518,
    74.500856,
    72.732459,
    75.128351,
    77.410154,
    77.524244,
    77.239019,
    78.665145,
    79.634912,
    78.208785,
    77.524244,
    78.03765,
    78.37992,
    77.638334,
    79.007416,
    78.03765,
    78.836281,
    78.665145,
    79.577867,
    78.722191,
    78.322875,
    79.749002,
    78.836281,
    78.950371,
    78.49401,
    78.6081,
    78.551055,
    79.064461,
    78.094695,
    78.322875,
    78.893326,
    78.893326,
    78.836281,
    78.208785,
    78.436965,
    78.665145,
    79.121506
  ],
  "model_info": {
    "model_class": "BaseClassifier",
    "hidden_size": 128,
    "num_classes": 23,
    "emb_size_audio": 512,
    "emb_size_text": 512,
    "dropout": 0.1,
    "use_batch_norm": true,
    "mode": "both",
    "num_folds": 5,
    "fold_id": 1,
    "batch_size": 64,
    "random_seed": 1821
  }
}