{
  "train_cls_loss": [
    1.826741,
    1.446095,
    1.349029,
    1.27433,
    1.225731,
    1.184865,
    1.135932,
    1.104843,
    1.089218,
    1.048954,
    1.035146,
    1.009751,
    0.988434,
    0.973121,
    0.94649,
    0.925911,
    0.909973,
    0.891448,
    0.872517,
    0.862988,
    0.784163,
    0.76154,
    0.736441,
    0.729636,
    0.709162,
    0.697047,
    0.687531,
    0.677863,
    0.6732,
    0.656296,
    0.646287,
    0.633903,
    0.617939,
    0.608742,
    0.602709,
    0.599476,
    0.580198,
    0.572335,
    0.568764,
    0.564555,
    0.527733,
    0.501925,
    0.495603,
    0.475491,
    0.470701,
    0.476844,
    0.465991,
    0.458982,
    0.45683,
    0.447655,
    0.439312,
    0.441022,
    0.434355,
    0.42703,
    0.419611,
    0.418343,
    0.41435,
    0.405672,
    0.414446,
    0.411707,
    0.384804,
    0.371342,
    0.375092,
    0.368836,
    0.359015,
    0.359591,
    0.363387,
    0.361722,
    0.353396,
    0.354016,
    0.349059,
    0.345927,
    0.343428,
    0.342869,
    0.347407,
    0.339335
  ],
  "train_total_loss": [
    1.826741,
    1.446095,
    1.349029,
    1.27433,
    1.225731,
    1.184865,
    1.135932,
    1.104843,
    1.089218,
    1.048954,
    1.035146,
    1.009751,
    0.988434,
    0.973121,
    0.94649,
    0.925911,
    0.909973,
    0.891448,
    0.872517,
    0.862988,
    0.784163,
    0.76154,
    0.736441,
    0.729636,
    0.709162,
    0.697047,
    0.687531,
    0.677863,
    0.6732,
    0.656296,
    0.646287,
    0.633903,
    0.617939,
    0.608742,
    0.602709,
    0.599476,
    0.580198,
    0.572335,
    0.568764,
    0.564555,
    0.527733,
    0.501925,
    0.495603,
    0.475491,
    0.470701,
    0.476844,
    0.465991,
    0.458982,
    0.45683,
    0.447655,
    0.439312,
    0.441022,
    0.434355,
    0.42703,
    0.419611,
    0.418343,
    0.41435,
    0.405672,
    0.414446,
    0.411707,
    0.384804,
    0.371342,
    0.375092,
    0.368836,
    0.359015,
    0.359591,
    0.363387,
    0.361722,
    0.353396,
    0.354016,
    0.349059,
    0.345927,
    0.343428,
    0.342869,
    0.347407,
    0.339335
  ],
  "learning_rates": [
    0.001,
    0.001,
    0.001,
    0.001,
    0.001,
    0.001,
    0.001,
    0.001,
    0.001,
    0.001,
    0.001,
    0.001,
    0.001,
    0.001,
    0.001,
    0.001,
    0.001,
    0.001,
    0.001,
    0.001,
    0.0005,
    0.0005,
    0.0005,
    0.0005,
    0.0005,
    0.0005,
    0.0005,
    0.0005,
    0.0005,
    0.0005,
    0.0005,
    0.0005,
    0.0005,
    0.0005,
    0.0005,
    0.0005,
    0.0005,
    0.0005,
    0.0005,
    0.0005,
    0.00025,
    0.00025,
    0.00025,
    0.00025,
    0.00025,
    0.00025,
    0.00025,
    0.00025,
    0.00025,
    0.00025,
    0.00025,
    0.00025,
    0.00025,
    0.00025,
    0.00025,
    0.00025,
    0.00025,
    0.00025,
    0.00025,
    0.00025,
    0.000125,
    0.000125,
    0.000125,
    0.000125,
    0.000125,
    0.000125,
    0.000125,
    0.000125,
    0.000125,
    0.000125,
    0.000125,
    0.000125,
    0.000125,
    0.000125,
    0.000125,
    0.000125
  ],
  "val_accuracy": [
    60.099305,
    63.018868,
    64.985104,
    64.786495,
    65.878848,
    67.368421,
    68.381331,
    69.513406,
    68.500497,
    69.612711,
    69.59285,
    70.427011,
    69.195631,
    70.486594,
    71.22145,
    70.943396,
    71.797418,
    71.102284,
    71.857001,
    71.380338,
    72.810328,
    73.485601,
    73.306852,
    73.783515,
    73.128103,
    73.843098,
    73.525323,
    73.167825,
    73.445879,
    73.843098,
    73.783515,
    73.426018,
    73.545184,
    73.565045,
    74.021847,
    73.624628,
    73.604767,
    73.823237,
    74.379345,
    74.260179,
    74.399206,
    74.08143,
    73.982125,
    74.28004,
    74.657398,
    74.49851,
    74.597815,
    74.220457,
    74.856008,
    74.69712,
    74.69712,
    74.558093,
    74.856008,
    74.399206,
    74.69712,
    74.89573,
    74.915591,
    74.558093,
    74.438928,
    74.875869,
    75.372393,
    75.193644,
    75.134062,
    75.153923,
    75.054618,
    75.153923,
    75.134062,
    74.935452,
    74.836147,
    75.153923,
    75.292949,
    75.31281,
    75.153923,
    74.995035,
    75.114201,
    75.034757
  ],
  "model_info": {
    "model_class": "BaseClassifier",
    "hidden_size": 128,
    "num_classes": 23,
    "emb_size_audio": 512,
    "emb_size_text": 0,
    "dropout": 0.1,
    "use_batch_norm": true,
    "mode": "audio",
    "num_folds": 5,
    "fold_id": 0,
    "batch_size": 64,
    "random_seed": 1821
  }
}