{
  "attention_audio": [
    0.520742,
    0.500768,
    0.492711,
    0.485716,
    0.484211,
    0.479607,
    0.47612,
    0.476207,
    0.47952,
    0.475042,
    0.470858,
    0.472884,
    0.470835,
    0.469579,
    0.469135,
    0.474577,
    0.472318,
    0.472632,
    0.473715,
    0.474458,
    0.474304,
    0.476259,
    0.475095,
    0.474898,
    0.476837,
    0.477883,
    0.477401,
    0.479583,
    0.478054,
    0.479255,
    0.479955,
    0.479971
  ],
  "attention_text": [
    0.479258,
    0.499232,
    0.507289,
    0.514284,
    0.515789,
    0.520393,
    0.52388,
    0.523793,
    0.52048,
    0.524958,
    0.529142,
    0.527116,
    0.529165,
    0.530421,
    0.530865,
    0.525423,
    0.527682,
    0.527368,
    0.526285,
    0.525542,
    0.525696,
    0.523741,
    0.524905,
    0.525102,
    0.523163,
    0.522117,
    0.522599,
    0.520417,
    0.521946,
    0.520745,
    0.520045,
    0.520029
  ],
  "train_cls_loss": [
    2.292984,
    1.474752,
    1.208198,
    1.053419,
    0.959685,
    0.916248,
    0.861101,
    0.813564,
    0.812128,
    0.789014,
    0.76138,
    0.744732,
    0.711419,
    0.667245,
    0.697451,
    0.647844,
    0.62668,
    0.62162,
    0.613492,
    0.601187,
    0.533035,
    0.49638,
    0.489033,
    0.479058,
    0.460639,
    0.44661,
    0.443528,
    0.433298,
    0.419513,
    0.416157,
    0.40383,
    0.409522
  ],
  "train_top_cls_loss": [
    0.828151,
    0.520485,
    0.477148,
    0.433838,
    0.415063,
    0.40131,
    0.380691,
    0.362137,
    0.361838,
    0.347582,
    0.3381,
    0.331199,
    0.316961,
    0.292683,
    0.307233,
    0.283852,
    0.276636,
    0.277977,
    0.275198,
    0.255167,
    0.235178,
    0.218168,
    0.217445,
    0.20624,
    0.200664,
    0.199996,
    0.198887,
    0.190354,
    0.179809,
    0.189633,
    0.179026,
    0.182938
  ],
  "train_total_loss": [
    2.87269,
    1.839092,
    1.542202,
    1.357106,
    1.250229,
    1.197165,
    1.127584,
    1.06706,
    1.065415,
    1.032322,
    0.998051,
    0.976571,
    0.933291,
    0.872123,
    0.912514,
    0.84654,
    0.820325,
    0.816204,
    0.80613,
    0.779804,
    0.697659,
    0.649098,
    0.641245,
    0.623425,
    0.601104,
    0.586608,
    0.582749,
    0.566545,
    0.54538,
    0.5489,
    0.529147,
    0.537578
  ],
  "learning_rates": [
    0.001,
    0.001,
    0.001,
    0.001,
    0.001,
    0.001,
    0.001,
    0.001,
    0.001,
    0.001,
    0.001,
    0.001,
    0.001,
    0.001,
    0.001,
    0.001,
    0.001,
    0.001,
    0.001,
    0.001,
    0.0005,
    0.0005,
    0.0005,
    0.0005,
    0.0005,
    0.0005,
    0.0005,
    0.0005,
    0.0005,
    0.0005,
    0.0005,
    0.0005
  ],
  "val_accuracy": [
    53.045977,
    61.321839,
    71.83908,
    73.045977,
    74.827586,
    75.229885,
    77.126437,
    75.689655,
    77.241379,
    77.816092,
    76.896552,
    76.666667,
    76.896552,
    76.724138,
    77.931034,
    77.241379,
    79.252874,
    78.16092,
    77.816092,
    78.333333,
    78.563218,
    77.931034,
    78.390805,
    77.816092,
    78.218391,
    78.390805,
    78.735632,
    78.735632,
    77.931034,
    78.62069,
    78.045977,
    77.413793
  ],
  "model_info": {
    "model_class": "BaseClassifier",
    "hidden_size": 128,
    "num_classes": 23,
    "emb_size_audio": 768,
    "emb_size_text": 512,
    "dropout": 0.1,
    "use_batch_norm": true,
    "mode": "both",
    "num_folds": 5,
    "fold_id": 3,
    "batch_size": 64,
    "random_seed": 1821
  }
}