{
  "attention_audio": [
    0.54048,
    0.535952,
    0.53407,
    0.537086,
    0.541436,
    0.54363,
    0.544096,
    0.549849,
    0.559374,
    0.55563,
    0.558108,
    0.564485,
    0.564934,
    0.565343,
    0.563273,
    0.568837,
    0.570066,
    0.572782,
    0.580799,
    0.575418,
    0.577015,
    0.575819,
    0.579538,
    0.577704,
    0.580312,
    0.579452,
    0.584423,
    0.581579,
    0.584968,
    0.583684,
    0.582462,
    0.586742,
    0.585058,
    0.585973,
    0.589339,
    0.589488
  ],
  "attention_text": [
    0.45952,
    0.464048,
    0.46593,
    0.462914,
    0.458564,
    0.45637,
    0.455904,
    0.450151,
    0.440626,
    0.44437,
    0.441892,
    0.435515,
    0.435066,
    0.434657,
    0.436727,
    0.431164,
    0.429934,
    0.427218,
    0.419201,
    0.424582,
    0.422985,
    0.424181,
    0.420462,
    0.422296,
    0.419688,
    0.420548,
    0.415577,
    0.418421,
    0.415032,
    0.416316,
    0.417538,
    0.413258,
    0.414942,
    0.414027,
    0.410661,
    0.410512
  ],
  "train_cls_loss": [
    2.248828,
    1.339281,
    1.106577,
    0.973974,
    0.885855,
    0.828797,
    0.80156,
    0.772553,
    0.715077,
    0.696135,
    0.679172,
    0.635923,
    0.603265,
    0.600404,
    0.594837,
    0.56242,
    0.536417,
    0.528271,
    0.483702,
    0.506104,
    0.423597,
    0.394729,
    0.377114,
    0.345709,
    0.339472,
    0.336477,
    0.318569,
    0.321805,
    0.300009,
    0.304025,
    0.292766,
    0.284762,
    0.291654,
    0.295069,
    0.288787,
    0.263934
  ],
  "train_top_cls_loss": [
    0.871517,
    0.52067,
    0.456972,
    0.425843,
    0.403444,
    0.374345,
    0.364724,
    0.352978,
    0.332296,
    0.328357,
    0.320494,
    0.3041,
    0.288784,
    0.284193,
    0.279632,
    0.26045,
    0.256742,
    0.254512,
    0.235142,
    0.242435,
    0.20027,
    0.193402,
    0.18118,
    0.177419,
    0.168551,
    0.171398,
    0.159955,
    0.166628,
    0.150985,
    0.151231,
    0.150035,
    0.149287,
    0.152023,
    0.150526,
    0.149321,
    0.135237
  ],
  "train_total_loss": [
    2.510284,
    1.495481,
    1.243668,
    1.101727,
    1.006888,
    0.941101,
    0.910977,
    0.878446,
    0.814766,
    0.794642,
    0.77532,
    0.727153,
    0.6899,
    0.685662,
    0.678727,
    0.640555,
    0.613439,
    0.604624,
    0.554245,
    0.578834,
    0.483678,
    0.452749,
    0.431468,
    0.398935,
    0.390038,
    0.387897,
    0.366556,
    0.371793,
    0.345304,
    0.349395,
    0.337776,
    0.329548,
    0.337261,
    0.340227,
    0.333584,
    0.304505
  ],
  "learning_rates": [
    0.001,
    0.001,
    0.001,
    0.001,
    0.001,
    0.001,
    0.001,
    0.001,
    0.001,
    0.001,
    0.001,
    0.001,
    0.001,
    0.001,
    0.001,
    0.001,
    0.001,
    0.001,
    0.001,
    0.001,
    0.0005,
    0.0005,
    0.0005,
    0.0005,
    0.0005,
    0.0005,
    0.0005,
    0.0005,
    0.0005,
    0.0005,
    0.0005,
    0.0005,
    0.0005,
    0.0005,
    0.0005,
    0.0005
  ],
  "val_accuracy": [
    59.54023,
    70.287356,
    73.908046,
    75.689655,
    77.068966,
    78.448276,
    77.873563,
    75.114943,
    79.885057,
    78.16092,
    79.712644,
    79.827586,
    79.942529,
    80.287356,
    77.931034,
    79.54023,
    79.712644,
    79.942529,
    79.597701,
    79.310345,
    81.37931,
    80.45977,
    80.862069,
    79.885057,
    79.770115,
    79.252874,
    79.712644,
    80.402299,
    79.195402,
    79.597701,
    80.172414,
    78.908046,
    79.655172,
    78.965517,
    79.425287,
    78.735632
  ],
  "model_info": {
    "model_class": "BaseClassifier",
    "hidden_size": 128,
    "num_classes": 23,
    "emb_size_audio": 1280,
    "emb_size_text": 512,
    "dropout": 0.1,
    "use_batch_norm": true,
    "mode": "both",
    "num_folds": 5,
    "fold_id": 2,
    "batch_size": 64,
    "random_seed": 1821
  }
}