{
  "attention_audio": [
    0.505985,
    0.516649,
    0.509471,
    0.503601,
    0.503826,
    0.501789,
    0.503053,
    0.504263,
    0.504186,
    0.505709,
    0.50411,
    0.505897,
    0.509164,
    0.509167,
    0.512978,
    0.512291,
    0.513968,
    0.510191,
    0.512177,
    0.512143,
    0.511127,
    0.509178,
    0.512712,
    0.51206,
    0.511142,
    0.512279,
    0.513436,
    0.512174,
    0.51288,
    0.510515,
    0.512518,
    0.510949,
    0.512111,
    0.512197,
    0.513069,
    0.513813,
    0.51733,
    0.513757
  ],
  "attention_text": [
    0.494015,
    0.483351,
    0.490529,
    0.496399,
    0.496174,
    0.498211,
    0.496947,
    0.495737,
    0.495814,
    0.494291,
    0.49589,
    0.494102,
    0.490836,
    0.490833,
    0.487022,
    0.487709,
    0.486032,
    0.489809,
    0.487823,
    0.487857,
    0.488874,
    0.490822,
    0.487288,
    0.48794,
    0.488858,
    0.487721,
    0.486564,
    0.487826,
    0.48712,
    0.489485,
    0.487482,
    0.489051,
    0.487889,
    0.487803,
    0.486931,
    0.486187,
    0.482671,
    0.486243
  ],
  "train_cls_loss": [
    2.239143,
    1.328901,
    1.132913,
    1.029606,
    0.947359,
    0.924126,
    0.858039,
    0.813323,
    0.806364,
    0.737888,
    0.753964,
    0.7193,
    0.706027,
    0.654051,
    0.663526,
    0.63844,
    0.643774,
    0.61168,
    0.59324,
    0.595738,
    0.514963,
    0.490845,
    0.486641,
    0.458763,
    0.45414,
    0.44525,
    0.450592,
    0.438231,
    0.430462,
    0.415543,
    0.413672,
    0.411548,
    0.400654,
    0.395865,
    0.384257,
    0.394363,
    0.38638,
    0.361776
  ],
  "train_top_cls_loss": [
    0.915895,
    0.547123,
    0.48158,
    0.448627,
    0.411986,
    0.420835,
    0.393437,
    0.372991,
    0.382689,
    0.347038,
    0.352566,
    0.340965,
    0.337721,
    0.312417,
    0.31588,
    0.307551,
    0.303854,
    0.289673,
    0.294324,
    0.282143,
    0.256222,
    0.242247,
    0.235025,
    0.223686,
    0.220281,
    0.218993,
    0.226511,
    0.219193,
    0.212666,
    0.210456,
    0.202234,
    0.201993,
    0.204572,
    0.191983,
    0.192305,
    0.189452,
    0.188716,
    0.18456
  ],
  "train_total_loss": [
    2.513911,
    1.493038,
    1.277387,
    1.164194,
    1.070955,
    1.050376,
    0.97607,
    0.92522,
    0.921171,
    0.842,
    0.859734,
    0.82159,
    0.807344,
    0.747776,
    0.75829,
    0.730705,
    0.734931,
    0.698582,
    0.681538,
    0.680381,
    0.59183,
    0.563519,
    0.557148,
    0.525869,
    0.520224,
    0.510948,
    0.518546,
    0.503989,
    0.494262,
    0.47868,
    0.474342,
    0.472146,
    0.462026,
    0.45346,
    0.441948,
    0.451199,
    0.442995,
    0.417144
  ],
  "learning_rates": [
    0.001,
    0.001,
    0.001,
    0.001,
    0.001,
    0.001,
    0.001,
    0.001,
    0.001,
    0.001,
    0.001,
    0.001,
    0.001,
    0.001,
    0.001,
    0.001,
    0.001,
    0.001,
    0.001,
    0.001,
    0.0005,
    0.0005,
    0.0005,
    0.0005,
    0.0005,
    0.0005,
    0.0005,
    0.0005,
    0.0005,
    0.0005,
    0.0005,
    0.0005,
    0.0005,
    0.0005,
    0.0005,
    0.0005,
    0.0005,
    0.0005
  ],
  "val_accuracy": [
    62.806617,
    69.13862,
    71.990873,
    75.128351,
    76.611523,
    76.383343,
    76.098118,
    78.37992,
    77.980605,
    78.49401,
    78.836281,
    78.208785,
    78.6081,
    77.980605,
    78.03765,
    78.665145,
    78.03765,
    79.121506,
    77.353109,
    77.980605,
    79.406731,
    78.836281,
    79.520821,
    78.37992,
    79.064461,
    77.92356,
    77.581289,
    78.893326,
    79.292641,
    78.779236,
    78.208785,
    77.980605,
    78.03765,
    78.665145,
    78.6081,
    78.6081,
    78.836281,
    78.551055
  ],
  "model_info": {
    "model_class": "BaseClassifier",
    "hidden_size": 128,
    "num_classes": 23,
    "emb_size_audio": 512,
    "emb_size_text": 512,
    "dropout": 0.1,
    "use_batch_norm": true,
    "mode": "both",
    "num_folds": 5,
    "fold_id": 1,
    "batch_size": 64,
    "random_seed": 1821
  }
}