{
  "train_cls_loss": [
    2.340722,
    1.667837,
    1.427373,
    1.333715,
    1.239521,
    1.199083,
    1.14168,
    1.122615,
    1.083271,
    1.051248,
    1.026839,
    0.974935,
    0.978669,
    0.921891,
    0.90582,
    0.893565,
    0.874664,
    0.85536,
    0.837311,
    0.816817,
    0.723313,
    0.70366,
    0.680783,
    0.651197,
    0.64663,
    0.65233,
    0.621157,
    0.617424,
    0.600676,
    0.587704,
    0.585987,
    0.567022,
    0.5627,
    0.556445,
    0.55763,
    0.545081
  ],
  "train_top_cls_loss": [
    0.888019,
    0.662657,
    0.588909,
    0.569372,
    0.532262,
    0.519632,
    0.500744,
    0.49523,
    0.487423,
    0.460215,
    0.45123,
    0.427439,
    0.432795,
    0.408062,
    0.399328,
    0.392055,
    0.390942,
    0.389346,
    0.371535,
    0.36898,
    0.319157,
    0.311484,
    0.309826,
    0.283831,
    0.296838,
    0.287692,
    0.277636,
    0.278044,
    0.26652,
    0.267353,
    0.253733,
    0.255722,
    0.25476,
    0.248414,
    0.251537,
    0.233411
  ],
  "train_total_loss": [
    2.784731,
    1.999165,
    1.721827,
    1.618401,
    1.505652,
    1.458899,
    1.392052,
    1.37023,
    1.326982,
    1.281356,
    1.252454,
    1.188655,
    1.195066,
    1.125923,
    1.105484,
    1.089592,
    1.070135,
    1.050033,
    1.023079,
    1.001307,
    0.882891,
    0.859402,
    0.835696,
    0.793112,
    0.795049,
    0.796176,
    0.759975,
    0.756445,
    0.733935,
    0.72138,
    0.712854,
    0.694883,
    0.69008,
    0.680652,
    0.683398,
    0.661787
  ],
  "learning_rates": [
    0.001,
    0.001,
    0.001,
    0.001,
    0.001,
    0.001,
    0.001,
    0.001,
    0.001,
    0.001,
    0.001,
    0.001,
    0.001,
    0.001,
    0.001,
    0.001,
    0.001,
    0.001,
    0.001,
    0.001,
    0.0005,
    0.0005,
    0.0005,
    0.0005,
    0.0005,
    0.0005,
    0.0005,
    0.0005,
    0.0005,
    0.0005,
    0.0005,
    0.0005,
    0.0005,
    0.0005,
    0.0005,
    0.0005
  ],
  "val_accuracy": [
    50.172414,
    60.172414,
    63.045977,
    65.0,
    67.586207,
    68.793103,
    67.241379,
    68.390805,
    69.195402,
    69.770115,
    69.712644,
    70.862069,
    70.862069,
    71.494253,
    71.206897,
    73.103448,
    71.896552,
    72.356322,
    71.83908,
    72.356322,
    73.735632,
    73.563218,
    72.413793,
    72.068966,
    73.103448,
    73.62069,
    73.505747,
    72.701149,
    73.448276,
    73.735632,
    72.758621,
    71.83908,
    72.816092,
    72.643678,
    73.390805,
    72.528736
  ],
  "model_info": {
    "model_class": "BaseClassifier",
    "hidden_size": 128,
    "num_classes": 23,
    "emb_size_audio": 768,
    "emb_size_text": 0,
    "dropout": 0.1,
    "use_batch_norm": true,
    "mode": "audio",
    "num_folds": 5,
    "fold_id": 1,
    "batch_size": 64,
    "random_seed": 1821
  }
}