{
  "attention_audio": [
    0.495665,
    0.494168,
    0.494939,
    0.489186,
    0.495892,
    0.496641,
    0.494647,
    0.497844,
    0.496114,
    0.495688,
    0.498523,
    0.495778,
    0.496826,
    0.499928,
    0.500015,
    0.509272,
    0.505861,
    0.509218,
    0.506685,
    0.505744,
    0.507103,
    0.507894,
    0.507049,
    0.507514,
    0.505664,
    0.510106,
    0.513201,
    0.512876,
    0.512024,
    0.513265,
    0.513057,
    0.510805,
    0.512472,
    0.512803,
    0.513578,
    0.513308,
    0.512989,
    0.511387,
    0.512979,
    0.50772,
    0.51127,
    0.512548,
    0.513951,
    0.513234,
    0.514962,
    0.515582,
    0.516231,
    0.51701,
    0.516346,
    0.517693,
    0.51828,
    0.517312,
    0.519782,
    0.520231,
    0.519628,
    0.518513,
    0.520834
  ],
  "attention_text": [
    0.504335,
    0.505832,
    0.505061,
    0.510814,
    0.504108,
    0.503359,
    0.505353,
    0.502156,
    0.503886,
    0.504312,
    0.501477,
    0.504222,
    0.503174,
    0.500072,
    0.499985,
    0.490728,
    0.494139,
    0.490782,
    0.493315,
    0.494256,
    0.492897,
    0.492106,
    0.492951,
    0.492486,
    0.494336,
    0.489894,
    0.4868,
    0.487124,
    0.487976,
    0.486735,
    0.486943,
    0.489195,
    0.487528,
    0.487197,
    0.486422,
    0.486692,
    0.487011,
    0.488614,
    0.487021,
    0.49228,
    0.48873,
    0.487452,
    0.486049,
    0.486766,
    0.485038,
    0.484418,
    0.483769,
    0.48299,
    0.483654,
    0.482307,
    0.48172,
    0.482688,
    0.480218,
    0.479769,
    0.480372,
    0.481487,
    0.479166
  ],
  "train_cls_loss": [
    2.232055,
    1.285633,
    1.039292,
    0.889616,
    0.82952,
    0.755925,
    0.738586,
    0.690906,
    0.650497,
    0.629329,
    0.596057,
    0.576551,
    0.571601,
    0.543901,
    0.534344,
    0.546163,
    0.513814,
    0.492182,
    0.487737,
    0.48082,
    0.399865,
    0.380749,
    0.371549,
    0.369422,
    0.337509,
    0.350635,
    0.345917,
    0.314221,
    0.313725,
    0.31143,
    0.313627,
    0.298246,
    0.307081,
    0.30313,
    0.286411,
    0.289169,
    0.259707,
    0.274953,
    0.277674,
    0.276339,
    0.232546,
    0.214008,
    0.207791,
    0.194003,
    0.194873,
    0.195002,
    0.194633,
    0.188261,
    0.188156,
    0.185749,
    0.183094,
    0.173337,
    0.161145,
    0.162088,
    0.177125,
    0.161153,
    0.153364
  ],
  "train_total_loss": [
    2.232055,
    1.285633,
    1.039292,
    0.889616,
    0.82952,
    0.755925,
    0.738586,
    0.690906,
    0.650497,
    0.629329,
    0.596057,
    0.576551,
    0.571601,
    0.543901,
    0.534344,
    0.546163,
    0.513814,
    0.492182,
    0.487737,
    0.48082,
    0.399865,
    0.380749,
    0.371549,
    0.369422,
    0.337509,
    0.350635,
    0.345917,
    0.314221,
    0.313725,
    0.31143,
    0.313627,
    0.298246,
    0.307081,
    0.30313,
    0.286411,
    0.289169,
    0.259707,
    0.274953,
    0.277674,
    0.276339,
    0.232546,
    0.214008,
    0.207791,
    0.194003,
    0.194873,
    0.195002,
    0.194633,
    0.188261,
    0.188156,
    0.185749,
    0.183094,
    0.173337,
    0.161145,
    0.162088,
    0.177125,
    0.161153,
    0.153364
  ],
  "learning_rates": [
    0.001,
    0.001,
    0.001,
    0.001,
    0.001,
    0.001,
    0.001,
    0.001,
    0.001,
    0.001,
    0.001,
    0.001,
    0.001,
    0.001,
    0.001,
    0.001,
    0.001,
    0.001,
    0.001,
    0.001,
    0.0005,
    0.0005,
    0.0005,
    0.0005,
    0.0005,
    0.0005,
    0.0005,
    0.0005,
    0.0005,
    0.0005,
    0.0005,
    0.0005,
    0.0005,
    0.0005,
    0.0005,
    0.0005,
    0.0005,
    0.0005,
    0.0005,
    0.0005,
    0.00025,
    0.00025,
    0.00025,
    0.00025,
    0.00025,
    0.00025,
    0.00025,
    0.00025,
    0.00025,
    0.00025,
    0.00025,
    0.00025,
    0.00025,
    0.00025,
    0.00025,
    0.00025,
    0.00025
  ],
  "val_accuracy": [
    63.662293,
    67.541358,
    73.245864,
    74.786081,
    75.698802,
    76.041072,
    77.410154,
    78.6081,
    77.752424,
    78.779236,
    79.749002,
    78.37992,
    77.980605,
    79.863092,
    79.863092,
    79.178551,
    79.463776,
    80.034227,
    79.806047,
    80.262407,
    80.091272,
    80.034227,
    80.091272,
    78.779236,
    79.806047,
    79.349686,
    80.319452,
    80.148317,
    79.691957,
    80.148317,
    80.547633,
    79.806047,
    80.091272,
    80.490588,
    80.775813,
    80.433542,
    80.319452,
    80.319452,
    79.863092,
    79.691957,
    80.034227,
    81.289218,
    80.433542,
    80.775813,
    80.946948,
    80.661723,
    80.832858,
    80.034227,
    80.433542,
    79.863092,
    80.376497,
    81.003993,
    79.691957,
    80.091272,
    80.547633,
    80.205362,
    80.547633
  ],
  "model_info": {
    "model_class": "BaseClassifier",
    "hidden_size": 128,
    "num_classes": 23,
    "emb_size_audio": 512,
    "emb_size_text": 512,
    "dropout": 0.1,
    "use_batch_norm": true,
    "mode": "both",
    "num_folds": 5,
    "fold_id": 4,
    "batch_size": 64,
    "random_seed": 1821
  }
}