{
  "train_cls_loss": [
    2.443241,
    1.625034,
    1.574062,
    1.410762,
    1.359789,
    1.26826,
    1.292767,
    1.18897,
    1.106762,
    1.189402,
    1.200215,
    1.093307,
    1.119132,
    1.041645,
    1.059135,
    1.044354,
    1.045648,
    1.0334,
    0.977568,
    1.025457,
    0.904843,
    0.862271,
    0.849762,
    0.869317,
    0.897273,
    0.894868,
    0.913213,
    0.957985,
    0.889857,
    0.878494,
    0.872247,
    0.864,
    0.883193,
    0.868362,
    0.803489,
    0.804678,
    0.799853,
    0.789219,
    0.679874,
    0.745633,
    0.751959,
    0.782074
  ],
  "train_total_loss": [
    2.443241,
    1.625034,
    1.574062,
    1.410762,
    1.359789,
    1.26826,
    1.292767,
    1.18897,
    1.106762,
    1.189402,
    1.200215,
    1.093307,
    1.119132,
    1.041645,
    1.059135,
    1.044354,
    1.045648,
    1.0334,
    0.977568,
    1.025457,
    0.904843,
    0.862271,
    0.849762,
    0.869317,
    0.897273,
    0.894868,
    0.913213,
    0.957985,
    0.889857,
    0.878494,
    0.872247,
    0.864,
    0.883193,
    0.868362,
    0.803489,
    0.804678,
    0.799853,
    0.789219,
    0.679874,
    0.745633,
    0.751959,
    0.782074
  ],
  "learning_rates": [
    0.001,
    0.001,
    0.001,
    0.001,
    0.001,
    0.001,
    0.001,
    0.001,
    0.001,
    0.001,
    0.001,
    0.001,
    0.001,
    0.001,
    0.001,
    0.001,
    0.001,
    0.001,
    0.001,
    0.001,
    0.0005,
    0.0005,
    0.0005,
    0.0005,
    0.0005,
    0.0005,
    0.0005,
    0.0005,
    0.0005,
    0.0005,
    0.0005,
    0.0005,
    0.0005,
    0.0005,
    0.0005,
    0.0005,
    0.0005,
    0.0005,
    0.0005,
    0.0005,
    0.00025,
    0.00025
  ],
  "val_accuracy": [
    61.15231,
    68.625214,
    68.568169,
    72.561323,
    73.64518,
    74.21563,
    75.755847,
    74.957216,
    74.729036,
    75.470622,
    76.440388,
    76.212208,
    74.843126,
    76.668568,
    75.869937,
    76.668568,
    76.497433,
    77.010839,
    76.326298,
    77.181974,
    77.239019,
    77.467199,
    76.668568,
    76.896748,
    76.497433,
    76.782658,
    77.524244,
    76.839703,
    77.124929,
    76.896748,
    76.326298,
    76.839703,
    76.155163,
    76.383343,
    76.668568,
    77.353109,
    77.124929,
    76.497433,
    76.269253,
    76.782658,
    76.839703,
    77.239019
  ],
  "model_info": {
    "model_class": "BaseClassifier",
    "hidden_size": 128,
    "num_classes": 23,
    "emb_size_audio": 512,
    "emb_size_text": 0,
    "dropout": 0.1,
    "use_batch_norm": true,
    "mode": "audio",
    "num_folds": 5,
    "fold_id": 1,
    "batch_size": 64,
    "random_seed": 1821
  }
}