{
  "attention_audio": [
    0.468937,
    0.488581,
    0.489455,
    0.490109,
    0.48809,
    0.487724,
    0.486965,
    0.486207,
    0.487726,
    0.488404,
    0.489736,
    0.490459,
    0.494202,
    0.492143,
    0.492945,
    0.495183,
    0.496097,
    0.499581,
    0.497613,
    0.497265,
    0.49646,
    0.496895,
    0.497439,
    0.497967,
    0.499315,
    0.500941
  ],
  "attention_text": [
    0.531063,
    0.511419,
    0.510545,
    0.509891,
    0.51191,
    0.512276,
    0.513035,
    0.513793,
    0.512275,
    0.511596,
    0.510264,
    0.509541,
    0.505798,
    0.507857,
    0.507056,
    0.504817,
    0.503903,
    0.500419,
    0.502387,
    0.502735,
    0.50354,
    0.503105,
    0.502561,
    0.502033,
    0.500685,
    0.499059
  ],
  "train_cls_loss": [
    2.517922,
    1.865504,
    1.566563,
    1.505561,
    1.345481,
    1.357141,
    1.367109,
    1.317243,
    1.273561,
    1.187591,
    1.191507,
    1.2211,
    1.15734,
    1.202545,
    1.11266,
    1.088444,
    1.220505,
    1.160432,
    1.082974,
    1.064988,
    0.949684,
    1.07998,
    0.964525,
    0.977049,
    0.987831,
    0.932202
  ],
  "train_total_loss": [
    2.517922,
    1.865504,
    1.566563,
    1.505561,
    1.345481,
    1.357141,
    1.367109,
    1.317243,
    1.273561,
    1.187591,
    1.191507,
    1.2211,
    1.15734,
    1.202545,
    1.11266,
    1.088444,
    1.220505,
    1.160432,
    1.082974,
    1.064988,
    0.949684,
    1.07998,
    0.964525,
    0.977049,
    0.987831,
    0.932202
  ],
  "learning_rates": [
    0.001,
    0.001,
    0.001,
    0.001,
    0.001,
    0.001,
    0.001,
    0.001,
    0.001,
    0.001,
    0.001,
    0.001,
    0.001,
    0.001,
    0.001,
    0.001,
    0.001,
    0.001,
    0.001,
    0.001,
    0.0005,
    0.0005,
    0.0005,
    0.0005,
    0.0005,
    0.0005
  ],
  "val_accuracy": [
    58.642327,
    69.3668,
    72.561323,
    75.185396,
    75.926982,
    79.064461,
    78.779236,
    78.15174,
    79.463776,
    79.463776,
    80.433542,
    78.893326,
    79.349686,
    79.749002,
    78.893326,
    79.406731,
    80.262407,
    79.178551,
    79.691957,
    79.634912,
    79.977182,
    79.977182,
    79.863092,
    79.977182,
    79.235596,
    79.634912
  ],
  "model_info": {
    "model_class": "BaseClassifier",
    "hidden_size": 128,
    "num_classes": 23,
    "emb_size_audio": 512,
    "emb_size_text": 512,
    "dropout": 0.1,
    "use_batch_norm": true,
    "mode": "both",
    "num_folds": 5,
    "fold_id": 2,
    "batch_size": 64,
    "random_seed": 1821
  }
}