{
  "attention_audio": [
    0.495545,
    0.486859,
    0.494509,
    0.486599,
    0.488144,
    0.482274,
    0.479635,
    0.474302,
    0.473608,
    0.473969,
    0.475015,
    0.47298,
    0.47293,
    0.47254,
    0.472538,
    0.473519,
    0.469605,
    0.471274,
    0.472177,
    0.469503,
    0.470426,
    0.472052,
    0.472352,
    0.472958,
    0.474683,
    0.473309,
    0.473158,
    0.47842,
    0.474499,
    0.475413,
    0.473329,
    0.475901,
    0.476991,
    0.476688,
    0.47864,
    0.477392,
    0.478832,
    0.479127,
    0.479355,
    0.481123
  ],
  "attention_text": [
    0.504455,
    0.513141,
    0.505491,
    0.513401,
    0.511856,
    0.517726,
    0.520365,
    0.525698,
    0.526392,
    0.526031,
    0.524985,
    0.52702,
    0.52707,
    0.52746,
    0.527462,
    0.526481,
    0.530395,
    0.528726,
    0.527823,
    0.530497,
    0.529574,
    0.527948,
    0.527648,
    0.527042,
    0.525317,
    0.526691,
    0.526842,
    0.52158,
    0.525501,
    0.524587,
    0.526671,
    0.5241,
    0.523009,
    0.523312,
    0.52136,
    0.522608,
    0.521168,
    0.520873,
    0.520645,
    0.518877
  ],
  "train_cls_loss": [
    2.411193,
    1.582164,
    1.368335,
    1.207385,
    1.142063,
    1.054081,
    1.012138,
    0.952751,
    0.930988,
    0.881977,
    0.854849,
    0.807445,
    0.783916,
    0.746004,
    0.735082,
    0.722129,
    0.700957,
    0.689511,
    0.669298,
    0.649312,
    0.58144,
    0.536646,
    0.535946,
    0.518883,
    0.519954,
    0.492649,
    0.484553,
    0.493495,
    0.470042,
    0.464399,
    0.463111,
    0.448394,
    0.437679,
    0.429417,
    0.431941,
    0.421067,
    0.41755,
    0.407329,
    0.411845,
    0.397525
  ],
  "train_top_cls_loss": [
    0.772546,
    0.495799,
    0.456572,
    0.424548,
    0.415267,
    0.396709,
    0.383884,
    0.362252,
    0.370749,
    0.348563,
    0.342518,
    0.32719,
    0.324597,
    0.298055,
    0.296936,
    0.298306,
    0.283963,
    0.281312,
    0.283604,
    0.275561,
    0.234168,
    0.214613,
    0.215931,
    0.204422,
    0.211001,
    0.198675,
    0.189866,
    0.196174,
    0.187789,
    0.183998,
    0.185,
    0.177281,
    0.179605,
    0.173881,
    0.169898,
    0.169607,
    0.172815,
    0.1631,
    0.166298,
    0.157003
  ],
  "train_total_loss": [
    3.570012,
    2.325862,
    2.053193,
    1.844207,
    1.764963,
    1.649144,
    1.587963,
    1.49613,
    1.487111,
    1.404822,
    1.368627,
    1.29823,
    1.270811,
    1.193087,
    1.180486,
    1.169588,
    1.126901,
    1.111479,
    1.094705,
    1.062654,
    0.932691,
    0.858565,
    0.859843,
    0.825516,
    0.836456,
    0.790662,
    0.769353,
    0.787756,
    0.751726,
    0.740395,
    0.740611,
    0.714316,
    0.707086,
    0.690238,
    0.686788,
    0.675477,
    0.676774,
    0.651979,
    0.661292,
    0.63303
  ],
  "learning_rates": [
    0.001,
    0.001,
    0.001,
    0.001,
    0.001,
    0.001,
    0.001,
    0.001,
    0.001,
    0.001,
    0.001,
    0.001,
    0.001,
    0.001,
    0.001,
    0.001,
    0.001,
    0.001,
    0.001,
    0.001,
    0.0005,
    0.0005,
    0.0005,
    0.0005,
    0.0005,
    0.0005,
    0.0005,
    0.0005,
    0.0005,
    0.0005,
    0.0005,
    0.0005,
    0.0005,
    0.0005,
    0.0005,
    0.0005,
    0.0005,
    0.0005,
    0.0005,
    0.0005
  ],
  "val_accuracy": [
    51.609195,
    59.712644,
    65.344828,
    67.528736,
    69.712644,
    71.494253,
    71.321839,
    73.735632,
    73.333333,
    74.770115,
    77.471264,
    77.011494,
    76.83908,
    76.091954,
    78.103448,
    77.356322,
    76.666667,
    77.356322,
    77.758621,
    78.16092,
    77.816092,
    77.816092,
    77.816092,
    78.045977,
    78.448276,
    77.758621,
    77.126437,
    77.413793,
    78.333333,
    77.126437,
    76.896552,
    76.609195,
    77.701149,
    77.873563,
    78.16092,
    76.666667,
    77.126437,
    77.528736,
    77.413793,
    76.551724
  ],
  "model_info": {
    "model_class": "BaseClassifier",
    "hidden_size": 128,
    "num_classes": 23,
    "emb_size_audio": 768,
    "emb_size_text": 512,
    "dropout": 0.1,
    "use_batch_norm": true,
    "mode": "both",
    "num_folds": 5,
    "fold_id": 0,
    "batch_size": 64,
    "random_seed": 1821
  }
}