{
  "attention_audio": [
    0.481662,
    0.467769,
    0.463243,
    0.460591,
    0.457289,
    0.45271,
    0.451437,
    0.456229,
    0.455857,
    0.454064,
    0.454195,
    0.451731,
    0.451596,
    0.451293,
    0.449845,
    0.452108,
    0.452775,
    0.452184,
    0.456575,
    0.456972,
    0.460303,
    0.46109,
    0.460833,
    0.463587,
    0.466525,
    0.46312,
    0.463012,
    0.46337,
    0.465302,
    0.465003,
    0.465784,
    0.467049,
    0.462705,
    0.461384,
    0.465304,
    0.468824,
    0.469274,
    0.467565,
    0.467897,
    0.469311,
    0.468406,
    0.467596,
    0.468426,
    0.465485,
    0.468676,
    0.468267
  ],
  "attention_text": [
    0.518338,
    0.532231,
    0.536757,
    0.539409,
    0.542711,
    0.54729,
    0.548563,
    0.543771,
    0.544143,
    0.545936,
    0.545805,
    0.548269,
    0.548404,
    0.548707,
    0.550155,
    0.547892,
    0.547225,
    0.547816,
    0.543425,
    0.543028,
    0.539697,
    0.53891,
    0.539167,
    0.536413,
    0.533475,
    0.53688,
    0.536988,
    0.53663,
    0.534697,
    0.534997,
    0.534216,
    0.532951,
    0.537295,
    0.538616,
    0.534696,
    0.531176,
    0.530726,
    0.532435,
    0.532103,
    0.530689,
    0.531594,
    0.532404,
    0.531574,
    0.534515,
    0.531324,
    0.531733
  ],
  "train_cls_loss": [
    2.212531,
    1.640311,
    1.477613,
    1.416884,
    1.393789,
    1.317164,
    1.312707,
    1.242925,
    1.198585,
    1.192467,
    1.229122,
    1.133742,
    1.135913,
    1.112661,
    1.084769,
    1.129455,
    1.084004,
    1.067813,
    1.019949,
    1.027365,
    0.935379,
    1.019157,
    0.884266,
    0.927348,
    0.887938,
    0.921933,
    0.857484,
    0.84581,
    0.864259,
    0.883237,
    0.855148,
    0.824446,
    0.87801,
    0.81505,
    0.861047,
    0.800887,
    0.835917,
    0.860452,
    0.765558,
    0.81618,
    0.780742,
    0.778579,
    0.732519,
    0.787682,
    0.743618,
    0.772205
  ],
  "train_total_loss": [
    2.212531,
    1.640311,
    1.477613,
    1.416884,
    1.393789,
    1.317164,
    1.312707,
    1.242925,
    1.198585,
    1.192467,
    1.229122,
    1.133742,
    1.135913,
    1.112661,
    1.084769,
    1.129455,
    1.084004,
    1.067813,
    1.019949,
    1.027365,
    0.935379,
    1.019157,
    0.884266,
    0.927348,
    0.887938,
    0.921933,
    0.857484,
    0.84581,
    0.864259,
    0.883237,
    0.855148,
    0.824446,
    0.87801,
    0.81505,
    0.861047,
    0.800887,
    0.835917,
    0.860452,
    0.765558,
    0.81618,
    0.780742,
    0.778579,
    0.732519,
    0.787682,
    0.743618,
    0.772205
  ],
  "learning_rates": [
    0.001,
    0.001,
    0.001,
    0.001,
    0.001,
    0.001,
    0.001,
    0.001,
    0.001,
    0.001,
    0.001,
    0.001,
    0.001,
    0.001,
    0.001,
    0.001,
    0.001,
    0.001,
    0.001,
    0.001,
    0.0005,
    0.0005,
    0.0005,
    0.0005,
    0.0005,
    0.0005,
    0.0005,
    0.0005,
    0.0005,
    0.0005,
    0.0005,
    0.0005,
    0.0005,
    0.0005,
    0.0005,
    0.0005,
    0.0005,
    0.0005,
    0.0005,
    0.0005,
    0.00025,
    0.00025,
    0.00025,
    0.00025,
    0.00025,
    0.00025
  ],
  "val_accuracy": [
    57.843697,
    70.678836,
    72.561323,
    73.188819,
    73.302909,
    74.500856,
    73.474044,
    74.614946,
    76.041072,
    76.782658,
    75.299487,
    76.896748,
    76.326298,
    76.782658,
    75.984027,
    76.554478,
    76.554478,
    77.010839,
    75.356532,
    76.953793,
    77.752424,
    77.752424,
    77.524244,
    77.124929,
    77.296064,
    77.638334,
    77.638334,
    77.695379,
    77.124929,
    76.896748,
    77.92356,
    77.181974,
    77.181974,
    77.353109,
    77.181974,
    76.896748,
    77.353109,
    76.896748,
    77.010839,
    77.124929,
    77.524244,
    77.010839,
    76.953793,
    77.124929,
    76.383343,
    77.353109
  ],
  "model_info": {
    "model_class": "BaseClassifier",
    "hidden_size": 128,
    "num_classes": 23,
    "emb_size_audio": 512,
    "emb_size_text": 512,
    "dropout": 0.1,
    "use_batch_norm": true,
    "mode": "both",
    "num_folds": 5,
    "fold_id": 0,
    "batch_size": 64,
    "random_seed": 1821
  }
}