{
  "attention_audio": [
    0.5205,
    0.521372,
    0.523032,
    0.524742,
    0.523477,
    0.522874,
    0.523422,
    0.532375,
    0.53715,
    0.539709,
    0.544195,
    0.548279,
    0.548725,
    0.55115,
    0.549673,
    0.556135,
    0.552778,
    0.555002,
    0.561812,
    0.561293,
    0.564606,
    0.563228,
    0.56563,
    0.564676,
    0.564119,
    0.564326,
    0.56522,
    0.566127,
    0.569484,
    0.568851,
    0.5698,
    0.571299,
    0.570379,
    0.572711,
    0.573074,
    0.575392,
    0.573333,
    0.573892,
    0.571202,
    0.572828,
    0.573041,
    0.57641,
    0.576187,
    0.576358
  ],
  "attention_text": [
    0.4795,
    0.478628,
    0.476968,
    0.475258,
    0.476523,
    0.477126,
    0.476578,
    0.467625,
    0.46285,
    0.460291,
    0.455805,
    0.451721,
    0.451275,
    0.44885,
    0.450327,
    0.443865,
    0.447222,
    0.444998,
    0.438188,
    0.438707,
    0.435394,
    0.436772,
    0.43437,
    0.435324,
    0.435881,
    0.435674,
    0.43478,
    0.433873,
    0.430516,
    0.431149,
    0.4302,
    0.428701,
    0.429621,
    0.427289,
    0.426926,
    0.424608,
    0.426667,
    0.426108,
    0.428798,
    0.427172,
    0.426959,
    0.42359,
    0.423813,
    0.423642
  ],
  "train_cls_loss": [
    2.398132,
    1.594257,
    1.310893,
    1.185794,
    1.060528,
    0.994389,
    0.927888,
    0.876756,
    0.822954,
    0.796049,
    0.755878,
    0.718088,
    0.714078,
    0.669079,
    0.682265,
    0.658378,
    0.62754,
    0.617569,
    0.579861,
    0.562897,
    0.503221,
    0.463452,
    0.427352,
    0.423465,
    0.415879,
    0.412093,
    0.387617,
    0.392433,
    0.39952,
    0.3699,
    0.36905,
    0.362749,
    0.35197,
    0.34416,
    0.331372,
    0.316248,
    0.333541,
    0.323525,
    0.296233,
    0.318562,
    0.276298,
    0.266843,
    0.230145,
    0.231109
  ],
  "train_top_cls_loss": [
    0.732823,
    0.463581,
    0.419472,
    0.408225,
    0.374098,
    0.371293,
    0.343868,
    0.329662,
    0.318785,
    0.313995,
    0.297555,
    0.284415,
    0.277034,
    0.261876,
    0.270505,
    0.272981,
    0.256486,
    0.246824,
    0.236295,
    0.222565,
    0.201679,
    0.185372,
    0.166634,
    0.165564,
    0.156871,
    0.159824,
    0.15521,
    0.151292,
    0.152482,
    0.146452,
    0.146807,
    0.14223,
    0.14367,
    0.139156,
    0.133019,
    0.13373,
    0.134743,
    0.12639,
    0.124515,
    0.131657,
    0.116223,
    0.113098,
    0.097646,
    0.096703
  ],
  "train_total_loss": [
    3.497366,
    2.289628,
    1.940101,
    1.798131,
    1.621676,
    1.551328,
    1.44369,
    1.37125,
    1.301131,
    1.267042,
    1.20221,
    1.144711,
    1.129629,
    1.061893,
    1.088022,
    1.067849,
    1.012269,
    0.987805,
    0.934303,
    0.896745,
    0.805739,
    0.74151,
    0.677303,
    0.671811,
    0.651185,
    0.651828,
    0.620432,
    0.619371,
    0.628243,
    0.589579,
    0.589261,
    0.576095,
    0.567476,
    0.552894,
    0.530901,
    0.516843,
    0.535656,
    0.51311,
    0.483005,
    0.516047,
    0.450633,
    0.436489,
    0.376614,
    0.376164
  ],
  "learning_rates": [
    0.001,
    0.001,
    0.001,
    0.001,
    0.001,
    0.001,
    0.001,
    0.001,
    0.001,
    0.001,
    0.001,
    0.001,
    0.001,
    0.001,
    0.001,
    0.001,
    0.001,
    0.001,
    0.001,
    0.001,
    0.0005,
    0.0005,
    0.0005,
    0.0005,
    0.0005,
    0.0005,
    0.0005,
    0.0005,
    0.0005,
    0.0005,
    0.0005,
    0.0005,
    0.0005,
    0.0005,
    0.0005,
    0.0005,
    0.0005,
    0.0005,
    0.0005,
    0.0005,
    0.00025,
    0.00025,
    0.00025,
    0.00025
  ],
  "val_accuracy": [
    48.793103,
    59.770115,
    65.574713,
    69.367816,
    70.862069,
    75.517241,
    76.206897,
    76.896552,
    77.068966,
    76.896552,
    78.793103,
    78.275862,
    77.701149,
    77.471264,
    76.954023,
    78.505747,
    77.758621,
    78.218391,
    78.908046,
    78.390805,
    79.770115,
    79.942529,
    80.229885,
    80.517241,
    79.252874,
    79.08046,
    78.505747,
    80.402299,
    80.747126,
    80.172414,
    80.057471,
    78.965517,
    79.655172,
    79.08046,
    79.885057,
    80.229885,
    79.712644,
    79.367816,
    80.114943,
    79.195402,
    79.712644,
    80.0,
    79.827586,
    78.793103
  ],
  "model_info": {
    "model_class": "BaseClassifier",
    "hidden_size": 128,
    "num_classes": 23,
    "emb_size_audio": 1280,
    "emb_size_text": 512,
    "dropout": 0.1,
    "use_batch_norm": true,
    "mode": "both",
    "num_folds": 5,
    "fold_id": 4,
    "batch_size": 64,
    "random_seed": 1821
  }
}