{
  "train_cls_loss": [
    2.469727,
    1.745133,
    1.50268,
    1.348325,
    1.264478,
    1.171048,
    1.138703,
    1.082184,
    1.034845,
    1.008069,
    0.966121,
    0.959799,
    0.921334,
    0.895875,
    0.891497,
    0.877213,
    0.861887,
    0.830037,
    0.826906,
    0.793021,
    0.736943,
    0.711201,
    0.701919,
    0.691681,
    0.665694,
    0.65739,
    0.652576,
    0.630215,
    0.644517,
    0.616709,
    0.596745,
    0.608091,
    0.596003,
    0.60828,
    0.58286,
    0.57652
  ],
  "train_top_cls_loss": [
    0.808777,
    0.542526,
    0.505508,
    0.482363,
    0.469279,
    0.451679,
    0.431082,
    0.40974,
    0.400021,
    0.400813,
    0.386094,
    0.376946,
    0.366418,
    0.358301,
    0.35402,
    0.346442,
    0.351038,
    0.333078,
    0.332236,
    0.324619,
    0.284846,
    0.279184,
    0.272503,
    0.277107,
    0.263795,
    0.254227,
    0.261589,
    0.243513,
    0.260146,
    0.241998,
    0.239936,
    0.239261,
    0.231751,
    0.234193,
    0.228471,
    0.223801
  ],
  "train_total_loss": [
    3.682892,
    2.558923,
    2.260942,
    2.071869,
    1.968397,
    1.848565,
    1.785325,
    1.696794,
    1.634877,
    1.609288,
    1.545262,
    1.525218,
    1.470962,
    1.433327,
    1.422526,
    1.396876,
    1.388445,
    1.329654,
    1.32526,
    1.27995,
    1.164212,
    1.129977,
    1.110674,
    1.107342,
    1.061386,
    1.038731,
    1.044959,
    0.995485,
    1.034736,
    0.979706,
    0.956649,
    0.966982,
    0.94363,
    0.959569,
    0.925566,
    0.912221
  ],
  "learning_rates": [
    0.001,
    0.001,
    0.001,
    0.001,
    0.001,
    0.001,
    0.001,
    0.001,
    0.001,
    0.001,
    0.001,
    0.001,
    0.001,
    0.001,
    0.001,
    0.001,
    0.001,
    0.001,
    0.001,
    0.001,
    0.0005,
    0.0005,
    0.0005,
    0.0005,
    0.0005,
    0.0005,
    0.0005,
    0.0005,
    0.0005,
    0.0005,
    0.0005,
    0.0005,
    0.0005,
    0.0005,
    0.0005,
    0.0005
  ],
  "val_accuracy": [
    42.840844,
    53.108956,
    62.749572,
    66.742727,
    67.940673,
    68.682259,
    70.165431,
    74.21563,
    71.192242,
    73.017684,
    74.10154,
    74.500856,
    73.359954,
    74.272675,
    73.930405,
    75.128351,
    74.500856,
    75.641757,
    76.554478,
    75.698802,
    77.124929,
    77.010839,
    76.782658,
    76.440388,
    76.383343,
    76.611523,
    76.383343,
    75.527667,
    75.299487,
    75.812892,
    75.869937,
    75.812892,
    75.185396,
    76.212208,
    76.611523,
    76.668568
  ],
  "model_info": {
    "model_class": "BaseClassifier",
    "hidden_size": 128,
    "num_classes": 23,
    "emb_size_audio": 512,
    "emb_size_text": 0,
    "dropout": 0.1,
    "use_batch_norm": true,
    "mode": "audio",
    "num_folds": 5,
    "fold_id": 3,
    "batch_size": 64,
    "random_seed": 1821
  }
}