{
  "train_cls_loss": [
    1.675706,
    1.083677,
    0.934989,
    0.848715,
    0.800624,
    0.750198,
    0.706287,
    0.684594,
    0.668997,
    0.631637,
    0.615945,
    0.606078,
    0.577643,
    0.559113,
    0.552958,
    0.538129,
    0.542709,
    0.521692,
    0.500476,
    0.506358,
    0.455292,
    0.43711,
    0.424957,
    0.416086,
    0.414808,
    0.401447,
    0.395386,
    0.400524,
    0.387857,
    0.37884,
    0.37362,
    0.378742,
    0.36817,
    0.35899,
    0.356325,
    0.355212
  ],
  "train_top_cls_loss": [
    0.854192,
    0.572432,
    0.520761,
    0.485606,
    0.471879,
    0.451205,
    0.430635,
    0.424603,
    0.418326,
    0.398232,
    0.393278,
    0.387455,
    0.380976,
    0.357867,
    0.363685,
    0.350489,
    0.359167,
    0.343518,
    0.325621,
    0.329277,
    0.292105,
    0.279918,
    0.277545,
    0.269003,
    0.266566,
    0.260081,
    0.252377,
    0.252782,
    0.248073,
    0.248656,
    0.230231,
    0.247148,
    0.231638,
    0.233258,
    0.226306,
    0.225485
  ],
  "train_total_loss": [
    2.273641,
    1.48438,
    1.299522,
    1.188639,
    1.130939,
    1.066042,
    1.007731,
    0.981816,
    0.961826,
    0.910399,
    0.89124,
    0.877296,
    0.844326,
    0.809619,
    0.807538,
    0.783472,
    0.794126,
    0.762155,
    0.728411,
    0.736851,
    0.659766,
    0.633052,
    0.619238,
    0.604389,
    0.601405,
    0.583504,
    0.572049,
    0.577472,
    0.561508,
    0.5529,
    0.534782,
    0.551746,
    0.530316,
    0.52227,
    0.51474,
    0.513051
  ],
  "learning_rates": [
    0.001,
    0.001,
    0.001,
    0.001,
    0.001,
    0.001,
    0.001,
    0.001,
    0.001,
    0.001,
    0.001,
    0.001,
    0.001,
    0.001,
    0.001,
    0.001,
    0.001,
    0.001,
    0.001,
    0.001,
    0.0005,
    0.0005,
    0.0005,
    0.0005,
    0.0005,
    0.0005,
    0.0005,
    0.0005,
    0.0005,
    0.0005,
    0.0005,
    0.0005,
    0.0005,
    0.0005,
    0.0005,
    0.0005
  ],
  "val_accuracy": [
    52.36737,
    62.863662,
    68.739304,
    69.880205,
    71.021107,
    72.333143,
    74.32972,
    75.356532,
    76.041072,
    77.239019,
    77.296064,
    76.839703,
    77.638334,
    77.581289,
    77.181974,
    76.440388,
    76.782658,
    78.03765,
    77.524244,
    77.353109,
    79.292641,
    78.322875,
    77.980605,
    78.15174,
    77.866515,
    78.094695,
    77.467199,
    78.094695,
    77.467199,
    77.92356,
    77.866515,
    78.094695,
    77.124929,
    76.668568,
    78.6081,
    77.809469
  ],
  "model_info": {
    "model_class": "BaseClassifier",
    "hidden_size": 128,
    "num_classes": 23,
    "emb_size_audio": 512,
    "emb_size_text": 0,
    "dropout": 0.1,
    "use_batch_norm": true,
    "mode": "audio",
    "num_folds": 5,
    "fold_id": 2,
    "batch_size": 64,
    "random_seed": 1821
  }
}