{
  "attention_audio": [
    0.462159,
    0.450528,
    0.447591,
    0.445778,
    0.449417,
    0.450017,
    0.45136,
    0.452225,
    0.454688,
    0.451869,
    0.452346,
    0.45323,
    0.452327,
    0.451146,
    0.453574,
    0.451927,
    0.456208,
    0.45716,
    0.455528,
    0.454197,
    0.457029,
    0.458571,
    0.459508,
    0.458621,
    0.457416,
    0.45853,
    0.458836,
    0.46014,
    0.461873,
    0.461072,
    0.459993,
    0.462331,
    0.462298,
    0.46276,
    0.466043,
    0.461435,
    0.458492,
    0.461498,
    0.461041,
    0.462459
  ],
  "attention_text": [
    0.537841,
    0.549472,
    0.552409,
    0.554222,
    0.550583,
    0.549983,
    0.54864,
    0.547775,
    0.545312,
    0.548131,
    0.547654,
    0.54677,
    0.547673,
    0.548854,
    0.546426,
    0.548073,
    0.543792,
    0.54284,
    0.544472,
    0.545803,
    0.542971,
    0.541429,
    0.540492,
    0.541379,
    0.542584,
    0.54147,
    0.541164,
    0.53986,
    0.538127,
    0.538928,
    0.540007,
    0.537669,
    0.537702,
    0.53724,
    0.533957,
    0.538565,
    0.541508,
    0.538502,
    0.538959,
    0.537541
  ],
  "train_cls_loss": [
    2.23356,
    1.592403,
    1.45095,
    1.371337,
    1.350529,
    1.307496,
    1.275893,
    1.248726,
    1.212232,
    1.198383,
    1.194762,
    1.134922,
    1.152335,
    1.131122,
    1.1434,
    1.060304,
    1.083364,
    1.018427,
    1.124001,
    1.016705,
    1.060263,
    1.009322,
    0.952706,
    1.048866,
    0.930912,
    0.968785,
    0.912457,
    0.88283,
    0.868606,
    0.925762,
    0.889908,
    0.83497,
    0.848161,
    0.877009,
    0.814477,
    0.826889,
    0.889756,
    0.828113,
    0.835324,
    0.779847
  ],
  "train_total_loss": [
    2.23356,
    1.592403,
    1.45095,
    1.371337,
    1.350529,
    1.307496,
    1.275893,
    1.248726,
    1.212232,
    1.198383,
    1.194762,
    1.134922,
    1.152335,
    1.131122,
    1.1434,
    1.060304,
    1.083364,
    1.018427,
    1.124001,
    1.016705,
    1.060263,
    1.009322,
    0.952706,
    1.048866,
    0.930912,
    0.968785,
    0.912457,
    0.88283,
    0.868606,
    0.925762,
    0.889908,
    0.83497,
    0.848161,
    0.877009,
    0.814477,
    0.826889,
    0.889756,
    0.828113,
    0.835324,
    0.779847
  ],
  "learning_rates": [
    0.001,
    0.001,
    0.001,
    0.001,
    0.001,
    0.001,
    0.001,
    0.001,
    0.001,
    0.001,
    0.001,
    0.001,
    0.001,
    0.001,
    0.001,
    0.001,
    0.001,
    0.001,
    0.001,
    0.001,
    0.0005,
    0.0005,
    0.0005,
    0.0005,
    0.0005,
    0.0005,
    0.0005,
    0.0005,
    0.0005,
    0.0005,
    0.0005,
    0.0005,
    0.0005,
    0.0005,
    0.0005,
    0.0005,
    0.0005,
    0.0005,
    0.0005,
    0.0005
  ],
  "val_accuracy": [
    61.437536,
    67.084997,
    72.561323,
    75.413577,
    74.386766,
    75.470622,
    75.413577,
    77.92356,
    76.383343,
    78.436965,
    76.326298,
    78.37992,
    76.839703,
    76.725613,
    78.436965,
    78.03765,
    79.691957,
    78.03765,
    77.92356,
    78.208785,
    78.893326,
    78.779236,
    77.92356,
    79.007416,
    79.749002,
    79.178551,
    78.49401,
    78.49401,
    77.92356,
    78.26583,
    77.581289,
    78.551055,
    77.296064,
    77.124929,
    78.551055,
    77.353109,
    78.26583,
    78.37992,
    77.695379,
    78.322875
  ],
  "model_info": {
    "model_class": "BaseClassifier",
    "hidden_size": 128,
    "num_classes": 23,
    "emb_size_audio": 512,
    "emb_size_text": 512,
    "dropout": 0.1,
    "use_batch_norm": true,
    "mode": "both",
    "num_folds": 5,
    "fold_id": 4,
    "batch_size": 64,
    "random_seed": 1821
  }
}