{
  "train_cls_loss": [
    1.51916,
    0.988638,
    0.826236,
    0.756147,
    0.684608,
    0.65482,
    0.646734,
    0.609973,
    0.589057,
    0.582729,
    0.557323,
    0.536657,
    0.525128,
    0.522007,
    0.491379,
    0.496982,
    0.481764,
    0.46321,
    0.455727,
    0.440925,
    0.41205,
    0.381653,
    0.379103,
    0.3785,
    0.364132,
    0.360089,
    0.360302,
    0.358955,
    0.350975,
    0.337289,
    0.330789,
    0.332483,
    0.320334,
    0.334679,
    0.327139,
    0.311692,
    0.305474,
    0.301873,
    0.308941,
    0.295586
  ],
  "train_total_loss": [
    1.51916,
    0.988638,
    0.826236,
    0.756147,
    0.684608,
    0.65482,
    0.646734,
    0.609973,
    0.589057,
    0.582729,
    0.557323,
    0.536657,
    0.525128,
    0.522007,
    0.491379,
    0.496982,
    0.481764,
    0.46321,
    0.455727,
    0.440925,
    0.41205,
    0.381653,
    0.379103,
    0.3785,
    0.364132,
    0.360089,
    0.360302,
    0.358955,
    0.350975,
    0.337289,
    0.330789,
    0.332483,
    0.320334,
    0.334679,
    0.327139,
    0.311692,
    0.305474,
    0.301873,
    0.308941,
    0.295586
  ],
  "learning_rates": [
    0.001,
    0.001,
    0.001,
    0.001,
    0.001,
    0.001,
    0.001,
    0.001,
    0.001,
    0.001,
    0.001,
    0.001,
    0.001,
    0.001,
    0.001,
    0.001,
    0.001,
    0.001,
    0.001,
    0.001,
    0.0005,
    0.0005,
    0.0005,
    0.0005,
    0.0005,
    0.0005,
    0.0005,
    0.0005,
    0.0005,
    0.0005,
    0.0005,
    0.0005,
    0.0005,
    0.0005,
    0.0005,
    0.0005,
    0.0005,
    0.0005,
    0.0005,
    0.0005
  ],
  "val_accuracy": [
    55.675984,
    66.172276,
    68.225898,
    71.705647,
    74.21563,
    73.245864,
    72.219053,
    73.359954,
    75.128351,
    76.326298,
    74.443811,
    78.37992,
    76.326298,
    75.641757,
    75.984027,
    76.953793,
    77.410154,
    77.524244,
    76.041072,
    75.812892,
    78.15174,
    76.668568,
    76.953793,
    77.581289,
    78.893326,
    77.809469,
    77.752424,
    77.067884,
    77.010839,
    77.353109,
    77.980605,
    76.953793,
    77.067884,
    76.839703,
    77.296064,
    76.212208,
    76.782658,
    76.497433,
    76.098118,
    76.896748
  ],
  "model_info": {
    "model_class": "BaseClassifier",
    "hidden_size": 128,
    "num_classes": 23,
    "emb_size_audio": 512,
    "emb_size_text": 0,
    "dropout": 0.1,
    "use_batch_norm": true,
    "mode": "audio",
    "num_folds": 5,
    "fold_id": 2,
    "batch_size": 64,
    "random_seed": 1821
  }
}