{
  "attention_audio": [
    0.499198,
    0.477823,
    0.479017,
    0.47691,
    0.475773,
    0.472914,
    0.468384,
    0.466319,
    0.466697,
    0.468411,
    0.467726,
    0.467454,
    0.467615,
    0.466446,
    0.46633,
    0.460771,
    0.463556,
    0.46766,
    0.468951,
    0.468493,
    0.468579,
    0.469312,
    0.469184,
    0.470428,
    0.471627,
    0.471051,
    0.472098,
    0.477333,
    0.473698,
    0.473089,
    0.473132,
    0.473858,
    0.474666,
    0.476017,
    0.477888,
    0.476357,
    0.479249,
    0.47767,
    0.480145,
    0.479087,
    0.478656,
    0.480355,
    0.478018,
    0.479195,
    0.479187,
    0.48097,
    0.480193,
    0.481497,
    0.481461,
    0.480944,
    0.479819,
    0.480338,
    0.48286,
    0.48318,
    0.482823,
    0.4842,
    0.484268,
    0.484686,
    0.484931,
    0.484116,
    0.484737
  ],
  "attention_text": [
    0.500802,
    0.522177,
    0.520983,
    0.52309,
    0.524227,
    0.527086,
    0.531616,
    0.533681,
    0.533303,
    0.531588,
    0.532274,
    0.532546,
    0.532385,
    0.533554,
    0.53367,
    0.539229,
    0.536444,
    0.53234,
    0.531049,
    0.531507,
    0.531421,
    0.530688,
    0.530816,
    0.529572,
    0.528373,
    0.528949,
    0.527902,
    0.522667,
    0.526302,
    0.526911,
    0.526868,
    0.526142,
    0.525334,
    0.523983,
    0.522112,
    0.523642,
    0.520751,
    0.52233,
    0.519855,
    0.520913,
    0.521344,
    0.519645,
    0.521982,
    0.520805,
    0.520813,
    0.51903,
    0.519807,
    0.518503,
    0.518539,
    0.519056,
    0.520181,
    0.519662,
    0.51714,
    0.51682,
    0.517177,
    0.5158,
    0.515732,
    0.515314,
    0.515069,
    0.515884,
    0.515263
  ],
  "train_cls_loss": [
    2.258725,
    1.421095,
    1.200079,
    1.080293,
    1.001424,
    0.951065,
    0.892686,
    0.86258,
    0.83527,
    0.798339,
    0.767339,
    0.730632,
    0.709296,
    0.711493,
    0.668559,
    0.660426,
    0.648352,
    0.634504,
    0.611538,
    0.603083,
    0.530242,
    0.494339,
    0.488451,
    0.465484,
    0.478601,
    0.439381,
    0.44432,
    0.446235,
    0.423581,
    0.423133,
    0.421153,
    0.391498,
    0.400859,
    0.371077,
    0.396868,
    0.376783,
    0.371476,
    0.362895,
    0.377445,
    0.356532,
    0.314208,
    0.290488,
    0.291103,
    0.279732,
    0.285094,
    0.274423,
    0.274828,
    0.273931,
    0.26771,
    0.267407,
    0.254183,
    0.255488,
    0.241862,
    0.243891,
    0.249254,
    0.239954,
    0.247054,
    0.23913,
    0.235103,
    0.224512,
    0.230144
  ],
  "train_top_cls_loss": [
    0.799486,
    0.520392,
    0.475311,
    0.437893,
    0.418061,
    0.407148,
    0.390547,
    0.370048,
    0.372876,
    0.346217,
    0.335585,
    0.331919,
    0.323915,
    0.316401,
    0.300777,
    0.301438,
    0.286745,
    0.286875,
    0.275786,
    0.278242,
    0.233717,
    0.229169,
    0.218539,
    0.210497,
    0.218716,
    0.202845,
    0.199007,
    0.204346,
    0.194121,
    0.194998,
    0.192866,
    0.175066,
    0.18349,
    0.165722,
    0.180678,
    0.174121,
    0.168164,
    0.170666,
    0.174589,
    0.163965,
    0.148746,
    0.131201,
    0.131319,
    0.131047,
    0.127536,
    0.13074,
    0.125135,
    0.124276,
    0.125885,
    0.122909,
    0.121822,
    0.123345,
    0.118682,
    0.11701,
    0.115055,
    0.115168,
    0.121181,
    0.113816,
    0.113551,
    0.110972,
    0.111736
  ],
  "train_total_loss": [
    2.818365,
    1.785369,
    1.532797,
    1.386818,
    1.294067,
    1.236069,
    1.166069,
    1.121614,
    1.096283,
    1.040691,
    1.002248,
    0.962976,
    0.936037,
    0.932974,
    0.879103,
    0.871432,
    0.849074,
    0.835316,
    0.804589,
    0.797852,
    0.693844,
    0.654758,
    0.641428,
    0.612832,
    0.631702,
    0.581372,
    0.583625,
    0.589277,
    0.559466,
    0.559632,
    0.556159,
    0.514045,
    0.529302,
    0.487082,
    0.523343,
    0.498667,
    0.489191,
    0.482361,
    0.499657,
    0.471308,
    0.41833,
    0.382328,
    0.383026,
    0.371465,
    0.374369,
    0.365941,
    0.362423,
    0.360924,
    0.355829,
    0.353444,
    0.339458,
    0.341829,
    0.324939,
    0.325798,
    0.329793,
    0.320571,
    0.331881,
    0.318801,
    0.314588,
    0.302192,
    0.308359
  ],
  "learning_rates": [
    0.001,
    0.001,
    0.001,
    0.001,
    0.001,
    0.001,
    0.001,
    0.001,
    0.001,
    0.001,
    0.001,
    0.001,
    0.001,
    0.001,
    0.001,
    0.001,
    0.001,
    0.001,
    0.001,
    0.001,
    0.0005,
    0.0005,
    0.0005,
    0.0005,
    0.0005,
    0.0005,
    0.0005,
    0.0005,
    0.0005,
    0.0005,
    0.0005,
    0.0005,
    0.0005,
    0.0005,
    0.0005,
    0.0005,
    0.0005,
    0.0005,
    0.0005,
    0.0005,
    0.00025,
    0.00025,
    0.00025,
    0.00025,
    0.00025,
    0.00025,
    0.00025,
    0.00025,
    0.00025,
    0.00025,
    0.00025,
    0.00025,
    0.00025,
    0.00025,
    0.00025,
    0.00025,
    0.00025,
    0.00025,
    0.00025,
    0.00025,
    0.000125
  ],
  "val_accuracy": [
    54.942529,
    67.068966,
    70.402299,
    71.781609,
    73.908046,
    75.229885,
    74.252874,
    74.195402,
    75.402299,
    77.413793,
    76.954023,
    77.586207,
    75.977011,
    78.103448,
    77.758621,
    77.356322,
    77.988506,
    78.275862,
    77.701149,
    77.528736,
    78.333333,
    77.126437,
    78.333333,
    77.586207,
    78.505747,
    77.528736,
    77.413793,
    77.931034,
    78.62069,
    77.643678,
    78.735632,
    77.011494,
    77.816092,
    77.471264,
    77.356322,
    77.068966,
    77.183908,
    78.218391,
    78.333333,
    77.701149,
    78.275862,
    77.873563,
    78.16092,
    78.793103,
    78.333333,
    78.908046,
    78.390805,
    77.816092,
    78.448276,
    77.586207,
    78.390805,
    77.758621,
    77.528736,
    76.724138,
    77.988506,
    78.045977,
    77.988506,
    77.528736,
    78.505747,
    77.643678,
    78.275862
  ],
  "model_info": {
    "model_class": "BaseClassifier",
    "hidden_size": 128,
    "num_classes": 23,
    "emb_size_audio": 768,
    "emb_size_text": 512,
    "dropout": 0.1,
    "use_batch_norm": true,
    "mode": "both",
    "num_folds": 5,
    "fold_id": 0,
    "batch_size": 64,
    "random_seed": 1821
  }
}