{
  "attention_audio": [
    0.490768,
    0.481231,
    0.482322,
    0.48671,
    0.487994,
    0.485505,
    0.488876,
    0.48815,
    0.491731,
    0.487752,
    0.486852,
    0.494351,
    0.497584,
    0.495263,
    0.498974,
    0.496209,
    0.498968,
    0.496074,
    0.498964,
    0.501857,
    0.502002,
    0.502823,
    0.502269,
    0.501081,
    0.502864,
    0.502281,
    0.505386,
    0.505749,
    0.50304,
    0.505534,
    0.506352,
    0.506391,
    0.506666,
    0.506946,
    0.505479,
    0.506004
  ],
  "attention_text": [
    0.509232,
    0.518769,
    0.517678,
    0.51329,
    0.512006,
    0.514495,
    0.511124,
    0.51185,
    0.508269,
    0.512248,
    0.513148,
    0.505649,
    0.502416,
    0.504737,
    0.501026,
    0.503792,
    0.501032,
    0.503926,
    0.501036,
    0.498143,
    0.497998,
    0.497177,
    0.497731,
    0.498919,
    0.497136,
    0.497719,
    0.494614,
    0.494251,
    0.49696,
    0.494466,
    0.493648,
    0.493609,
    0.493334,
    0.493054,
    0.494521,
    0.493996
  ],
  "train_cls_loss": [
    2.424694,
    1.723723,
    1.524529,
    1.431659,
    1.367341,
    1.322,
    1.27478,
    1.259768,
    1.237278,
    1.203451,
    1.179266,
    1.167518,
    1.145908,
    1.132364,
    1.111191,
    1.100579,
    1.084731,
    1.083404,
    1.070393,
    1.063747,
    0.998228,
    0.966292,
    0.947131,
    0.952062,
    0.939252,
    0.932572,
    0.934577,
    0.930655,
    0.922207,
    0.918555,
    0.907167,
    0.901507,
    0.887739,
    0.903851,
    0.891996,
    0.889854
  ],
  "train_total_loss": [
    2.424694,
    1.723723,
    1.524529,
    1.431659,
    1.367341,
    1.322,
    1.27478,
    1.259768,
    1.237278,
    1.203451,
    1.179266,
    1.167518,
    1.145908,
    1.132364,
    1.111191,
    1.100579,
    1.084731,
    1.083404,
    1.070393,
    1.063747,
    0.998228,
    0.966292,
    0.947131,
    0.952062,
    0.939252,
    0.932572,
    0.934577,
    0.930655,
    0.922207,
    0.918555,
    0.907167,
    0.901507,
    0.887739,
    0.903851,
    0.891996,
    0.889854
  ],
  "learning_rates": [
    0.001,
    0.001,
    0.001,
    0.001,
    0.001,
    0.001,
    0.001,
    0.001,
    0.001,
    0.001,
    0.001,
    0.001,
    0.001,
    0.001,
    0.001,
    0.001,
    0.001,
    0.001,
    0.001,
    0.001,
    0.0005,
    0.0005,
    0.0005,
    0.0005,
    0.0005,
    0.0005,
    0.0005,
    0.0005,
    0.0005,
    0.0005,
    0.0005,
    0.0005,
    0.0005,
    0.0005,
    0.0005,
    0.0005
  ],
  "val_accuracy": [
    58.300057,
    69.081574,
    71.990873,
    74.158585,
    75.470622,
    77.695379,
    77.809469,
    78.836281,
    78.6081,
    77.980605,
    80.205362,
    79.634912,
    79.806047,
    79.577867,
    80.091272,
    79.863092,
    79.863092,
    80.091272,
    78.15174,
    78.26583,
    81.175128,
    80.091272,
    80.034227,
    80.775813,
    80.490588,
    80.433542,
    80.661723,
    79.977182,
    80.946948,
    78.665145,
    79.977182,
    79.749002,
    79.977182,
    79.977182,
    79.806047,
    79.920137
  ],
  "model_info": {
    "model_class": "BaseClassifier",
    "hidden_size": 128,
    "num_classes": 23,
    "emb_size_audio": 512,
    "emb_size_text": 512,
    "dropout": 0.1,
    "use_batch_norm": true,
    "mode": "both",
    "num_folds": 5,
    "fold_id": 2,
    "batch_size": 64,
    "random_seed": 1821
  }
}