{
  "train_cls_loss": [
    2.40791,
    1.676947,
    1.471403,
    1.28218,
    1.226142,
    1.139273,
    1.091037,
    1.047512,
    1.025203,
    0.9651,
    0.936989,
    0.924422,
    0.900132,
    0.876436,
    0.868839,
    0.844817,
    0.812776,
    0.797156,
    0.792535,
    0.771649,
    0.717599,
    0.681664,
    0.662771,
    0.665099,
    0.614014,
    0.625936,
    0.631347,
    0.615097,
    0.596806,
    0.59064,
    0.59281,
    0.589078,
    0.585352,
    0.558385,
    0.552162,
    0.559654,
    0.536963
  ],
  "train_top_cls_loss": [
    0.825487,
    0.560455,
    0.511497,
    0.479592,
    0.465505,
    0.434647,
    0.428604,
    0.410732,
    0.409788,
    0.386424,
    0.382117,
    0.373008,
    0.363397,
    0.355305,
    0.355034,
    0.343351,
    0.331623,
    0.321031,
    0.324633,
    0.320151,
    0.293706,
    0.276804,
    0.260534,
    0.271272,
    0.244008,
    0.245123,
    0.248842,
    0.243313,
    0.239502,
    0.22876,
    0.234957,
    0.234724,
    0.222322,
    0.214825,
    0.220103,
    0.223314,
    0.208861
  ],
  "train_total_loss": [
    3.64614,
    2.517629,
    2.238648,
    2.001569,
    1.9244,
    1.791243,
    1.733943,
    1.663611,
    1.639885,
    1.544736,
    1.510164,
    1.483934,
    1.445227,
    1.409393,
    1.401389,
    1.359844,
    1.310211,
    1.278702,
    1.279485,
    1.251876,
    1.158158,
    1.09687,
    1.053572,
    1.072007,
    0.980026,
    0.99362,
    1.004609,
    0.980066,
    0.95606,
    0.933779,
    0.945246,
    0.941164,
    0.918835,
    0.880623,
    0.882316,
    0.894625,
    0.850254
  ],
  "learning_rates": [
    0.001,
    0.001,
    0.001,
    0.001,
    0.001,
    0.001,
    0.001,
    0.001,
    0.001,
    0.001,
    0.001,
    0.001,
    0.001,
    0.001,
    0.001,
    0.001,
    0.001,
    0.001,
    0.001,
    0.001,
    0.0005,
    0.0005,
    0.0005,
    0.0005,
    0.0005,
    0.0005,
    0.0005,
    0.0005,
    0.0005,
    0.0005,
    0.0005,
    0.0005,
    0.0005,
    0.0005,
    0.0005,
    0.0005,
    0.0005
  ],
  "val_accuracy": [
    48.031945,
    55.219624,
    65.08842,
    71.477467,
    72.789504,
    71.135197,
    72.846549,
    75.527667,
    74.21563,
    75.755847,
    75.299487,
    75.698802,
    76.554478,
    76.497433,
    77.695379,
    76.326298,
    77.067884,
    77.239019,
    77.181974,
    77.638334,
    79.121506,
    79.406731,
    79.007416,
    77.695379,
    77.980605,
    77.638334,
    77.809469,
    78.722191,
    78.893326,
    79.121506,
    77.239019,
    78.26583,
    77.296064,
    78.551055,
    78.893326,
    78.551055,
    78.6081
  ],
  "model_info": {
    "model_class": "BaseClassifier",
    "hidden_size": 128,
    "num_classes": 23,
    "emb_size_audio": 512,
    "emb_size_text": 0,
    "dropout": 0.1,
    "use_batch_norm": true,
    "mode": "audio",
    "num_folds": 5,
    "fold_id": 2,
    "batch_size": 64,
    "random_seed": 1821
  }
}