{
  "attention_audio": [
    0.555284,
    0.557969,
    0.551956,
    0.55168,
    0.547419,
    0.554037,
    0.55271,
    0.551323,
    0.555592,
    0.557006,
    0.562677,
    0.564517,
    0.564644,
    0.563394,
    0.565625,
    0.566713,
    0.568707,
    0.571079,
    0.568918,
    0.570091,
    0.572285,
    0.572824,
    0.571576,
    0.574044,
    0.572293,
    0.57179,
    0.573271,
    0.577034,
    0.574748,
    0.57519,
    0.576316,
    0.577942,
    0.578602,
    0.577003,
    0.580649,
    0.582663,
    0.580248,
    0.578967,
    0.580835,
    0.582797,
    0.581411,
    0.583131,
    0.583453,
    0.584433,
    0.583623,
    0.582593,
    0.584078,
    0.583107,
    0.581704,
    0.58325,
    0.582846,
    0.582812
  ],
  "attention_text": [
    0.444716,
    0.442031,
    0.448044,
    0.44832,
    0.452581,
    0.445963,
    0.44729,
    0.448677,
    0.444408,
    0.442994,
    0.437323,
    0.435483,
    0.435356,
    0.436606,
    0.434375,
    0.433287,
    0.431293,
    0.428921,
    0.431082,
    0.429909,
    0.427715,
    0.427176,
    0.428424,
    0.425956,
    0.427707,
    0.42821,
    0.426729,
    0.422966,
    0.425252,
    0.42481,
    0.423684,
    0.422058,
    0.421398,
    0.422997,
    0.419351,
    0.417337,
    0.419752,
    0.421033,
    0.419165,
    0.417203,
    0.418589,
    0.416869,
    0.416547,
    0.415567,
    0.416377,
    0.417407,
    0.415922,
    0.416893,
    0.418296,
    0.41675,
    0.417154,
    0.417188
  ],
  "train_cls_loss": [
    2.377598,
    1.481167,
    1.20238,
    1.048779,
    0.987591,
    0.913918,
    0.869394,
    0.828386,
    0.800003,
    0.777554,
    0.722279,
    0.680135,
    0.678241,
    0.646283,
    0.62562,
    0.589165,
    0.578328,
    0.56246,
    0.56275,
    0.526194,
    0.468134,
    0.435573,
    0.409295,
    0.398905,
    0.389034,
    0.394824,
    0.379801,
    0.357034,
    0.366505,
    0.349277,
    0.356403,
    0.357237,
    0.338049,
    0.340456,
    0.311715,
    0.316451,
    0.319584,
    0.306276,
    0.311261,
    0.305311,
    0.252813,
    0.236225,
    0.231364,
    0.226756,
    0.218801,
    0.240117,
    0.229121,
    0.210029,
    0.203236,
    0.201327,
    0.21183,
    0.198243
  ],
  "train_top_cls_loss": [
    0.688245,
    0.463131,
    0.42003,
    0.371319,
    0.367256,
    0.34449,
    0.338659,
    0.320015,
    0.324015,
    0.311829,
    0.293966,
    0.272586,
    0.269074,
    0.259425,
    0.245736,
    0.239647,
    0.225676,
    0.22701,
    0.225275,
    0.211297,
    0.181176,
    0.170337,
    0.155572,
    0.155546,
    0.159345,
    0.148998,
    0.147737,
    0.141043,
    0.145249,
    0.131869,
    0.14223,
    0.138562,
    0.129435,
    0.137223,
    0.123951,
    0.127795,
    0.128481,
    0.122561,
    0.128715,
    0.117463,
    0.104566,
    0.09826,
    0.095964,
    0.09649,
    0.091615,
    0.102801,
    0.095332,
    0.087803,
    0.089546,
    0.088032,
    0.0958,
    0.088512
  ],
  "train_total_loss": [
    3.409966,
    2.175864,
    1.832425,
    1.605756,
    1.538474,
    1.430653,
    1.377382,
    1.308409,
    1.286026,
    1.245297,
    1.163228,
    1.089014,
    1.081851,
    1.035421,
    0.994224,
    0.948636,
    0.916841,
    0.902976,
    0.900662,
    0.843139,
    0.739899,
    0.691079,
    0.642653,
    0.632223,
    0.628051,
    0.61832,
    0.601406,
    0.568598,
    0.584378,
    0.547081,
    0.569748,
    0.56508,
    0.532201,
    0.546291,
    0.497641,
    0.508143,
    0.512305,
    0.490117,
    0.504334,
    0.481505,
    0.409662,
    0.383615,
    0.375309,
    0.371491,
    0.356224,
    0.394318,
    0.372119,
    0.341734,
    0.337555,
    0.333374,
    0.355529,
    0.331011
  ],
  "learning_rates": [
    0.001,
    0.001,
    0.001,
    0.001,
    0.001,
    0.001,
    0.001,
    0.001,
    0.001,
    0.001,
    0.001,
    0.001,
    0.001,
    0.001,
    0.001,
    0.001,
    0.001,
    0.001,
    0.001,
    0.001,
    0.0005,
    0.0005,
    0.0005,
    0.0005,
    0.0005,
    0.0005,
    0.0005,
    0.0005,
    0.0005,
    0.0005,
    0.0005,
    0.0005,
    0.0005,
    0.0005,
    0.0005,
    0.0005,
    0.0005,
    0.0005,
    0.0005,
    0.0005,
    0.00025,
    0.00025,
    0.00025,
    0.00025,
    0.00025,
    0.00025,
    0.00025,
    0.00025,
    0.00025,
    0.00025,
    0.00025,
    0.00025
  ],
  "val_accuracy": [
    44.655172,
    63.045977,
    70.287356,
    71.206897,
    71.551724,
    75.114943,
    75.689655,
    75.517241,
    76.149425,
    76.264368,
    77.816092,
    77.068966,
    77.298851,
    77.988506,
    77.931034,
    77.758621,
    77.126437,
    78.448276,
    78.678161,
    76.724138,
    77.356322,
    78.103448,
    78.218391,
    78.850575,
    78.333333,
    78.62069,
    77.528736,
    77.758621,
    77.988506,
    77.758621,
    77.643678,
    78.218391,
    77.528736,
    78.678161,
    78.103448,
    78.850575,
    79.310345,
    78.275862,
    77.528736,
    78.275862,
    78.908046,
    78.505747,
    78.735632,
    78.16092,
    77.931034,
    78.908046,
    78.505747,
    78.218391,
    78.505747,
    77.758621,
    78.275862,
    78.850575
  ],
  "model_info": {
    "model_class": "BaseClassifier",
    "hidden_size": 128,
    "num_classes": 23,
    "emb_size_audio": 1280,
    "emb_size_text": 512,
    "dropout": 0.1,
    "use_batch_norm": true,
    "mode": "both",
    "num_folds": 5,
    "fold_id": 3,
    "batch_size": 64,
    "random_seed": 1821
  }
}