{
  "train_cls_loss": [
    2.399189,
    1.729105,
    1.494594,
    1.410501,
    1.328041,
    1.276283,
    1.207293,
    1.165599,
    1.154825,
    1.100819,
    1.067474,
    1.054362,
    1.003648,
    0.993063,
    0.98485,
    0.929396,
    0.922595,
    0.894556,
    0.878055,
    0.878206,
    0.76886,
    0.724858,
    0.727813,
    0.702633,
    0.693683,
    0.674991,
    0.672786,
    0.643984,
    0.656092,
    0.633177,
    0.616359,
    0.612381,
    0.582288,
    0.594801,
    0.585072,
    0.558837,
    0.567363,
    0.535195,
    0.551606,
    0.530169,
    0.480734,
    0.462127,
    0.455597,
    0.455186,
    0.429632,
    0.450808,
    0.423289,
    0.430055,
    0.411241
  ],
  "train_top_cls_loss": [
    0.818686,
    0.634561,
    0.588829,
    0.571283,
    0.538811,
    0.528974,
    0.496538,
    0.494228,
    0.48869,
    0.461139,
    0.448881,
    0.452139,
    0.424485,
    0.413173,
    0.422835,
    0.39367,
    0.388718,
    0.371927,
    0.367702,
    0.373449,
    0.321333,
    0.299683,
    0.297455,
    0.290961,
    0.28595,
    0.276864,
    0.270763,
    0.260812,
    0.263269,
    0.255196,
    0.253666,
    0.251714,
    0.244222,
    0.24461,
    0.243387,
    0.226135,
    0.23519,
    0.20942,
    0.224268,
    0.206643,
    0.194026,
    0.184821,
    0.186307,
    0.184191,
    0.17843,
    0.185552,
    0.165892,
    0.172529,
    0.166017
  ],
  "train_total_loss": [
    3.217874,
    2.363666,
    2.083423,
    1.981784,
    1.866853,
    1.805256,
    1.703831,
    1.659827,
    1.643515,
    1.561958,
    1.516355,
    1.506501,
    1.428134,
    1.406236,
    1.407685,
    1.323066,
    1.311312,
    1.266483,
    1.245756,
    1.251655,
    1.090193,
    1.024541,
    1.025267,
    0.993595,
    0.979633,
    0.951855,
    0.943549,
    0.904795,
    0.919361,
    0.888373,
    0.870025,
    0.864095,
    0.82651,
    0.839411,
    0.828459,
    0.784972,
    0.802554,
    0.744615,
    0.775874,
    0.736811,
    0.674761,
    0.646948,
    0.641905,
    0.639377,
    0.608063,
    0.63636,
    0.589181,
    0.602584,
    0.577258
  ],
  "learning_rates": [
    0.001,
    0.001,
    0.001,
    0.001,
    0.001,
    0.001,
    0.001,
    0.001,
    0.001,
    0.001,
    0.001,
    0.001,
    0.001,
    0.001,
    0.001,
    0.001,
    0.001,
    0.001,
    0.001,
    0.001,
    0.0005,
    0.0005,
    0.0005,
    0.0005,
    0.0005,
    0.0005,
    0.0005,
    0.0005,
    0.0005,
    0.0005,
    0.0005,
    0.0005,
    0.0005,
    0.0005,
    0.0005,
    0.0005,
    0.0005,
    0.0005,
    0.0005,
    0.0005,
    0.00025,
    0.00025,
    0.00025,
    0.00025,
    0.00025,
    0.00025,
    0.00025,
    0.00025,
    0.00025
  ],
  "val_accuracy": [
    41.37931,
    57.816092,
    58.563218,
    64.252874,
    63.563218,
    65.517241,
    66.781609,
    68.678161,
    67.356322,
    68.275862,
    70.057471,
    67.298851,
    69.022989,
    70.0,
    70.114943,
    70.402299,
    69.08046,
    71.206897,
    70.114943,
    70.862069,
    72.586207,
    72.126437,
    70.91954,
    71.666667,
    72.471264,
    70.862069,
    71.034483,
    71.781609,
    70.45977,
    71.781609,
    71.83908,
    71.494253,
    71.83908,
    72.701149,
    71.436782,
    71.321839,
    70.977011,
    71.264368,
    71.321839,
    71.321839,
    71.609195,
    71.091954,
    70.574713,
    70.91954,
    70.977011,
    71.609195,
    71.551724,
    71.034483,
    71.724138
  ],
  "model_info": {
    "model_class": "BaseClassifier",
    "hidden_size": 128,
    "num_classes": 23,
    "emb_size_audio": 768,
    "emb_size_text": 0,
    "dropout": 0.1,
    "use_batch_norm": true,
    "mode": "audio",
    "num_folds": 5,
    "fold_id": 3,
    "batch_size": 64,
    "random_seed": 1821
  }
}