{
  "attention_audio": [
    0.314301,
    0.304908,
    0.30268,
    0.300559,
    0.301062,
    0.298874,
    0.299675,
    0.297975,
    0.296212,
    0.298858,
    0.297288,
    0.29137,
    0.289471,
    0.29347,
    0.29364,
    0.29049,
    0.291727,
    0.29077,
    0.294849,
    0.299264,
    0.297058,
    0.298469,
    0.300829,
    0.298397,
    0.299898,
    0.301106,
    0.298935,
    0.300449,
    0.301418,
    0.300761,
    0.303617,
    0.30459,
    0.303316,
    0.304427,
    0.30581,
    0.303436
  ],
  "attention_text": [
    0.409329,
    0.435686,
    0.447933,
    0.454611,
    0.45708,
    0.461658,
    0.461937,
    0.464438,
    0.458413,
    0.457731,
    0.452382,
    0.453437,
    0.449955,
    0.44236,
    0.434415,
    0.434324,
    0.439358,
    0.432672,
    0.429351,
    0.41861,
    0.41634,
    0.416541,
    0.417282,
    0.412911,
    0.413039,
    0.409308,
    0.410789,
    0.40538,
    0.404786,
    0.402231,
    0.406822,
    0.406497,
    0.403864,
    0.401384,
    0.398657,
    0.395352
  ],
  "train_cls_loss": [
    1.80942,
    1.408032,
    1.314643,
    1.27176,
    1.254838,
    1.173831,
    1.115386,
    1.126672,
    1.074848,
    1.050179,
    1.052748,
    1.030846,
    0.997112,
    0.985045,
    1.016969,
    0.985339,
    0.939252,
    0.977089,
    0.920197,
    0.936891,
    0.897725,
    0.910346,
    0.857575,
    0.827629,
    0.850655,
    0.815018,
    0.847594,
    0.822229,
    0.813956,
    0.780252,
    0.794001,
    0.782334,
    0.806032,
    0.79445,
    0.774772,
    0.812393
  ],
  "train_total_loss": [
    1.80942,
    1.408032,
    1.314643,
    1.27176,
    1.254838,
    1.173831,
    1.115386,
    1.126672,
    1.074848,
    1.050179,
    1.052748,
    1.030846,
    0.997112,
    0.985045,
    1.016969,
    0.985339,
    0.939252,
    0.977089,
    0.920197,
    0.936891,
    0.897725,
    0.910346,
    0.857575,
    0.827629,
    0.850655,
    0.815018,
    0.847594,
    0.822229,
    0.813956,
    0.780252,
    0.794001,
    0.782334,
    0.806032,
    0.79445,
    0.774772,
    0.812393
  ],
  "learning_rates": [
    0.001,
    0.001,
    0.001,
    0.001,
    0.001,
    0.001,
    0.001,
    0.001,
    0.001,
    0.001,
    0.001,
    0.001,
    0.001,
    0.001,
    0.001,
    0.001,
    0.001,
    0.001,
    0.001,
    0.001,
    0.0005,
    0.0005,
    0.0005,
    0.0005,
    0.0005,
    0.0005,
    0.0005,
    0.0005,
    0.0005,
    0.0005,
    0.0005,
    0.0005,
    0.0005,
    0.0005,
    0.0005,
    0.0005
  ],
  "val_accuracy": [
    62.692527,
    69.25271,
    71.420422,
    73.017684,
    74.614946,
    74.786081,
    74.671991,
    75.698802,
    75.128351,
    74.786081,
    76.269253,
    76.440388,
    74.957216,
    77.467199,
    76.098118,
    76.782658,
    76.497433,
    76.953793,
    75.185396,
    77.92356,
    78.665145,
    77.010839,
    76.839703,
    76.440388,
    77.410154,
    76.383343,
    77.467199,
    76.782658,
    77.866515,
    77.010839,
    77.353109,
    76.155163,
    76.212208,
    75.984027,
    76.440388,
    76.896748
  ],
  "model_info": {
    "model_class": "BaseClassifier",
    "hidden_size": 128,
    "num_classes": 23,
    "emb_size_audio": 512,
    "emb_size_text": 512,
    "dropout": 0.1,
    "use_batch_norm": true,
    "mode": "both",
    "num_folds": 5,
    "fold_id": 2,
    "batch_size": 64,
    "random_seed": 1821
  }
}