{
  "train_cls_loss": [
    2.412191,
    1.577019,
    1.367423,
    1.273295,
    1.195323,
    1.144701,
    1.075513,
    1.05037,
    1.006493,
    0.976088,
    0.977573,
    0.935365,
    0.92314,
    0.881734,
    0.889947,
    0.84959,
    0.858489,
    0.827536,
    0.817623,
    0.791078,
    0.713726,
    0.693374,
    0.66965,
    0.658857,
    0.641387,
    0.644458,
    0.632448,
    0.605467,
    0.60731,
    0.597593,
    0.562841,
    0.593731,
    0.562762,
    0.556028,
    0.566507,
    0.5448,
    0.527409,
    0.518019,
    0.520152,
    0.500623,
    0.454837,
    0.436624,
    0.425178,
    0.41811,
    0.41474
  ],
  "train_total_loss": [
    2.412191,
    1.577019,
    1.367423,
    1.273295,
    1.195323,
    1.144701,
    1.075513,
    1.05037,
    1.006493,
    0.976088,
    0.977573,
    0.935365,
    0.92314,
    0.881734,
    0.889947,
    0.84959,
    0.858489,
    0.827536,
    0.817623,
    0.791078,
    0.713726,
    0.693374,
    0.66965,
    0.658857,
    0.641387,
    0.644458,
    0.632448,
    0.605467,
    0.60731,
    0.597593,
    0.562841,
    0.593731,
    0.562762,
    0.556028,
    0.566507,
    0.5448,
    0.527409,
    0.518019,
    0.520152,
    0.500623,
    0.454837,
    0.436624,
    0.425178,
    0.41811,
    0.41474
  ],
  "learning_rates": [
    0.001,
    0.001,
    0.001,
    0.001,
    0.001,
    0.001,
    0.001,
    0.001,
    0.001,
    0.001,
    0.001,
    0.001,
    0.001,
    0.001,
    0.001,
    0.001,
    0.001,
    0.001,
    0.001,
    0.001,
    0.0005,
    0.0005,
    0.0005,
    0.0005,
    0.0005,
    0.0005,
    0.0005,
    0.0005,
    0.0005,
    0.0005,
    0.0005,
    0.0005,
    0.0005,
    0.0005,
    0.0005,
    0.0005,
    0.0005,
    0.0005,
    0.0005,
    0.0005,
    0.00025,
    0.00025,
    0.00025,
    0.00025,
    0.00025
  ],
  "val_accuracy": [
    60.752995,
    68.739304,
    67.541358,
    73.131774,
    73.474044,
    72.504278,
    73.245864,
    72.789504,
    74.443811,
    74.900171,
    77.181974,
    74.158585,
    75.356532,
    75.812892,
    75.185396,
    75.812892,
    75.698802,
    76.269253,
    75.812892,
    74.900171,
    77.296064,
    75.698802,
    77.581289,
    76.839703,
    76.611523,
    75.413577,
    76.440388,
    75.299487,
    75.698802,
    77.866515,
    75.470622,
    75.014261,
    76.326298,
    76.041072,
    75.755847,
    74.843126,
    76.611523,
    75.812892,
    75.584712,
    76.782658,
    76.383343,
    75.812892,
    76.896748,
    76.440388,
    76.611523
  ],
  "model_info": {
    "model_class": "BaseClassifier",
    "hidden_size": 128,
    "num_classes": 23,
    "emb_size_audio": 512,
    "emb_size_text": 0,
    "dropout": 0.1,
    "use_batch_norm": true,
    "mode": "audio",
    "num_folds": 5,
    "fold_id": 0,
    "batch_size": 64,
    "random_seed": 1821
  }
}