{
  "attention_audio": [
    0.311581,
    0.336282,
    0.335553,
    0.340999,
    0.346992,
    0.343297,
    0.342988,
    0.347335,
    0.340975,
    0.342126,
    0.349328,
    0.348624,
    0.351634,
    0.356821,
    0.349235,
    0.355352,
    0.357292,
    0.353484,
    0.353184,
    0.353512,
    0.351403,
    0.354562,
    0.359876,
    0.360172,
    0.361075,
    0.360827,
    0.362533,
    0.358623,
    0.361081,
    0.361005,
    0.363522,
    0.36366,
    0.361876,
    0.365074,
    0.368175,
    0.361859
  ],
  "attention_text": [
    0.346571,
    0.352465,
    0.371478,
    0.367976,
    0.371797,
    0.369926,
    0.373501,
    0.374924,
    0.374335,
    0.372149,
    0.373892,
    0.374776,
    0.375258,
    0.373886,
    0.379758,
    0.379152,
    0.380826,
    0.386015,
    0.385171,
    0.387146,
    0.387354,
    0.384064,
    0.379643,
    0.378948,
    0.380011,
    0.382362,
    0.380545,
    0.383396,
    0.379462,
    0.37744,
    0.379497,
    0.38191,
    0.382839,
    0.378657,
    0.381262,
    0.385813
  ],
  "train_cls_loss": [
    2.432599,
    1.479822,
    1.253693,
    1.092055,
    1.020219,
    0.934545,
    0.874965,
    0.833542,
    0.830185,
    0.776439,
    0.736834,
    0.711252,
    0.701897,
    0.679462,
    0.65636,
    0.658096,
    0.623223,
    0.611497,
    0.599593,
    0.583782,
    0.50737,
    0.484587,
    0.474377,
    0.466062,
    0.456514,
    0.435206,
    0.45077,
    0.439663,
    0.42515,
    0.409412,
    0.414579,
    0.400631,
    0.395907,
    0.390371,
    0.369929,
    0.363462
  ],
  "train_top_cls_loss": [
    0.811138,
    0.488958,
    0.448997,
    0.423747,
    0.407082,
    0.384415,
    0.355471,
    0.349687,
    0.351367,
    0.329595,
    0.310743,
    0.306202,
    0.30426,
    0.300864,
    0.285591,
    0.287244,
    0.276625,
    0.258714,
    0.264016,
    0.253101,
    0.226642,
    0.208056,
    0.211868,
    0.205373,
    0.203363,
    0.19062,
    0.198118,
    0.188473,
    0.191537,
    0.18433,
    0.17767,
    0.179094,
    0.177384,
    0.168812,
    0.16119,
    0.161192
  ],
  "train_total_loss": [
    3.000396,
    1.822092,
    1.567991,
    1.388678,
    1.305177,
    1.203636,
    1.123794,
    1.078322,
    1.076142,
    1.007156,
    0.954355,
    0.925593,
    0.914878,
    0.890067,
    0.856273,
    0.859167,
    0.816861,
    0.792597,
    0.784404,
    0.760953,
    0.666019,
    0.630226,
    0.622685,
    0.609823,
    0.598868,
    0.568639,
    0.589453,
    0.571595,
    0.559226,
    0.538443,
    0.538948,
    0.525997,
    0.520076,
    0.508539,
    0.482762,
    0.476296
  ],
  "learning_rates": [
    0.001,
    0.001,
    0.001,
    0.001,
    0.001,
    0.001,
    0.001,
    0.001,
    0.001,
    0.001,
    0.001,
    0.001,
    0.001,
    0.001,
    0.001,
    0.001,
    0.001,
    0.001,
    0.001,
    0.001,
    0.0005,
    0.0005,
    0.0005,
    0.0005,
    0.0005,
    0.0005,
    0.0005,
    0.0005,
    0.0005,
    0.0005,
    0.0005,
    0.0005,
    0.0005,
    0.0005,
    0.0005,
    0.0005
  ],
  "val_accuracy": [
    52.25328,
    67.313177,
    72.333143,
    76.155163,
    76.041072,
    77.296064,
    78.15174,
    79.121506,
    79.178551,
    79.007416,
    78.6081,
    79.121506,
    79.121506,
    78.26583,
    79.463776,
    79.634912,
    79.634912,
    80.433542,
    78.836281,
    79.178551,
    81.289218,
    80.718768,
    80.775813,
    80.718768,
    80.889903,
    80.433542,
    80.148317,
    79.749002,
    79.749002,
    79.863092,
    80.661723,
    80.319452,
    79.806047,
    79.349686,
    79.520821,
    79.634912
  ],
  "model_info": {
    "model_class": "BaseClassifier",
    "hidden_size": 128,
    "num_classes": 23,
    "emb_size_audio": 512,
    "emb_size_text": 512,
    "dropout": 0.1,
    "use_batch_norm": true,
    "mode": "both",
    "num_folds": 5,
    "fold_id": 2,
    "batch_size": 64,
    "random_seed": 1821
  }
}