{
  "train_cls_loss": [
    1.677849,
    1.048721,
    0.883827,
    0.799433,
    0.747945,
    0.698066,
    0.685415,
    0.638668,
    0.621728,
    0.598287,
    0.600164,
    0.568575,
    0.565209,
    0.55265,
    0.541633,
    0.526815,
    0.510725,
    0.496899,
    0.495553,
    0.485207,
    0.43614,
    0.419101,
    0.409469,
    0.404952,
    0.3898,
    0.393173,
    0.379082,
    0.369557,
    0.367558,
    0.363935,
    0.360908,
    0.35245,
    0.348788,
    0.35103,
    0.340016,
    0.337565,
    0.336305,
    0.330842,
    0.31504,
    0.309481
  ],
  "train_total_loss": [
    1.677849,
    1.048721,
    0.883827,
    0.799433,
    0.747945,
    0.698066,
    0.685415,
    0.638668,
    0.621728,
    0.598287,
    0.600164,
    0.568575,
    0.565209,
    0.55265,
    0.541633,
    0.526815,
    0.510725,
    0.496899,
    0.495553,
    0.485207,
    0.43614,
    0.419101,
    0.409469,
    0.404952,
    0.3898,
    0.393173,
    0.379082,
    0.369557,
    0.367558,
    0.363935,
    0.360908,
    0.35245,
    0.348788,
    0.35103,
    0.340016,
    0.337565,
    0.336305,
    0.330842,
    0.31504,
    0.309481
  ],
  "learning_rates": [
    0.001,
    0.001,
    0.001,
    0.001,
    0.001,
    0.001,
    0.001,
    0.001,
    0.001,
    0.001,
    0.001,
    0.001,
    0.001,
    0.001,
    0.001,
    0.001,
    0.001,
    0.001,
    0.001,
    0.001,
    0.0005,
    0.0005,
    0.0005,
    0.0005,
    0.0005,
    0.0005,
    0.0005,
    0.0005,
    0.0005,
    0.0005,
    0.0005,
    0.0005,
    0.0005,
    0.0005,
    0.0005,
    0.0005,
    0.0005,
    0.0005,
    0.0005,
    0.0005
  ],
  "val_accuracy": [
    62.065031,
    66.628637,
    72.276098,
    73.75927,
    74.044495,
    76.098118,
    75.641757,
    76.326298,
    75.527667,
    77.467199,
    77.239019,
    77.92356,
    75.641757,
    77.980605,
    76.611523,
    78.15174,
    77.809469,
    77.695379,
    77.410154,
    77.067884,
    78.322875,
    78.15174,
    77.067884,
    78.49401,
    78.836281,
    78.779236,
    78.551055,
    78.208785,
    77.581289,
    77.866515,
    77.581289,
    77.92356,
    77.92356,
    77.980605,
    77.980605,
    76.953793,
    76.611523,
    77.353109,
    77.638334,
    77.866515
  ],
  "model_info": {
    "model_class": "BaseClassifier",
    "hidden_size": 128,
    "num_classes": 23,
    "emb_size_audio": 512,
    "emb_size_text": 0,
    "dropout": 0.1,
    "use_batch_norm": true,
    "mode": "audio",
    "num_folds": 5,
    "fold_id": 2,
    "batch_size": 64,
    "random_seed": 1821
  }
}