{
  "train_cls_loss": [
    2.580719,
    2.000993,
    1.822021,
    1.693093,
    1.569314,
    1.578363,
    1.45882,
    1.452431,
    1.426982,
    1.463149,
    1.357753,
    1.459442,
    1.384689,
    1.397126,
    1.318468,
    1.330541,
    1.42806,
    1.313822,
    1.312229,
    1.230285,
    1.164505,
    1.15937,
    1.218192,
    1.245764,
    1.180378,
    1.246357,
    1.220392,
    1.117694,
    1.206169,
    1.172333,
    1.177636,
    1.092563,
    1.15671,
    1.09285,
    1.075546,
    1.212825,
    1.05608
  ],
  "train_total_loss": [
    2.580719,
    2.000993,
    1.822021,
    1.693093,
    1.569314,
    1.578363,
    1.45882,
    1.452431,
    1.426982,
    1.463149,
    1.357753,
    1.459442,
    1.384689,
    1.397126,
    1.318468,
    1.330541,
    1.42806,
    1.313822,
    1.312229,
    1.230285,
    1.164505,
    1.15937,
    1.218192,
    1.245764,
    1.180378,
    1.246357,
    1.220392,
    1.117694,
    1.206169,
    1.172333,
    1.177636,
    1.092563,
    1.15671,
    1.09285,
    1.075546,
    1.212825,
    1.05608
  ],
  "learning_rates": [
    0.001,
    0.001,
    0.001,
    0.001,
    0.001,
    0.001,
    0.001,
    0.001,
    0.001,
    0.001,
    0.001,
    0.001,
    0.001,
    0.001,
    0.001,
    0.001,
    0.001,
    0.001,
    0.001,
    0.001,
    0.0005,
    0.0005,
    0.0005,
    0.0005,
    0.0005,
    0.0005,
    0.0005,
    0.0005,
    0.0005,
    0.0005,
    0.0005,
    0.0005,
    0.0005,
    0.0005,
    0.0005,
    0.0005,
    0.0005
  ],
  "val_accuracy": [
    56.53166,
    64.403879,
    69.652025,
    71.078152,
    71.534512,
    72.162008,
    73.359954,
    74.272675,
    74.786081,
    74.21563,
    75.071306,
    75.984027,
    75.071306,
    76.098118,
    76.212208,
    76.554478,
    76.611523,
    75.242442,
    75.812892,
    76.668568,
    76.896748,
    77.695379,
    77.181974,
    77.581289,
    77.239019,
    76.326298,
    76.269253,
    76.440388,
    76.953793,
    76.611523,
    76.668568,
    76.497433,
    76.497433,
    77.010839,
    76.839703,
    76.611523,
    76.668568
  ],
  "model_info": {
    "model_class": "BaseClassifier",
    "hidden_size": 128,
    "num_classes": 23,
    "emb_size_audio": 512,
    "emb_size_text": 0,
    "dropout": 0.1,
    "use_batch_norm": true,
    "mode": "audio",
    "num_folds": 5,
    "fold_id": 0,
    "batch_size": 64,
    "random_seed": 1821
  }
}