{
  "attention_audio": [
    0.527076,
    0.517866,
    0.518754,
    0.514899,
    0.513999,
    0.515391,
    0.510801,
    0.512664,
    0.512736,
    0.513694,
    0.512684,
    0.511284,
    0.511574,
    0.513994,
    0.513353,
    0.513597,
    0.513873,
    0.514956,
    0.518322,
    0.517723,
    0.513433,
    0.5141,
    0.51364,
    0.513522,
    0.513583,
    0.513869,
    0.514036,
    0.515151,
    0.51402,
    0.514966,
    0.513584,
    0.517128,
    0.515957,
    0.516113,
    0.51657,
    0.51538,
    0.513893,
    0.515585,
    0.51565,
    0.51347,
    0.514152,
    0.514294,
    0.513807,
    0.513699,
    0.514675
  ],
  "attention_text": [
    0.472924,
    0.482134,
    0.481246,
    0.485101,
    0.486001,
    0.484609,
    0.489199,
    0.487336,
    0.487264,
    0.486306,
    0.487316,
    0.488716,
    0.488426,
    0.486006,
    0.486647,
    0.486403,
    0.486127,
    0.485044,
    0.481678,
    0.482277,
    0.486567,
    0.4859,
    0.48636,
    0.486478,
    0.486417,
    0.486131,
    0.485964,
    0.484849,
    0.48598,
    0.485034,
    0.486416,
    0.482872,
    0.484043,
    0.483887,
    0.48343,
    0.48462,
    0.486107,
    0.484415,
    0.48435,
    0.48653,
    0.485848,
    0.485706,
    0.486193,
    0.486301,
    0.485325
  ],
  "train_cls_loss": [
    2.415013,
    1.572148,
    1.295701,
    1.151062,
    1.060817,
    1.018669,
    0.946316,
    0.906934,
    0.848537,
    0.811726,
    0.798272,
    0.779867,
    0.76286,
    0.744334,
    0.697483,
    0.677175,
    0.673873,
    0.665539,
    0.63804,
    0.620151,
    0.55113,
    0.509556,
    0.523243,
    0.489106,
    0.4967,
    0.464788,
    0.472521,
    0.459177,
    0.466283,
    0.454552,
    0.435117,
    0.425324,
    0.422888,
    0.407583,
    0.405774,
    0.41611,
    0.401861,
    0.396977,
    0.377175,
    0.40112,
    0.333666,
    0.323869,
    0.324383,
    0.322148,
    0.305345
  ],
  "train_top_cls_loss": [
    0.759917,
    0.468719,
    0.437651,
    0.413045,
    0.390913,
    0.386694,
    0.36005,
    0.361876,
    0.339384,
    0.322685,
    0.315457,
    0.317483,
    0.305819,
    0.305726,
    0.282562,
    0.267378,
    0.27164,
    0.266847,
    0.263003,
    0.261339,
    0.218845,
    0.199221,
    0.207389,
    0.188303,
    0.197658,
    0.177009,
    0.181608,
    0.186884,
    0.186426,
    0.179398,
    0.177148,
    0.167985,
    0.162899,
    0.164225,
    0.162638,
    0.164455,
    0.161139,
    0.157746,
    0.149046,
    0.158961,
    0.129889,
    0.124385,
    0.126813,
    0.126699,
    0.118297
  ],
  "train_total_loss": [
    3.554889,
    2.275226,
    1.952178,
    1.77063,
    1.647186,
    1.59871,
    1.486391,
    1.449748,
    1.357613,
    1.295753,
    1.271458,
    1.256092,
    1.221589,
    1.202924,
    1.121326,
    1.078243,
    1.081334,
    1.065809,
    1.032544,
    1.01216,
    0.879397,
    0.808387,
    0.834326,
    0.771561,
    0.793186,
    0.730302,
    0.744933,
    0.739502,
    0.745922,
    0.723649,
    0.700838,
    0.677302,
    0.667237,
    0.653921,
    0.649731,
    0.662793,
    0.64357,
    0.633597,
    0.600744,
    0.639562,
    0.5285,
    0.510446,
    0.514602,
    0.512196,
    0.482791
  ],
  "learning_rates": [
    0.001,
    0.001,
    0.001,
    0.001,
    0.001,
    0.001,
    0.001,
    0.001,
    0.001,
    0.001,
    0.001,
    0.001,
    0.001,
    0.001,
    0.001,
    0.001,
    0.001,
    0.001,
    0.001,
    0.001,
    0.0005,
    0.0005,
    0.0005,
    0.0005,
    0.0005,
    0.0005,
    0.0005,
    0.0005,
    0.0005,
    0.0005,
    0.0005,
    0.0005,
    0.0005,
    0.0005,
    0.0005,
    0.0005,
    0.0005,
    0.0005,
    0.0005,
    0.0005,
    0.00025,
    0.00025,
    0.00025,
    0.00025,
    0.00025
  ],
  "val_accuracy": [
    47.005134,
    58.699373,
    69.3668,
    72.104963,
    73.87336,
    75.527667,
    74.272675,
    77.296064,
    76.896748,
    78.551055,
    78.37992,
    78.49401,
    78.893326,
    78.436965,
    78.893326,
    78.6081,
    79.178551,
    78.03765,
    77.581289,
    79.863092,
    80.262407,
    80.205362,
    80.433542,
    79.406731,
    79.634912,
    80.262407,
    78.208785,
    80.547633,
    79.691957,
    80.832858,
    79.349686,
    79.749002,
    80.034227,
    79.577867,
    79.463776,
    80.205362,
    79.007416,
    80.433542,
    79.634912,
    79.691957,
    80.775813,
    80.490588,
    80.433542,
    80.034227,
    79.691957
  ],
  "model_info": {
    "model_class": "BaseClassifier",
    "hidden_size": 128,
    "num_classes": 23,
    "emb_size_audio": 512,
    "emb_size_text": 512,
    "dropout": 0.1,
    "use_batch_norm": true,
    "mode": "both",
    "num_folds": 5,
    "fold_id": 2,
    "batch_size": 64,
    "random_seed": 1821
  }
}