{
  "train_cls_loss": [
    2.329209,
    1.434614,
    1.213872,
    1.075444,
    0.957023,
    0.887609,
    0.827148,
    0.790128,
    0.756142,
    0.738664,
    0.698657,
    0.679057,
    0.643962,
    0.618447,
    0.613916,
    0.599233,
    0.585894,
    0.557853,
    0.531162,
    0.525865,
    0.479612,
    0.455612,
    0.426512,
    0.438107,
    0.404053,
    0.411322,
    0.403378,
    0.397232,
    0.39342,
    0.381983,
    0.374892,
    0.360303,
    0.358957,
    0.369776,
    0.36089,
    0.338843
  ],
  "train_total_loss": [
    2.329209,
    1.434614,
    1.213872,
    1.075444,
    0.957023,
    0.887609,
    0.827148,
    0.790128,
    0.756142,
    0.738664,
    0.698657,
    0.679057,
    0.643962,
    0.618447,
    0.613916,
    0.599233,
    0.585894,
    0.557853,
    0.531162,
    0.525865,
    0.479612,
    0.455612,
    0.426512,
    0.438107,
    0.404053,
    0.411322,
    0.403378,
    0.397232,
    0.39342,
    0.381983,
    0.374892,
    0.360303,
    0.358957,
    0.369776,
    0.36089,
    0.338843
  ],
  "learning_rates": [
    0.001,
    0.001,
    0.001,
    0.001,
    0.001,
    0.001,
    0.001,
    0.001,
    0.001,
    0.001,
    0.001,
    0.001,
    0.001,
    0.001,
    0.001,
    0.001,
    0.001,
    0.001,
    0.001,
    0.001,
    0.0005,
    0.0005,
    0.0005,
    0.0005,
    0.0005,
    0.0005,
    0.0005,
    0.0005,
    0.0005,
    0.0005,
    0.0005,
    0.0005,
    0.0005,
    0.0005,
    0.0005,
    0.0005
  ],
  "val_accuracy": [
    61.311173,
    71.56048,
    74.976916,
    78.578024,
    79.686057,
    81.99446,
    82.363804,
    84.764543,
    84.302862,
    83.748846,
    84.856879,
    83.564174,
    83.287165,
    84.949215,
    83.102493,
    84.11819,
    85.503232,
    85.31856,
    83.748846,
    85.31856,
    85.964912,
    85.226223,
    85.041551,
    84.949215,
    85.410896,
    85.964912,
    83.748846,
    85.31856,
    84.949215,
    85.687904,
    85.226223,
    84.672207,
    85.041551,
    85.595568,
    85.226223,
    84.949215
  ],
  "model_info": {
    "model_class": "BaseClassifier",
    "hidden_size": 128,
    "num_classes": 23,
    "emb_size_audio": 512,
    "emb_size_text": 0,
    "dropout": 0.1,
    "use_batch_norm": true,
    "mode": "audio",
    "num_folds": 5,
    "fold_id": 3,
    "batch_size": 64,
    "random_seed": 1821
  }
}