{
  "attention_audio": [
    0.495727,
    0.46199,
    0.446073,
    0.437657,
    0.427124,
    0.423228,
    0.419452,
    0.414263,
    0.414374,
    0.41006,
    0.415206,
    0.418715,
    0.414558,
    0.415699,
    0.414239,
    0.416044,
    0.420301,
    0.42274,
    0.423169,
    0.418522,
    0.427294,
    0.43154,
    0.428525,
    0.427105,
    0.420001,
    0.423168,
    0.428719,
    0.425888,
    0.428766,
    0.430362,
    0.425847,
    0.430441,
    0.428992,
    0.427859,
    0.427133,
    0.426992,
    0.426909,
    0.432214,
    0.428498
  ],
  "attention_text": [
    0.504273,
    0.53801,
    0.553927,
    0.562343,
    0.572876,
    0.576772,
    0.580548,
    0.585737,
    0.585626,
    0.58994,
    0.584794,
    0.581285,
    0.585442,
    0.584301,
    0.585761,
    0.583956,
    0.579699,
    0.57726,
    0.576831,
    0.581478,
    0.572706,
    0.56846,
    0.571475,
    0.572895,
    0.579999,
    0.576832,
    0.571281,
    0.574112,
    0.571234,
    0.569638,
    0.574153,
    0.569559,
    0.571008,
    0.572141,
    0.572867,
    0.573008,
    0.573091,
    0.567786,
    0.571502
  ],
  "train_cls_loss": [
    0.737244,
    0.516807,
    0.447808,
    0.410887,
    0.388368,
    0.369961,
    0.354841,
    0.344897,
    0.335455,
    0.324466,
    0.315733,
    0.307613,
    0.300879,
    0.299096,
    0.285774,
    0.284428,
    0.274951,
    0.270353,
    0.26684,
    0.261962,
    0.233948,
    0.223862,
    0.218602,
    0.213548,
    0.211505,
    0.207706,
    0.203339,
    0.199275,
    0.195297,
    0.195222,
    0.192499,
    0.191913,
    0.184048,
    0.186869,
    0.181704,
    0.179306,
    0.179444,
    0.177204,
    0.171754
  ],
  "train_total_loss": [
    0.737244,
    0.516807,
    0.447808,
    0.410887,
    0.388368,
    0.369961,
    0.354841,
    0.344897,
    0.335455,
    0.324466,
    0.315733,
    0.307613,
    0.300879,
    0.299096,
    0.285774,
    0.284428,
    0.274951,
    0.270353,
    0.26684,
    0.261962,
    0.233948,
    0.223862,
    0.218602,
    0.213548,
    0.211505,
    0.207706,
    0.203339,
    0.199275,
    0.195297,
    0.195222,
    0.192499,
    0.191913,
    0.184048,
    0.186869,
    0.181704,
    0.179306,
    0.179444,
    0.177204,
    0.171754
  ],
  "learning_rates": [
    0.001,
    0.001,
    0.001,
    0.001,
    0.001,
    0.001,
    0.001,
    0.001,
    0.001,
    0.001,
    0.001,
    0.001,
    0.001,
    0.001,
    0.001,
    0.001,
    0.001,
    0.001,
    0.001,
    0.001,
    0.0005,
    0.0005,
    0.0005,
    0.0005,
    0.0005,
    0.0005,
    0.0005,
    0.0005,
    0.0005,
    0.0005,
    0.0005,
    0.0005,
    0.0005,
    0.0005,
    0.0005,
    0.0005,
    0.0005,
    0.0005,
    0.0005
  ],
  "val_accuracy": [
    59.212778,
    69.880205,
    72.390188,
    77.752424,
    76.497433,
    76.497433,
    77.296064,
    76.155163,
    77.410154,
    77.980605,
    77.296064,
    76.668568,
    77.638334,
    78.779236,
    77.524244,
    78.436965,
    77.010839,
    78.436965,
    79.007416,
    78.665145,
    78.49401,
    78.49401,
    78.551055,
    79.064461,
    78.551055,
    78.779236,
    78.03765,
    78.37992,
    78.6081,
    78.322875,
    78.779236,
    77.92356,
    78.551055,
    77.638334,
    77.866515,
    77.010839,
    79.007416,
    77.581289,
    77.695379
  ],
  "model_info": {
    "model_class": "BaseClassifier",
    "hidden_size": 128,
    "num_classes": 23,
    "emb_size_audio": 512,
    "emb_size_text": 512,
    "dropout": 0.1,
    "use_batch_norm": true,
    "mode": "both",
    "num_folds": 5,
    "fold_id": 3,
    "batch_size": 64,
    "random_seed": 1821
  }
}