{
  "attention_audio": [
    0.505297,
    0.503356,
    0.501916,
    0.500517,
    0.498752,
    0.502086,
    0.502073,
    0.507322,
    0.506096,
    0.5074,
    0.50807,
    0.508171,
    0.507868,
    0.507676,
    0.506291,
    0.508944,
    0.510948,
    0.508826,
    0.506769,
    0.505778,
    0.507572,
    0.507453,
    0.508284,
    0.507569,
    0.508046,
    0.507713,
    0.506856,
    0.508048,
    0.507389,
    0.507612,
    0.509462,
    0.509354,
    0.509914,
    0.51006,
    0.508194,
    0.513381,
    0.513041,
    0.51378,
    0.514647,
    0.508262,
    0.511288
  ],
  "attention_text": [
    0.494703,
    0.496644,
    0.498084,
    0.499483,
    0.501248,
    0.497915,
    0.497927,
    0.492678,
    0.493904,
    0.4926,
    0.49193,
    0.491829,
    0.492132,
    0.492324,
    0.493709,
    0.491056,
    0.489052,
    0.491174,
    0.493231,
    0.494222,
    0.492427,
    0.492547,
    0.491716,
    0.492431,
    0.491954,
    0.492287,
    0.493144,
    0.491952,
    0.492611,
    0.492388,
    0.490538,
    0.490646,
    0.490086,
    0.48994,
    0.491806,
    0.486619,
    0.486959,
    0.48622,
    0.485353,
    0.491738,
    0.488712
  ],
  "train_cls_loss": [
    2.461396,
    1.57243,
    1.284814,
    1.161668,
    1.043021,
    1.000647,
    0.947463,
    0.921413,
    0.872081,
    0.853082,
    0.818203,
    0.776051,
    0.758547,
    0.741288,
    0.721045,
    0.699272,
    0.681222,
    0.668088,
    0.66467,
    0.637476,
    0.564471,
    0.548765,
    0.513041,
    0.523025,
    0.498749,
    0.498268,
    0.494759,
    0.494208,
    0.488061,
    0.462422,
    0.481286,
    0.461286,
    0.458294,
    0.443335,
    0.42426,
    0.419736,
    0.425544,
    0.419934,
    0.424695,
    0.409726,
    0.360173
  ],
  "train_top_cls_loss": [
    0.763598,
    0.475234,
    0.439907,
    0.415331,
    0.392173,
    0.388061,
    0.361194,
    0.367944,
    0.347968,
    0.343683,
    0.324847,
    0.308932,
    0.305922,
    0.303815,
    0.297346,
    0.28239,
    0.283306,
    0.275552,
    0.2695,
    0.262805,
    0.230215,
    0.218373,
    0.2062,
    0.212899,
    0.201732,
    0.1953,
    0.196577,
    0.197376,
    0.201711,
    0.184874,
    0.190423,
    0.182275,
    0.185898,
    0.182268,
    0.16763,
    0.167973,
    0.172732,
    0.168542,
    0.182614,
    0.163622,
    0.138873
  ],
  "train_total_loss": [
    3.606792,
    2.285281,
    1.944674,
    1.784665,
    1.631281,
    1.582739,
    1.489254,
    1.47333,
    1.394034,
    1.368607,
    1.305473,
    1.239449,
    1.217429,
    1.19701,
    1.167064,
    1.122858,
    1.106182,
    1.081416,
    1.06892,
    1.031684,
    0.909793,
    0.876325,
    0.822341,
    0.842374,
    0.801347,
    0.791218,
    0.789623,
    0.790272,
    0.790628,
    0.739732,
    0.766921,
    0.734698,
    0.73714,
    0.716737,
    0.675705,
    0.671696,
    0.684642,
    0.672747,
    0.698616,
    0.655159,
    0.568483
  ],
  "learning_rates": [
    0.001,
    0.001,
    0.001,
    0.001,
    0.001,
    0.001,
    0.001,
    0.001,
    0.001,
    0.001,
    0.001,
    0.001,
    0.001,
    0.001,
    0.001,
    0.001,
    0.001,
    0.001,
    0.001,
    0.001,
    0.0005,
    0.0005,
    0.0005,
    0.0005,
    0.0005,
    0.0005,
    0.0005,
    0.0005,
    0.0005,
    0.0005,
    0.0005,
    0.0005,
    0.0005,
    0.0005,
    0.0005,
    0.0005,
    0.0005,
    0.0005,
    0.0005,
    0.0005,
    0.00025
  ],
  "val_accuracy": [
    49.515117,
    61.437536,
    68.796349,
    72.618369,
    72.846549,
    73.64518,
    73.64518,
    76.440388,
    76.098118,
    77.638334,
    78.322875,
    78.950371,
    79.292641,
    79.007416,
    79.806047,
    78.665145,
    79.806047,
    79.406731,
    78.836281,
    80.262407,
    79.977182,
    79.977182,
    80.091272,
    79.634912,
    80.376497,
    80.490588,
    79.863092,
    79.463776,
    79.691957,
    79.691957,
    79.577867,
    80.376497,
    79.634912,
    79.806047,
    80.319452,
    80.148317,
    79.577867,
    79.577867,
    79.577867,
    79.235596,
    80.205362
  ],
  "model_info": {
    "model_class": "BaseClassifier",
    "hidden_size": 128,
    "num_classes": 23,
    "emb_size_audio": 512,
    "emb_size_text": 512,
    "dropout": 0.1,
    "use_batch_norm": true,
    "mode": "both",
    "num_folds": 5,
    "fold_id": 3,
    "batch_size": 64,
    "random_seed": 1821
  }
}