{
  "attention_audio": [
    0.494656,
    0.469952,
    0.475757,
    0.477307,
    0.478925,
    0.480701,
    0.478515,
    0.475575,
    0.476281,
    0.47282,
    0.478364,
    0.47878,
    0.478816,
    0.476423,
    0.472028,
    0.474538,
    0.475416,
    0.476404,
    0.474592,
    0.476007,
    0.477699,
    0.478526,
    0.476005,
    0.473497,
    0.474242,
    0.478496,
    0.476562,
    0.474215,
    0.473502,
    0.472257,
    0.473152,
    0.475064,
    0.477119,
    0.475156,
    0.4781,
    0.476097,
    0.473502
  ],
  "attention_text": [
    0.505344,
    0.530048,
    0.524243,
    0.522693,
    0.521075,
    0.519299,
    0.521485,
    0.524425,
    0.523719,
    0.52718,
    0.521636,
    0.52122,
    0.521184,
    0.523577,
    0.527972,
    0.525462,
    0.524584,
    0.523596,
    0.525408,
    0.523993,
    0.522301,
    0.521474,
    0.523995,
    0.526503,
    0.525758,
    0.521504,
    0.523438,
    0.525785,
    0.526498,
    0.527743,
    0.526848,
    0.524936,
    0.522881,
    0.524844,
    0.5219,
    0.523903,
    0.526498
  ],
  "train_cls_loss": [
    2.390026,
    1.68028,
    1.457812,
    1.32468,
    1.316845,
    1.234602,
    1.157814,
    1.058667,
    1.113593,
    1.145984,
    1.051504,
    1.088481,
    1.056716,
    1.014431,
    1.032895,
    1.059437,
    0.930568,
    0.976576,
    0.963989,
    1.018019,
    0.970689,
    0.798257,
    0.871402,
    0.902703,
    0.866524,
    0.814436,
    0.907376,
    0.781064,
    0.862559,
    0.87494,
    0.852649,
    0.81426,
    0.800495,
    0.714058,
    0.892001,
    0.817704,
    0.760737
  ],
  "train_total_loss": [
    2.390026,
    1.68028,
    1.457812,
    1.32468,
    1.316845,
    1.234602,
    1.157814,
    1.058667,
    1.113593,
    1.145984,
    1.051504,
    1.088481,
    1.056716,
    1.014431,
    1.032895,
    1.059437,
    0.930568,
    0.976576,
    0.963989,
    1.018019,
    0.970689,
    0.798257,
    0.871402,
    0.902703,
    0.866524,
    0.814436,
    0.907376,
    0.781064,
    0.862559,
    0.87494,
    0.852649,
    0.81426,
    0.800495,
    0.714058,
    0.892001,
    0.817704,
    0.760737
  ],
  "learning_rates": [
    0.001,
    0.001,
    0.001,
    0.001,
    0.001,
    0.001,
    0.001,
    0.001,
    0.001,
    0.001,
    0.001,
    0.001,
    0.001,
    0.001,
    0.001,
    0.001,
    0.001,
    0.001,
    0.001,
    0.001,
    0.0005,
    0.0005,
    0.0005,
    0.0005,
    0.0005,
    0.0005,
    0.0005,
    0.0005,
    0.0005,
    0.0005,
    0.0005,
    0.0005,
    0.0005,
    0.0005,
    0.0005,
    0.0005,
    0.0005
  ],
  "val_accuracy": [
    57.330291,
    69.309755,
    75.071306,
    75.984027,
    76.782658,
    78.15174,
    78.37992,
    78.49401,
    79.178551,
    79.806047,
    79.064461,
    80.091272,
    79.977182,
    80.262407,
    81.631489,
    79.121506,
    80.262407,
    80.946948,
    80.775813,
    80.604678,
    81.517399,
    81.688534,
    80.718768,
    81.003993,
    80.376497,
    80.889903,
    80.262407,
    80.091272,
    80.661723,
    79.691957,
    80.376497,
    79.920137,
    80.490588,
    79.520821,
    80.091272,
    78.950371,
    80.319452
  ],
  "model_info": {
    "model_class": "BaseClassifier",
    "hidden_size": 128,
    "num_classes": 23,
    "emb_size_audio": 512,
    "emb_size_text": 512,
    "dropout": 0.1,
    "use_batch_norm": true,
    "mode": "both",
    "num_folds": 5,
    "fold_id": 2,
    "batch_size": 64,
    "random_seed": 1821
  }
}