{
  "attention_audio": [
    0.468409,
    0.478278,
    0.479301,
    0.478102,
    0.481872,
    0.481889,
    0.483167,
    0.483078,
    0.485018,
    0.484703,
    0.487131,
    0.490292,
    0.492069,
    0.490904,
    0.490499,
    0.494449,
    0.492571,
    0.492002,
    0.495396,
    0.495509,
    0.492735,
    0.497107,
    0.495955,
    0.498457,
    0.495761,
    0.495457,
    0.497035,
    0.498369,
    0.498049,
    0.497313,
    0.499294,
    0.500317,
    0.498535,
    0.501155,
    0.500838,
    0.501328,
    0.50172,
    0.503613,
    0.503535,
    0.501108,
    0.504164,
    0.502463
  ],
  "attention_text": [
    0.531591,
    0.521722,
    0.520699,
    0.521898,
    0.518128,
    0.518111,
    0.516833,
    0.516922,
    0.514982,
    0.515297,
    0.512869,
    0.509708,
    0.507931,
    0.509096,
    0.509501,
    0.505551,
    0.507429,
    0.507998,
    0.504604,
    0.504491,
    0.507265,
    0.502893,
    0.504045,
    0.501543,
    0.504239,
    0.504543,
    0.502965,
    0.501631,
    0.501951,
    0.502687,
    0.500706,
    0.499683,
    0.501465,
    0.498845,
    0.499162,
    0.498672,
    0.49828,
    0.496387,
    0.496465,
    0.498892,
    0.495836,
    0.497537
  ],
  "train_cls_loss": [
    2.337223,
    1.433181,
    1.150683,
    1.037026,
    0.949317,
    0.889319,
    0.842144,
    0.800402,
    0.793745,
    0.754204,
    0.738314,
    0.693704,
    0.692264,
    0.661899,
    0.640853,
    0.653165,
    0.61444,
    0.598787,
    0.595713,
    0.564721,
    0.512542,
    0.479543,
    0.446924,
    0.449494,
    0.447135,
    0.425225,
    0.43682,
    0.420617,
    0.410286,
    0.415505,
    0.390994,
    0.395877,
    0.378613,
    0.382457,
    0.368759,
    0.363416,
    0.365059,
    0.350153,
    0.340163,
    0.34089,
    0.315504,
    0.289608
  ],
  "train_total_loss": [
    2.337223,
    1.433181,
    1.150683,
    1.037026,
    0.949317,
    0.889319,
    0.842144,
    0.800402,
    0.793745,
    0.754204,
    0.738314,
    0.693704,
    0.692264,
    0.661899,
    0.640853,
    0.653165,
    0.61444,
    0.598787,
    0.595713,
    0.564721,
    0.512542,
    0.479543,
    0.446924,
    0.449494,
    0.447135,
    0.425225,
    0.43682,
    0.420617,
    0.410286,
    0.415505,
    0.390994,
    0.395877,
    0.378613,
    0.382457,
    0.368759,
    0.363416,
    0.365059,
    0.350153,
    0.340163,
    0.34089,
    0.315504,
    0.289608
  ],
  "learning_rates": [
    0.001,
    0.001,
    0.001,
    0.001,
    0.001,
    0.001,
    0.001,
    0.001,
    0.001,
    0.001,
    0.001,
    0.001,
    0.001,
    0.001,
    0.001,
    0.001,
    0.001,
    0.001,
    0.001,
    0.001,
    0.0005,
    0.0005,
    0.0005,
    0.0005,
    0.0005,
    0.0005,
    0.0005,
    0.0005,
    0.0005,
    0.0005,
    0.0005,
    0.0005,
    0.0005,
    0.0005,
    0.0005,
    0.0005,
    0.0005,
    0.0005,
    0.0005,
    0.0005,
    0.00025,
    0.00025
  ],
  "val_accuracy": [
    57.414887,
    69.936526,
    72.417773,
    74.552799,
    74.379688,
    77.322562,
    78.13041,
    77.149452,
    78.245817,
    76.860935,
    78.245817,
    78.880554,
    79.630698,
    80.092325,
    79.053664,
    79.746105,
    77.899596,
    79.861512,
    79.226774,
    80.092325,
    80.611656,
    80.380842,
    79.630698,
    80.727063,
    80.496249,
    80.092325,
    80.900173,
    79.342181,
    79.630698,
    79.630698,
    79.688402,
    80.265436,
    79.630698,
    80.265436,
    78.822851,
    79.861512,
    77.784189,
    78.880554,
    78.592037,
    79.803808,
    79.572995,
    80.034622
  ],
  "model_info": {
    "model_class": "BaseClassifier",
    "hidden_size": 128,
    "num_classes": 23,
    "emb_size_audio": 512,
    "emb_size_text": 512,
    "dropout": 0.1,
    "use_batch_norm": true,
    "mode": "both",
    "num_folds": 5,
    "fold_id": 4,
    "batch_size": 64,
    "random_seed": 1821
  }
}