{
  "attention_audio": [
    0.556958,
    0.53691,
    0.529112,
    0.537785,
    0.538188,
    0.540856,
    0.542847,
    0.542107,
    0.543143,
    0.54364,
    0.546809,
    0.548726,
    0.551584,
    0.552414,
    0.553007,
    0.556193,
    0.558009,
    0.558844,
    0.560031,
    0.562748,
    0.56612,
    0.564708,
    0.564837,
    0.564036,
    0.56367,
    0.563365,
    0.564538,
    0.562629,
    0.565669,
    0.56743,
    0.566649,
    0.567319,
    0.566198,
    0.569898,
    0.568107,
    0.570044,
    0.572219,
    0.570313,
    0.570736,
    0.57112,
    0.568912,
    0.571321,
    0.572952,
    0.574514,
    0.573847,
    0.574928,
    0.5733,
    0.572919,
    0.571628,
    0.570916,
    0.571349,
    0.572079,
    0.572901
  ],
  "attention_text": [
    0.443042,
    0.46309,
    0.470888,
    0.462215,
    0.461813,
    0.459144,
    0.457153,
    0.457893,
    0.456857,
    0.45636,
    0.453191,
    0.451274,
    0.448416,
    0.447586,
    0.446993,
    0.443807,
    0.441991,
    0.441156,
    0.439969,
    0.437252,
    0.43388,
    0.435292,
    0.435163,
    0.435964,
    0.43633,
    0.436635,
    0.435462,
    0.437372,
    0.434331,
    0.43257,
    0.433351,
    0.432681,
    0.433802,
    0.430102,
    0.431893,
    0.429956,
    0.427781,
    0.429687,
    0.429264,
    0.42888,
    0.431088,
    0.428679,
    0.427048,
    0.425487,
    0.426153,
    0.425072,
    0.4267,
    0.427081,
    0.428372,
    0.429084,
    0.428651,
    0.427921,
    0.427099
  ],
  "train_cls_loss": [
    2.330511,
    1.50969,
    1.275135,
    1.111838,
    0.994408,
    0.901623,
    0.843982,
    0.819467,
    0.778143,
    0.748159,
    0.73486,
    0.683805,
    0.664062,
    0.639306,
    0.631524,
    0.617956,
    0.587367,
    0.579814,
    0.54627,
    0.539076,
    0.466833,
    0.429386,
    0.4076,
    0.411186,
    0.395168,
    0.384099,
    0.372152,
    0.372745,
    0.359865,
    0.362675,
    0.34707,
    0.341971,
    0.337374,
    0.334267,
    0.335603,
    0.323193,
    0.301044,
    0.31061,
    0.313952,
    0.293487,
    0.276413,
    0.24185,
    0.238974,
    0.229667,
    0.234297,
    0.230334,
    0.220251,
    0.215604,
    0.225864,
    0.214972,
    0.204875,
    0.203307,
    0.203444
  ],
  "train_top_cls_loss": [
    0.699211,
    0.474529,
    0.418572,
    0.400224,
    0.377871,
    0.352641,
    0.332339,
    0.327825,
    0.308892,
    0.307051,
    0.301353,
    0.288354,
    0.27464,
    0.262013,
    0.268064,
    0.25929,
    0.243515,
    0.240818,
    0.219762,
    0.221056,
    0.190255,
    0.1731,
    0.168228,
    0.167761,
    0.164027,
    0.159163,
    0.156889,
    0.159929,
    0.152638,
    0.148541,
    0.14513,
    0.148379,
    0.137999,
    0.134055,
    0.139088,
    0.13468,
    0.126002,
    0.138534,
    0.141544,
    0.123815,
    0.120996,
    0.105895,
    0.108875,
    0.099936,
    0.10388,
    0.10326,
    0.09426,
    0.099435,
    0.105129,
    0.099266,
    0.092276,
    0.090608,
    0.09497
  ],
  "train_total_loss": [
    3.029722,
    1.984219,
    1.693706,
    1.512062,
    1.372279,
    1.254265,
    1.176322,
    1.147292,
    1.087034,
    1.055211,
    1.036213,
    0.972158,
    0.938702,
    0.901319,
    0.899588,
    0.877246,
    0.830881,
    0.820632,
    0.766032,
    0.760131,
    0.657089,
    0.602486,
    0.575828,
    0.578947,
    0.559195,
    0.543262,
    0.529041,
    0.532674,
    0.512503,
    0.511216,
    0.4922,
    0.49035,
    0.475373,
    0.468321,
    0.474692,
    0.457873,
    0.427046,
    0.449144,
    0.455495,
    0.417302,
    0.397409,
    0.347744,
    0.347848,
    0.329603,
    0.338177,
    0.333594,
    0.314512,
    0.315038,
    0.330993,
    0.314238,
    0.297151,
    0.293915,
    0.298414
  ],
  "learning_rates": [
    0.001,
    0.001,
    0.001,
    0.001,
    0.001,
    0.001,
    0.001,
    0.001,
    0.001,
    0.001,
    0.001,
    0.001,
    0.001,
    0.001,
    0.001,
    0.001,
    0.001,
    0.001,
    0.001,
    0.001,
    0.0005,
    0.0005,
    0.0005,
    0.0005,
    0.0005,
    0.0005,
    0.0005,
    0.0005,
    0.0005,
    0.0005,
    0.0005,
    0.0005,
    0.0005,
    0.0005,
    0.0005,
    0.0005,
    0.0005,
    0.0005,
    0.0005,
    0.0005,
    0.00025,
    0.00025,
    0.00025,
    0.00025,
    0.00025,
    0.00025,
    0.00025,
    0.00025,
    0.00025,
    0.00025,
    0.00025,
    0.00025,
    0.00025
  ],
  "val_accuracy": [
    49.08046,
    62.471264,
    67.528736,
    72.701149,
    75.172414,
    75.172414,
    77.183908,
    78.735632,
    78.16092,
    76.494253,
    78.505747,
    79.195402,
    77.988506,
    79.597701,
    78.678161,
    78.965517,
    78.678161,
    79.712644,
    78.850575,
    79.08046,
    78.678161,
    79.310345,
    78.390805,
    79.885057,
    79.885057,
    79.827586,
    79.195402,
    79.425287,
    78.965517,
    79.08046,
    78.850575,
    79.022989,
    78.62069,
    78.045977,
    79.54023,
    78.448276,
    79.137931,
    80.0,
    79.655172,
    79.252874,
    79.137931,
    79.770115,
    79.655172,
    79.137931,
    79.54023,
    79.367816,
    79.942529,
    79.022989,
    79.827586,
    79.712644,
    79.252874,
    79.310345,
    79.425287
  ],
  "model_info": {
    "model_class": "BaseClassifier",
    "hidden_size": 128,
    "num_classes": 23,
    "emb_size_audio": 1280,
    "emb_size_text": 512,
    "dropout": 0.1,
    "use_batch_norm": true,
    "mode": "both",
    "num_folds": 5,
    "fold_id": 1,
    "batch_size": 64,
    "random_seed": 1821
  }
}