{
  "train_cls_loss": [
    1.812533,
    1.284379,
    1.193412,
    1.111264,
    1.027988,
    1.006244,
    0.990428,
    0.946842,
    0.917749,
    1.038686,
    0.891531,
    0.949494,
    0.888403,
    0.862919,
    0.897546,
    0.807524,
    0.894009,
    0.908437,
    0.828602,
    0.883415,
    0.765494,
    0.798423,
    0.750486,
    0.843367,
    0.731927,
    0.728111,
    0.740694,
    0.744443,
    0.665139,
    0.677729,
    0.740195,
    0.768775,
    0.696685,
    0.781155,
    0.792024,
    0.700026,
    0.751845,
    0.747229,
    0.756704,
    0.720471,
    0.688905
  ],
  "train_total_loss": [
    1.812533,
    1.284379,
    1.193412,
    1.111264,
    1.027988,
    1.006244,
    0.990428,
    0.946842,
    0.917749,
    1.038686,
    0.891531,
    0.949494,
    0.888403,
    0.862919,
    0.897546,
    0.807524,
    0.894009,
    0.908437,
    0.828602,
    0.883415,
    0.765494,
    0.798423,
    0.750486,
    0.843367,
    0.731927,
    0.728111,
    0.740694,
    0.744443,
    0.665139,
    0.677729,
    0.740195,
    0.768775,
    0.696685,
    0.781155,
    0.792024,
    0.700026,
    0.751845,
    0.747229,
    0.756704,
    0.720471,
    0.688905
  ],
  "learning_rates": [
    0.001,
    0.001,
    0.001,
    0.001,
    0.001,
    0.001,
    0.001,
    0.001,
    0.001,
    0.001,
    0.001,
    0.001,
    0.001,
    0.001,
    0.001,
    0.001,
    0.001,
    0.001,
    0.001,
    0.001,
    0.0005,
    0.0005,
    0.0005,
    0.0005,
    0.0005,
    0.0005,
    0.0005,
    0.0005,
    0.0005,
    0.0005,
    0.0005,
    0.0005,
    0.0005,
    0.0005,
    0.0005,
    0.0005,
    0.0005,
    0.0005,
    0.0005,
    0.0005,
    0.00025
  ],
  "val_accuracy": [
    54.592128,
    65.373645,
    69.93725,
    70.792926,
    74.272675,
    72.447233,
    73.75927,
    75.242442,
    73.302909,
    75.698802,
    75.812892,
    76.269253,
    74.786081,
    76.155163,
    76.554478,
    76.440388,
    76.782658,
    76.269253,
    76.896748,
    75.812892,
    77.124929,
    76.668568,
    77.524244,
    76.554478,
    76.440388,
    77.581289,
    77.124929,
    76.953793,
    76.782658,
    76.554478,
    77.181974,
    76.839703,
    76.155163,
    77.239019,
    76.497433,
    76.839703,
    76.155163,
    76.725613,
    76.896748,
    76.440388,
    77.410154
  ],
  "model_info": {
    "model_class": "BaseClassifier",
    "hidden_size": 128,
    "num_classes": 23,
    "emb_size_audio": 512,
    "emb_size_text": 0,
    "dropout": 0.1,
    "use_batch_norm": true,
    "mode": "audio",
    "num_folds": 5,
    "fold_id": 1,
    "batch_size": 64,
    "random_seed": 1821
  }
}