{
  "attention_audio": [
    0.48678,
    0.477944,
    0.487068,
    0.487513,
    0.486013,
    0.49319,
    0.493096,
    0.494489,
    0.496047,
    0.496229,
    0.493531,
    0.495583,
    0.497112,
    0.496105,
    0.496196,
    0.500099,
    0.499715,
    0.50038,
    0.502168,
    0.501306,
    0.49815,
    0.500251,
    0.502357,
    0.501734,
    0.505938,
    0.50621,
    0.505941,
    0.50606,
    0.505462,
    0.507975,
    0.505078,
    0.504217,
    0.504967,
    0.50536,
    0.506547,
    0.506992,
    0.504304,
    0.505953,
    0.505
  ],
  "attention_text": [
    0.51322,
    0.522056,
    0.512932,
    0.512487,
    0.513987,
    0.50681,
    0.506904,
    0.505511,
    0.503953,
    0.503771,
    0.506469,
    0.504417,
    0.502888,
    0.503895,
    0.503804,
    0.499901,
    0.500285,
    0.49962,
    0.497832,
    0.498694,
    0.50185,
    0.499749,
    0.497643,
    0.498266,
    0.494062,
    0.49379,
    0.494059,
    0.49394,
    0.494538,
    0.492025,
    0.494922,
    0.495783,
    0.495033,
    0.49464,
    0.493453,
    0.493008,
    0.495696,
    0.494047,
    0.495
  ],
  "train_cls_loss": [
    1.69268,
    1.150783,
    1.049031,
    0.978388,
    0.961951,
    0.861322,
    0.894505,
    0.868242,
    0.822385,
    0.843772,
    0.820948,
    0.848394,
    0.82025,
    0.82188,
    0.776363,
    0.722396,
    0.764523,
    0.80227,
    0.733795,
    0.761016,
    0.699791,
    0.646589,
    0.643401,
    0.64813,
    0.644987,
    0.655747,
    0.698482,
    0.701577,
    0.636271,
    0.577053,
    0.672133,
    0.641818,
    0.59958,
    0.55771,
    0.650197,
    0.578741,
    0.57874,
    0.634496,
    0.643699
  ],
  "train_total_loss": [
    1.69268,
    1.150783,
    1.049031,
    0.978388,
    0.961951,
    0.861322,
    0.894505,
    0.868242,
    0.822385,
    0.843772,
    0.820948,
    0.848394,
    0.82025,
    0.82188,
    0.776363,
    0.722396,
    0.764523,
    0.80227,
    0.733795,
    0.761016,
    0.699791,
    0.646589,
    0.643401,
    0.64813,
    0.644987,
    0.655747,
    0.698482,
    0.701577,
    0.636271,
    0.577053,
    0.672133,
    0.641818,
    0.59958,
    0.55771,
    0.650197,
    0.578741,
    0.57874,
    0.634496,
    0.643699
  ],
  "learning_rates": [
    0.001,
    0.001,
    0.001,
    0.001,
    0.001,
    0.001,
    0.001,
    0.001,
    0.001,
    0.001,
    0.001,
    0.001,
    0.001,
    0.001,
    0.001,
    0.001,
    0.001,
    0.001,
    0.001,
    0.001,
    0.0005,
    0.0005,
    0.0005,
    0.0005,
    0.0005,
    0.0005,
    0.0005,
    0.0005,
    0.0005,
    0.0005,
    0.0005,
    0.0005,
    0.0005,
    0.0005,
    0.0005,
    0.0005,
    0.0005,
    0.0005,
    0.0005
  ],
  "val_accuracy": [
    62.293212,
    71.933828,
    73.75927,
    73.702225,
    75.698802,
    75.869937,
    76.098118,
    77.980605,
    77.181974,
    78.893326,
    78.893326,
    78.722191,
    79.349686,
    79.406731,
    79.406731,
    79.349686,
    79.292641,
    79.463776,
    79.406731,
    79.920137,
    80.490588,
    79.691957,
    79.977182,
    80.775813,
    79.920137,
    80.262407,
    79.806047,
    79.863092,
    80.376497,
    80.148317,
    78.836281,
    79.749002,
    80.034227,
    80.547633,
    79.920137,
    78.722191,
    79.806047,
    78.950371,
    80.262407
  ],
  "model_info": {
    "model_class": "BaseClassifier",
    "hidden_size": 128,
    "num_classes": 23,
    "emb_size_audio": 512,
    "emb_size_text": 512,
    "dropout": 0.1,
    "use_batch_norm": true,
    "mode": "both",
    "num_folds": 5,
    "fold_id": 0,
    "batch_size": 64,
    "random_seed": 1821
  }
}