{
  "train_cls_loss": [
    2.395461,
    1.572961,
    1.314842,
    1.204492,
    1.122941,
    1.077333,
    1.028542,
    0.986382,
    0.965136,
    0.935943,
    0.912091,
    0.878587,
    0.861383,
    0.825671,
    0.815499,
    0.803392,
    0.804285,
    0.77717,
    0.766673,
    0.738528,
    0.666032,
    0.642649,
    0.620567,
    0.623137,
    0.605278,
    0.575597,
    0.582274,
    0.576313,
    0.588225,
    0.571634,
    0.55762,
    0.546641,
    0.551132,
    0.536925,
    0.520621,
    0.508236,
    0.506668,
    0.510572,
    0.497306,
    0.490294,
    0.440255,
    0.420512,
    0.4148,
    0.415278,
    0.402873,
    0.396831,
    0.397904,
    0.395628,
    0.378851,
    0.388446,
    0.392833,
    0.384141,
    0.362821,
    0.375375,
    0.386564
  ],
  "train_top_cls_loss": [
    0.900956,
    0.579485,
    0.526004,
    0.501151,
    0.476904,
    0.455166,
    0.44306,
    0.427479,
    0.420675,
    0.406339,
    0.406921,
    0.392226,
    0.374686,
    0.368865,
    0.365537,
    0.358153,
    0.353528,
    0.354379,
    0.34159,
    0.328304,
    0.301659,
    0.282038,
    0.279573,
    0.282922,
    0.277044,
    0.260851,
    0.266142,
    0.258937,
    0.274841,
    0.257852,
    0.253052,
    0.246441,
    0.249845,
    0.253398,
    0.241317,
    0.229583,
    0.23979,
    0.241394,
    0.227665,
    0.226434,
    0.197536,
    0.200528,
    0.19,
    0.193996,
    0.18376,
    0.190921,
    0.190983,
    0.188257,
    0.182233,
    0.190614,
    0.183746,
    0.180655,
    0.169043,
    0.183812,
    0.179089
  ],
  "train_total_loss": [
    2.845939,
    1.862704,
    1.577844,
    1.455067,
    1.361393,
    1.304916,
    1.250072,
    1.200122,
    1.175474,
    1.139112,
    1.115552,
    1.0747,
    1.048726,
    1.010103,
    0.998268,
    0.982469,
    0.981049,
    0.954359,
    0.937468,
    0.90268,
    0.816862,
    0.783668,
    0.760353,
    0.764598,
    0.7438,
    0.706023,
    0.715345,
    0.705781,
    0.725645,
    0.70056,
    0.684146,
    0.669861,
    0.676055,
    0.663624,
    0.641279,
    0.623027,
    0.626563,
    0.631269,
    0.611139,
    0.603511,
    0.539023,
    0.520776,
    0.5098,
    0.512276,
    0.494753,
    0.492292,
    0.493395,
    0.489756,
    0.469968,
    0.483753,
    0.484706,
    0.474469,
    0.447343,
    0.467281,
    0.476109
  ],
  "learning_rates": [
    0.001,
    0.001,
    0.001,
    0.001,
    0.001,
    0.001,
    0.001,
    0.001,
    0.001,
    0.001,
    0.001,
    0.001,
    0.001,
    0.001,
    0.001,
    0.001,
    0.001,
    0.001,
    0.001,
    0.001,
    0.0005,
    0.0005,
    0.0005,
    0.0005,
    0.0005,
    0.0005,
    0.0005,
    0.0005,
    0.0005,
    0.0005,
    0.0005,
    0.0005,
    0.0005,
    0.0005,
    0.0005,
    0.0005,
    0.0005,
    0.0005,
    0.0005,
    0.0005,
    0.00025,
    0.00025,
    0.00025,
    0.00025,
    0.00025,
    0.00025,
    0.00025,
    0.00025,
    0.00025,
    0.00025,
    0.00025,
    0.00025,
    0.00025,
    0.00025,
    0.00025
  ],
  "val_accuracy": [
    50.998289,
    64.232744,
    65.715916,
    72.447233,
    72.561323,
    72.219053,
    75.641757,
    75.356532,
    74.32972,
    75.812892,
    76.326298,
    75.869937,
    74.843126,
    75.185396,
    76.725613,
    75.869937,
    76.554478,
    77.467199,
    76.212208,
    75.527667,
    77.067884,
    76.440388,
    76.041072,
    77.695379,
    77.296064,
    76.554478,
    77.809469,
    76.896748,
    76.440388,
    76.326298,
    76.953793,
    77.524244,
    76.497433,
    77.239019,
    76.953793,
    76.212208,
    77.181974,
    76.440388,
    76.212208,
    77.92356,
    77.010839,
    76.383343,
    77.010839,
    76.041072,
    76.896748,
    76.269253,
    77.181974,
    76.668568,
    77.010839,
    77.067884,
    75.869937,
    76.326298,
    76.725613,
    77.124929,
    75.755847
  ],
  "model_info": {
    "model_class": "BaseClassifier",
    "hidden_size": 128,
    "num_classes": 23,
    "emb_size_audio": 512,
    "emb_size_text": 0,
    "dropout": 0.1,
    "use_batch_norm": true,
    "mode": "audio",
    "num_folds": 5,
    "fold_id": 3,
    "batch_size": 64,
    "random_seed": 1821
  }
}