{
  "train_cls_loss": [
    1.49602,
    0.978901,
    0.827918,
    0.758282,
    0.704129,
    0.664995,
    0.628415,
    0.615087,
    0.600321,
    0.577121,
    0.562661,
    0.545369,
    0.528953,
    0.530844,
    0.504775,
    0.490883,
    0.486711,
    0.489034,
    0.474204,
    0.452709,
    0.418498,
    0.394829,
    0.389101,
    0.383137,
    0.375925,
    0.378171,
    0.37079,
    0.360712,
    0.35373,
    0.369822,
    0.344775,
    0.359242,
    0.340341,
    0.338054,
    0.329533,
    0.32585,
    0.320448
  ],
  "train_total_loss": [
    1.49602,
    0.978901,
    0.827918,
    0.758282,
    0.704129,
    0.664995,
    0.628415,
    0.615087,
    0.600321,
    0.577121,
    0.562661,
    0.545369,
    0.528953,
    0.530844,
    0.504775,
    0.490883,
    0.486711,
    0.489034,
    0.474204,
    0.452709,
    0.418498,
    0.394829,
    0.389101,
    0.383137,
    0.375925,
    0.378171,
    0.37079,
    0.360712,
    0.35373,
    0.369822,
    0.344775,
    0.359242,
    0.340341,
    0.338054,
    0.329533,
    0.32585,
    0.320448
  ],
  "learning_rates": [
    0.001,
    0.001,
    0.001,
    0.001,
    0.001,
    0.001,
    0.001,
    0.001,
    0.001,
    0.001,
    0.001,
    0.001,
    0.001,
    0.001,
    0.001,
    0.001,
    0.001,
    0.001,
    0.001,
    0.001,
    0.0005,
    0.0005,
    0.0005,
    0.0005,
    0.0005,
    0.0005,
    0.0005,
    0.0005,
    0.0005,
    0.0005,
    0.0005,
    0.0005,
    0.0005,
    0.0005,
    0.0005,
    0.0005,
    0.0005
  ],
  "val_accuracy": [
    53.964632,
    61.494581,
    68.568169,
    71.534512,
    72.219053,
    73.074729,
    73.98745,
    73.302909,
    74.614946,
    75.299487,
    75.470622,
    76.212208,
    76.269253,
    74.10154,
    75.926982,
    74.557901,
    75.242442,
    75.926982,
    75.527667,
    75.698802,
    76.212208,
    76.383343,
    75.926982,
    75.755847,
    75.755847,
    76.269253,
    75.584712,
    76.041072,
    75.984027,
    76.155163,
    75.812892,
    75.698802,
    76.041072,
    75.812892,
    75.242442,
    75.299487,
    76.212208
  ],
  "model_info": {
    "model_class": "BaseClassifier",
    "hidden_size": 128,
    "num_classes": 23,
    "emb_size_audio": 512,
    "emb_size_text": 0,
    "dropout": 0.1,
    "use_batch_norm": true,
    "mode": "audio",
    "num_folds": 5,
    "fold_id": 1,
    "batch_size": 64,
    "random_seed": 1821
  }
}