{
  "train_cls_loss": [
    2.591019,
    2.034429,
    1.880546,
    1.777412,
    1.753763,
    1.721285,
    1.694029,
    1.646114,
    1.640391,
    1.602319,
    1.590809,
    1.569695,
    1.572067,
    1.549191,
    1.515578,
    1.525608,
    1.507075,
    1.490243,
    1.487733,
    1.459579,
    1.419029,
    1.393145,
    1.395211,
    1.367276,
    1.37815,
    1.353489,
    1.352989,
    1.354425,
    1.331197,
    1.339629,
    1.31914,
    1.325734,
    1.319733,
    1.305212,
    1.303025,
    1.30837,
    1.282039,
    1.286624,
    1.266992,
    1.255163,
    1.219609,
    1.226074,
    1.204048,
    1.209357,
    1.18248,
    1.189326,
    1.17713,
    1.186646,
    1.166833,
    1.165913,
    1.174144,
    1.151011,
    1.164993,
    1.140544,
    1.136437,
    1.122695,
    1.137721,
    1.117744,
    1.123966,
    1.121448,
    1.105118,
    1.088152,
    1.091168,
    1.079001,
    1.087075,
    1.085523,
    1.073989,
    1.05982,
    1.068308,
    1.06177,
    1.049812,
    1.055236,
    1.05891,
    1.044972,
    1.038558,
    1.052677,
    1.049463,
    1.034312,
    1.035816,
    1.039458,
    1.013349,
    1.023139,
    1.024203,
    1.029257,
    1.017301,
    1.017507,
    1.01487,
    1.020172
  ],
  "train_total_loss": [
    2.591019,
    2.034429,
    1.880546,
    1.777412,
    1.753763,
    1.721285,
    1.694029,
    1.646114,
    1.640391,
    1.602319,
    1.590809,
    1.569695,
    1.572067,
    1.549191,
    1.515578,
    1.525608,
    1.507075,
    1.490243,
    1.487733,
    1.459579,
    1.419029,
    1.393145,
    1.395211,
    1.367276,
    1.37815,
    1.353489,
    1.352989,
    1.354425,
    1.331197,
    1.339629,
    1.31914,
    1.325734,
    1.319733,
    1.305212,
    1.303025,
    1.30837,
    1.282039,
    1.286624,
    1.266992,
    1.255163,
    1.219609,
    1.226074,
    1.204048,
    1.209357,
    1.18248,
    1.189326,
    1.17713,
    1.186646,
    1.166833,
    1.165913,
    1.174144,
    1.151011,
    1.164993,
    1.140544,
    1.136437,
    1.122695,
    1.137721,
    1.117744,
    1.123966,
    1.121448,
    1.105118,
    1.088152,
    1.091168,
    1.079001,
    1.087075,
    1.085523,
    1.073989,
    1.05982,
    1.068308,
    1.06177,
    1.049812,
    1.055236,
    1.05891,
    1.044972,
    1.038558,
    1.052677,
    1.049463,
    1.034312,
    1.035816,
    1.039458,
    1.013349,
    1.023139,
    1.024203,
    1.029257,
    1.017301,
    1.017507,
    1.01487,
    1.020172
  ],
  "learning_rates": [
    0.001,
    0.001,
    0.001,
    0.001,
    0.001,
    0.001,
    0.001,
    0.001,
    0.001,
    0.001,
    0.001,
    0.001,
    0.001,
    0.001,
    0.001,
    0.001,
    0.001,
    0.001,
    0.001,
    0.001,
    0.0005,
    0.0005,
    0.0005,
    0.0005,
    0.0005,
    0.0005,
    0.0005,
    0.0005,
    0.0005,
    0.0005,
    0.0005,
    0.0005,
    0.0005,
    0.0005,
    0.0005,
    0.0005,
    0.0005,
    0.0005,
    0.0005,
    0.0005,
    0.00025,
    0.00025,
    0.00025,
    0.00025,
    0.00025,
    0.00025,
    0.00025,
    0.00025,
    0.00025,
    0.00025,
    0.00025,
    0.00025,
    0.00025,
    0.00025,
    0.00025,
    0.00025,
    0.00025,
    0.00025,
    0.00025,
    0.00025,
    0.000125,
    0.000125,
    0.000125,
    0.000125,
    0.000125,
    0.000125,
    0.000125,
    0.000125,
    0.000125,
    0.000125,
    0.000125,
    0.000125,
    0.000125,
    0.000125,
    0.000125,
    0.000125,
    0.000125,
    0.000125,
    0.000125,
    0.000125,
    6.3e-05,
    6.3e-05,
    6.3e-05,
    6.3e-05,
    6.3e-05,
    6.3e-05,
    6.3e-05,
    6.3e-05
  ],
  "val_accuracy": [
    38.448374,
    41.871078,
    46.434683,
    49.229892,
    52.652596,
    48.602396,
    52.880776,
    54.991443,
    53.793497,
    56.018254,
    56.360525,
    57.273246,
    55.504849,
    57.615516,
    57.273246,
    57.444381,
    58.128922,
    59.440958,
    59.440958,
    58.071877,
    60.239589,
    60.981175,
    60.81004,
    60.81004,
    61.380491,
    61.437536,
    61.15231,
    61.950941,
    61.2664,
    61.665716,
    61.950941,
    63.377068,
    61.836851,
    62.977752,
    63.091843,
    61.779806,
    62.122076,
    62.806617,
    62.977752,
    62.692527,
    64.118654,
    64.575014,
    63.947519,
    64.175699,
    63.205933,
    64.061609,
    64.118654,
    63.548203,
    64.232744,
    62.692527,
    64.346834,
    64.403879,
    63.833428,
    65.031375,
    64.403879,
    64.004564,
    64.917285,
    65.259555,
    64.403879,
    64.575014,
    65.3166,
    65.487735,
    64.97433,
    64.97433,
    64.575014,
    64.86024,
    64.97433,
    65.373645,
    65.08842,
    65.259555,
    65.772961,
    65.08842,
    66.115231,
    65.08842,
    66.058186,
    65.772961,
    65.031375,
    65.3166,
    66.058186,
    65.20251,
    65.887051,
    65.20251,
    65.715916,
    64.86024,
    64.97433,
    66.058186,
    65.601825,
    65.601825
  ],
  "model_info": {
    "model_class": "BaseClassifier",
    "hidden_size": 128,
    "num_classes": 23,
    "emb_size_audio": 512,
    "emb_size_text": 0,
    "dropout": 0.1,
    "use_batch_norm": true,
    "mode": "audio",
    "num_folds": 5,
    "fold_id": 4,
    "batch_size": 64,
    "random_seed": 1821
  }
}