{
  "attention_audio": [
    0.519951,
    0.514592,
    0.50734,
    0.503961,
    0.517499,
    0.515261,
    0.521617,
    0.523444,
    0.531389,
    0.531116,
    0.5317,
    0.533852,
    0.537737,
    0.535585,
    0.535251,
    0.539854,
    0.543721,
    0.548244,
    0.545793,
    0.545814,
    0.547791,
    0.548404,
    0.548011,
    0.551638,
    0.552278,
    0.55211,
    0.552923,
    0.553111,
    0.553899,
    0.556926,
    0.55589,
    0.556314,
    0.555603,
    0.556922,
    0.559442,
    0.558259,
    0.558121,
    0.556804,
    0.555521,
    0.558457
  ],
  "attention_text": [
    0.480049,
    0.485408,
    0.49266,
    0.496039,
    0.482501,
    0.484739,
    0.478383,
    0.476556,
    0.468611,
    0.468884,
    0.4683,
    0.466148,
    0.462263,
    0.464415,
    0.464749,
    0.460146,
    0.456279,
    0.451756,
    0.454207,
    0.454186,
    0.452209,
    0.451596,
    0.451989,
    0.448362,
    0.447722,
    0.44789,
    0.447077,
    0.446889,
    0.446101,
    0.443074,
    0.44411,
    0.443686,
    0.444397,
    0.443078,
    0.440557,
    0.441741,
    0.441879,
    0.443196,
    0.444479,
    0.441543
  ],
  "train_cls_loss": [
    2.278545,
    1.401636,
    1.151693,
    1.019842,
    0.944167,
    0.861728,
    0.822662,
    0.77772,
    0.746246,
    0.701508,
    0.682606,
    0.648614,
    0.63986,
    0.622674,
    0.594872,
    0.574155,
    0.576429,
    0.530838,
    0.528477,
    0.51817,
    0.433064,
    0.400363,
    0.385544,
    0.373774,
    0.360668,
    0.355297,
    0.345367,
    0.351742,
    0.327691,
    0.32315,
    0.314988,
    0.313875,
    0.314781,
    0.285771,
    0.284899,
    0.296486,
    0.293222,
    0.279429,
    0.26961,
    0.269367
  ],
  "train_top_cls_loss": [
    0.74058,
    0.487509,
    0.435387,
    0.411175,
    0.389517,
    0.357591,
    0.334236,
    0.333303,
    0.320423,
    0.295682,
    0.29566,
    0.28179,
    0.277935,
    0.271948,
    0.260525,
    0.259792,
    0.27108,
    0.228676,
    0.229922,
    0.236569,
    0.185129,
    0.174485,
    0.165099,
    0.156153,
    0.157584,
    0.15743,
    0.15076,
    0.155732,
    0.142931,
    0.144017,
    0.141772,
    0.143869,
    0.145106,
    0.128871,
    0.134031,
    0.130995,
    0.134679,
    0.126508,
    0.122763,
    0.12766
  ],
  "train_total_loss": [
    2.796951,
    1.742892,
    1.456464,
    1.307665,
    1.216829,
    1.112042,
    1.056627,
    1.011032,
    0.970543,
    0.908485,
    0.889568,
    0.845867,
    0.834414,
    0.813038,
    0.77724,
    0.756009,
    0.766185,
    0.690911,
    0.689423,
    0.683769,
    0.562655,
    0.522503,
    0.501113,
    0.483081,
    0.470977,
    0.465498,
    0.450899,
    0.460755,
    0.427743,
    0.423962,
    0.414228,
    0.414583,
    0.416355,
    0.375981,
    0.378721,
    0.388182,
    0.387497,
    0.367985,
    0.355545,
    0.358729
  ],
  "learning_rates": [
    0.001,
    0.001,
    0.001,
    0.001,
    0.001,
    0.001,
    0.001,
    0.001,
    0.001,
    0.001,
    0.001,
    0.001,
    0.001,
    0.001,
    0.001,
    0.001,
    0.001,
    0.001,
    0.001,
    0.001,
    0.0005,
    0.0005,
    0.0005,
    0.0005,
    0.0005,
    0.0005,
    0.0005,
    0.0005,
    0.0005,
    0.0005,
    0.0005,
    0.0005,
    0.0005,
    0.0005,
    0.0005,
    0.0005,
    0.0005,
    0.0005,
    0.0005,
    0.0005
  ],
  "val_accuracy": [
    55.804598,
    63.505747,
    72.413793,
    72.586207,
    75.689655,
    76.321839,
    76.724138,
    76.781609,
    77.873563,
    77.126437,
    78.103448,
    78.045977,
    78.563218,
    79.137931,
    79.482759,
    79.08046,
    79.597701,
    79.482759,
    78.218391,
    78.563218,
    80.057471,
    79.310345,
    79.827586,
    79.942529,
    80.172414,
    79.425287,
    79.827586,
    79.712644,
    78.908046,
    79.367816,
    78.965517,
    79.252874,
    78.563218,
    78.850575,
    79.195402,
    78.735632,
    78.275862,
    78.678161,
    79.482759,
    78.735632
  ],
  "model_info": {
    "model_class": "BaseClassifier",
    "hidden_size": 128,
    "num_classes": 23,
    "emb_size_audio": 1280,
    "emb_size_text": 512,
    "dropout": 0.1,
    "use_batch_norm": true,
    "mode": "both",
    "num_folds": 5,
    "fold_id": 3,
    "batch_size": 64,
    "random_seed": 1821
  }
}