{
  "attention_audio": [
    0.529489,
    0.534783,
    0.532716,
    0.538125,
    0.540744,
    0.54407,
    0.540596,
    0.544064,
    0.545157,
    0.549977,
    0.551412,
    0.550882,
    0.552376,
    0.554621,
    0.554908,
    0.558593,
    0.554844,
    0.558444,
    0.557487,
    0.561474,
    0.561113,
    0.565297,
    0.559597,
    0.560877,
    0.559559,
    0.564296,
    0.566041,
    0.566798,
    0.565099,
    0.565861,
    0.567801,
    0.565031,
    0.565457,
    0.566458,
    0.570606,
    0.569043,
    0.56682
  ],
  "attention_text": [
    0.470511,
    0.465217,
    0.467284,
    0.461875,
    0.459256,
    0.45593,
    0.459404,
    0.455936,
    0.454843,
    0.450023,
    0.448588,
    0.449118,
    0.447624,
    0.445379,
    0.445092,
    0.441407,
    0.445156,
    0.441556,
    0.442513,
    0.438526,
    0.438887,
    0.434703,
    0.440403,
    0.439123,
    0.440441,
    0.435703,
    0.433959,
    0.433202,
    0.434901,
    0.434139,
    0.432199,
    0.434969,
    0.434543,
    0.433542,
    0.429394,
    0.430957,
    0.43318
  ],
  "train_cls_loss": [
    2.21551,
    1.363086,
    1.1302,
    1.013717,
    0.937584,
    0.840443,
    0.81981,
    0.772701,
    0.731287,
    0.713028,
    0.690172,
    0.674933,
    0.633614,
    0.615392,
    0.59821,
    0.565552,
    0.572512,
    0.529091,
    0.510899,
    0.505117,
    0.434492,
    0.409957,
    0.383797,
    0.383046,
    0.385583,
    0.355843,
    0.360164,
    0.350046,
    0.344992,
    0.333164,
    0.318665,
    0.311569,
    0.308714,
    0.306388,
    0.304554,
    0.280723,
    0.28037
  ],
  "train_top_cls_loss": [
    0.721769,
    0.489765,
    0.437651,
    0.400503,
    0.389807,
    0.350221,
    0.351349,
    0.33425,
    0.317492,
    0.308816,
    0.302779,
    0.293687,
    0.281374,
    0.270188,
    0.273972,
    0.24887,
    0.252217,
    0.236627,
    0.223588,
    0.222663,
    0.191168,
    0.176363,
    0.16985,
    0.16995,
    0.16391,
    0.156246,
    0.158339,
    0.15607,
    0.152889,
    0.151346,
    0.140438,
    0.136402,
    0.132154,
    0.140764,
    0.131887,
    0.127891,
    0.131744
  ],
  "train_total_loss": [
    2.720749,
    1.705921,
    1.436556,
    1.294069,
    1.210448,
    1.085598,
    1.065754,
    1.006675,
    0.953531,
    0.9292,
    0.902118,
    0.880514,
    0.830576,
    0.804523,
    0.78999,
    0.739761,
    0.749063,
    0.69473,
    0.66741,
    0.660981,
    0.56831,
    0.533411,
    0.502692,
    0.502011,
    0.50032,
    0.465215,
    0.471002,
    0.459295,
    0.452015,
    0.439106,
    0.416971,
    0.407051,
    0.401222,
    0.404923,
    0.396875,
    0.370246,
    0.37259
  ],
  "learning_rates": [
    0.001,
    0.001,
    0.001,
    0.001,
    0.001,
    0.001,
    0.001,
    0.001,
    0.001,
    0.001,
    0.001,
    0.001,
    0.001,
    0.001,
    0.001,
    0.001,
    0.001,
    0.001,
    0.001,
    0.001,
    0.0005,
    0.0005,
    0.0005,
    0.0005,
    0.0005,
    0.0005,
    0.0005,
    0.0005,
    0.0005,
    0.0005,
    0.0005,
    0.0005,
    0.0005,
    0.0005,
    0.0005,
    0.0005,
    0.0005
  ],
  "val_accuracy": [
    57.298851,
    68.16092,
    71.551724,
    74.942529,
    77.183908,
    77.298851,
    77.643678,
    77.873563,
    78.735632,
    77.126437,
    78.16092,
    78.505747,
    80.229885,
    79.54023,
    79.022989,
    78.678161,
    79.482759,
    79.425287,
    80.689655,
    78.16092,
    79.712644,
    80.747126,
    80.402299,
    80.229885,
    80.287356,
    80.057471,
    80.172414,
    78.505747,
    80.574713,
    77.931034,
    79.08046,
    79.425287,
    79.425287,
    80.172414,
    79.252874,
    79.54023,
    78.850575
  ],
  "model_info": {
    "model_class": "BaseClassifier",
    "hidden_size": 128,
    "num_classes": 23,
    "emb_size_audio": 1280,
    "emb_size_text": 512,
    "dropout": 0.1,
    "use_batch_norm": true,
    "mode": "both",
    "num_folds": 5,
    "fold_id": 1,
    "batch_size": 64,
    "random_seed": 1821
  }
}