{
  "train_cls_loss": [
    2.519898,
    1.526894,
    1.218203,
    1.070862,
    0.989632,
    0.855873,
    0.826386,
    0.771465,
    0.762053,
    0.685021,
    0.688984,
    0.663382,
    0.620081,
    0.623047,
    0.593216,
    0.590753,
    0.562332,
    0.566888,
    0.544657,
    0.548226,
    0.455508,
    0.458157,
    0.458107,
    0.422029,
    0.435112,
    0.419803,
    0.396337,
    0.414624,
    0.400466,
    0.396187,
    0.384031,
    0.352911,
    0.370563,
    0.38892,
    0.354043,
    0.359562,
    0.367735,
    0.352442
  ],
  "train_total_loss": [
    2.519898,
    1.526894,
    1.218203,
    1.070862,
    0.989632,
    0.855873,
    0.826386,
    0.771465,
    0.762053,
    0.685021,
    0.688984,
    0.663382,
    0.620081,
    0.623047,
    0.593216,
    0.590753,
    0.562332,
    0.566888,
    0.544657,
    0.548226,
    0.455508,
    0.458157,
    0.458107,
    0.422029,
    0.435112,
    0.419803,
    0.396337,
    0.414624,
    0.400466,
    0.396187,
    0.384031,
    0.352911,
    0.370563,
    0.38892,
    0.354043,
    0.359562,
    0.367735,
    0.352442
  ],
  "learning_rates": [
    0.001,
    0.001,
    0.001,
    0.001,
    0.001,
    0.001,
    0.001,
    0.001,
    0.001,
    0.001,
    0.001,
    0.001,
    0.001,
    0.001,
    0.001,
    0.001,
    0.001,
    0.001,
    0.001,
    0.001,
    0.0005,
    0.0005,
    0.0005,
    0.0005,
    0.0005,
    0.0005,
    0.0005,
    0.0005,
    0.0005,
    0.0005,
    0.0005,
    0.0005,
    0.0005,
    0.0005,
    0.0005,
    0.0005,
    0.0005,
    0.0005
  ],
  "val_accuracy": [
    56.352087,
    71.506352,
    74.77314,
    77.767695,
    79.219601,
    82.577132,
    80.30853,
    83.484574,
    82.3049,
    83.575318,
    81.760436,
    84.664247,
    83.84755,
    82.395644,
    81.760436,
    83.303085,
    84.30127,
    83.575318,
    83.303085,
    83.575318,
    85.480944,
    85.208711,
    85.934664,
    84.936479,
    84.210526,
    85.3902,
    84.936479,
    84.936479,
    84.119782,
    84.210526,
    84.573503,
    84.392015,
    84.936479,
    85.3902,
    84.029038,
    84.119782,
    83.393829,
    84.754991
  ],
  "model_info": {
    "model_class": "BaseClassifier",
    "hidden_size": 128,
    "num_classes": 23,
    "emb_size_audio": 512,
    "emb_size_text": 0,
    "dropout": 0.1,
    "use_batch_norm": true,
    "mode": "audio",
    "num_folds": 5,
    "fold_id": 1,
    "batch_size": 64,
    "random_seed": 1821
  }
}