{
  "attention_audio": [
    0.487634,
    0.483938,
    0.486707,
    0.492455,
    0.491176,
    0.494128,
    0.496957,
    0.498427,
    0.501871,
    0.497036,
    0.498733,
    0.504997,
    0.505914,
    0.501512,
    0.501739,
    0.50269,
    0.510492,
    0.506961,
    0.503282,
    0.505307,
    0.505247,
    0.503093,
    0.503762,
    0.503121,
    0.506356,
    0.505275,
    0.506718,
    0.507698,
    0.507386,
    0.505593,
    0.508887,
    0.50724,
    0.510759,
    0.508776,
    0.509514,
    0.511549,
    0.507007,
    0.508277,
    0.511749,
    0.510794,
    0.511714,
    0.512093,
    0.512166,
    0.5107,
    0.510695,
    0.510649,
    0.510755,
    0.512168
  ],
  "attention_text": [
    0.512366,
    0.516062,
    0.513293,
    0.507545,
    0.508824,
    0.505872,
    0.503043,
    0.501573,
    0.498129,
    0.502964,
    0.501267,
    0.495003,
    0.494086,
    0.498488,
    0.498261,
    0.49731,
    0.489508,
    0.493039,
    0.496718,
    0.494693,
    0.494753,
    0.496907,
    0.496238,
    0.496879,
    0.493644,
    0.494725,
    0.493282,
    0.492302,
    0.492614,
    0.494407,
    0.491113,
    0.49276,
    0.489241,
    0.491224,
    0.490486,
    0.488451,
    0.492993,
    0.491723,
    0.488251,
    0.489206,
    0.488286,
    0.487906,
    0.487834,
    0.4893,
    0.489305,
    0.489351,
    0.489245,
    0.487832
  ],
  "train_cls_loss": [
    2.403326,
    1.338987,
    1.057429,
    0.909307,
    0.809247,
    0.729815,
    0.6908,
    0.637573,
    0.594552,
    0.580434,
    0.541824,
    0.523704,
    0.502412,
    0.50359,
    0.493721,
    0.494254,
    0.431704,
    0.433114,
    0.42349,
    0.430837,
    0.346229,
    0.328972,
    0.309582,
    0.312778,
    0.316384,
    0.293435,
    0.294829,
    0.290339,
    0.282621,
    0.268758,
    0.284366,
    0.270719,
    0.273883,
    0.259596,
    0.261142,
    0.261403,
    0.252871,
    0.246709,
    0.251636,
    0.262177,
    0.231721,
    0.213998,
    0.220203,
    0.212021,
    0.19095,
    0.191098,
    0.192618,
    0.194455
  ],
  "train_total_loss": [
    2.403326,
    1.338987,
    1.057429,
    0.909307,
    0.809247,
    0.729815,
    0.6908,
    0.637573,
    0.594552,
    0.580434,
    0.541824,
    0.523704,
    0.502412,
    0.50359,
    0.493721,
    0.494254,
    0.431704,
    0.433114,
    0.42349,
    0.430837,
    0.346229,
    0.328972,
    0.309582,
    0.312778,
    0.316384,
    0.293435,
    0.294829,
    0.290339,
    0.282621,
    0.268758,
    0.284366,
    0.270719,
    0.273883,
    0.259596,
    0.261142,
    0.261403,
    0.252871,
    0.246709,
    0.251636,
    0.262177,
    0.231721,
    0.213998,
    0.220203,
    0.212021,
    0.19095,
    0.191098,
    0.192618,
    0.194455
  ],
  "learning_rates": [
    0.001,
    0.001,
    0.001,
    0.001,
    0.001,
    0.001,
    0.001,
    0.001,
    0.001,
    0.001,
    0.001,
    0.001,
    0.001,
    0.001,
    0.001,
    0.001,
    0.001,
    0.001,
    0.001,
    0.001,
    0.0005,
    0.0005,
    0.0005,
    0.0005,
    0.0005,
    0.0005,
    0.0005,
    0.0005,
    0.0005,
    0.0005,
    0.0005,
    0.0005,
    0.0005,
    0.0005,
    0.0005,
    0.0005,
    0.0005,
    0.0005,
    0.0005,
    0.0005,
    0.00025,
    0.00025,
    0.00025,
    0.00025,
    0.00025,
    0.00025,
    0.00025,
    0.00025
  ],
  "val_accuracy": [
    62.626263,
    72.8191,
    76.30854,
    81.450872,
    78.787879,
    83.011938,
    83.103765,
    83.746556,
    82.460973,
    84.297521,
    84.205693,
    85.123967,
    84.756657,
    85.858586,
    83.379247,
    86.225895,
    86.134068,
    85.491276,
    86.685032,
    86.868687,
    86.868687,
    86.685032,
    87.511478,
    86.501377,
    87.235996,
    86.77686,
    86.40955,
    87.144169,
    87.052342,
    86.868687,
    86.40955,
    86.40955,
    87.786961,
    86.77686,
    86.042241,
    87.144169,
    87.419651,
    86.225895,
    87.419651,
    86.501377,
    86.960514,
    87.419651,
    87.144169,
    87.511478,
    87.419651,
    87.052342,
    87.144169,
    87.327824
  ],
  "model_info": {
    "model_class": "BaseClassifier",
    "hidden_size": 128,
    "num_classes": 23,
    "emb_size_audio": 512,
    "emb_size_text": 512,
    "dropout": 0.1,
    "use_batch_norm": true,
    "mode": "both",
    "num_folds": 5,
    "fold_id": 0,
    "batch_size": 64,
    "random_seed": 1821
  }
}