{
  "attention_audio": [
    0.478854,
    0.485136,
    0.487552,
    0.486447,
    0.485021,
    0.486488,
    0.489269,
    0.492592,
    0.488866,
    0.494159,
    0.495001,
    0.495426,
    0.496335,
    0.499165,
    0.498097,
    0.499761,
    0.502535,
    0.503847,
    0.500162,
    0.498794,
    0.499491,
    0.503503,
    0.502337,
    0.502147,
    0.50067,
    0.501231,
    0.501118,
    0.502354,
    0.499989,
    0.503939,
    0.50138,
    0.498632,
    0.502593,
    0.500176,
    0.501773,
    0.500735,
    0.502238
  ],
  "attention_text": [
    0.521146,
    0.514864,
    0.512447,
    0.513553,
    0.514979,
    0.513512,
    0.510731,
    0.507408,
    0.511134,
    0.505841,
    0.504999,
    0.504574,
    0.503665,
    0.500835,
    0.501903,
    0.500239,
    0.497465,
    0.496153,
    0.499838,
    0.501206,
    0.500509,
    0.496497,
    0.497663,
    0.497853,
    0.49933,
    0.498769,
    0.498882,
    0.497646,
    0.500011,
    0.496061,
    0.49862,
    0.501368,
    0.497407,
    0.499824,
    0.498227,
    0.499265,
    0.497762
  ],
  "train_cls_loss": [
    2.456772,
    1.723985,
    1.479589,
    1.400919,
    1.393726,
    1.399043,
    1.231733,
    1.24473,
    1.166351,
    1.242367,
    1.261249,
    1.178055,
    1.228778,
    1.212819,
    1.107377,
    1.101639,
    1.02851,
    1.087734,
    1.063235,
    0.980491,
    1.01482,
    0.958373,
    0.903789,
    0.993708,
    0.987191,
    0.885589,
    0.946837,
    0.837291,
    0.925805,
    0.881617,
    0.909363,
    0.861657,
    0.836379,
    0.899578,
    0.807533,
    0.837469,
    0.876341
  ],
  "train_total_loss": [
    2.456772,
    1.723985,
    1.479589,
    1.400919,
    1.393726,
    1.399043,
    1.231733,
    1.24473,
    1.166351,
    1.242367,
    1.261249,
    1.178055,
    1.228778,
    1.212819,
    1.107377,
    1.101639,
    1.02851,
    1.087734,
    1.063235,
    0.980491,
    1.01482,
    0.958373,
    0.903789,
    0.993708,
    0.987191,
    0.885589,
    0.946837,
    0.837291,
    0.925805,
    0.881617,
    0.909363,
    0.861657,
    0.836379,
    0.899578,
    0.807533,
    0.837469,
    0.876341
  ],
  "learning_rates": [
    0.001,
    0.001,
    0.001,
    0.001,
    0.001,
    0.001,
    0.001,
    0.001,
    0.001,
    0.001,
    0.001,
    0.001,
    0.001,
    0.001,
    0.001,
    0.001,
    0.001,
    0.001,
    0.001,
    0.001,
    0.0005,
    0.0005,
    0.0005,
    0.0005,
    0.0005,
    0.0005,
    0.0005,
    0.0005,
    0.0005,
    0.0005,
    0.0005,
    0.0005,
    0.0005,
    0.0005,
    0.0005,
    0.0005,
    0.0005
  ],
  "val_accuracy": [
    56.816885,
    69.880205,
    71.933828,
    74.386766,
    75.812892,
    75.584712,
    77.809469,
    76.725613,
    78.893326,
    79.863092,
    80.034227,
    80.376497,
    79.178551,
    78.26583,
    78.6081,
    79.292641,
    78.836281,
    79.920137,
    79.520821,
    79.691957,
    80.376497,
    80.946948,
    80.775813,
    80.718768,
    80.490588,
    79.520821,
    79.977182,
    80.262407,
    79.235596,
    79.634912,
    80.604678,
    79.520821,
    80.262407,
    80.205362,
    79.292641,
    79.463776,
    79.749002
  ],
  "model_info": {
    "model_class": "BaseClassifier",
    "hidden_size": 128,
    "num_classes": 23,
    "emb_size_audio": 512,
    "emb_size_text": 512,
    "dropout": 0.1,
    "use_batch_norm": true,
    "mode": "both",
    "num_folds": 5,
    "fold_id": 3,
    "batch_size": 64,
    "random_seed": 1821
  }
}