{
  "train_cls_loss": [
    1.081567,
    0.834373,
    0.766307,
    0.724244,
    0.690897,
    0.669577,
    0.647611,
    0.628015,
    0.621243,
    0.604607,
    0.592598,
    0.580006,
    0.571966,
    0.559917,
    0.549172,
    0.542957,
    0.53746,
    0.520941,
    0.515946,
    0.514817,
    0.474417,
    0.461381,
    0.456595,
    0.449707,
    0.44369,
    0.4359,
    0.427599,
    0.424726,
    0.419751,
    0.417328,
    0.405481,
    0.408266,
    0.40174,
    0.398925,
    0.394957,
    0.388641
  ],
  "train_total_loss": [
    1.081567,
    0.834373,
    0.766307,
    0.724244,
    0.690897,
    0.669577,
    0.647611,
    0.628015,
    0.621243,
    0.604607,
    0.592598,
    0.580006,
    0.571966,
    0.559917,
    0.549172,
    0.542957,
    0.53746,
    0.520941,
    0.515946,
    0.514817,
    0.474417,
    0.461381,
    0.456595,
    0.449707,
    0.44369,
    0.4359,
    0.427599,
    0.424726,
    0.419751,
    0.417328,
    0.405481,
    0.408266,
    0.40174,
    0.398925,
    0.394957,
    0.388641
  ],
  "learning_rates": [
    0.001,
    0.001,
    0.001,
    0.001,
    0.001,
    0.001,
    0.001,
    0.001,
    0.001,
    0.001,
    0.001,
    0.001,
    0.001,
    0.001,
    0.001,
    0.001,
    0.001,
    0.001,
    0.001,
    0.001,
    0.0005,
    0.0005,
    0.0005,
    0.0005,
    0.0005,
    0.0005,
    0.0005,
    0.0005,
    0.0005,
    0.0005,
    0.0005,
    0.0005,
    0.0005,
    0.0005,
    0.0005,
    0.0005
  ],
  "val_accuracy": [
    60.068454,
    69.766115,
    69.994295,
    70.678836,
    70.792926,
    68.625214,
    71.420422,
    72.789504,
    72.504278,
    72.390188,
    71.762693,
    71.990873,
    73.017684,
    71.648602,
    72.789504,
    72.903594,
    71.648602,
    73.416999,
    73.017684,
    72.732459,
    73.816315,
    73.188819,
    73.017684,
    71.990873,
    73.074729,
    73.64518,
    73.416999,
    72.390188,
    71.876783,
    72.960639,
    72.047918,
    72.504278,
    71.477467,
    72.561323,
    72.675414,
    72.561323
  ],
  "model_info": {
    "model_class": "BaseClassifier",
    "hidden_size": 128,
    "num_classes": 23,
    "emb_size_audio": 512,
    "emb_size_text": 0,
    "dropout": 0.1,
    "use_batch_norm": true,
    "mode": "audio",
    "num_folds": 5,
    "fold_id": 0,
    "batch_size": 64,
    "random_seed": 1821
  }
}