{
  "attention_audio": [
    0.478425,
    0.469974,
    0.478027,
    0.476256,
    0.479347,
    0.479716,
    0.479438,
    0.483021,
    0.485819,
    0.485776,
    0.494316,
    0.491387,
    0.492083,
    0.493076,
    0.492312,
    0.491851,
    0.497028,
    0.497361,
    0.493421,
    0.491995,
    0.495693,
    0.496543,
    0.494622,
    0.497376,
    0.497952,
    0.497315,
    0.49677,
    0.496737,
    0.500653,
    0.503404,
    0.501644,
    0.500625,
    0.500851,
    0.501296,
    0.502221,
    0.503586,
    0.500953,
    0.500091,
    0.500747,
    0.500031,
    0.50107,
    0.500656,
    0.50217,
    0.503517,
    0.503182,
    0.503243,
    0.504489,
    0.505519,
    0.506515,
    0.505739,
    0.504817
  ],
  "attention_text": [
    0.521575,
    0.530026,
    0.521973,
    0.523744,
    0.520653,
    0.520284,
    0.520562,
    0.516979,
    0.514181,
    0.514224,
    0.505684,
    0.508613,
    0.507917,
    0.506924,
    0.507688,
    0.508149,
    0.502972,
    0.502639,
    0.506579,
    0.508005,
    0.504307,
    0.503457,
    0.505378,
    0.502624,
    0.502048,
    0.502685,
    0.50323,
    0.503263,
    0.499347,
    0.496596,
    0.498356,
    0.499375,
    0.499149,
    0.498704,
    0.497779,
    0.496414,
    0.499047,
    0.499909,
    0.499253,
    0.499969,
    0.498929,
    0.499344,
    0.49783,
    0.496483,
    0.496818,
    0.496757,
    0.495511,
    0.494481,
    0.493485,
    0.494261,
    0.495183
  ],
  "train_cls_loss": [
    2.324188,
    1.35243,
    1.031898,
    0.919235,
    0.79684,
    0.745822,
    0.713194,
    0.651997,
    0.59927,
    0.563028,
    0.541578,
    0.515606,
    0.510089,
    0.47907,
    0.478017,
    0.479321,
    0.414164,
    0.420302,
    0.428151,
    0.39958,
    0.362795,
    0.318459,
    0.319951,
    0.320605,
    0.3156,
    0.283663,
    0.290148,
    0.302397,
    0.275778,
    0.278102,
    0.273484,
    0.26699,
    0.250851,
    0.256266,
    0.28129,
    0.275161,
    0.248854,
    0.251509,
    0.241562,
    0.244223,
    0.232223,
    0.208966,
    0.200678,
    0.208532,
    0.188775,
    0.204022,
    0.196986,
    0.189551,
    0.189203,
    0.190423,
    0.194935
  ],
  "train_total_loss": [
    2.324188,
    1.35243,
    1.031898,
    0.919235,
    0.79684,
    0.745822,
    0.713194,
    0.651997,
    0.59927,
    0.563028,
    0.541578,
    0.515606,
    0.510089,
    0.47907,
    0.478017,
    0.479321,
    0.414164,
    0.420302,
    0.428151,
    0.39958,
    0.362795,
    0.318459,
    0.319951,
    0.320605,
    0.3156,
    0.283663,
    0.290148,
    0.302397,
    0.275778,
    0.278102,
    0.273484,
    0.26699,
    0.250851,
    0.256266,
    0.28129,
    0.275161,
    0.248854,
    0.251509,
    0.241562,
    0.244223,
    0.232223,
    0.208966,
    0.200678,
    0.208532,
    0.188775,
    0.204022,
    0.196986,
    0.189551,
    0.189203,
    0.190423,
    0.194935
  ],
  "learning_rates": [
    0.001,
    0.001,
    0.001,
    0.001,
    0.001,
    0.001,
    0.001,
    0.001,
    0.001,
    0.001,
    0.001,
    0.001,
    0.001,
    0.001,
    0.001,
    0.001,
    0.001,
    0.001,
    0.001,
    0.001,
    0.0005,
    0.0005,
    0.0005,
    0.0005,
    0.0005,
    0.0005,
    0.0005,
    0.0005,
    0.0005,
    0.0005,
    0.0005,
    0.0005,
    0.0005,
    0.0005,
    0.0005,
    0.0005,
    0.0005,
    0.0005,
    0.0005,
    0.0005,
    0.00025,
    0.00025,
    0.00025,
    0.00025,
    0.00025,
    0.00025,
    0.00025,
    0.00025,
    0.00025,
    0.00025,
    0.00025
  ],
  "val_accuracy": [
    65.902841,
    75.068744,
    76.626948,
    78.460128,
    83.593034,
    83.409716,
    84.234647,
    86.984418,
    85.976169,
    84.692942,
    87.626031,
    87.534372,
    86.8011,
    87.167736,
    87.167736,
    86.892759,
    86.892759,
    87.71769,
    88.267644,
    87.901008,
    87.809349,
    88.450962,
    89.184235,
    88.175985,
    88.267644,
    88.817599,
    88.175985,
    87.626031,
    87.534372,
    88.084326,
    87.351054,
    89.184235,
    87.809349,
    88.542621,
    87.534372,
    89.275894,
    87.901008,
    88.450962,
    88.450962,
    88.267644,
    88.084326,
    88.175985,
    88.542621,
    88.542621,
    88.542621,
    88.72594,
    88.450962,
    87.901008,
    87.901008,
    88.175985,
    87.809349
  ],
  "model_info": {
    "model_class": "BaseClassifier",
    "hidden_size": 128,
    "num_classes": 23,
    "emb_size_audio": 512,
    "emb_size_text": 512,
    "dropout": 0.1,
    "use_batch_norm": true,
    "mode": "both",
    "num_folds": 5,
    "fold_id": 4,
    "batch_size": 64,
    "random_seed": 1821
  }
}