{
  "attention_audio": [
    0.498486,
    0.509669,
    0.506956,
    0.504069,
    0.510537,
    0.505109,
    0.505649,
    0.50338,
    0.504608,
    0.503263,
    0.505767,
    0.502968,
    0.502503,
    0.502173,
    0.506594,
    0.506496,
    0.50487,
    0.501141,
    0.503934,
    0.506502,
    0.504471,
    0.506552,
    0.502615,
    0.505552,
    0.504852,
    0.508302,
    0.508531,
    0.50868,
    0.507274,
    0.51281,
    0.511236,
    0.511925,
    0.512157,
    0.51121,
    0.51254,
    0.509798,
    0.514008
  ],
  "attention_text": [
    0.501514,
    0.490331,
    0.493044,
    0.495931,
    0.489463,
    0.494891,
    0.494351,
    0.49662,
    0.495392,
    0.496737,
    0.494233,
    0.497032,
    0.497497,
    0.497827,
    0.493406,
    0.493504,
    0.49513,
    0.498859,
    0.496066,
    0.493498,
    0.495529,
    0.493448,
    0.497385,
    0.494448,
    0.495148,
    0.491698,
    0.491469,
    0.49132,
    0.492726,
    0.48719,
    0.488764,
    0.488075,
    0.487843,
    0.48879,
    0.48746,
    0.490202,
    0.485992
  ],
  "train_cls_loss": [
    2.157343,
    1.299565,
    1.044453,
    0.953273,
    0.855092,
    0.803643,
    0.774369,
    0.749106,
    0.679702,
    0.675232,
    0.66664,
    0.640049,
    0.627599,
    0.620456,
    0.606857,
    0.584493,
    0.563429,
    0.57577,
    0.552664,
    0.532905,
    0.476554,
    0.44201,
    0.430509,
    0.439817,
    0.408929,
    0.409936,
    0.403733,
    0.404379,
    0.394898,
    0.380544,
    0.386638,
    0.38535,
    0.36985,
    0.358609,
    0.356953,
    0.366129,
    0.358393
  ],
  "train_total_loss": [
    2.157343,
    1.299565,
    1.044453,
    0.953273,
    0.855092,
    0.803643,
    0.774369,
    0.749106,
    0.679702,
    0.675232,
    0.66664,
    0.640049,
    0.627599,
    0.620456,
    0.606857,
    0.584493,
    0.563429,
    0.57577,
    0.552664,
    0.532905,
    0.476554,
    0.44201,
    0.430509,
    0.439817,
    0.408929,
    0.409936,
    0.403733,
    0.404379,
    0.394898,
    0.380544,
    0.386638,
    0.38535,
    0.36985,
    0.358609,
    0.356953,
    0.366129,
    0.358393
  ],
  "learning_rates": [
    0.001,
    0.001,
    0.001,
    0.001,
    0.001,
    0.001,
    0.001,
    0.001,
    0.001,
    0.001,
    0.001,
    0.001,
    0.001,
    0.001,
    0.001,
    0.001,
    0.001,
    0.001,
    0.001,
    0.001,
    0.0005,
    0.0005,
    0.0005,
    0.0005,
    0.0005,
    0.0005,
    0.0005,
    0.0005,
    0.0005,
    0.0005,
    0.0005,
    0.0005,
    0.0005,
    0.0005,
    0.0005,
    0.0005,
    0.0005
  ],
  "val_accuracy": [
    59.555048,
    70.279521,
    73.53109,
    75.185396,
    76.497433,
    76.269253,
    78.6081,
    77.695379,
    78.322875,
    77.353109,
    77.410154,
    78.26583,
    77.752424,
    78.322875,
    78.665145,
    78.893326,
    79.634912,
    78.551055,
    78.722191,
    78.950371,
    79.121506,
    80.091272,
    78.26583,
    79.178551,
    79.235596,
    78.950371,
    79.349686,
    79.235596,
    77.92356,
    79.121506,
    78.893326,
    79.292641,
    78.49401,
    77.524244,
    78.03765,
    77.980605,
    77.752424
  ],
  "model_info": {
    "model_class": "BaseClassifier",
    "hidden_size": 128,
    "num_classes": 23,
    "emb_size_audio": 512,
    "emb_size_text": 512,
    "dropout": 0.1,
    "use_batch_norm": true,
    "mode": "both",
    "num_folds": 5,
    "fold_id": 1,
    "batch_size": 64,
    "random_seed": 1821
  }
}