{
  "train_cls_loss": [
    2.385152,
    1.464179,
    1.262148,
    1.117364,
    1.05418,
    0.995289,
    0.948766,
    0.902767,
    0.860387,
    0.850603,
    0.811749,
    0.792071,
    0.785317,
    0.755426,
    0.736363,
    0.707347,
    0.692756,
    0.672434,
    0.658342,
    0.661904,
    0.571619,
    0.53483,
    0.532833,
    0.51599,
    0.503066,
    0.482462,
    0.479577,
    0.482252,
    0.453302,
    0.453909,
    0.445998,
    0.431281,
    0.429172,
    0.408708
  ],
  "train_total_loss": [
    2.385152,
    1.464179,
    1.262148,
    1.117364,
    1.05418,
    0.995289,
    0.948766,
    0.902767,
    0.860387,
    0.850603,
    0.811749,
    0.792071,
    0.785317,
    0.755426,
    0.736363,
    0.707347,
    0.692756,
    0.672434,
    0.658342,
    0.661904,
    0.571619,
    0.53483,
    0.532833,
    0.51599,
    0.503066,
    0.482462,
    0.479577,
    0.482252,
    0.453302,
    0.453909,
    0.445998,
    0.431281,
    0.429172,
    0.408708
  ],
  "learning_rates": [
    0.001,
    0.001,
    0.001,
    0.001,
    0.001,
    0.001,
    0.001,
    0.001,
    0.001,
    0.001,
    0.001,
    0.001,
    0.001,
    0.001,
    0.001,
    0.001,
    0.001,
    0.001,
    0.001,
    0.001,
    0.0005,
    0.0005,
    0.0005,
    0.0005,
    0.0005,
    0.0005,
    0.0005,
    0.0005,
    0.0005,
    0.0005,
    0.0005,
    0.0005,
    0.0005,
    0.0005
  ],
  "val_accuracy": [
    59.783229,
    66.115231,
    71.876783,
    72.104963,
    73.074729,
    75.299487,
    74.500856,
    73.702225,
    74.443811,
    74.10154,
    75.299487,
    74.843126,
    75.527667,
    77.239019,
    76.326298,
    75.926982,
    76.155163,
    76.098118,
    77.581289,
    76.782658,
    77.124929,
    76.725613,
    77.239019,
    77.181974,
    76.440388,
    77.239019,
    77.239019,
    76.839703,
    75.356532,
    76.269253,
    75.984027,
    76.839703,
    75.755847,
    74.786081
  ],
  "model_info": {
    "model_class": "BaseClassifier",
    "hidden_size": 128,
    "num_classes": 23,
    "emb_size_audio": 512,
    "emb_size_text": 0,
    "dropout": 0.1,
    "use_batch_norm": true,
    "mode": "audio",
    "num_folds": 5,
    "fold_id": 0,
    "batch_size": 64,
    "random_seed": 1821
  }
}