{
  "attention_audio": [
    0.465542,
    0.441225,
    0.43225,
    0.42708,
    0.424142,
    0.423388,
    0.421058,
    0.418249,
    0.416944,
    0.416343,
    0.420049,
    0.419252,
    0.416615,
    0.42266,
    0.419842,
    0.42279,
    0.420334,
    0.424336,
    0.422498,
    0.427646,
    0.427975,
    0.42595,
    0.431114,
    0.433238,
    0.432929,
    0.434586,
    0.432381,
    0.434515,
    0.431473,
    0.434439,
    0.433603,
    0.432762,
    0.433233,
    0.434649,
    0.436244,
    0.437691,
    0.439052,
    0.436278,
    0.439278
  ],
  "attention_text": [
    0.534458,
    0.558775,
    0.56775,
    0.57292,
    0.575858,
    0.576612,
    0.578942,
    0.581751,
    0.583056,
    0.583657,
    0.579951,
    0.580748,
    0.583385,
    0.57734,
    0.580158,
    0.57721,
    0.579666,
    0.575664,
    0.577502,
    0.572354,
    0.572025,
    0.57405,
    0.568886,
    0.566762,
    0.567071,
    0.565414,
    0.567619,
    0.565485,
    0.568527,
    0.565561,
    0.566397,
    0.567238,
    0.566767,
    0.565352,
    0.563756,
    0.562309,
    0.560948,
    0.563722,
    0.560722
  ],
  "train_cls_loss": [
    1.496424,
    1.06542,
    0.941859,
    0.872771,
    0.824092,
    0.789083,
    0.753853,
    0.728436,
    0.697046,
    0.689443,
    0.665627,
    0.653006,
    0.632282,
    0.617061,
    0.600313,
    0.590596,
    0.580091,
    0.567801,
    0.554776,
    0.544083,
    0.482603,
    0.462267,
    0.455364,
    0.440952,
    0.434767,
    0.427175,
    0.417932,
    0.41163,
    0.404521,
    0.398037,
    0.390469,
    0.383264,
    0.37802,
    0.368666,
    0.37112,
    0.364289,
    0.358894,
    0.353183,
    0.349638
  ],
  "train_total_loss": [
    1.496424,
    1.06542,
    0.941859,
    0.872771,
    0.824092,
    0.789083,
    0.753853,
    0.728436,
    0.697046,
    0.689443,
    0.665627,
    0.653006,
    0.632282,
    0.617061,
    0.600313,
    0.590596,
    0.580091,
    0.567801,
    0.554776,
    0.544083,
    0.482603,
    0.462267,
    0.455364,
    0.440952,
    0.434767,
    0.427175,
    0.417932,
    0.41163,
    0.404521,
    0.398037,
    0.390469,
    0.383264,
    0.37802,
    0.368666,
    0.37112,
    0.364289,
    0.358894,
    0.353183,
    0.349638
  ],
  "learning_rates": [
    0.001,
    0.001,
    0.001,
    0.001,
    0.001,
    0.001,
    0.001,
    0.001,
    0.001,
    0.001,
    0.001,
    0.001,
    0.001,
    0.001,
    0.001,
    0.001,
    0.001,
    0.001,
    0.001,
    0.001,
    0.0005,
    0.0005,
    0.0005,
    0.0005,
    0.0005,
    0.0005,
    0.0005,
    0.0005,
    0.0005,
    0.0005,
    0.0005,
    0.0005,
    0.0005,
    0.0005,
    0.0005,
    0.0005,
    0.0005,
    0.0005,
    0.0005
  ],
  "val_accuracy": [
    59.555048,
    72.846549,
    70.678836,
    72.903594,
    73.188819,
    73.017684,
    74.557901,
    74.557901,
    74.158585,
    75.527667,
    74.443811,
    74.671991,
    75.242442,
    75.413577,
    75.755847,
    74.443811,
    75.984027,
    75.356532,
    75.641757,
    74.557901,
    76.326298,
    75.926982,
    75.584712,
    76.668568,
    76.155163,
    75.641757,
    74.500856,
    75.584712,
    75.641757,
    75.869937,
    75.755847,
    76.155163,
    75.470622,
    75.242442,
    74.671991,
    75.014261,
    75.641757,
    74.557901,
    75.071306
  ],
  "model_info": {
    "model_class": "BaseClassifier",
    "hidden_size": 128,
    "num_classes": 23,
    "emb_size_audio": 512,
    "emb_size_text": 512,
    "dropout": 0.1,
    "use_batch_norm": true,
    "mode": "both",
    "num_folds": 5,
    "fold_id": 0,
    "batch_size": 64,
    "random_seed": 1821
  }
}