{
  "train_cls_loss": [
    1.694083,
    1.148219,
    0.985803,
    0.878901,
    0.80367,
    0.780619,
    0.719756,
    0.695407,
    0.663539,
    0.653959,
    0.642059,
    0.619024,
    0.60662,
    0.586291,
    0.580564,
    0.540881,
    0.540805,
    0.535068,
    0.527471,
    0.513278,
    0.460704,
    0.45264,
    0.448493,
    0.440565,
    0.422102,
    0.412344,
    0.418167,
    0.398102,
    0.4001,
    0.394162,
    0.388119,
    0.379769,
    0.382225,
    0.378226,
    0.387645,
    0.36281,
    0.361821,
    0.358098,
    0.348669,
    0.349733,
    0.314564,
    0.303484,
    0.300388,
    0.299952,
    0.29304,
    0.290905,
    0.289437,
    0.289153,
    0.285887,
    0.278112
  ],
  "train_top_cls_loss": [
    0.842837,
    0.564494,
    0.533435,
    0.501866,
    0.48491,
    0.469924,
    0.44546,
    0.432825,
    0.413891,
    0.413045,
    0.421458,
    0.397464,
    0.386137,
    0.379145,
    0.374112,
    0.357405,
    0.346056,
    0.356425,
    0.347272,
    0.337211,
    0.304725,
    0.297181,
    0.292009,
    0.284123,
    0.271529,
    0.261239,
    0.271423,
    0.258866,
    0.260928,
    0.260901,
    0.243781,
    0.241885,
    0.250272,
    0.241308,
    0.24834,
    0.23211,
    0.235572,
    0.228613,
    0.222109,
    0.218783,
    0.201332,
    0.190422,
    0.18853,
    0.184309,
    0.187422,
    0.17964,
    0.181072,
    0.175357,
    0.17474,
    0.175803
  ],
  "train_total_loss": [
    2.28407,
    1.543365,
    1.359207,
    1.230207,
    1.143108,
    1.109566,
    1.031578,
    0.998384,
    0.953263,
    0.94309,
    0.93708,
    0.897248,
    0.876915,
    0.851693,
    0.842443,
    0.791065,
    0.783044,
    0.784565,
    0.770561,
    0.749325,
    0.674012,
    0.660667,
    0.652899,
    0.639451,
    0.612172,
    0.595211,
    0.608163,
    0.579309,
    0.58275,
    0.576793,
    0.558766,
    0.549089,
    0.557415,
    0.547142,
    0.561483,
    0.525287,
    0.526722,
    0.518128,
    0.504146,
    0.502881,
    0.455497,
    0.43678,
    0.432359,
    0.428968,
    0.424235,
    0.416653,
    0.416187,
    0.411903,
    0.408205,
    0.401174
  ],
  "learning_rates": [
    0.001,
    0.001,
    0.001,
    0.001,
    0.001,
    0.001,
    0.001,
    0.001,
    0.001,
    0.001,
    0.001,
    0.001,
    0.001,
    0.001,
    0.001,
    0.001,
    0.001,
    0.001,
    0.001,
    0.001,
    0.0005,
    0.0005,
    0.0005,
    0.0005,
    0.0005,
    0.0005,
    0.0005,
    0.0005,
    0.0005,
    0.0005,
    0.0005,
    0.0005,
    0.0005,
    0.0005,
    0.0005,
    0.0005,
    0.0005,
    0.0005,
    0.0005,
    0.0005,
    0.00025,
    0.00025,
    0.00025,
    0.00025,
    0.00025,
    0.00025,
    0.00025,
    0.00025,
    0.00025,
    0.00025
  ],
  "val_accuracy": [
    47.63263,
    58.071877,
    66.457501,
    69.994295,
    72.333143,
    71.933828,
    74.32972,
    74.272675,
    75.299487,
    75.984027,
    75.470622,
    75.926982,
    74.900171,
    75.869937,
    77.524244,
    76.212208,
    75.641757,
    75.584712,
    75.926982,
    76.212208,
    77.581289,
    77.467199,
    76.497433,
    77.524244,
    76.269253,
    77.181974,
    77.010839,
    76.725613,
    76.440388,
    77.239019,
    76.497433,
    76.326298,
    76.440388,
    77.809469,
    77.92356,
    76.041072,
    75.584712,
    76.326298,
    76.839703,
    76.326298,
    76.611523,
    76.098118,
    76.953793,
    76.098118,
    76.668568,
    76.155163,
    76.668568,
    76.611523,
    76.269253,
    76.668568
  ],
  "model_info": {
    "model_class": "BaseClassifier",
    "hidden_size": 128,
    "num_classes": 23,
    "emb_size_audio": 512,
    "emb_size_text": 0,
    "dropout": 0.1,
    "use_batch_norm": true,
    "mode": "audio",
    "num_folds": 5,
    "fold_id": 1,
    "batch_size": 64,
    "random_seed": 1821
  }
}