{
  "attention_audio": [
    0.485589,
    0.481496,
    0.488799,
    0.496645,
    0.495479,
    0.495601,
    0.496543,
    0.49517,
    0.501774,
    0.504385,
    0.501125,
    0.501017,
    0.500916,
    0.499848,
    0.500354,
    0.506593,
    0.505758,
    0.509647,
    0.506561,
    0.507211,
    0.506175,
    0.506844,
    0.508037,
    0.505457,
    0.506432,
    0.507827,
    0.508048,
    0.508287,
    0.507599,
    0.508344,
    0.508737,
    0.508027,
    0.506281,
    0.508999,
    0.509094,
    0.508944,
    0.51004
  ],
  "attention_text": [
    0.514411,
    0.518504,
    0.511201,
    0.503355,
    0.504521,
    0.504399,
    0.503457,
    0.50483,
    0.498226,
    0.495615,
    0.498875,
    0.498983,
    0.499085,
    0.500152,
    0.499646,
    0.493407,
    0.494242,
    0.490353,
    0.493439,
    0.492789,
    0.493825,
    0.493156,
    0.491963,
    0.494543,
    0.493568,
    0.492173,
    0.491952,
    0.491713,
    0.492401,
    0.491656,
    0.491263,
    0.491973,
    0.493719,
    0.491001,
    0.490906,
    0.491056,
    0.48996
  ],
  "train_cls_loss": [
    2.128284,
    1.292365,
    1.04876,
    0.957209,
    0.868662,
    0.807742,
    0.78293,
    0.733509,
    0.709755,
    0.694529,
    0.676531,
    0.673247,
    0.630182,
    0.617755,
    0.600175,
    0.588169,
    0.562,
    0.561149,
    0.54827,
    0.516662,
    0.45673,
    0.444526,
    0.430045,
    0.431612,
    0.397355,
    0.40844,
    0.389864,
    0.399634,
    0.384763,
    0.36985,
    0.362527,
    0.371403,
    0.359925,
    0.36871,
    0.341457,
    0.346242,
    0.333162
  ],
  "train_total_loss": [
    2.128284,
    1.292365,
    1.04876,
    0.957209,
    0.868662,
    0.807742,
    0.78293,
    0.733509,
    0.709755,
    0.694529,
    0.676531,
    0.673247,
    0.630182,
    0.617755,
    0.600175,
    0.588169,
    0.562,
    0.561149,
    0.54827,
    0.516662,
    0.45673,
    0.444526,
    0.430045,
    0.431612,
    0.397355,
    0.40844,
    0.389864,
    0.399634,
    0.384763,
    0.36985,
    0.362527,
    0.371403,
    0.359925,
    0.36871,
    0.341457,
    0.346242,
    0.333162
  ],
  "learning_rates": [
    0.001,
    0.001,
    0.001,
    0.001,
    0.001,
    0.001,
    0.001,
    0.001,
    0.001,
    0.001,
    0.001,
    0.001,
    0.001,
    0.001,
    0.001,
    0.001,
    0.001,
    0.001,
    0.001,
    0.001,
    0.0005,
    0.0005,
    0.0005,
    0.0005,
    0.0005,
    0.0005,
    0.0005,
    0.0005,
    0.0005,
    0.0005,
    0.0005,
    0.0005,
    0.0005,
    0.0005,
    0.0005,
    0.0005,
    0.0005
  ],
  "val_accuracy": [
    61.323446,
    66.913862,
    72.846549,
    75.926982,
    74.500856,
    77.296064,
    75.014261,
    78.03765,
    79.064461,
    79.406731,
    78.37992,
    79.520821,
    79.406731,
    79.463776,
    80.718768,
    79.977182,
    78.03765,
    80.262407,
    79.577867,
    79.977182,
    80.604678,
    81.061038,
    80.319452,
    80.262407,
    79.977182,
    79.634912,
    80.148317,
    78.893326,
    79.064461,
    79.292641,
    79.463776,
    80.091272,
    79.406731,
    79.178551,
    78.779236,
    79.634912,
    78.893326
  ],
  "model_info": {
    "model_class": "BaseClassifier",
    "hidden_size": 128,
    "num_classes": 23,
    "emb_size_audio": 512,
    "emb_size_text": 512,
    "dropout": 0.1,
    "use_batch_norm": true,
    "mode": "both",
    "num_folds": 5,
    "fold_id": 3,
    "batch_size": 64,
    "random_seed": 1821
  }
}