{
  "train_cls_loss": [
    2.414768,
    1.867605,
    1.703492,
    1.652528,
    1.50525,
    1.471249,
    1.457256,
    1.477834,
    1.428773,
    1.370632,
    1.347339,
    1.317003,
    1.43002,
    1.29691,
    1.296664,
    1.202477,
    1.220718,
    1.191522,
    1.241023,
    1.173016,
    1.119979,
    1.014191,
    1.026121,
    1.007417,
    0.979207,
    0.967891,
    1.04467,
    0.962137,
    0.997154,
    0.871347,
    1.061137,
    0.992286,
    0.975496,
    1.063904
  ],
  "train_total_loss": [
    2.414768,
    1.867605,
    1.703492,
    1.652528,
    1.50525,
    1.471249,
    1.457256,
    1.477834,
    1.428773,
    1.370632,
    1.347339,
    1.317003,
    1.43002,
    1.29691,
    1.296664,
    1.202477,
    1.220718,
    1.191522,
    1.241023,
    1.173016,
    1.119979,
    1.014191,
    1.026121,
    1.007417,
    0.979207,
    0.967891,
    1.04467,
    0.962137,
    0.997154,
    0.871347,
    1.061137,
    0.992286,
    0.975496,
    1.063904
  ],
  "learning_rates": [
    0.001,
    0.001,
    0.001,
    0.001,
    0.001,
    0.001,
    0.001,
    0.001,
    0.001,
    0.001,
    0.001,
    0.001,
    0.001,
    0.001,
    0.001,
    0.001,
    0.001,
    0.001,
    0.001,
    0.001,
    0.0005,
    0.0005,
    0.0005,
    0.0005,
    0.0005,
    0.0005,
    0.0005,
    0.0005,
    0.0005,
    0.0005,
    0.0005,
    0.0005,
    0.0005,
    0.0005
  ],
  "val_accuracy": [
    55.790074,
    62.122076,
    63.548203,
    67.883628,
    67.883628,
    69.3668,
    69.309755,
    69.59498,
    71.078152,
    69.82316,
    71.306332,
    71.363377,
    71.363377,
    71.306332,
    71.648602,
    71.762693,
    72.276098,
    71.648602,
    74.10154,
    72.276098,
    73.074729,
    73.245864,
    73.75927,
    73.302909,
    73.474044,
    73.64518,
    73.188819,
    72.447233,
    73.074729,
    71.876783,
    73.474044,
    73.75927,
    73.359954,
    73.245864
  ],
  "model_info": {
    "model_class": "BaseClassifier",
    "hidden_size": 128,
    "num_classes": 23,
    "emb_size_audio": 768,
    "emb_size_text": 0,
    "dropout": 0.1,
    "use_batch_norm": true,
    "mode": "audio",
    "num_folds": 5,
    "fold_id": 3,
    "batch_size": 64,
    "random_seed": 1821
  }
}