{
  "attention_audio": [
    0.509543,
    0.507057,
    0.493221,
    0.494406,
    0.494517,
    0.502326,
    0.500582,
    0.502623,
    0.504195,
    0.50423,
    0.51001,
    0.508556,
    0.511167,
    0.509897,
    0.510474,
    0.510027,
    0.511058,
    0.510294,
    0.512155,
    0.511293,
    0.513673,
    0.512524,
    0.51311,
    0.514525,
    0.511446,
    0.511801,
    0.511187,
    0.509194,
    0.508537,
    0.510004,
    0.514071,
    0.514398,
    0.515664,
    0.515437,
    0.513355,
    0.513082,
    0.514302,
    0.51659,
    0.518018,
    0.518544,
    0.518398,
    0.517226,
    0.517406,
    0.517544,
    0.519375,
    0.519001,
    0.519571,
    0.51779,
    0.518543,
    0.518854,
    0.517142,
    0.517389,
    0.517608,
    0.518364,
    0.518976,
    0.518726,
    0.518706,
    0.518149,
    0.518996,
    0.519482,
    0.521023
  ],
  "attention_text": [
    0.490457,
    0.492942,
    0.506779,
    0.505594,
    0.505483,
    0.497674,
    0.499418,
    0.497377,
    0.495805,
    0.49577,
    0.489989,
    0.491444,
    0.488833,
    0.490103,
    0.489526,
    0.489973,
    0.488942,
    0.489706,
    0.487845,
    0.488707,
    0.486327,
    0.487476,
    0.48689,
    0.485475,
    0.488555,
    0.4882,
    0.488813,
    0.490806,
    0.491463,
    0.489996,
    0.485929,
    0.485602,
    0.484336,
    0.484563,
    0.486645,
    0.486918,
    0.485698,
    0.48341,
    0.481982,
    0.481456,
    0.481602,
    0.482774,
    0.482594,
    0.482456,
    0.480626,
    0.480999,
    0.480429,
    0.48221,
    0.481457,
    0.481146,
    0.482858,
    0.482612,
    0.482392,
    0.481635,
    0.481024,
    0.481274,
    0.481294,
    0.481851,
    0.481004,
    0.480518,
    0.478977
  ],
  "train_cls_loss": [
    1.690696,
    1.00752,
    0.814993,
    0.731399,
    0.666456,
    0.625099,
    0.594089,
    0.580847,
    0.5499,
    0.524131,
    0.498825,
    0.488251,
    0.487278,
    0.469946,
    0.447134,
    0.450398,
    0.442686,
    0.436319,
    0.405422,
    0.395882,
    0.34713,
    0.331973,
    0.328856,
    0.327578,
    0.315648,
    0.309736,
    0.306634,
    0.305932,
    0.300025,
    0.301975,
    0.289421,
    0.287355,
    0.290259,
    0.27067,
    0.275581,
    0.259656,
    0.274036,
    0.269006,
    0.258404,
    0.251156,
    0.233935,
    0.217383,
    0.213728,
    0.20912,
    0.21162,
    0.199147,
    0.196909,
    0.202092,
    0.207073,
    0.191959,
    0.202664,
    0.181426,
    0.192487,
    0.187382,
    0.177771,
    0.174778,
    0.191064,
    0.181332,
    0.176508,
    0.176316,
    0.172343
  ],
  "train_top_cls_loss": [
    0.767629,
    0.476065,
    0.447286,
    0.425605,
    0.404147,
    0.380992,
    0.371325,
    0.366259,
    0.35027,
    0.336044,
    0.327765,
    0.316679,
    0.313881,
    0.31492,
    0.296749,
    0.294535,
    0.288471,
    0.292214,
    0.268678,
    0.266158,
    0.224909,
    0.217988,
    0.212797,
    0.212902,
    0.198126,
    0.204745,
    0.197126,
    0.195488,
    0.195749,
    0.199474,
    0.183542,
    0.187792,
    0.200616,
    0.176915,
    0.181325,
    0.173179,
    0.176572,
    0.182983,
    0.167177,
    0.163222,
    0.151162,
    0.14163,
    0.137742,
    0.130824,
    0.135324,
    0.129665,
    0.126689,
    0.132254,
    0.129695,
    0.129563,
    0.126028,
    0.117529,
    0.130858,
    0.122881,
    0.116374,
    0.114413,
    0.126306,
    0.119255,
    0.11829,
    0.116608,
    0.117466
  ],
  "train_total_loss": [
    2.228036,
    1.340766,
    1.128093,
    1.029323,
    0.949358,
    0.891793,
    0.854016,
    0.837228,
    0.795089,
    0.759362,
    0.728261,
    0.709926,
    0.706995,
    0.69039,
    0.654858,
    0.656572,
    0.644615,
    0.640869,
    0.593496,
    0.582193,
    0.504566,
    0.484565,
    0.477814,
    0.47661,
    0.454337,
    0.453057,
    0.444622,
    0.442774,
    0.43705,
    0.441607,
    0.4179,
    0.41881,
    0.43069,
    0.394511,
    0.402509,
    0.380881,
    0.397636,
    0.397095,
    0.375428,
    0.365411,
    0.339749,
    0.316523,
    0.310148,
    0.300697,
    0.306347,
    0.289912,
    0.285592,
    0.29467,
    0.297859,
    0.282653,
    0.290884,
    0.263696,
    0.284088,
    0.273399,
    0.259233,
    0.254867,
    0.279478,
    0.26481,
    0.259311,
    0.257942,
    0.254569
  ],
  "learning_rates": [
    0.001,
    0.001,
    0.001,
    0.001,
    0.001,
    0.001,
    0.001,
    0.001,
    0.001,
    0.001,
    0.001,
    0.001,
    0.001,
    0.001,
    0.001,
    0.001,
    0.001,
    0.001,
    0.001,
    0.001,
    0.0005,
    0.0005,
    0.0005,
    0.0005,
    0.0005,
    0.0005,
    0.0005,
    0.0005,
    0.0005,
    0.0005,
    0.0005,
    0.0005,
    0.0005,
    0.0005,
    0.0005,
    0.0005,
    0.0005,
    0.0005,
    0.0005,
    0.0005,
    0.00025,
    0.00025,
    0.00025,
    0.00025,
    0.00025,
    0.00025,
    0.00025,
    0.00025,
    0.00025,
    0.00025,
    0.00025,
    0.00025,
    0.00025,
    0.00025,
    0.00025,
    0.00025,
    0.00025,
    0.00025,
    0.00025,
    0.00025,
    0.000125
  ],
  "val_accuracy": [
    50.656018,
    65.601825,
    70.450656,
    72.675414,
    74.158585,
    75.584712,
    76.839703,
    76.725613,
    78.15174,
    77.695379,
    76.668568,
    77.581289,
    77.752424,
    78.950371,
    78.37992,
    79.178551,
    79.349686,
    79.806047,
    78.893326,
    78.779236,
    79.406731,
    80.034227,
    80.433542,
    80.490588,
    79.920137,
    79.806047,
    80.604678,
    79.863092,
    79.977182,
    80.604678,
    80.433542,
    80.319452,
    80.205362,
    80.034227,
    80.490588,
    79.691957,
    79.463776,
    78.722191,
    80.262407,
    79.463776,
    80.661723,
    79.977182,
    80.490588,
    79.577867,
    80.205362,
    80.718768,
    80.319452,
    80.034227,
    79.463776,
    79.749002,
    79.349686,
    80.262407,
    80.091272,
    79.691957,
    80.034227,
    79.749002,
    79.349686,
    79.977182,
    79.577867,
    79.406731,
    79.920137
  ],
  "model_info": {
    "model_class": "BaseClassifier",
    "hidden_size": 128,
    "num_classes": 23,
    "emb_size_audio": 512,
    "emb_size_text": 512,
    "dropout": 0.1,
    "use_batch_norm": true,
    "mode": "both",
    "num_folds": 5,
    "fold_id": 4,
    "batch_size": 64,
    "random_seed": 1821
  }
}