{
  "attention_audio": [
    0.32192,
    0.345398,
    0.338575,
    0.333978,
    0.334941,
    0.33236,
    0.333133,
    0.337774,
    0.340592,
    0.337579,
    0.341002,
    0.337462,
    0.336027,
    0.338192,
    0.343804,
    0.341259,
    0.338877,
    0.347684,
    0.346105,
    0.3474,
    0.349103,
    0.348798,
    0.350113,
    0.351455,
    0.351069,
    0.351583,
    0.351126,
    0.350934,
    0.355006,
    0.356044,
    0.35367,
    0.355608,
    0.357912,
    0.359932,
    0.357703,
    0.356025,
    0.355877,
    0.358197
  ],
  "attention_text": [
    0.349137,
    0.365788,
    0.371488,
    0.37393,
    0.375125,
    0.381629,
    0.378975,
    0.375554,
    0.372733,
    0.376072,
    0.377329,
    0.379989,
    0.380756,
    0.377749,
    0.375945,
    0.381822,
    0.382108,
    0.377197,
    0.379628,
    0.384036,
    0.378541,
    0.380958,
    0.385241,
    0.383443,
    0.380679,
    0.381623,
    0.382265,
    0.386354,
    0.386938,
    0.389222,
    0.384302,
    0.387834,
    0.388334,
    0.386252,
    0.390568,
    0.387385,
    0.387242,
    0.390944
  ],
  "train_cls_loss": [
    2.432873,
    1.739453,
    1.494371,
    1.474304,
    1.328562,
    1.268137,
    1.243931,
    1.301406,
    1.159853,
    1.169323,
    1.142885,
    1.135836,
    1.143777,
    1.102518,
    1.106545,
    0.996306,
    1.056194,
    1.033827,
    1.071861,
    1.011533,
    1.022471,
    0.952886,
    0.945452,
    0.865676,
    0.876171,
    0.864814,
    0.921431,
    0.834575,
    0.925678,
    0.882618,
    0.863671,
    0.91578,
    0.828241,
    0.83328,
    0.813462,
    0.859168,
    0.860533,
    0.862327
  ],
  "train_total_loss": [
    2.432873,
    1.739453,
    1.494371,
    1.474304,
    1.328562,
    1.268137,
    1.243931,
    1.301406,
    1.159853,
    1.169323,
    1.142885,
    1.135836,
    1.143777,
    1.102518,
    1.106545,
    0.996306,
    1.056194,
    1.033827,
    1.071861,
    1.011533,
    1.022471,
    0.952886,
    0.945452,
    0.865676,
    0.876171,
    0.864814,
    0.921431,
    0.834575,
    0.925678,
    0.882618,
    0.863671,
    0.91578,
    0.828241,
    0.83328,
    0.813462,
    0.859168,
    0.860533,
    0.862327
  ],
  "learning_rates": [
    0.001,
    0.001,
    0.001,
    0.001,
    0.001,
    0.001,
    0.001,
    0.001,
    0.001,
    0.001,
    0.001,
    0.001,
    0.001,
    0.001,
    0.001,
    0.001,
    0.001,
    0.001,
    0.001,
    0.001,
    0.0005,
    0.0005,
    0.0005,
    0.0005,
    0.0005,
    0.0005,
    0.0005,
    0.0005,
    0.0005,
    0.0005,
    0.0005,
    0.0005,
    0.0005,
    0.0005,
    0.0005,
    0.0005,
    0.0005,
    0.0005
  ],
  "val_accuracy": [
    55.618939,
    69.423845,
    72.960639,
    75.527667,
    77.067884,
    75.698802,
    77.581289,
    77.581289,
    79.235596,
    78.49401,
    78.893326,
    80.889903,
    80.661723,
    79.634912,
    80.889903,
    80.832858,
    80.376497,
    79.178551,
    79.920137,
    81.574444,
    81.232173,
    80.661723,
    81.802624,
    81.460354,
    81.232173,
    81.175128,
    81.574444,
    80.889903,
    81.003993,
    80.433542,
    80.604678,
    79.064461,
    80.034227,
    80.775813,
    79.577867,
    79.292641,
    81.346264,
    79.121506
  ],
  "model_info": {
    "model_class": "BaseClassifier",
    "hidden_size": 128,
    "num_classes": 23,
    "emb_size_audio": 512,
    "emb_size_text": 512,
    "dropout": 0.1,
    "use_batch_norm": true,
    "mode": "both",
    "num_folds": 5,
    "fold_id": 2,
    "batch_size": 64,
    "random_seed": 1821
  }
}