{
  "train_cls_loss": [
    2.251946,
    1.48744,
    1.318513,
    1.20246,
    1.118546,
    1.075602,
    1.019926,
    0.992464,
    0.939727,
    0.920551,
    0.879426,
    0.849919,
    0.840285,
    0.798981,
    0.807029,
    0.799076,
    0.784896,
    0.762826,
    0.73856,
    0.721938,
    0.641897,
    0.628964,
    0.621407,
    0.61146,
    0.591123,
    0.579302,
    0.567559,
    0.573982,
    0.545796,
    0.562065,
    0.529635,
    0.53781,
    0.526327,
    0.506853,
    0.51291,
    0.508085,
    0.496952,
    0.492788,
    0.486979,
    0.474084,
    0.434067,
    0.422257
  ],
  "train_top_cls_loss": [
    0.861187,
    0.589,
    0.559519,
    0.524558,
    0.494218,
    0.485054,
    0.459555,
    0.452204,
    0.428403,
    0.423755,
    0.40274,
    0.393871,
    0.400936,
    0.374176,
    0.377505,
    0.372396,
    0.364231,
    0.35954,
    0.348477,
    0.340877,
    0.303108,
    0.301628,
    0.296102,
    0.284818,
    0.283017,
    0.275958,
    0.266574,
    0.267164,
    0.267659,
    0.267773,
    0.249811,
    0.259868,
    0.252328,
    0.245001,
    0.242605,
    0.244196,
    0.243277,
    0.242816,
    0.234665,
    0.229092,
    0.208662,
    0.207567
  ],
  "train_total_loss": [
    2.510302,
    1.66414,
    1.486369,
    1.359828,
    1.266811,
    1.221119,
    1.157792,
    1.128125,
    1.068248,
    1.047677,
    1.000248,
    0.968081,
    0.960565,
    0.911234,
    0.92028,
    0.910795,
    0.894165,
    0.870688,
    0.843103,
    0.824201,
    0.732829,
    0.719452,
    0.710238,
    0.696906,
    0.676028,
    0.66209,
    0.647532,
    0.654132,
    0.626094,
    0.642397,
    0.604578,
    0.61577,
    0.602025,
    0.580353,
    0.585692,
    0.581344,
    0.569935,
    0.565633,
    0.557379,
    0.542811,
    0.496665,
    0.484527
  ],
  "learning_rates": [
    0.001,
    0.001,
    0.001,
    0.001,
    0.001,
    0.001,
    0.001,
    0.001,
    0.001,
    0.001,
    0.001,
    0.001,
    0.001,
    0.001,
    0.001,
    0.001,
    0.001,
    0.001,
    0.001,
    0.001,
    0.0005,
    0.0005,
    0.0005,
    0.0005,
    0.0005,
    0.0005,
    0.0005,
    0.0005,
    0.0005,
    0.0005,
    0.0005,
    0.0005,
    0.0005,
    0.0005,
    0.0005,
    0.0005,
    0.0005,
    0.0005,
    0.0005,
    0.0005,
    0.00025,
    0.00025
  ],
  "val_accuracy": [
    58.014832,
    66.799772,
    69.423845,
    69.652025,
    72.903594,
    73.98745,
    72.789504,
    74.843126,
    75.299487,
    75.755847,
    75.584712,
    75.926982,
    75.014261,
    75.413577,
    76.383343,
    75.299487,
    76.098118,
    76.383343,
    76.668568,
    77.067884,
    77.010839,
    76.611523,
    76.953793,
    75.984027,
    77.181974,
    76.725613,
    77.410154,
    77.296064,
    76.098118,
    76.668568,
    76.782658,
    76.668568,
    76.611523,
    77.124929,
    76.668568,
    76.725613,
    76.554478,
    77.124929,
    76.212208,
    76.212208,
    76.953793,
    76.440388
  ],
  "model_info": {
    "model_class": "BaseClassifier",
    "hidden_size": 128,
    "num_classes": 23,
    "emb_size_audio": 512,
    "emb_size_text": 0,
    "dropout": 0.1,
    "use_batch_norm": true,
    "mode": "audio",
    "num_folds": 5,
    "fold_id": 4,
    "batch_size": 64,
    "random_seed": 1821
  }
}