{
  "attention_audio": [
    0.544775,
    0.515156,
    0.517011,
    0.512001,
    0.516245,
    0.51719,
    0.517858,
    0.516553,
    0.519026,
    0.51758,
    0.517146,
    0.516147,
    0.515509,
    0.516775,
    0.514579,
    0.514832,
    0.510856,
    0.514694,
    0.509951,
    0.512175,
    0.515779,
    0.511033,
    0.513618,
    0.514617,
    0.516445,
    0.515179,
    0.513208,
    0.516835,
    0.514866,
    0.514915,
    0.516607,
    0.516426,
    0.518791,
    0.517485,
    0.519086,
    0.517194
  ],
  "attention_text": [
    0.455225,
    0.484844,
    0.482989,
    0.487999,
    0.483755,
    0.48281,
    0.482142,
    0.483447,
    0.480974,
    0.48242,
    0.482854,
    0.483853,
    0.484491,
    0.483225,
    0.485421,
    0.485167,
    0.489144,
    0.485306,
    0.490049,
    0.487825,
    0.484221,
    0.488967,
    0.486382,
    0.485383,
    0.483555,
    0.484821,
    0.486792,
    0.483165,
    0.485134,
    0.485085,
    0.483393,
    0.483574,
    0.481209,
    0.482515,
    0.480914,
    0.482806
  ],
  "train_cls_loss": [
    2.333356,
    1.485952,
    1.210789,
    1.104688,
    0.990968,
    0.929154,
    0.897086,
    0.849178,
    0.817406,
    0.780002,
    0.752415,
    0.726764,
    0.712024,
    0.697152,
    0.669466,
    0.64684,
    0.644763,
    0.617301,
    0.616029,
    0.609236,
    0.531816,
    0.496478,
    0.48578,
    0.469806,
    0.468557,
    0.460947,
    0.446189,
    0.434726,
    0.430184,
    0.427301,
    0.435798,
    0.408535,
    0.415928,
    0.407591,
    0.404469,
    0.395192
  ],
  "train_top_cls_loss": [
    0.871214,
    0.52356,
    0.467621,
    0.454586,
    0.416838,
    0.400859,
    0.383,
    0.375236,
    0.362587,
    0.356074,
    0.34545,
    0.337453,
    0.31798,
    0.319483,
    0.310761,
    0.297572,
    0.30484,
    0.291403,
    0.288064,
    0.27768,
    0.245581,
    0.232486,
    0.227421,
    0.219794,
    0.225955,
    0.210313,
    0.21443,
    0.198563,
    0.203144,
    0.196195,
    0.196979,
    0.192104,
    0.192114,
    0.190442,
    0.198247,
    0.18548
  ],
  "train_total_loss": [
    2.768963,
    1.747732,
    1.4446,
    1.331981,
    1.199387,
    1.129583,
    1.088586,
    1.036796,
    0.9987,
    0.958039,
    0.92514,
    0.895491,
    0.871014,
    0.856893,
    0.824846,
    0.795627,
    0.797183,
    0.763003,
    0.76006,
    0.748076,
    0.654607,
    0.612721,
    0.59949,
    0.579703,
    0.581535,
    0.566104,
    0.553404,
    0.534008,
    0.531756,
    0.525399,
    0.534288,
    0.504587,
    0.511985,
    0.502812,
    0.503592,
    0.487932
  ],
  "learning_rates": [
    0.001,
    0.001,
    0.001,
    0.001,
    0.001,
    0.001,
    0.001,
    0.001,
    0.001,
    0.001,
    0.001,
    0.001,
    0.001,
    0.001,
    0.001,
    0.001,
    0.001,
    0.001,
    0.001,
    0.001,
    0.0005,
    0.0005,
    0.0005,
    0.0005,
    0.0005,
    0.0005,
    0.0005,
    0.0005,
    0.0005,
    0.0005,
    0.0005,
    0.0005,
    0.0005,
    0.0005,
    0.0005,
    0.0005
  ],
  "val_accuracy": [
    54.135767,
    67.256132,
    71.705647,
    73.131774,
    75.470622,
    76.725613,
    76.497433,
    76.497433,
    77.581289,
    78.836281,
    77.010839,
    77.296064,
    78.03765,
    77.524244,
    77.866515,
    78.893326,
    78.03765,
    77.866515,
    78.665145,
    77.353109,
    79.406731,
    78.551055,
    78.551055,
    78.779236,
    78.322875,
    78.26583,
    78.6081,
    78.37992,
    78.322875,
    78.26583,
    78.49401,
    78.836281,
    78.6081,
    78.665145,
    78.094695,
    78.03765
  ],
  "model_info": {
    "model_class": "BaseClassifier",
    "hidden_size": 128,
    "num_classes": 23,
    "emb_size_audio": 512,
    "emb_size_text": 512,
    "dropout": 0.1,
    "use_batch_norm": true,
    "mode": "both",
    "num_folds": 5,
    "fold_id": 1,
    "batch_size": 64,
    "random_seed": 1821
  }
}