{
  "attention_audio": [
    0.514852,
    0.49587,
    0.499044,
    0.497249,
    0.49807,
    0.495497,
    0.49617,
    0.492973,
    0.497925,
    0.491213,
    0.492137,
    0.489447,
    0.491645,
    0.48974,
    0.491428,
    0.489506,
    0.487158,
    0.486002,
    0.487896,
    0.485853,
    0.488131,
    0.486277,
    0.487506,
    0.485916,
    0.487417,
    0.489359,
    0.485092,
    0.486876,
    0.486276,
    0.48559,
    0.487354,
    0.485381,
    0.4862,
    0.486597
  ],
  "attention_text": [
    0.485149,
    0.50413,
    0.500956,
    0.502751,
    0.50193,
    0.504503,
    0.50383,
    0.507027,
    0.502075,
    0.508787,
    0.507863,
    0.510553,
    0.508355,
    0.51026,
    0.508572,
    0.510494,
    0.512842,
    0.513998,
    0.512104,
    0.514147,
    0.511869,
    0.513723,
    0.512494,
    0.514084,
    0.512583,
    0.510641,
    0.514908,
    0.513124,
    0.513724,
    0.514409,
    0.512646,
    0.514619,
    0.5138,
    0.513403
  ],
  "train_cls_loss": [
    2.43895,
    1.67306,
    1.385845,
    1.295423,
    1.235102,
    1.22728,
    1.230768,
    1.171503,
    1.069738,
    1.095344,
    1.139176,
    1.066764,
    1.025459,
    1.074837,
    0.91048,
    0.968163,
    1.032221,
    0.920245,
    0.997544,
    0.907292,
    0.882571,
    0.815231,
    0.922884,
    0.869534,
    0.786426,
    0.878622,
    0.8946,
    0.754926,
    0.818789,
    0.79129,
    0.851844,
    0.815778,
    0.829213,
    0.712135
  ],
  "train_total_loss": [
    2.43895,
    1.67306,
    1.385845,
    1.295423,
    1.235102,
    1.22728,
    1.230768,
    1.171503,
    1.069738,
    1.095344,
    1.139176,
    1.066764,
    1.025459,
    1.074837,
    0.91048,
    0.968163,
    1.032221,
    0.920245,
    0.997544,
    0.907292,
    0.882571,
    0.815231,
    0.922884,
    0.869534,
    0.786426,
    0.878622,
    0.8946,
    0.754926,
    0.818789,
    0.79129,
    0.851844,
    0.815778,
    0.829213,
    0.712135
  ],
  "learning_rates": [
    0.001,
    0.001,
    0.001,
    0.001,
    0.001,
    0.001,
    0.001,
    0.001,
    0.001,
    0.001,
    0.001,
    0.001,
    0.001,
    0.001,
    0.001,
    0.001,
    0.001,
    0.001,
    0.001,
    0.001,
    0.0005,
    0.0005,
    0.0005,
    0.0005,
    0.0005,
    0.0005,
    0.0005,
    0.0005,
    0.0005,
    0.0005,
    0.0005,
    0.0005,
    0.0005,
    0.0005
  ],
  "val_accuracy": [
    55.733029,
    69.195665,
    71.933828,
    74.957216,
    75.299487,
    78.03765,
    77.866515,
    77.581289,
    77.638334,
    78.722191,
    78.436965,
    79.863092,
    78.436965,
    79.064461,
    79.406731,
    78.722191,
    79.235596,
    79.235596,
    80.205362,
    79.178551,
    79.520821,
    80.205362,
    79.178551,
    80.091272,
    79.634912,
    79.863092,
    79.977182,
    79.292641,
    79.749002,
    79.634912,
    79.064461,
    79.235596,
    80.148317,
    79.463776
  ],
  "model_info": {
    "model_class": "BaseClassifier",
    "hidden_size": 128,
    "num_classes": 23,
    "emb_size_audio": 512,
    "emb_size_text": 512,
    "dropout": 0.1,
    "use_batch_norm": true,
    "mode": "both",
    "num_folds": 5,
    "fold_id": 1,
    "batch_size": 64,
    "random_seed": 1821
  }
}