{
  "attention_audio": [
    0.510477,
    0.482403,
    0.473173,
    0.472781,
    0.479278,
    0.478281,
    0.474099,
    0.477656,
    0.47529,
    0.474049,
    0.474638,
    0.474434,
    0.473878,
    0.472408,
    0.471824,
    0.472646,
    0.470267,
    0.471139,
    0.471165,
    0.47047,
    0.473854,
    0.470331,
    0.469596,
    0.471482,
    0.469215,
    0.473022,
    0.472466,
    0.473373,
    0.473523,
    0.471705,
    0.472015,
    0.473063,
    0.473959,
    0.47303,
    0.473068,
    0.474132,
    0.476414,
    0.474296,
    0.4753,
    0.472949,
    0.474566
  ],
  "attention_text": [
    0.489523,
    0.517597,
    0.526827,
    0.527219,
    0.520722,
    0.521719,
    0.525901,
    0.522344,
    0.52471,
    0.525951,
    0.525362,
    0.525566,
    0.526122,
    0.527592,
    0.528176,
    0.527354,
    0.529733,
    0.528861,
    0.528835,
    0.52953,
    0.526146,
    0.529669,
    0.530404,
    0.528518,
    0.530785,
    0.526978,
    0.527534,
    0.526627,
    0.526477,
    0.528295,
    0.527985,
    0.526937,
    0.526041,
    0.52697,
    0.526932,
    0.525868,
    0.523586,
    0.525704,
    0.5247,
    0.527051,
    0.525434
  ],
  "train_cls_loss": [
    2.330726,
    1.450855,
    1.242824,
    1.122213,
    1.027592,
    0.966604,
    0.916204,
    0.880719,
    0.865702,
    0.823827,
    0.781236,
    0.769976,
    0.735091,
    0.706762,
    0.703117,
    0.682161,
    0.681305,
    0.631792,
    0.623107,
    0.630328,
    0.571876,
    0.527648,
    0.500338,
    0.496182,
    0.476343,
    0.464359,
    0.468926,
    0.465442,
    0.451627,
    0.442192,
    0.432942,
    0.434877,
    0.409022,
    0.405617,
    0.418401,
    0.395952,
    0.3908,
    0.377507,
    0.367828,
    0.377074,
    0.34482
  ],
  "train_top_cls_loss": [
    0.765879,
    0.512882,
    0.465366,
    0.433614,
    0.415533,
    0.396622,
    0.379062,
    0.36465,
    0.360146,
    0.353929,
    0.324477,
    0.327216,
    0.315254,
    0.295101,
    0.299073,
    0.292228,
    0.288824,
    0.263984,
    0.261032,
    0.266727,
    0.242522,
    0.21867,
    0.205897,
    0.20499,
    0.202718,
    0.195336,
    0.194271,
    0.194556,
    0.190816,
    0.18532,
    0.181404,
    0.179697,
    0.166246,
    0.17127,
    0.177299,
    0.166833,
    0.167062,
    0.16175,
    0.154436,
    0.158167,
    0.14469
  ],
  "train_total_loss": [
    3.096605,
    1.963737,
    1.70819,
    1.555827,
    1.443124,
    1.363226,
    1.295266,
    1.245369,
    1.225848,
    1.177756,
    1.105713,
    1.097193,
    1.050346,
    1.001863,
    1.00219,
    0.974389,
    0.970129,
    0.895775,
    0.884139,
    0.897055,
    0.814398,
    0.746319,
    0.706235,
    0.701172,
    0.679061,
    0.659696,
    0.663196,
    0.659998,
    0.642443,
    0.627512,
    0.614346,
    0.614574,
    0.575267,
    0.576888,
    0.5957,
    0.562785,
    0.557862,
    0.539257,
    0.522264,
    0.535241,
    0.489511
  ],
  "learning_rates": [
    0.001,
    0.001,
    0.001,
    0.001,
    0.001,
    0.001,
    0.001,
    0.001,
    0.001,
    0.001,
    0.001,
    0.001,
    0.001,
    0.001,
    0.001,
    0.001,
    0.001,
    0.001,
    0.001,
    0.001,
    0.0005,
    0.0005,
    0.0005,
    0.0005,
    0.0005,
    0.0005,
    0.0005,
    0.0005,
    0.0005,
    0.0005,
    0.0005,
    0.0005,
    0.0005,
    0.0005,
    0.0005,
    0.0005,
    0.0005,
    0.0005,
    0.0005,
    0.0005,
    0.00025
  ],
  "val_accuracy": [
    58.793103,
    64.252874,
    69.195402,
    71.551724,
    75.632184,
    74.367816,
    75.804598,
    76.149425,
    74.54023,
    76.494253,
    77.528736,
    77.298851,
    77.126437,
    79.022989,
    78.793103,
    78.678161,
    76.896552,
    79.022989,
    77.758621,
    78.275862,
    78.62069,
    79.885057,
    79.195402,
    78.563218,
    78.448276,
    80.0,
    79.310345,
    79.08046,
    78.505747,
    78.448276,
    78.390805,
    79.022989,
    78.735632,
    79.137931,
    79.482759,
    78.965517,
    78.908046,
    79.425287,
    78.16092,
    79.022989,
    79.712644
  ],
  "model_info": {
    "model_class": "BaseClassifier",
    "hidden_size": 128,
    "num_classes": 23,
    "emb_size_audio": 768,
    "emb_size_text": 512,
    "dropout": 0.1,
    "use_batch_norm": true,
    "mode": "both",
    "num_folds": 5,
    "fold_id": 1,
    "batch_size": 64,
    "random_seed": 1821
  }
}