{
  "train_cls_loss": [
    2.395076,
    1.595526,
    1.362458,
    1.248869,
    1.165401,
    1.082918,
    1.042634,
    0.971467,
    0.930515,
    0.90138,
    0.858298,
    0.859741,
    0.821949,
    0.772819,
    0.739568,
    0.712661,
    0.725007,
    0.680628,
    0.674709,
    0.64913,
    0.570663,
    0.525639,
    0.515663,
    0.508324,
    0.489119,
    0.472705,
    0.459265,
    0.447192,
    0.441112,
    0.42558
  ],
  "train_top_cls_loss": [
    0.778993,
    0.50401,
    0.46535,
    0.446256,
    0.416717,
    0.40947,
    0.397939,
    0.366433,
    0.360061,
    0.342597,
    0.340251,
    0.33835,
    0.331065,
    0.303199,
    0.291151,
    0.286406,
    0.285899,
    0.273561,
    0.264823,
    0.252354,
    0.22821,
    0.207517,
    0.196452,
    0.200352,
    0.192614,
    0.182044,
    0.179612,
    0.169982,
    0.172414,
    0.173145
  ],
  "train_total_loss": [
    3.563566,
    2.35154,
    2.060482,
    1.918253,
    1.790477,
    1.697123,
    1.639543,
    1.521116,
    1.470607,
    1.415276,
    1.368675,
    1.367266,
    1.318546,
    1.227617,
    1.176294,
    1.14227,
    1.153856,
    1.09097,
    1.071944,
    1.027661,
    0.912978,
    0.836915,
    0.810341,
    0.808852,
    0.77804,
    0.745771,
    0.728683,
    0.702164,
    0.699733,
    0.685298
  ],
  "learning_rates": [
    0.001,
    0.001,
    0.001,
    0.001,
    0.001,
    0.001,
    0.001,
    0.001,
    0.001,
    0.001,
    0.001,
    0.001,
    0.001,
    0.001,
    0.001,
    0.001,
    0.001,
    0.001,
    0.001,
    0.001,
    0.0005,
    0.0005,
    0.0005,
    0.0005,
    0.0005,
    0.0005,
    0.0005,
    0.0005,
    0.0005,
    0.0005
  ],
  "val_accuracy": [
    44.310345,
    60.517241,
    60.574713,
    67.873563,
    67.643678,
    71.206897,
    71.321839,
    71.609195,
    74.770115,
    72.413793,
    73.735632,
    74.942529,
    75.057471,
    74.137931,
    76.609195,
    74.252874,
    74.597701,
    73.793103,
    73.965517,
    74.367816,
    76.551724,
    75.977011,
    76.206897,
    76.494253,
    76.551724,
    76.494253,
    76.551724,
    76.034483,
    75.977011,
    76.551724
  ],
  "model_info": {
    "model_class": "BaseClassifier",
    "hidden_size": 128,
    "num_classes": 23,
    "emb_size_audio": 1280,
    "emb_size_text": 0,
    "dropout": 0.1,
    "use_batch_norm": true,
    "mode": "audio",
    "num_folds": 5,
    "fold_id": 0,
    "batch_size": 64,
    "random_seed": 1821
  }
}