{
  "train_cls_loss": [
    1.905666,
    1.443044,
    1.346612,
    1.273706,
    1.219479,
    1.176799,
    1.139825,
    1.11646,
    1.085753,
    1.050422,
    1.035551,
    1.007281,
    0.984711,
    0.957915,
    0.937056,
    0.931991,
    0.910069,
    0.893216,
    0.87537,
    0.850715,
    0.796488,
    0.76272,
    0.744142,
    0.725959,
    0.728413,
    0.704037,
    0.693459,
    0.677861,
    0.669107,
    0.660973,
    0.6477,
    0.624864,
    0.629394,
    0.619744,
    0.603436,
    0.601777,
    0.592243,
    0.57937,
    0.577506,
    0.565711,
    0.526356,
    0.506664,
    0.502121,
    0.491481,
    0.48535,
    0.487973,
    0.464468,
    0.458413,
    0.46351,
    0.451983,
    0.446283,
    0.44324,
    0.441512,
    0.436648,
    0.428952,
    0.427209,
    0.429186,
    0.415966,
    0.408756,
    0.407274,
    0.388591,
    0.380859,
    0.379148,
    0.37158,
    0.370754,
    0.37601,
    0.357531,
    0.35708,
    0.361332,
    0.35074,
    0.359891,
    0.352926,
    0.343403,
    0.339963,
    0.339665,
    0.343164,
    0.340969,
    0.340735,
    0.338806,
    0.335493,
    0.327414,
    0.316477,
    0.318368,
    0.314312,
    0.313885,
    0.310861,
    0.304747,
    0.310861
  ],
  "train_total_loss": [
    1.905666,
    1.443044,
    1.346612,
    1.273706,
    1.219479,
    1.176799,
    1.139825,
    1.11646,
    1.085753,
    1.050422,
    1.035551,
    1.007281,
    0.984711,
    0.957915,
    0.937056,
    0.931991,
    0.910069,
    0.893216,
    0.87537,
    0.850715,
    0.796488,
    0.76272,
    0.744142,
    0.725959,
    0.728413,
    0.704037,
    0.693459,
    0.677861,
    0.669107,
    0.660973,
    0.6477,
    0.624864,
    0.629394,
    0.619744,
    0.603436,
    0.601777,
    0.592243,
    0.57937,
    0.577506,
    0.565711,
    0.526356,
    0.506664,
    0.502121,
    0.491481,
    0.48535,
    0.487973,
    0.464468,
    0.458413,
    0.46351,
    0.451983,
    0.446283,
    0.44324,
    0.441512,
    0.436648,
    0.428952,
    0.427209,
    0.429186,
    0.415966,
    0.408756,
    0.407274,
    0.388591,
    0.380859,
    0.379148,
    0.37158,
    0.370754,
    0.37601,
    0.357531,
    0.35708,
    0.361332,
    0.35074,
    0.359891,
    0.352926,
    0.343403,
    0.339963,
    0.339665,
    0.343164,
    0.340969,
    0.340735,
    0.338806,
    0.335493,
    0.327414,
    0.316477,
    0.318368,
    0.314312,
    0.313885,
    0.310861,
    0.304747,
    0.310861
  ],
  "learning_rates": [
    0.001,
    0.001,
    0.001,
    0.001,
    0.001,
    0.001,
    0.001,
    0.001,
    0.001,
    0.001,
    0.001,
    0.001,
    0.001,
    0.001,
    0.001,
    0.001,
    0.001,
    0.001,
    0.001,
    0.001,
    0.0005,
    0.0005,
    0.0005,
    0.0005,
    0.0005,
    0.0005,
    0.0005,
    0.0005,
    0.0005,
    0.0005,
    0.0005,
    0.0005,
    0.0005,
    0.0005,
    0.0005,
    0.0005,
    0.0005,
    0.0005,
    0.0005,
    0.0005,
    0.00025,
    0.00025,
    0.00025,
    0.00025,
    0.00025,
    0.00025,
    0.00025,
    0.00025,
    0.00025,
    0.00025,
    0.00025,
    0.00025,
    0.00025,
    0.00025,
    0.00025,
    0.00025,
    0.00025,
    0.00025,
    0.00025,
    0.00025,
    0.000125,
    0.000125,
    0.000125,
    0.000125,
    0.000125,
    0.000125,
    0.000125,
    0.000125,
    0.000125,
    0.000125,
    0.000125,
    0.000125,
    0.000125,
    0.000125,
    0.000125,
    0.000125,
    0.000125,
    0.000125,
    0.000125,
    0.000125,
    6.3e-05,
    6.3e-05,
    6.3e-05,
    6.3e-05,
    6.3e-05,
    6.3e-05,
    6.3e-05,
    6.3e-05
  ],
  "val_accuracy": [
    57.318769,
    63.2572,
    63.952334,
    66.11718,
    67.070506,
    67.34856,
    68.401192,
    68.679245,
    69.294935,
    69.692155,
    69.851043,
    70.784508,
    70.705065,
    71.201589,
    70.724926,
    71.082423,
    71.002979,
    70.804369,
    71.916584,
    71.360477,
    72.85005,
    72.174777,
    72.790467,
    73.147964,
    73.147964,
    73.028798,
    72.869911,
    72.532274,
    73.247269,
    73.922542,
    73.286991,
    73.187686,
    73.565045,
    72.989076,
    73.88282,
    73.684211,
    73.584906,
    73.406157,
    73.922542,
    73.783515,
    74.061569,
    74.359484,
    74.101291,
    74.319762,
    74.538232,
    74.08143,
    74.180735,
    74.160874,
    74.260179,
    74.657398,
    74.339623,
    73.922542,
    74.160874,
    74.08143,
    74.200596,
    74.319762,
    74.379345,
    74.597815,
    73.902681,
    74.160874,
    74.379345,
    73.942403,
    74.677259,
    74.478649,
    74.438928,
    74.260179,
    74.200596,
    74.538232,
    74.538232,
    74.458788,
    74.478649,
    74.597815,
    74.677259,
    74.716981,
    74.836147,
    74.538232,
    74.458788,
    74.379345,
    74.538232,
    74.677259,
    75.233366,
    74.816286,
    75.054618,
    74.617676,
    74.597815,
    74.716981,
    74.836147,
    74.816286
  ]
}