{
  "train_cls_loss": [
    2.302137,
    1.453334,
    1.216414,
    1.102534,
    1.067668,
    0.958746,
    0.924662,
    0.90934,
    0.875862,
    0.851141,
    0.807124,
    0.800521,
    0.784249,
    0.752776,
    0.739624,
    0.702052,
    0.683122,
    0.694627,
    0.652121,
    0.637667,
    0.571636,
    0.547114,
    0.531652,
    0.518232,
    0.5299,
    0.503456,
    0.493392,
    0.477823,
    0.471024,
    0.449267,
    0.449191,
    0.435392,
    0.430801,
    0.431128,
    0.442288,
    0.419775,
    0.411386,
    0.403811,
    0.400595,
    0.398185,
    0.358223,
    0.334238,
    0.322522
  ],
  "train_total_loss": [
    2.302137,
    1.453334,
    1.216414,
    1.102534,
    1.067668,
    0.958746,
    0.924662,
    0.90934,
    0.875862,
    0.851141,
    0.807124,
    0.800521,
    0.784249,
    0.752776,
    0.739624,
    0.702052,
    0.683122,
    0.694627,
    0.652121,
    0.637667,
    0.571636,
    0.547114,
    0.531652,
    0.518232,
    0.5299,
    0.503456,
    0.493392,
    0.477823,
    0.471024,
    0.449267,
    0.449191,
    0.435392,
    0.430801,
    0.431128,
    0.442288,
    0.419775,
    0.411386,
    0.403811,
    0.400595,
    0.398185,
    0.358223,
    0.334238,
    0.322522
  ],
  "learning_rates": [
    0.001,
    0.001,
    0.001,
    0.001,
    0.001,
    0.001,
    0.001,
    0.001,
    0.001,
    0.001,
    0.001,
    0.001,
    0.001,
    0.001,
    0.001,
    0.001,
    0.001,
    0.001,
    0.001,
    0.001,
    0.0005,
    0.0005,
    0.0005,
    0.0005,
    0.0005,
    0.0005,
    0.0005,
    0.0005,
    0.0005,
    0.0005,
    0.0005,
    0.0005,
    0.0005,
    0.0005,
    0.0005,
    0.0005,
    0.0005,
    0.0005,
    0.0005,
    0.0005,
    0.00025,
    0.00025,
    0.00025
  ],
  "val_accuracy": [
    58.243012,
    67.541358,
    70.849971,
    71.591557,
    72.561323,
    74.900171,
    74.443811,
    74.21563,
    75.869937,
    75.527667,
    75.812892,
    77.010839,
    74.500856,
    74.957216,
    74.614946,
    76.041072,
    76.497433,
    75.984027,
    75.413577,
    75.584712,
    76.383343,
    77.067884,
    77.010839,
    77.181974,
    77.581289,
    77.296064,
    78.208785,
    78.436965,
    77.067884,
    77.296064,
    77.410154,
    77.809469,
    76.611523,
    76.668568,
    77.638334,
    75.926982,
    77.239019,
    76.383343,
    77.296064,
    77.239019,
    77.695379,
    77.695379,
    78.15174
  ],
  "model_info": {
    "model_class": "BaseClassifier",
    "hidden_size": 128,
    "num_classes": 23,
    "emb_size_audio": 512,
    "emb_size_text": 0,
    "dropout": 0.1,
    "use_batch_norm": true,
    "mode": "audio",
    "num_folds": 5,
    "fold_id": 4,
    "batch_size": 64,
    "random_seed": 1821
  }
}