{
  "train_cls_loss": [
    2.23161,
    1.425112,
    1.188605,
    1.053648,
    1.004561,
    0.946685,
    0.875325,
    0.837673,
    0.824877,
    0.774593,
    0.74849,
    0.737902,
    0.708624,
    0.686475,
    0.667511,
    0.614204,
    0.615663,
    0.598566,
    0.574807,
    0.573687,
    0.477071,
    0.457195,
    0.440458,
    0.423857,
    0.409369,
    0.391932,
    0.391422
  ],
  "train_total_loss": [
    2.23161,
    1.425112,
    1.188605,
    1.053648,
    1.004561,
    0.946685,
    0.875325,
    0.837673,
    0.824877,
    0.774593,
    0.74849,
    0.737902,
    0.708624,
    0.686475,
    0.667511,
    0.614204,
    0.615663,
    0.598566,
    0.574807,
    0.573687,
    0.477071,
    0.457195,
    0.440458,
    0.423857,
    0.409369,
    0.391932,
    0.391422
  ],
  "learning_rates": [
    0.001,
    0.001,
    0.001,
    0.001,
    0.001,
    0.001,
    0.001,
    0.001,
    0.001,
    0.001,
    0.001,
    0.001,
    0.001,
    0.001,
    0.001,
    0.001,
    0.001,
    0.001,
    0.001,
    0.001,
    0.0005,
    0.0005,
    0.0005,
    0.0005,
    0.0005,
    0.0005,
    0.0005
  ],
  "val_accuracy": [
    59.770115,
    68.735632,
    71.034483,
    72.471264,
    72.931034,
    74.08046,
    73.678161,
    75.517241,
    74.252874,
    76.149425,
    74.425287,
    77.241379,
    76.149425,
    76.436782,
    75.344828,
    73.563218,
    75.229885,
    76.609195,
    75.747126,
    76.37931,
    76.206897,
    77.068966,
    77.068966,
    76.896552,
    76.781609,
    76.264368,
    75.862069
  ],
  "model_info": {
    "model_class": "BaseClassifier",
    "hidden_size": 128,
    "num_classes": 23,
    "emb_size_audio": 1280,
    "emb_size_text": 0,
    "dropout": 0.1,
    "use_batch_norm": true,
    "mode": "audio",
    "num_folds": 5,
    "fold_id": 3,
    "batch_size": 64,
    "random_seed": 1821
  }
}