{
  "train_cls_loss": [
    1.075915,
    0.845712,
    0.771235,
    0.723786,
    0.695791,
    0.667431,
    0.649742,
    0.634394,
    0.613326,
    0.604271,
    0.589933,
    0.5776,
    0.566201,
    0.555025,
    0.546773,
    0.539922,
    0.529273,
    0.523865,
    0.51303,
    0.514869,
    0.474352,
    0.462362,
    0.451284,
    0.447793,
    0.436903,
    0.430597,
    0.428243,
    0.421008,
    0.416024,
    0.414192,
    0.407013,
    0.401579,
    0.394595,
    0.393374,
    0.385919,
    0.386433,
    0.379409,
    0.376235,
    0.373249,
    0.373053,
    0.346993,
    0.33995
  ],
  "train_total_loss": [
    1.075915,
    0.845712,
    0.771235,
    0.723786,
    0.695791,
    0.667431,
    0.649742,
    0.634394,
    0.613326,
    0.604271,
    0.589933,
    0.5776,
    0.566201,
    0.555025,
    0.546773,
    0.539922,
    0.529273,
    0.523865,
    0.51303,
    0.514869,
    0.474352,
    0.462362,
    0.451284,
    0.447793,
    0.436903,
    0.430597,
    0.428243,
    0.421008,
    0.416024,
    0.414192,
    0.407013,
    0.401579,
    0.394595,
    0.393374,
    0.385919,
    0.386433,
    0.379409,
    0.376235,
    0.373249,
    0.373053,
    0.346993,
    0.33995
  ],
  "learning_rates": [
    0.001,
    0.001,
    0.001,
    0.001,
    0.001,
    0.001,
    0.001,
    0.001,
    0.001,
    0.001,
    0.001,
    0.001,
    0.001,
    0.001,
    0.001,
    0.001,
    0.001,
    0.001,
    0.001,
    0.001,
    0.0005,
    0.0005,
    0.0005,
    0.0005,
    0.0005,
    0.0005,
    0.0005,
    0.0005,
    0.0005,
    0.0005,
    0.0005,
    0.0005,
    0.0005,
    0.0005,
    0.0005,
    0.0005,
    0.0005,
    0.0005,
    0.0005,
    0.0005,
    0.00025,
    0.00025
  ],
  "val_accuracy": [
    57.900742,
    65.487735,
    68.339989,
    71.192242,
    70.051341,
    71.762693,
    69.309755,
    71.306332,
    72.276098,
    68.853394,
    71.534512,
    71.078152,
    70.849971,
    72.675414,
    72.219053,
    72.047918,
    72.333143,
    71.078152,
    72.104963,
    71.705647,
    72.447233,
    73.245864,
    72.732459,
    72.447233,
    72.675414,
    71.705647,
    73.302909,
    71.762693,
    71.648602,
    72.047918,
    72.561323,
    72.732459,
    72.447233,
    72.846549,
    71.591557,
    71.420422,
    71.363377,
    71.249287,
    72.047918,
    72.219053,
    72.561323,
    71.648602
  ],
  "model_info": {
    "model_class": "BaseClassifier",
    "hidden_size": 128,
    "num_classes": 23,
    "emb_size_audio": 512,
    "emb_size_text": 0,
    "dropout": 0.1,
    "use_batch_norm": true,
    "mode": "audio",
    "num_folds": 5,
    "fold_id": 3,
    "batch_size": 64,
    "random_seed": 1821
  }
}