{
  "train_cls_loss": [
    2.300469,
    1.701549,
    1.543902,
    1.434994,
    1.330584,
    1.287349,
    1.269612,
    1.233671,
    1.175404,
    1.331364,
    1.169166,
    1.226628,
    1.155586,
    1.142137,
    1.157547,
    1.052728,
    1.147321,
    1.170948,
    1.074361,
    1.111326,
    0.992042,
    1.008286,
    0.951752,
    1.067448,
    0.918748,
    0.933934,
    0.94908,
    0.94522,
    0.865721,
    0.869237,
    0.943494,
    0.981858,
    0.88604,
    0.997107,
    1.007409,
    0.898162,
    0.951513,
    0.935787,
    0.945308,
    0.922788,
    0.864871,
    0.826817,
    0.802736,
    0.840116,
    0.791967,
    0.779552,
    0.790782,
    0.845947,
    0.801128,
    0.864124,
    0.789277,
    0.905581,
    0.730755,
    0.732295,
    0.763949,
    0.772926,
    0.845838,
    0.844469
  ],
  "train_total_loss": [
    2.300469,
    1.701549,
    1.543902,
    1.434994,
    1.330584,
    1.287349,
    1.269612,
    1.233671,
    1.175404,
    1.331364,
    1.169166,
    1.226628,
    1.155586,
    1.142137,
    1.157547,
    1.052728,
    1.147321,
    1.170948,
    1.074361,
    1.111326,
    0.992042,
    1.008286,
    0.951752,
    1.067448,
    0.918748,
    0.933934,
    0.94908,
    0.94522,
    0.865721,
    0.869237,
    0.943494,
    0.981858,
    0.88604,
    0.997107,
    1.007409,
    0.898162,
    0.951513,
    0.935787,
    0.945308,
    0.922788,
    0.864871,
    0.826817,
    0.802736,
    0.840116,
    0.791967,
    0.779552,
    0.790782,
    0.845947,
    0.801128,
    0.864124,
    0.789277,
    0.905581,
    0.730755,
    0.732295,
    0.763949,
    0.772926,
    0.845838,
    0.844469
  ],
  "learning_rates": [
    0.001,
    0.001,
    0.001,
    0.001,
    0.001,
    0.001,
    0.001,
    0.001,
    0.001,
    0.001,
    0.001,
    0.001,
    0.001,
    0.001,
    0.001,
    0.001,
    0.001,
    0.001,
    0.001,
    0.001,
    0.0005,
    0.0005,
    0.0005,
    0.0005,
    0.0005,
    0.0005,
    0.0005,
    0.0005,
    0.0005,
    0.0005,
    0.0005,
    0.0005,
    0.0005,
    0.0005,
    0.0005,
    0.0005,
    0.0005,
    0.0005,
    0.0005,
    0.0005,
    0.00025,
    0.00025,
    0.00025,
    0.00025,
    0.00025,
    0.00025,
    0.00025,
    0.00025,
    0.00025,
    0.00025,
    0.00025,
    0.00025,
    0.00025,
    0.00025,
    0.00025,
    0.00025,
    0.00025,
    0.00025
  ],
  "val_accuracy": [
    49.229892,
    64.517969,
    69.195665,
    70.393611,
    73.359954,
    72.789504,
    71.876783,
    75.071306,
    71.135197,
    74.386766,
    74.272675,
    74.729036,
    75.413577,
    76.041072,
    74.957216,
    75.470622,
    75.698802,
    76.554478,
    76.098118,
    74.10154,
    76.212208,
    75.356532,
    76.440388,
    75.755847,
    76.839703,
    76.611523,
    76.668568,
    76.668568,
    76.668568,
    75.926982,
    76.668568,
    76.839703,
    76.155163,
    76.383343,
    76.839703,
    77.010839,
    76.098118,
    76.554478,
    75.584712,
    75.413577,
    75.071306,
    75.926982,
    77.353109,
    75.527667,
    75.869937,
    75.698802,
    75.812892,
    75.641757,
    76.326298,
    76.554478,
    76.269253,
    76.554478,
    76.155163,
    76.269253,
    75.812892,
    75.698802,
    75.755847,
    76.440388
  ],
  "model_info": {
    "model_class": "BaseClassifier",
    "hidden_size": 128,
    "num_classes": 23,
    "emb_size_audio": 512,
    "emb_size_text": 0,
    "dropout": 0.1,
    "use_batch_norm": true,
    "mode": "audio",
    "num_folds": 5,
    "fold_id": 1,
    "batch_size": 64,
    "random_seed": 1821
  }
}