{
  "train_cls_loss": [
    2.485434,
    1.747578,
    1.449313,
    1.339595,
    1.233702,
    1.149959,
    1.103852,
    1.059487,
    1.024016,
    0.993405,
    0.96146,
    0.943121,
    0.934965,
    0.899391,
    0.872145,
    0.860756,
    0.822281,
    0.818565,
    0.816192,
    0.780741,
    0.721154,
    0.678729,
    0.665373,
    0.654436,
    0.638685,
    0.633408,
    0.632341,
    0.615481,
    0.594135,
    0.600896,
    0.602245,
    0.583459,
    0.578036,
    0.578627,
    0.563482,
    0.559202,
    0.545125,
    0.554858,
    0.537775,
    0.54405,
    0.488376,
    0.45268,
    0.450924,
    0.440242,
    0.447389,
    0.418958,
    0.434169,
    0.436067
  ],
  "train_top_cls_loss": [
    0.821523,
    0.548052,
    0.500485,
    0.488911,
    0.467695,
    0.444872,
    0.42513,
    0.418979,
    0.40668,
    0.401418,
    0.390056,
    0.381046,
    0.372365,
    0.365011,
    0.357726,
    0.357102,
    0.339993,
    0.346279,
    0.333673,
    0.316656,
    0.291895,
    0.268911,
    0.261603,
    0.26067,
    0.250416,
    0.252548,
    0.254252,
    0.246157,
    0.224509,
    0.238077,
    0.239034,
    0.229856,
    0.232395,
    0.221939,
    0.219907,
    0.219439,
    0.212814,
    0.213218,
    0.21921,
    0.210017,
    0.192434,
    0.168429,
    0.169525,
    0.167218,
    0.173075,
    0.16233,
    0.166178,
    0.161344
  ],
  "train_total_loss": [
    3.717719,
    2.569656,
    2.200041,
    2.072961,
    1.935245,
    1.817267,
    1.741547,
    1.687955,
    1.634036,
    1.595532,
    1.546544,
    1.51469,
    1.493513,
    1.446907,
    1.408733,
    1.396409,
    1.33227,
    1.337984,
    1.316702,
    1.255725,
    1.158997,
    1.082095,
    1.057778,
    1.045441,
    1.014308,
    1.012229,
    1.01372,
    0.984716,
    0.930899,
    0.958012,
    0.960796,
    0.928243,
    0.926628,
    0.911536,
    0.893342,
    0.88836,
    0.864346,
    0.874684,
    0.86659,
    0.859075,
    0.777026,
    0.705324,
    0.705211,
    0.691069,
    0.707002,
    0.662454,
    0.683436,
    0.678082
  ],
  "learning_rates": [
    0.001,
    0.001,
    0.001,
    0.001,
    0.001,
    0.001,
    0.001,
    0.001,
    0.001,
    0.001,
    0.001,
    0.001,
    0.001,
    0.001,
    0.001,
    0.001,
    0.001,
    0.001,
    0.001,
    0.001,
    0.0005,
    0.0005,
    0.0005,
    0.0005,
    0.0005,
    0.0005,
    0.0005,
    0.0005,
    0.0005,
    0.0005,
    0.0005,
    0.0005,
    0.0005,
    0.0005,
    0.0005,
    0.0005,
    0.0005,
    0.0005,
    0.0005,
    0.0005,
    0.00025,
    0.00025,
    0.00025,
    0.00025,
    0.00025,
    0.00025,
    0.00025,
    0.00025
  ],
  "val_accuracy": [
    42.840844,
    56.132345,
    63.548203,
    65.259555,
    69.25271,
    72.960639,
    71.876783,
    73.816315,
    74.557901,
    74.044495,
    73.930405,
    74.044495,
    74.10154,
    74.557901,
    75.242442,
    75.356532,
    75.356532,
    75.869937,
    76.383343,
    76.668568,
    76.725613,
    76.497433,
    76.782658,
    76.497433,
    76.497433,
    76.383343,
    75.812892,
    75.698802,
    76.269253,
    76.383343,
    76.839703,
    75.698802,
    77.010839,
    77.010839,
    75.926982,
    76.098118,
    75.242442,
    75.869937,
    75.584712,
    75.242442,
    76.383343,
    76.155163,
    75.014261,
    74.843126,
    75.356532,
    76.269253,
    75.812892,
    76.155163
  ],
  "model_info": {
    "model_class": "BaseClassifier",
    "hidden_size": 128,
    "num_classes": 23,
    "emb_size_audio": 512,
    "emb_size_text": 0,
    "dropout": 0.1,
    "use_batch_norm": true,
    "mode": "audio",
    "num_folds": 5,
    "fold_id": 0,
    "batch_size": 64,
    "random_seed": 1821
  }
}