{
  "attention_audio": [
    0.503529,
    0.482557,
    0.492562,
    0.496203,
    0.497785,
    0.499032,
    0.502419,
    0.49919,
    0.498815,
    0.50088,
    0.500257,
    0.50023,
    0.501271,
    0.506004,
    0.507079,
    0.500332,
    0.503159,
    0.505749,
    0.504053,
    0.505269,
    0.505926,
    0.507315,
    0.507304,
    0.50459,
    0.505392,
    0.502072,
    0.503313,
    0.505333,
    0.506139,
    0.505223,
    0.505859,
    0.503663,
    0.505011,
    0.503373,
    0.504784,
    0.509844,
    0.50668
  ],
  "attention_text": [
    0.496471,
    0.517443,
    0.507438,
    0.503797,
    0.502215,
    0.500968,
    0.497581,
    0.50081,
    0.501185,
    0.49912,
    0.499743,
    0.49977,
    0.498729,
    0.493996,
    0.492921,
    0.499668,
    0.496841,
    0.494251,
    0.495947,
    0.494731,
    0.494074,
    0.492685,
    0.492696,
    0.49541,
    0.494608,
    0.497928,
    0.496687,
    0.494667,
    0.493861,
    0.494777,
    0.494141,
    0.496337,
    0.494989,
    0.496627,
    0.495216,
    0.490156,
    0.49332
  ],
  "train_cls_loss": [
    2.31859,
    1.394761,
    1.107206,
    0.9056,
    0.851552,
    0.783099,
    0.711827,
    0.650645,
    0.617491,
    0.597237,
    0.552378,
    0.513952,
    0.523059,
    0.501519,
    0.461714,
    0.50864,
    0.448296,
    0.439964,
    0.428233,
    0.400761,
    0.349346,
    0.330065,
    0.314313,
    0.295435,
    0.298017,
    0.296627,
    0.291212,
    0.289415,
    0.270739,
    0.275288,
    0.260439,
    0.272462,
    0.276764,
    0.273344,
    0.249824,
    0.253776,
    0.257212
  ],
  "train_total_loss": [
    2.31859,
    1.394761,
    1.107206,
    0.9056,
    0.851552,
    0.783099,
    0.711827,
    0.650645,
    0.617491,
    0.597237,
    0.552378,
    0.513952,
    0.523059,
    0.501519,
    0.461714,
    0.50864,
    0.448296,
    0.439964,
    0.428233,
    0.400761,
    0.349346,
    0.330065,
    0.314313,
    0.295435,
    0.298017,
    0.296627,
    0.291212,
    0.289415,
    0.270739,
    0.275288,
    0.260439,
    0.272462,
    0.276764,
    0.273344,
    0.249824,
    0.253776,
    0.257212
  ],
  "learning_rates": [
    0.001,
    0.001,
    0.001,
    0.001,
    0.001,
    0.001,
    0.001,
    0.001,
    0.001,
    0.001,
    0.001,
    0.001,
    0.001,
    0.001,
    0.001,
    0.001,
    0.001,
    0.001,
    0.001,
    0.001,
    0.0005,
    0.0005,
    0.0005,
    0.0005,
    0.0005,
    0.0005,
    0.0005,
    0.0005,
    0.0005,
    0.0005,
    0.0005,
    0.0005,
    0.0005,
    0.0005,
    0.0005,
    0.0005,
    0.0005
  ],
  "val_accuracy": [
    59.649123,
    70.637119,
    77.931671,
    79.224377,
    84.395199,
    85.226223,
    83.194829,
    85.78024,
    85.687904,
    87.257618,
    85.226223,
    86.518929,
    87.626962,
    87.534626,
    86.980609,
    88.457987,
    86.703601,
    87.90397,
    88.180979,
    87.719298,
    87.996307,
    88.734995,
    87.996307,
    87.811634,
    87.072946,
    87.626962,
    88.365651,
    88.180979,
    87.257618,
    87.996307,
    87.626962,
    87.90397,
    87.626962,
    87.90397,
    87.072946,
    88.550323,
    87.349954
  ],
  "model_info": {
    "model_class": "BaseClassifier",
    "hidden_size": 128,
    "num_classes": 23,
    "emb_size_audio": 512,
    "emb_size_text": 512,
    "dropout": 0.1,
    "use_batch_norm": true,
    "mode": "both",
    "num_folds": 5,
    "fold_id": 3,
    "batch_size": 64,
    "random_seed": 1821
  }
}