{
  "attention_audio": [
    0.509279,
    0.487958,
    0.487532,
    0.492498,
    0.492633,
    0.493093,
    0.490476,
    0.493284,
    0.491711,
    0.490311,
    0.491775,
    0.492313,
    0.494836,
    0.496496,
    0.494894,
    0.491715,
    0.496001,
    0.497749,
    0.500941,
    0.501217,
    0.503392,
    0.500895,
    0.499951,
    0.499286,
    0.500604,
    0.501668,
    0.501604,
    0.502667,
    0.502312,
    0.504091,
    0.503608,
    0.506333,
    0.505506,
    0.507329,
    0.509114,
    0.508631,
    0.505267,
    0.504567,
    0.506186
  ],
  "attention_text": [
    0.490721,
    0.512042,
    0.512468,
    0.507502,
    0.507367,
    0.506907,
    0.509524,
    0.506716,
    0.508289,
    0.509689,
    0.508225,
    0.507687,
    0.505164,
    0.503504,
    0.505106,
    0.508285,
    0.503999,
    0.502251,
    0.499059,
    0.498783,
    0.496608,
    0.499105,
    0.500049,
    0.500714,
    0.499396,
    0.498332,
    0.498396,
    0.497333,
    0.497688,
    0.495909,
    0.496392,
    0.493667,
    0.494494,
    0.492671,
    0.490886,
    0.491369,
    0.494733,
    0.495433,
    0.493814
  ],
  "train_cls_loss": [
    1.574872,
    0.846285,
    0.696416,
    0.634033,
    0.577854,
    0.538582,
    0.511446,
    0.490335,
    0.453093,
    0.450401,
    0.427112,
    0.409308,
    0.412714,
    0.395749,
    0.373887,
    0.37166,
    0.364351,
    0.351014,
    0.342495,
    0.33741,
    0.299233,
    0.287506,
    0.272192,
    0.263535,
    0.264338,
    0.263218,
    0.258539,
    0.249758,
    0.249385,
    0.244456,
    0.24082,
    0.23201,
    0.235048,
    0.228163,
    0.225304,
    0.215905,
    0.222571,
    0.207828,
    0.203938
  ],
  "train_total_loss": [
    1.574872,
    0.846285,
    0.696416,
    0.634033,
    0.577854,
    0.538582,
    0.511446,
    0.490335,
    0.453093,
    0.450401,
    0.427112,
    0.409308,
    0.412714,
    0.395749,
    0.373887,
    0.37166,
    0.364351,
    0.351014,
    0.342495,
    0.33741,
    0.299233,
    0.287506,
    0.272192,
    0.263535,
    0.264338,
    0.263218,
    0.258539,
    0.249758,
    0.249385,
    0.244456,
    0.24082,
    0.23201,
    0.235048,
    0.228163,
    0.225304,
    0.215905,
    0.222571,
    0.207828,
    0.203938
  ],
  "learning_rates": [
    0.001,
    0.001,
    0.001,
    0.001,
    0.001,
    0.001,
    0.001,
    0.001,
    0.001,
    0.001,
    0.001,
    0.001,
    0.001,
    0.001,
    0.001,
    0.001,
    0.001,
    0.001,
    0.001,
    0.001,
    0.0005,
    0.0005,
    0.0005,
    0.0005,
    0.0005,
    0.0005,
    0.0005,
    0.0005,
    0.0005,
    0.0005,
    0.0005,
    0.0005,
    0.0005,
    0.0005,
    0.0005,
    0.0005,
    0.0005,
    0.0005,
    0.0005
  ],
  "val_accuracy": [
    57.273246,
    68.967484,
    71.306332,
    74.272675,
    74.900171,
    76.725613,
    77.067884,
    79.349686,
    78.950371,
    79.235596,
    79.235596,
    79.920137,
    79.920137,
    78.893326,
    80.148317,
    78.722191,
    80.490588,
    80.832858,
    79.749002,
    79.863092,
    81.289218,
    80.091272,
    80.319452,
    81.574444,
    80.889903,
    79.977182,
    80.547633,
    80.604678,
    80.319452,
    80.490588,
    80.775813,
    80.433542,
    81.346264,
    80.262407,
    80.262407,
    80.034227,
    79.406731,
    80.376497,
    80.148317
  ],
  "model_info": {
    "model_class": "BaseClassifier",
    "hidden_size": 128,
    "num_classes": 23,
    "emb_size_audio": 512,
    "emb_size_text": 512,
    "dropout": 0.1,
    "use_batch_norm": true,
    "mode": "both",
    "num_folds": 5,
    "fold_id": 2,
    "batch_size": 64,
    "random_seed": 1821
  }
}