{
  "train_cls_loss": [
    0.970723,
    0.74643,
    0.685921,
    0.645077,
    0.620391,
    0.601599,
    0.582481,
    0.567858,
    0.55663,
    0.546518,
    0.532538,
    0.521802,
    0.513905,
    0.503203,
    0.495835,
    0.488057,
    0.48228,
    0.474822,
    0.46642,
    0.459366,
    0.427238,
    0.418102,
    0.407866,
    0.40084,
    0.396179,
    0.39289,
    0.388205,
    0.380695,
    0.378145,
    0.370147,
    0.366951,
    0.364163,
    0.358011,
    0.35792,
    0.351014,
    0.34881,
    0.348742,
    0.342607,
    0.338745
  ],
  "train_total_loss": [
    0.970723,
    0.74643,
    0.685921,
    0.645077,
    0.620391,
    0.601599,
    0.582481,
    0.567858,
    0.55663,
    0.546518,
    0.532538,
    0.521802,
    0.513905,
    0.503203,
    0.495835,
    0.488057,
    0.48228,
    0.474822,
    0.46642,
    0.459366,
    0.427238,
    0.418102,
    0.407866,
    0.40084,
    0.396179,
    0.39289,
    0.388205,
    0.380695,
    0.378145,
    0.370147,
    0.366951,
    0.364163,
    0.358011,
    0.35792,
    0.351014,
    0.34881,
    0.348742,
    0.342607,
    0.338745
  ],
  "learning_rates": [
    0.001,
    0.001,
    0.001,
    0.001,
    0.001,
    0.001,
    0.001,
    0.001,
    0.001,
    0.001,
    0.001,
    0.001,
    0.001,
    0.001,
    0.001,
    0.001,
    0.001,
    0.001,
    0.001,
    0.001,
    0.0005,
    0.0005,
    0.0005,
    0.0005,
    0.0005,
    0.0005,
    0.0005,
    0.0005,
    0.0005,
    0.0005,
    0.0005,
    0.0005,
    0.0005,
    0.0005,
    0.0005,
    0.0005,
    0.0005,
    0.0005,
    0.0005
  ],
  "val_accuracy": [
    59.269823,
    65.259555,
    67.541358,
    69.48089,
    71.648602,
    70.279521,
    69.652025,
    72.276098,
    70.336566,
    72.162008,
    73.074729,
    73.131774,
    73.474044,
    72.618369,
    73.588135,
    71.876783,
    74.10154,
    72.846549,
    74.443811,
    73.930405,
    74.729036,
    74.614946,
    74.500856,
    74.786081,
    73.702225,
    73.64518,
    73.816315,
    72.504278,
    74.21563,
    73.930405,
    74.32972,
    73.588135,
    73.359954,
    73.416999,
    73.416999,
    73.074729,
    72.960639,
    71.648602,
    73.131774
  ],
  "model_info": {
    "model_class": "BaseClassifier",
    "hidden_size": 128,
    "num_classes": 23,
    "emb_size_audio": 512,
    "emb_size_text": 0,
    "dropout": 0.1,
    "use_batch_norm": true,
    "mode": "audio",
    "num_folds": 5,
    "fold_id": 4,
    "batch_size": 64,
    "random_seed": 1821
  }
}