{
  "attention_audio": [
    0.486932,
    0.522892,
    0.535649,
    0.540825,
    0.549686,
    0.541745,
    0.545061,
    0.546191,
    0.544352,
    0.547974,
    0.548431,
    0.552857,
    0.552653,
    0.555006,
    0.557613,
    0.556568,
    0.563453,
    0.568175,
    0.57281,
    0.565091,
    0.566207,
    0.569799,
    0.569179,
    0.570318,
    0.567906,
    0.567823,
    0.570391,
    0.571537,
    0.570599,
    0.571911,
    0.570867,
    0.572142,
    0.5737,
    0.575566,
    0.574606,
    0.577244,
    0.576409,
    0.578902,
    0.576649,
    0.578637,
    0.580073,
    0.577931,
    0.578785,
    0.579905,
    0.580813,
    0.580319
  ],
  "attention_text": [
    0.513068,
    0.477108,
    0.464351,
    0.459175,
    0.450314,
    0.458255,
    0.454939,
    0.453809,
    0.455648,
    0.452026,
    0.451569,
    0.447143,
    0.447347,
    0.444994,
    0.442387,
    0.443432,
    0.436547,
    0.431825,
    0.42719,
    0.434909,
    0.433793,
    0.430202,
    0.430821,
    0.429682,
    0.432094,
    0.432177,
    0.429609,
    0.428463,
    0.429401,
    0.428089,
    0.429133,
    0.427858,
    0.4263,
    0.424434,
    0.425395,
    0.422756,
    0.423591,
    0.421098,
    0.423351,
    0.421363,
    0.419927,
    0.422069,
    0.421215,
    0.420095,
    0.419187,
    0.419681
  ],
  "train_cls_loss": [
    2.281126,
    1.398307,
    1.13522,
    0.989038,
    0.93766,
    0.848541,
    0.800832,
    0.783788,
    0.721756,
    0.711833,
    0.689832,
    0.653257,
    0.625265,
    0.600992,
    0.585497,
    0.554503,
    0.534235,
    0.541615,
    0.514497,
    0.506705,
    0.423897,
    0.413764,
    0.389266,
    0.36119,
    0.37242,
    0.337929,
    0.342583,
    0.338656,
    0.331778,
    0.316392,
    0.316239,
    0.304982,
    0.302179,
    0.278813,
    0.28417,
    0.273567,
    0.287508,
    0.255659,
    0.271631,
    0.25796,
    0.226718,
    0.220409,
    0.201423,
    0.194168,
    0.193679,
    0.199888
  ],
  "train_top_cls_loss": [
    0.916233,
    0.57397,
    0.495096,
    0.440364,
    0.41767,
    0.390207,
    0.375096,
    0.360406,
    0.341196,
    0.334286,
    0.329934,
    0.314937,
    0.303489,
    0.285479,
    0.279632,
    0.265231,
    0.254504,
    0.266542,
    0.2458,
    0.254717,
    0.206311,
    0.203038,
    0.193117,
    0.179506,
    0.185467,
    0.166951,
    0.173198,
    0.169455,
    0.170149,
    0.154428,
    0.159149,
    0.154248,
    0.153292,
    0.14183,
    0.142453,
    0.141957,
    0.1435,
    0.128041,
    0.139464,
    0.14324,
    0.120824,
    0.117076,
    0.112469,
    0.106352,
    0.104888,
    0.10866
  ],
  "train_total_loss": [
    2.555995,
    1.570498,
    1.283748,
    1.121147,
    1.062961,
    0.965603,
    0.913361,
    0.89191,
    0.824115,
    0.812118,
    0.788812,
    0.747738,
    0.716312,
    0.686636,
    0.669386,
    0.634072,
    0.610586,
    0.621577,
    0.588237,
    0.58312,
    0.48579,
    0.474675,
    0.447201,
    0.415041,
    0.42806,
    0.388014,
    0.394543,
    0.389493,
    0.382823,
    0.36272,
    0.363984,
    0.351257,
    0.348167,
    0.321362,
    0.326906,
    0.316154,
    0.330558,
    0.294071,
    0.313471,
    0.300932,
    0.262965,
    0.255532,
    0.235164,
    0.226073,
    0.225146,
    0.232486
  ],
  "learning_rates": [
    0.001,
    0.001,
    0.001,
    0.001,
    0.001,
    0.001,
    0.001,
    0.001,
    0.001,
    0.001,
    0.001,
    0.001,
    0.001,
    0.001,
    0.001,
    0.001,
    0.001,
    0.001,
    0.001,
    0.001,
    0.0005,
    0.0005,
    0.0005,
    0.0005,
    0.0005,
    0.0005,
    0.0005,
    0.0005,
    0.0005,
    0.0005,
    0.0005,
    0.0005,
    0.0005,
    0.0005,
    0.0005,
    0.0005,
    0.0005,
    0.0005,
    0.0005,
    0.0005,
    0.00025,
    0.00025,
    0.00025,
    0.00025,
    0.00025,
    0.00025
  ],
  "val_accuracy": [
    60.91954,
    67.816092,
    72.528736,
    76.321839,
    77.701149,
    77.816092,
    78.505747,
    78.735632,
    78.045977,
    79.942529,
    79.252874,
    80.574713,
    80.344828,
    78.965517,
    79.712644,
    79.655172,
    79.770115,
    80.45977,
    79.770115,
    80.804598,
    80.632184,
    80.402299,
    80.057471,
    80.632184,
    80.517241,
    79.942529,
    80.114943,
    79.482759,
    80.689655,
    80.517241,
    81.034483,
    80.747126,
    80.574713,
    79.770115,
    80.402299,
    79.712644,
    80.114943,
    80.229885,
    79.425287,
    79.54023,
    79.827586,
    80.114943,
    79.367816,
    80.45977,
    80.574713,
    80.517241
  ],
  "model_info": {
    "model_class": "BaseClassifier",
    "hidden_size": 128,
    "num_classes": 23,
    "emb_size_audio": 1280,
    "emb_size_text": 512,
    "dropout": 0.1,
    "use_batch_norm": true,
    "mode": "both",
    "num_folds": 5,
    "fold_id": 4,
    "batch_size": 64,
    "random_seed": 1821
  }
}