{
  "train_cls_loss": [
    2.550529,
    1.854669,
    1.763036,
    1.68066,
    1.5949,
    1.523364,
    1.509722,
    1.435451,
    1.379465,
    1.415809,
    1.426408,
    1.342831,
    1.292789,
    1.335064,
    1.306425,
    1.324464,
    1.325762,
    1.271703,
    1.188146,
    1.317008,
    1.201337,
    1.161078,
    1.208646,
    1.120037,
    1.28948,
    1.148143,
    1.104964,
    1.140141,
    1.06369,
    1.130818,
    1.117516,
    1.089637
  ],
  "train_total_loss": [
    2.550529,
    1.854669,
    1.763036,
    1.68066,
    1.5949,
    1.523364,
    1.509722,
    1.435451,
    1.379465,
    1.415809,
    1.426408,
    1.342831,
    1.292789,
    1.335064,
    1.306425,
    1.324464,
    1.325762,
    1.271703,
    1.188146,
    1.317008,
    1.201337,
    1.161078,
    1.208646,
    1.120037,
    1.28948,
    1.148143,
    1.104964,
    1.140141,
    1.06369,
    1.130818,
    1.117516,
    1.089637
  ],
  "learning_rates": [
    0.001,
    0.001,
    0.001,
    0.001,
    0.001,
    0.001,
    0.001,
    0.001,
    0.001,
    0.001,
    0.001,
    0.001,
    0.001,
    0.001,
    0.001,
    0.001,
    0.001,
    0.001,
    0.001,
    0.001,
    0.0005,
    0.0005,
    0.0005,
    0.0005,
    0.0005,
    0.0005,
    0.0005,
    0.0005,
    0.0005,
    0.0005,
    0.0005,
    0.0005
  ],
  "val_accuracy": [
    55.961209,
    65.887051,
    70.964062,
    71.249287,
    74.272675,
    70.165431,
    73.474044,
    73.702225,
    75.584712,
    74.158585,
    75.984027,
    76.497433,
    77.296064,
    76.155163,
    77.067884,
    77.524244,
    78.26583,
    78.03765,
    77.067884,
    77.067884,
    78.03765,
    77.124929,
    77.124929,
    77.695379,
    77.809469,
    77.181974,
    77.296064,
    76.782658,
    76.953793,
    76.896748,
    76.953793,
    76.326298
  ],
  "model_info": {
    "model_class": "BaseClassifier",
    "hidden_size": 128,
    "num_classes": 23,
    "emb_size_audio": 512,
    "emb_size_text": 0,
    "dropout": 0.1,
    "use_batch_norm": true,
    "mode": "audio",
    "num_folds": 5,
    "fold_id": 2,
    "batch_size": 64,
    "random_seed": 1821
  }
}