{
  "attention_audio": [
    0.504177,
    0.49845,
    0.49602,
    0.492855,
    0.49843,
    0.493436,
    0.496944,
    0.493731,
    0.490902,
    0.496473,
    0.496371,
    0.496732,
    0.495911,
    0.497422,
    0.49442,
    0.497541,
    0.499087,
    0.500203,
    0.499535,
    0.498813,
    0.494584,
    0.495934,
    0.499424,
    0.500511,
    0.504331,
    0.500852,
    0.502992,
    0.503137,
    0.503364,
    0.503689,
    0.502721,
    0.502575,
    0.501589,
    0.50391,
    0.505315,
    0.504505,
    0.506373,
    0.506784,
    0.505069,
    0.505898
  ],
  "attention_text": [
    0.495823,
    0.50155,
    0.50398,
    0.507145,
    0.50157,
    0.506564,
    0.503056,
    0.506269,
    0.509098,
    0.503527,
    0.503629,
    0.503268,
    0.504089,
    0.502578,
    0.505581,
    0.502459,
    0.500913,
    0.499797,
    0.500465,
    0.501187,
    0.505416,
    0.504066,
    0.500576,
    0.499489,
    0.495669,
    0.499148,
    0.497008,
    0.496863,
    0.496636,
    0.496311,
    0.497279,
    0.497425,
    0.498411,
    0.49609,
    0.494685,
    0.495495,
    0.493627,
    0.493216,
    0.494931,
    0.494102
  ],
  "train_cls_loss": [
    2.243768,
    1.404073,
    1.163176,
    0.992413,
    0.95157,
    0.874645,
    0.830509,
    0.789998,
    0.75987,
    0.733239,
    0.70479,
    0.687568,
    0.682139,
    0.640603,
    0.631279,
    0.612763,
    0.586899,
    0.566586,
    0.55124,
    0.557559,
    0.480817,
    0.429733,
    0.419437,
    0.405983,
    0.403573,
    0.399052,
    0.386432,
    0.384913,
    0.369974,
    0.365895,
    0.363973,
    0.33466,
    0.329578,
    0.329815,
    0.340398,
    0.335122,
    0.301322,
    0.319628,
    0.299181,
    0.296269
  ],
  "train_contrastive_loss": [
    3.834414,
    3.62401,
    3.569143,
    3.520513,
    3.507854,
    3.483464,
    3.46397,
    3.446161,
    3.424248,
    3.421067,
    3.411876,
    3.390531,
    3.398281,
    3.374643,
    3.365641,
    3.363502,
    3.358466,
    3.343281,
    3.343563,
    3.334536,
    3.303311,
    3.282347,
    3.279782,
    3.270998,
    3.274495,
    3.268768,
    3.260051,
    3.252543,
    3.242778,
    3.244901,
    3.245884,
    3.234754,
    3.2284,
    3.221518,
    3.230612,
    3.22672,
    3.208048,
    3.216088,
    3.212846,
    3.207992
  ],
  "train_total_loss": [
    4.160975,
    3.216078,
    2.947748,
    2.752669,
    2.705497,
    2.616377,
    2.562494,
    2.513078,
    2.471994,
    2.443772,
    2.410728,
    2.382834,
    2.38128,
    2.327925,
    2.314099,
    2.294514,
    2.266132,
    2.238226,
    2.223021,
    2.224827,
    2.132473,
    2.070906,
    2.059328,
    2.041482,
    2.04082,
    2.033435,
    2.016457,
    2.011184,
    1.991363,
    1.988346,
    1.986915,
    1.952037,
    1.943778,
    1.940574,
    1.955704,
    1.948482,
    1.905346,
    1.927672,
    1.905604,
    1.900265
  ],
  "learning_rates": [
    0.001,
    0.001,
    0.001,
    0.001,
    0.001,
    0.001,
    0.001,
    0.001,
    0.001,
    0.001,
    0.001,
    0.001,
    0.001,
    0.001,
    0.001,
    0.001,
    0.001,
    0.001,
    0.001,
    0.001,
    0.0005,
    0.0005,
    0.0005,
    0.0005,
    0.0005,
    0.0005,
    0.0005,
    0.0005,
    0.0005,
    0.0005,
    0.0005,
    0.0005,
    0.0005,
    0.0005,
    0.0005,
    0.0005,
    0.0005,
    0.0005,
    0.0005,
    0.0005
  ],
  "val_accuracy": [
    57.159156,
    68.397034,
    73.131774,
    73.588135,
    75.071306,
    76.554478,
    78.03765,
    78.665145,
    78.6081,
    79.064461,
    77.695379,
    78.893326,
    79.178551,
    79.920137,
    80.091272,
    78.49401,
    78.950371,
    78.779236,
    79.634912,
    78.26583,
    80.205362,
    80.205362,
    80.319452,
    80.490588,
    81.061038,
    80.889903,
    80.718768,
    80.376497,
    80.262407,
    80.832858,
    79.406731,
    79.235596,
    78.551055,
    79.520821,
    79.577867,
    79.577867,
    79.406731,
    79.863092,
    80.148317,
    80.376497
  ],
  "model_info": {
    "model_class": "BaseClassifier",
    "hidden_size": 128,
    "num_classes": 23,
    "emb_size_audio": 512,
    "emb_size_text": 512,
    "dropout": 0.1,
    "use_batch_norm": true,
    "mode": "both",
    "num_folds": 5,
    "fold_id": 2,
    "batch_size": 64,
    "random_seed": 1821
  }
}