{
  "train_cls_loss": [
    2.451226,
    1.643901,
    1.430011,
    1.306199,
    1.249579,
    1.163311,
    1.147738,
    1.083786,
    1.024743,
    1.011739,
    0.972286,
    0.967609,
    0.9124,
    0.893618,
    0.864978,
    0.847515,
    0.80828,
    0.810263,
    0.778865,
    0.750859,
    0.68397,
    0.657636,
    0.6349,
    0.617498,
    0.597933,
    0.580585,
    0.577316,
    0.577835,
    0.559953,
    0.546595,
    0.531024,
    0.518552,
    0.512125,
    0.515723,
    0.506205,
    0.503157,
    0.494716,
    0.485206,
    0.473926,
    0.454203,
    0.434684,
    0.414564,
    0.41012,
    0.386098,
    0.40937,
    0.388058,
    0.384858,
    0.385328,
    0.371505,
    0.36802,
    0.3653,
    0.369383,
    0.370823,
    0.351778,
    0.355183,
    0.351235,
    0.334059
  ],
  "train_total_loss": [
    2.451226,
    1.643901,
    1.430011,
    1.306199,
    1.249579,
    1.163311,
    1.147738,
    1.083786,
    1.024743,
    1.011739,
    0.972286,
    0.967609,
    0.9124,
    0.893618,
    0.864978,
    0.847515,
    0.80828,
    0.810263,
    0.778865,
    0.750859,
    0.68397,
    0.657636,
    0.6349,
    0.617498,
    0.597933,
    0.580585,
    0.577316,
    0.577835,
    0.559953,
    0.546595,
    0.531024,
    0.518552,
    0.512125,
    0.515723,
    0.506205,
    0.503157,
    0.494716,
    0.485206,
    0.473926,
    0.454203,
    0.434684,
    0.414564,
    0.41012,
    0.386098,
    0.40937,
    0.388058,
    0.384858,
    0.385328,
    0.371505,
    0.36802,
    0.3653,
    0.369383,
    0.370823,
    0.351778,
    0.355183,
    0.351235,
    0.334059
  ],
  "learning_rates": [
    0.001,
    0.001,
    0.001,
    0.001,
    0.001,
    0.001,
    0.001,
    0.001,
    0.001,
    0.001,
    0.001,
    0.001,
    0.001,
    0.001,
    0.001,
    0.001,
    0.001,
    0.001,
    0.001,
    0.001,
    0.0005,
    0.0005,
    0.0005,
    0.0005,
    0.0005,
    0.0005,
    0.0005,
    0.0005,
    0.0005,
    0.0005,
    0.0005,
    0.0005,
    0.0005,
    0.0005,
    0.0005,
    0.0005,
    0.0005,
    0.0005,
    0.0005,
    0.0005,
    0.00025,
    0.00025,
    0.00025,
    0.00025,
    0.00025,
    0.00025,
    0.00025,
    0.00025,
    0.00025,
    0.00025,
    0.00025,
    0.00025,
    0.00025,
    0.00025,
    0.00025,
    0.00025,
    0.00025
  ],
  "val_accuracy": [
    54.478038,
    61.323446,
    61.779806,
    66.286366,
    67.940673,
    69.081574,
    70.507701,
    71.705647,
    70.849971,
    69.994295,
    71.990873,
    70.393611,
    72.903594,
    71.249287,
    71.990873,
    72.219053,
    70.964062,
    73.245864,
    71.306332,
    72.561323,
    72.846549,
    73.588135,
    73.702225,
    72.960639,
    71.762693,
    73.074729,
    72.561323,
    73.245864,
    72.960639,
    72.732459,
    72.104963,
    73.131774,
    73.131774,
    73.75927,
    72.675414,
    73.474044,
    73.302909,
    72.903594,
    72.846549,
    73.702225,
    73.588135,
    74.158585,
    72.732459,
    72.675414,
    72.732459,
    73.131774,
    73.188819,
    72.675414,
    72.789504,
    72.504278,
    73.017684,
    73.245864,
    72.675414,
    72.333143,
    72.732459,
    72.390188,
    73.188819
  ],
  "model_info": {
    "model_class": "BaseClassifier",
    "hidden_size": 128,
    "num_classes": 23,
    "emb_size_audio": 768,
    "emb_size_text": 0,
    "dropout": 0.1,
    "use_batch_norm": true,
    "mode": "audio",
    "num_folds": 5,
    "fold_id": 3,
    "batch_size": 64,
    "random_seed": 1821
  }
}