{
  "attention_audio": [
    0.500991,
    0.515685,
    0.508543,
    0.505815,
    0.5024,
    0.507153,
    0.505151,
    0.502677,
    0.502473,
    0.501972,
    0.505856,
    0.506861,
    0.507072,
    0.500594,
    0.509266,
    0.506408,
    0.506302,
    0.50315,
    0.504427,
    0.507884,
    0.509121,
    0.510087,
    0.512421,
    0.511744,
    0.507828,
    0.50962,
    0.510365,
    0.510188,
    0.50967,
    0.509817,
    0.510856,
    0.512947,
    0.509736,
    0.510033,
    0.508936,
    0.509732,
    0.509196
  ],
  "attention_text": [
    0.499009,
    0.484315,
    0.491457,
    0.494185,
    0.4976,
    0.492847,
    0.494849,
    0.497323,
    0.497527,
    0.498028,
    0.494144,
    0.493139,
    0.492928,
    0.499406,
    0.490734,
    0.493592,
    0.493698,
    0.49685,
    0.495573,
    0.492116,
    0.490879,
    0.489913,
    0.487579,
    0.488256,
    0.492172,
    0.49038,
    0.489635,
    0.489813,
    0.49033,
    0.490183,
    0.489144,
    0.487053,
    0.490264,
    0.489967,
    0.491064,
    0.490268,
    0.490804
  ],
  "train_cls_loss": [
    2.443037,
    1.604234,
    1.334803,
    1.206784,
    1.078424,
    0.982864,
    0.922812,
    0.871504,
    0.847687,
    0.813078,
    0.767361,
    0.755615,
    0.723202,
    0.702794,
    0.697651,
    0.68413,
    0.676268,
    0.634765,
    0.625611,
    0.605416,
    0.548464,
    0.525646,
    0.50617,
    0.501078,
    0.477816,
    0.472542,
    0.471203,
    0.454649,
    0.443407,
    0.427787,
    0.448727,
    0.427172,
    0.445101,
    0.421493,
    0.414852,
    0.391809,
    0.411856
  ],
  "train_top_cls_loss": [
    0.776866,
    0.490153,
    0.445501,
    0.439243,
    0.399987,
    0.391045,
    0.372357,
    0.352703,
    0.352409,
    0.341355,
    0.322672,
    0.324304,
    0.309889,
    0.305588,
    0.292196,
    0.297201,
    0.286601,
    0.272648,
    0.269583,
    0.260215,
    0.235914,
    0.220856,
    0.224247,
    0.215479,
    0.197956,
    0.199077,
    0.199019,
    0.195244,
    0.190771,
    0.181501,
    0.184075,
    0.18263,
    0.191353,
    0.177303,
    0.178455,
    0.173467,
    0.171045
  ],
  "train_total_loss": [
    3.219903,
    2.094386,
    1.780304,
    1.646027,
    1.478412,
    1.373909,
    1.295168,
    1.224207,
    1.200097,
    1.154433,
    1.090033,
    1.079919,
    1.033091,
    1.008381,
    0.989847,
    0.981331,
    0.962869,
    0.907413,
    0.895193,
    0.865632,
    0.784378,
    0.746502,
    0.730418,
    0.716556,
    0.675772,
    0.671619,
    0.670223,
    0.649894,
    0.634178,
    0.609287,
    0.632802,
    0.609802,
    0.636454,
    0.598796,
    0.593307,
    0.565276,
    0.582901
  ],
  "learning_rates": [
    0.001,
    0.001,
    0.001,
    0.001,
    0.001,
    0.001,
    0.001,
    0.001,
    0.001,
    0.001,
    0.001,
    0.001,
    0.001,
    0.001,
    0.001,
    0.001,
    0.001,
    0.001,
    0.001,
    0.001,
    0.0005,
    0.0005,
    0.0005,
    0.0005,
    0.0005,
    0.0005,
    0.0005,
    0.0005,
    0.0005,
    0.0005,
    0.0005,
    0.0005,
    0.0005,
    0.0005,
    0.0005,
    0.0005,
    0.0005
  ],
  "val_accuracy": [
    49.857387,
    60.46777,
    66.913862,
    68.853394,
    75.356532,
    75.185396,
    75.242442,
    75.698802,
    76.782658,
    77.809469,
    78.094695,
    78.26583,
    77.353109,
    78.094695,
    77.752424,
    77.638334,
    78.893326,
    79.292641,
    79.749002,
    78.26583,
    80.319452,
    80.604678,
    80.376497,
    79.863092,
    79.749002,
    80.376497,
    80.319452,
    79.920137,
    79.577867,
    79.463776,
    79.863092,
    79.463776,
    79.178551,
    80.034227,
    79.634912,
    79.691957,
    80.376497
  ],
  "model_info": {
    "model_class": "BaseClassifier",
    "hidden_size": 128,
    "num_classes": 23,
    "emb_size_audio": 512,
    "emb_size_text": 512,
    "dropout": 0.1,
    "use_batch_norm": true,
    "mode": "both",
    "num_folds": 5,
    "fold_id": 4,
    "batch_size": 64,
    "random_seed": 1821
  }
}