{
  "train_cls_loss": [
    2.694299,
    2.063927,
    1.87305,
    1.78166,
    1.756992,
    1.713878,
    1.68738,
    1.646594,
    1.62825,
    1.610577,
    1.597401,
    1.568403,
    1.552922,
    1.534407,
    1.532492,
    1.513361,
    1.498369,
    1.480619,
    1.482753,
    1.474708,
    1.416979,
    1.397604,
    1.386319,
    1.365858,
    1.367454,
    1.342333,
    1.340903,
    1.335066,
    1.329889,
    1.324063,
    1.322719,
    1.295726,
    1.29856,
    1.303033,
    1.298966,
    1.271005,
    1.276797,
    1.255848,
    1.252153,
    1.247497,
    1.219379,
    1.211112,
    1.194888,
    1.187369,
    1.181448,
    1.165418,
    1.186677,
    1.155293,
    1.155514,
    1.151801,
    1.155144,
    1.159458,
    1.144785,
    1.125423,
    1.131349,
    1.136621,
    1.121746,
    1.122835,
    1.107684,
    1.100785,
    1.078842,
    1.072972,
    1.055618,
    1.069735,
    1.054958,
    1.060153,
    1.060507,
    1.046957,
    1.055512,
    1.04911,
    1.026538,
    1.049125,
    1.021734,
    1.020742,
    1.043048,
    1.005832,
    1.019429
  ],
  "train_total_loss": [
    2.694299,
    2.063927,
    1.87305,
    1.78166,
    1.756992,
    1.713878,
    1.68738,
    1.646594,
    1.62825,
    1.610577,
    1.597401,
    1.568403,
    1.552922,
    1.534407,
    1.532492,
    1.513361,
    1.498369,
    1.480619,
    1.482753,
    1.474708,
    1.416979,
    1.397604,
    1.386319,
    1.365858,
    1.367454,
    1.342333,
    1.340903,
    1.335066,
    1.329889,
    1.324063,
    1.322719,
    1.295726,
    1.29856,
    1.303033,
    1.298966,
    1.271005,
    1.276797,
    1.255848,
    1.252153,
    1.247497,
    1.219379,
    1.211112,
    1.194888,
    1.187369,
    1.181448,
    1.165418,
    1.186677,
    1.155293,
    1.155514,
    1.151801,
    1.155144,
    1.159458,
    1.144785,
    1.125423,
    1.131349,
    1.136621,
    1.121746,
    1.122835,
    1.107684,
    1.100785,
    1.078842,
    1.072972,
    1.055618,
    1.069735,
    1.054958,
    1.060153,
    1.060507,
    1.046957,
    1.055512,
    1.04911,
    1.026538,
    1.049125,
    1.021734,
    1.020742,
    1.043048,
    1.005832,
    1.019429
  ],
  "learning_rates": [
    0.001,
    0.001,
    0.001,
    0.001,
    0.001,
    0.001,
    0.001,
    0.001,
    0.001,
    0.001,
    0.001,
    0.001,
    0.001,
    0.001,
    0.001,
    0.001,
    0.001,
    0.001,
    0.001,
    0.001,
    0.0005,
    0.0005,
    0.0005,
    0.0005,
    0.0005,
    0.0005,
    0.0005,
    0.0005,
    0.0005,
    0.0005,
    0.0005,
    0.0005,
    0.0005,
    0.0005,
    0.0005,
    0.0005,
    0.0005,
    0.0005,
    0.0005,
    0.0005,
    0.00025,
    0.00025,
    0.00025,
    0.00025,
    0.00025,
    0.00025,
    0.00025,
    0.00025,
    0.00025,
    0.00025,
    0.00025,
    0.00025,
    0.00025,
    0.00025,
    0.00025,
    0.00025,
    0.00025,
    0.00025,
    0.00025,
    0.00025,
    0.000125,
    0.000125,
    0.000125,
    0.000125,
    0.000125,
    0.000125,
    0.000125,
    0.000125,
    0.000125,
    0.000125,
    0.000125,
    0.000125,
    0.000125,
    0.000125,
    0.000125,
    0.000125,
    0.000125
  ],
  "val_accuracy": [
    37.307473,
    48.545351,
    51.968055,
    53.280091,
    53.451226,
    54.478038,
    54.649173,
    55.447804,
    55.733029,
    57.786651,
    57.843697,
    57.501426,
    57.786651,
    59.212778,
    58.528237,
    59.498003,
    59.954364,
    59.612094,
    61.03822,
    60.239589,
    59.726184,
    63.548203,
    63.548203,
    62.749572,
    64.061609,
    62.578437,
    63.091843,
    62.692527,
    63.034797,
    63.833428,
    64.004564,
    64.118654,
    62.920707,
    62.578437,
    62.806617,
    63.833428,
    64.175699,
    62.863662,
    62.977752,
    63.320023,
    64.97433,
    64.689104,
    65.08842,
    64.289789,
    64.232744,
    65.373645,
    64.289789,
    65.601825,
    65.145465,
    65.08842,
    64.746149,
    64.289789,
    64.803195,
    63.719338,
    65.08842,
    65.658871,
    65.887051,
    64.689104,
    65.20251,
    65.43069,
    65.715916,
    66.400456,
    65.658871,
    65.658871,
    65.658871,
    64.917285,
    65.830006,
    65.54478,
    65.601825,
    66.172276,
    65.43069,
    66.115231,
    65.944096,
    65.43069,
    64.632059,
    65.259555,
    65.54478
  ],
  "model_info": {
    "model_class": "BaseClassifier",
    "hidden_size": 128,
    "num_classes": 23,
    "emb_size_audio": 512,
    "emb_size_text": 0,
    "dropout": 0.1,
    "use_batch_norm": true,
    "mode": "audio",
    "num_folds": 5,
    "fold_id": 2,
    "batch_size": 64,
    "random_seed": 1821
  }
}