{
  "train_cls_loss": [
    2.470094,
    1.658674,
    1.550321,
    1.440709,
    1.295147,
    1.272362,
    1.228492,
    1.226649,
    1.177837,
    1.090396,
    1.172671,
    1.150152,
    1.153455,
    1.201711,
    1.041841,
    1.087072,
    1.074082,
    1.040931,
    0.99298,
    0.988347,
    0.966425,
    0.886365,
    0.893762,
    0.950572,
    0.833232,
    0.832537,
    0.860046,
    0.83919,
    0.89514,
    0.839013,
    0.817679,
    0.806848,
    0.826533,
    0.771673,
    0.818534,
    0.851732,
    0.713318,
    0.865165,
    0.836153,
    0.783235,
    0.77273,
    0.728167,
    0.701966,
    0.756785,
    0.681624,
    0.700408,
    0.650844
  ],
  "train_total_loss": [
    2.470094,
    1.658674,
    1.550321,
    1.440709,
    1.295147,
    1.272362,
    1.228492,
    1.226649,
    1.177837,
    1.090396,
    1.172671,
    1.150152,
    1.153455,
    1.201711,
    1.041841,
    1.087072,
    1.074082,
    1.040931,
    0.99298,
    0.988347,
    0.966425,
    0.886365,
    0.893762,
    0.950572,
    0.833232,
    0.832537,
    0.860046,
    0.83919,
    0.89514,
    0.839013,
    0.817679,
    0.806848,
    0.826533,
    0.771673,
    0.818534,
    0.851732,
    0.713318,
    0.865165,
    0.836153,
    0.783235,
    0.77273,
    0.728167,
    0.701966,
    0.756785,
    0.681624,
    0.700408,
    0.650844
  ],
  "learning_rates": [
    0.001,
    0.001,
    0.001,
    0.001,
    0.001,
    0.001,
    0.001,
    0.001,
    0.001,
    0.001,
    0.001,
    0.001,
    0.001,
    0.001,
    0.001,
    0.001,
    0.001,
    0.001,
    0.001,
    0.001,
    0.0005,
    0.0005,
    0.0005,
    0.0005,
    0.0005,
    0.0005,
    0.0005,
    0.0005,
    0.0005,
    0.0005,
    0.0005,
    0.0005,
    0.0005,
    0.0005,
    0.0005,
    0.0005,
    0.0005,
    0.0005,
    0.0005,
    0.0005,
    0.00025,
    0.00025,
    0.00025,
    0.00025,
    0.00025,
    0.00025,
    0.00025
  ],
  "val_accuracy": [
    64.403879,
    64.232744,
    69.880205,
    71.363377,
    73.474044,
    74.843126,
    73.702225,
    74.158585,
    76.554478,
    75.242442,
    77.067884,
    75.984027,
    75.641757,
    77.010839,
    76.098118,
    76.839703,
    77.067884,
    77.353109,
    75.413577,
    76.611523,
    77.181974,
    77.296064,
    76.383343,
    76.953793,
    77.181974,
    77.010839,
    77.524244,
    76.839703,
    76.668568,
    77.067884,
    76.725613,
    77.809469,
    77.239019,
    76.440388,
    76.953793,
    76.782658,
    76.668568,
    75.984027,
    76.440388,
    76.611523,
    77.296064,
    76.839703,
    77.353109,
    77.467199,
    77.181974,
    76.212208,
    77.067884
  ],
  "model_info": {
    "model_class": "BaseClassifier",
    "hidden_size": 128,
    "num_classes": 23,
    "emb_size_audio": 512,
    "emb_size_text": 0,
    "dropout": 0.1,
    "use_batch_norm": true,
    "mode": "audio",
    "num_folds": 5,
    "fold_id": 0,
    "batch_size": 64,
    "random_seed": 1821
  }
}