{
  "attention_audio": [
    0.471285,
    0.474255,
    0.475651,
    0.475608,
    0.479735,
    0.480841,
    0.482358,
    0.479648,
    0.481571,
    0.477189,
    0.482987,
    0.48259,
    0.483061,
    0.480751,
    0.481881,
    0.479508,
    0.481423,
    0.482856,
    0.476615,
    0.479765,
    0.479011,
    0.476142,
    0.479371,
    0.479481,
    0.480722,
    0.475903,
    0.47594,
    0.476672,
    0.479836,
    0.47846,
    0.479086,
    0.477408,
    0.477694,
    0.477845,
    0.475577,
    0.475959,
    0.475234,
    0.478213,
    0.47845,
    0.476358,
    0.474926,
    0.475176,
    0.476359,
    0.476522,
    0.476846,
    0.475939,
    0.476381,
    0.476769,
    0.476998,
    0.475238
  ],
  "attention_text": [
    0.528715,
    0.525745,
    0.524349,
    0.524392,
    0.520265,
    0.519159,
    0.517642,
    0.520352,
    0.518429,
    0.522811,
    0.517013,
    0.51741,
    0.516939,
    0.519249,
    0.518119,
    0.520492,
    0.518577,
    0.517144,
    0.523385,
    0.520235,
    0.520989,
    0.523858,
    0.520629,
    0.520519,
    0.519278,
    0.524097,
    0.52406,
    0.523328,
    0.520164,
    0.52154,
    0.520914,
    0.522592,
    0.522306,
    0.522155,
    0.524423,
    0.524041,
    0.524766,
    0.521787,
    0.52155,
    0.523642,
    0.525074,
    0.524824,
    0.523641,
    0.523478,
    0.523154,
    0.524061,
    0.523619,
    0.523231,
    0.523002,
    0.524762
  ],
  "train_cls_loss": [
    2.357216,
    1.518929,
    1.381549,
    1.331282,
    1.250905,
    1.166027,
    1.147154,
    1.146097,
    1.095886,
    1.088706,
    1.134632,
    1.070618,
    1.100546,
    0.963989,
    0.966114,
    1.051225,
    1.032491,
    0.975523,
    0.954248,
    0.932573,
    0.821365,
    0.89707,
    0.848549,
    0.846624,
    0.924806,
    0.861373,
    0.811673,
    0.766587,
    0.847954,
    0.797912,
    0.789502,
    0.784991,
    0.792963,
    0.733648,
    0.79047,
    0.82231,
    0.785686,
    0.840351,
    0.789187,
    0.740861,
    0.736819,
    0.735732,
    0.735005,
    0.588235,
    0.702917,
    0.649592,
    0.673918,
    0.606224,
    0.650363,
    0.711385
  ],
  "train_total_loss": [
    2.357216,
    1.518929,
    1.381549,
    1.331282,
    1.250905,
    1.166027,
    1.147154,
    1.146097,
    1.095886,
    1.088706,
    1.134632,
    1.070618,
    1.100546,
    0.963989,
    0.966114,
    1.051225,
    1.032491,
    0.975523,
    0.954248,
    0.932573,
    0.821365,
    0.89707,
    0.848549,
    0.846624,
    0.924806,
    0.861373,
    0.811673,
    0.766587,
    0.847954,
    0.797912,
    0.789502,
    0.784991,
    0.792963,
    0.733648,
    0.79047,
    0.82231,
    0.785686,
    0.840351,
    0.789187,
    0.740861,
    0.736819,
    0.735732,
    0.735005,
    0.588235,
    0.702917,
    0.649592,
    0.673918,
    0.606224,
    0.650363,
    0.711385
  ],
  "learning_rates": [
    0.001,
    0.001,
    0.001,
    0.001,
    0.001,
    0.001,
    0.001,
    0.001,
    0.001,
    0.001,
    0.001,
    0.001,
    0.001,
    0.001,
    0.001,
    0.001,
    0.001,
    0.001,
    0.001,
    0.001,
    0.0005,
    0.0005,
    0.0005,
    0.0005,
    0.0005,
    0.0005,
    0.0005,
    0.0005,
    0.0005,
    0.0005,
    0.0005,
    0.0005,
    0.0005,
    0.0005,
    0.0005,
    0.0005,
    0.0005,
    0.0005,
    0.0005,
    0.0005,
    0.00025,
    0.00025,
    0.00025,
    0.00025,
    0.00025,
    0.00025,
    0.00025,
    0.00025,
    0.00025,
    0.00025
  ],
  "val_accuracy": [
    64.97433,
    68.739304,
    73.416999,
    75.812892,
    77.124929,
    77.353109,
    79.064461,
    78.49401,
    78.49401,
    78.26583,
    79.292641,
    79.178551,
    79.920137,
    78.322875,
    79.806047,
    79.178551,
    80.205362,
    79.863092,
    79.292641,
    79.121506,
    79.806047,
    80.376497,
    80.205362,
    79.977182,
    79.349686,
    80.034227,
    80.490588,
    80.148317,
    80.148317,
    79.292641,
    80.034227,
    79.121506,
    80.319452,
    79.863092,
    80.547633,
    79.634912,
    80.547633,
    80.433542,
    78.836281,
    79.121506,
    79.691957,
    79.749002,
    80.262407,
    80.091272,
    79.749002,
    80.205362,
    80.376497,
    80.319452,
    80.262407,
    79.749002
  ],
  "model_info": {
    "model_class": "BaseClassifier",
    "hidden_size": 128,
    "num_classes": 23,
    "emb_size_audio": 512,
    "emb_size_text": 512,
    "dropout": 0.1,
    "use_batch_norm": true,
    "mode": "both",
    "num_folds": 5,
    "fold_id": 0,
    "batch_size": 64,
    "random_seed": 1821
  }
}