{
  "train_cls_loss": [
    2.503749,
    1.734326,
    1.536171,
    1.394056,
    1.278957,
    1.176004,
    1.152768,
    1.108989,
    1.044583,
    1.011443,
    0.98101,
    0.939417,
    0.939005,
    0.892424,
    0.868983,
    0.856174,
    0.84247,
    0.839927,
    0.794051,
    0.82411,
    0.718731,
    0.697674,
    0.697739,
    0.690796,
    0.650431,
    0.653064,
    0.6379,
    0.629724,
    0.611653,
    0.625919,
    0.621956,
    0.606136,
    0.586673,
    0.582794,
    0.590903,
    0.575036,
    0.571082,
    0.561272,
    0.542055,
    0.549094,
    0.49409,
    0.476755,
    0.476606,
    0.455055,
    0.453965,
    0.449649,
    0.423584,
    0.442937,
    0.43641,
    0.437102
  ],
  "train_top_cls_loss": [
    0.880062,
    0.550293,
    0.51975,
    0.479994,
    0.470519,
    0.44978,
    0.457709,
    0.443757,
    0.42145,
    0.409272,
    0.399374,
    0.388116,
    0.387176,
    0.363874,
    0.365822,
    0.363647,
    0.348686,
    0.349917,
    0.334921,
    0.344569,
    0.294888,
    0.279534,
    0.290193,
    0.281088,
    0.272476,
    0.269315,
    0.263639,
    0.250749,
    0.248318,
    0.249702,
    0.254592,
    0.246457,
    0.235975,
    0.235432,
    0.234802,
    0.227219,
    0.225421,
    0.230371,
    0.214826,
    0.222853,
    0.201525,
    0.185795,
    0.185825,
    0.181769,
    0.173844,
    0.176901,
    0.169391,
    0.171666,
    0.1713,
    0.171336
  ],
  "train_total_loss": [
    3.823842,
    2.559765,
    2.315795,
    2.114046,
    1.984736,
    1.850674,
    1.839331,
    1.774625,
    1.676758,
    1.625351,
    1.580071,
    1.52159,
    1.519768,
    1.438235,
    1.417715,
    1.401644,
    1.365499,
    1.364802,
    1.296433,
    1.340963,
    1.161063,
    1.116975,
    1.133028,
    1.112428,
    1.059144,
    1.057037,
    1.033359,
    1.005847,
    0.984129,
    1.000472,
    1.003844,
    0.975822,
    0.940637,
    0.935943,
    0.943105,
    0.915865,
    0.909213,
    0.906828,
    0.864294,
    0.883373,
    0.796378,
    0.755448,
    0.755344,
    0.727709,
    0.714732,
    0.715,
    0.677671,
    0.700436,
    0.69336,
    0.694107
  ],
  "learning_rates": [
    0.001,
    0.001,
    0.001,
    0.001,
    0.001,
    0.001,
    0.001,
    0.001,
    0.001,
    0.001,
    0.001,
    0.001,
    0.001,
    0.001,
    0.001,
    0.001,
    0.001,
    0.001,
    0.001,
    0.001,
    0.0005,
    0.0005,
    0.0005,
    0.0005,
    0.0005,
    0.0005,
    0.0005,
    0.0005,
    0.0005,
    0.0005,
    0.0005,
    0.0005,
    0.0005,
    0.0005,
    0.0005,
    0.0005,
    0.0005,
    0.0005,
    0.0005,
    0.0005,
    0.00025,
    0.00025,
    0.00025,
    0.00025,
    0.00025,
    0.00025,
    0.00025,
    0.00025,
    0.00025,
    0.00025
  ],
  "val_accuracy": [
    43.69652,
    52.709641,
    61.950941,
    64.061609,
    69.309755,
    69.13862,
    71.933828,
    72.903594,
    72.960639,
    74.557901,
    75.299487,
    72.789504,
    75.527667,
    75.299487,
    76.269253,
    75.299487,
    75.527667,
    76.782658,
    75.584712,
    75.356532,
    76.668568,
    76.896748,
    76.668568,
    76.326298,
    76.839703,
    77.124929,
    75.470622,
    76.725613,
    75.584712,
    76.896748,
    76.725613,
    76.497433,
    75.299487,
    77.353109,
    77.410154,
    76.440388,
    75.984027,
    75.413577,
    76.041072,
    75.527667,
    76.839703,
    76.383343,
    76.212208,
    76.782658,
    76.041072,
    76.782658,
    75.698802,
    76.098118,
    75.185396,
    77.067884
  ],
  "model_info": {
    "model_class": "BaseClassifier",
    "hidden_size": 128,
    "num_classes": 23,
    "emb_size_audio": 512,
    "emb_size_text": 0,
    "dropout": 0.1,
    "use_batch_norm": true,
    "mode": "audio",
    "num_folds": 5,
    "fold_id": 1,
    "batch_size": 64,
    "random_seed": 1821
  }
}