{
  "attention_audio": [
    0.335345,
    0.349629,
    0.345077,
    0.34747,
    0.351802,
    0.352654,
    0.350699,
    0.353586,
    0.354325,
    0.358109,
    0.361251,
    0.359652,
    0.361447,
    0.363404,
    0.36436,
    0.363694,
    0.358446,
    0.368951,
    0.369981,
    0.368836,
    0.36614,
    0.36829,
    0.369715,
    0.373722,
    0.372131,
    0.374809,
    0.371217,
    0.371501,
    0.37287,
    0.373253,
    0.37404,
    0.37329,
    0.372577,
    0.374496,
    0.375121,
    0.372967,
    0.373753,
    0.372151
  ],
  "attention_text": [
    0.361703,
    0.366257,
    0.373596,
    0.369598,
    0.377401,
    0.377967,
    0.380278,
    0.381354,
    0.380891,
    0.379102,
    0.381671,
    0.385608,
    0.384029,
    0.386282,
    0.384531,
    0.385084,
    0.394057,
    0.383314,
    0.384451,
    0.385468,
    0.383413,
    0.384338,
    0.38443,
    0.38283,
    0.384884,
    0.380765,
    0.382583,
    0.386579,
    0.38643,
    0.386278,
    0.384174,
    0.383064,
    0.385148,
    0.384809,
    0.381907,
    0.385012,
    0.382646,
    0.386112
  ],
  "train_cls_loss": [
    2.265445,
    1.397305,
    1.173232,
    1.083521,
    1.003748,
    0.915979,
    0.873119,
    0.839746,
    0.800406,
    0.774451,
    0.748424,
    0.7148,
    0.703493,
    0.684832,
    0.641938,
    0.653231,
    0.627445,
    0.619226,
    0.598894,
    0.585542,
    0.52257,
    0.505699,
    0.471529,
    0.471769,
    0.452688,
    0.455108,
    0.441492,
    0.434339,
    0.412178,
    0.424221,
    0.402539,
    0.401407,
    0.406708,
    0.395326,
    0.386816,
    0.373507,
    0.375727,
    0.369576
  ],
  "train_top_cls_loss": [
    0.771303,
    0.490007,
    0.444332,
    0.427576,
    0.405912,
    0.377026,
    0.362749,
    0.360183,
    0.349102,
    0.337105,
    0.320174,
    0.30541,
    0.30861,
    0.303168,
    0.278875,
    0.284939,
    0.27831,
    0.274859,
    0.260138,
    0.260356,
    0.230989,
    0.227009,
    0.20797,
    0.209676,
    0.20347,
    0.203449,
    0.197159,
    0.190169,
    0.18593,
    0.188516,
    0.180775,
    0.183339,
    0.179969,
    0.179598,
    0.170162,
    0.171677,
    0.168573,
    0.167436
  ],
  "train_total_loss": [
    2.805357,
    1.74031,
    1.484264,
    1.382823,
    1.287886,
    1.179897,
    1.127043,
    1.091874,
    1.044777,
    1.010424,
    0.972545,
    0.928586,
    0.91952,
    0.897049,
    0.837151,
    0.852688,
    0.822262,
    0.811627,
    0.780991,
    0.767791,
    0.684262,
    0.664606,
    0.617108,
    0.618542,
    0.595117,
    0.597523,
    0.579504,
    0.567457,
    0.542329,
    0.556182,
    0.529082,
    0.529744,
    0.532687,
    0.521045,
    0.50593,
    0.493682,
    0.493728,
    0.486781
  ],
  "learning_rates": [
    0.001,
    0.001,
    0.001,
    0.001,
    0.001,
    0.001,
    0.001,
    0.001,
    0.001,
    0.001,
    0.001,
    0.001,
    0.001,
    0.001,
    0.001,
    0.001,
    0.001,
    0.001,
    0.001,
    0.001,
    0.0005,
    0.0005,
    0.0005,
    0.0005,
    0.0005,
    0.0005,
    0.0005,
    0.0005,
    0.0005,
    0.0005,
    0.0005,
    0.0005,
    0.0005,
    0.0005,
    0.0005,
    0.0005,
    0.0005,
    0.0005
  ],
  "val_accuracy": [
    52.880776,
    66.685682,
    71.249287,
    71.306332,
    73.474044,
    73.302909,
    75.356532,
    76.440388,
    76.725613,
    77.752424,
    78.6081,
    79.463776,
    78.950371,
    77.92356,
    78.37992,
    78.436965,
    78.722191,
    79.691957,
    78.49401,
    79.007416,
    79.977182,
    80.319452,
    80.775813,
    80.262407,
    79.406731,
    80.604678,
    79.920137,
    79.406731,
    80.034227,
    79.749002,
    79.634912,
    78.836281,
    79.064461,
    79.520821,
    79.520821,
    79.520821,
    79.577867,
    79.064461
  ],
  "model_info": {
    "model_class": "BaseClassifier",
    "hidden_size": 128,
    "num_classes": 23,
    "emb_size_audio": 512,
    "emb_size_text": 512,
    "dropout": 0.1,
    "use_batch_norm": true,
    "mode": "both",
    "num_folds": 5,
    "fold_id": 4,
    "batch_size": 64,
    "random_seed": 1821
  }
}