{
  "attention_audio": [
    0.505953,
    0.474852,
    0.474369,
    0.476149,
    0.476308,
    0.475268,
    0.47232,
    0.475192,
    0.470509,
    0.470793,
    0.472206,
    0.477502,
    0.476912,
    0.47684,
    0.478611,
    0.480897,
    0.481908,
    0.480104,
    0.47935,
    0.477066,
    0.481308,
    0.478701,
    0.47954,
    0.482729,
    0.484029,
    0.481908,
    0.478528,
    0.477238,
    0.478619,
    0.479268,
    0.480671,
    0.479639,
    0.480917,
    0.480899,
    0.482211,
    0.482024,
    0.481173,
    0.481602,
    0.482265
  ],
  "attention_text": [
    0.494047,
    0.525148,
    0.52563,
    0.523851,
    0.523692,
    0.524732,
    0.52768,
    0.524808,
    0.529491,
    0.529207,
    0.527794,
    0.522498,
    0.523088,
    0.52316,
    0.521389,
    0.519103,
    0.518092,
    0.519896,
    0.52065,
    0.522934,
    0.518692,
    0.521299,
    0.52046,
    0.517271,
    0.515971,
    0.518092,
    0.521472,
    0.522762,
    0.521381,
    0.520732,
    0.519329,
    0.520361,
    0.519083,
    0.519101,
    0.517789,
    0.517976,
    0.518827,
    0.518398,
    0.517735
  ],
  "train_cls_loss": [
    2.36491,
    1.631462,
    1.416238,
    1.196487,
    1.305144,
    1.210778,
    1.130564,
    1.184473,
    1.105256,
    1.08227,
    1.049006,
    1.181458,
    1.118512,
    1.066363,
    1.032791,
    0.962438,
    1.031005,
    1.042339,
    0.94279,
    0.872286,
    0.927327,
    0.9853,
    0.947511,
    0.953784,
    0.968976,
    0.847774,
    0.826155,
    0.787357,
    0.920831,
    0.768924,
    0.791124,
    0.82295,
    0.776984,
    0.851422,
    0.832689,
    0.751066,
    0.804694,
    0.717749,
    0.763196
  ],
  "train_total_loss": [
    2.36491,
    1.631462,
    1.416238,
    1.196487,
    1.305144,
    1.210778,
    1.130564,
    1.184473,
    1.105256,
    1.08227,
    1.049006,
    1.181458,
    1.118512,
    1.066363,
    1.032791,
    0.962438,
    1.031005,
    1.042339,
    0.94279,
    0.872286,
    0.927327,
    0.9853,
    0.947511,
    0.953784,
    0.968976,
    0.847774,
    0.826155,
    0.787357,
    0.920831,
    0.768924,
    0.791124,
    0.82295,
    0.776984,
    0.851422,
    0.832689,
    0.751066,
    0.804694,
    0.717749,
    0.763196
  ],
  "learning_rates": [
    0.001,
    0.001,
    0.001,
    0.001,
    0.001,
    0.001,
    0.001,
    0.001,
    0.001,
    0.001,
    0.001,
    0.001,
    0.001,
    0.001,
    0.001,
    0.001,
    0.001,
    0.001,
    0.001,
    0.001,
    0.0005,
    0.0005,
    0.0005,
    0.0005,
    0.0005,
    0.0005,
    0.0005,
    0.0005,
    0.0005,
    0.0005,
    0.0005,
    0.0005,
    0.0005,
    0.0005,
    0.0005,
    0.0005,
    0.0005,
    0.0005,
    0.0005
  ],
  "val_accuracy": [
    57.387336,
    69.309755,
    74.386766,
    74.32972,
    76.839703,
    78.322875,
    77.92356,
    79.691957,
    80.262407,
    77.92356,
    79.577867,
    80.604678,
    80.034227,
    79.463776,
    80.604678,
    80.718768,
    80.262407,
    79.691957,
    79.577867,
    80.148317,
    79.977182,
    80.433542,
    80.775813,
    81.118083,
    80.433542,
    80.718768,
    80.376497,
    80.547633,
    79.691957,
    78.893326,
    80.604678,
    80.319452,
    79.806047,
    79.863092,
    79.577867,
    80.262407,
    79.178551,
    79.292641,
    79.749002
  ],
  "model_info": {
    "model_class": "BaseClassifier",
    "hidden_size": 128,
    "num_classes": 23,
    "emb_size_audio": 512,
    "emb_size_text": 512,
    "dropout": 0.1,
    "use_batch_norm": true,
    "mode": "both",
    "num_folds": 5,
    "fold_id": 3,
    "batch_size": 64,
    "random_seed": 1821
  }
}