{
  "attention_audio": [
    0.494219,
    0.483623,
    0.485626,
    0.488523,
    0.488662,
    0.492715,
    0.494274,
    0.496011,
    0.493661,
    0.49638,
    0.495507,
    0.498446,
    0.494729,
    0.491759,
    0.493988,
    0.494749,
    0.491495,
    0.49372,
    0.49728,
    0.498306,
    0.498982,
    0.500577,
    0.501146,
    0.500427,
    0.498523,
    0.500141,
    0.499596,
    0.503259,
    0.504531,
    0.503116,
    0.504067,
    0.505025,
    0.507776,
    0.507703,
    0.505241,
    0.506355,
    0.505453,
    0.507647,
    0.509295,
    0.511754,
    0.511574
  ],
  "attention_text": [
    0.505781,
    0.516377,
    0.514374,
    0.511477,
    0.511338,
    0.507285,
    0.505726,
    0.503989,
    0.506339,
    0.50362,
    0.504493,
    0.501554,
    0.505271,
    0.508241,
    0.506012,
    0.505251,
    0.508505,
    0.50628,
    0.50272,
    0.501694,
    0.501018,
    0.499423,
    0.498854,
    0.499573,
    0.501477,
    0.499859,
    0.500404,
    0.496741,
    0.495469,
    0.496884,
    0.495933,
    0.494975,
    0.492224,
    0.492297,
    0.494759,
    0.493645,
    0.494547,
    0.492353,
    0.490705,
    0.488246,
    0.488426
  ],
  "train_cls_loss": [
    2.088447,
    1.267934,
    1.020296,
    0.923775,
    0.858788,
    0.82917,
    0.776775,
    0.7329,
    0.744224,
    0.716352,
    0.682861,
    0.672523,
    0.647892,
    0.633093,
    0.630072,
    0.591883,
    0.575988,
    0.562283,
    0.563704,
    0.550762,
    0.476011,
    0.439487,
    0.440929,
    0.442507,
    0.421631,
    0.412438,
    0.409297,
    0.393006,
    0.388797,
    0.389091,
    0.385675,
    0.367854,
    0.363711,
    0.362201,
    0.362893,
    0.352319,
    0.343626,
    0.349213,
    0.338856,
    0.321408,
    0.303086
  ],
  "train_total_loss": [
    2.088447,
    1.267934,
    1.020296,
    0.923775,
    0.858788,
    0.82917,
    0.776775,
    0.7329,
    0.744224,
    0.716352,
    0.682861,
    0.672523,
    0.647892,
    0.633093,
    0.630072,
    0.591883,
    0.575988,
    0.562283,
    0.563704,
    0.550762,
    0.476011,
    0.439487,
    0.440929,
    0.442507,
    0.421631,
    0.412438,
    0.409297,
    0.393006,
    0.388797,
    0.389091,
    0.385675,
    0.367854,
    0.363711,
    0.362201,
    0.362893,
    0.352319,
    0.343626,
    0.349213,
    0.338856,
    0.321408,
    0.303086
  ],
  "learning_rates": [
    0.001,
    0.001,
    0.001,
    0.001,
    0.001,
    0.001,
    0.001,
    0.001,
    0.001,
    0.001,
    0.001,
    0.001,
    0.001,
    0.001,
    0.001,
    0.001,
    0.001,
    0.001,
    0.001,
    0.001,
    0.0005,
    0.0005,
    0.0005,
    0.0005,
    0.0005,
    0.0005,
    0.0005,
    0.0005,
    0.0005,
    0.0005,
    0.0005,
    0.0005,
    0.0005,
    0.0005,
    0.0005,
    0.0005,
    0.0005,
    0.0005,
    0.0005,
    0.0005,
    0.00025
  ],
  "val_accuracy": [
    59.269823,
    68.282944,
    71.477467,
    75.641757,
    77.067884,
    76.155163,
    74.957216,
    75.584712,
    76.725613,
    75.984027,
    78.208785,
    77.866515,
    77.239019,
    78.551055,
    77.353109,
    77.980605,
    78.03765,
    77.239019,
    78.15174,
    79.235596,
    79.520821,
    79.520821,
    79.121506,
    79.634912,
    79.463776,
    80.262407,
    78.03765,
    79.806047,
    79.577867,
    79.235596,
    78.950371,
    79.863092,
    79.235596,
    79.178551,
    79.634912,
    78.722191,
    78.37992,
    79.691957,
    79.292641,
    79.520821,
    79.520821
  ],
  "model_info": {
    "model_class": "BaseClassifier",
    "hidden_size": 128,
    "num_classes": 23,
    "emb_size_audio": 512,
    "emb_size_text": 512,
    "dropout": 0.1,
    "use_batch_norm": true,
    "mode": "both",
    "num_folds": 5,
    "fold_id": 0,
    "batch_size": 64,
    "random_seed": 1821
  }
}