{
  "train_cls_loss": [
    2.554134,
    1.945342,
    1.831555,
    1.585367,
    1.542515,
    1.485247,
    1.458459,
    1.319181,
    1.331904,
    1.376295,
    1.403959,
    1.280362,
    1.387096,
    1.386818,
    1.274938,
    1.304638,
    1.28382,
    1.287,
    1.245713,
    1.226004,
    1.116191,
    1.086324,
    1.121716,
    1.061256,
    1.055007,
    1.052825,
    1.119943,
    1.076165,
    1.125101,
    1.049243,
    1.167308,
    0.977774,
    0.993791,
    1.023528,
    1.034073,
    1.06757,
    1.093725
  ],
  "train_top_cls_loss": [
    0.993288,
    0.752538,
    0.788413,
    0.693342,
    0.689467,
    0.685968,
    0.675873,
    0.602547,
    0.632392,
    0.652696,
    0.684051,
    0.611117,
    0.673554,
    0.680668,
    0.616794,
    0.636535,
    0.622066,
    0.622902,
    0.613979,
    0.60009,
    0.55245,
    0.531334,
    0.556709,
    0.523495,
    0.514842,
    0.52049,
    0.557725,
    0.537286,
    0.563719,
    0.530634,
    0.586488,
    0.480432,
    0.494558,
    0.515962,
    0.518657,
    0.546148,
    0.556576
  ],
  "train_total_loss": [
    3.249436,
    2.472118,
    2.383444,
    2.070707,
    2.025142,
    1.965425,
    1.93157,
    1.740964,
    1.774578,
    1.833182,
    1.882795,
    1.708144,
    1.858584,
    1.863285,
    1.706693,
    1.750212,
    1.719266,
    1.723032,
    1.675498,
    1.646067,
    1.502906,
    1.458257,
    1.511412,
    1.427703,
    1.415397,
    1.417168,
    1.510351,
    1.452265,
    1.519704,
    1.420686,
    1.57785,
    1.314077,
    1.339982,
    1.384701,
    1.397132,
    1.449874,
    1.483328
  ],
  "learning_rates": [
    0.001,
    0.001,
    0.001,
    0.001,
    0.001,
    0.001,
    0.001,
    0.001,
    0.001,
    0.001,
    0.001,
    0.001,
    0.001,
    0.001,
    0.001,
    0.001,
    0.001,
    0.001,
    0.001,
    0.001,
    0.0005,
    0.0005,
    0.0005,
    0.0005,
    0.0005,
    0.0005,
    0.0005,
    0.0005,
    0.0005,
    0.0005,
    0.0005,
    0.0005,
    0.0005,
    0.0005,
    0.0005,
    0.0005,
    0.0005
  ],
  "val_accuracy": [
    47.9749,
    58.585282,
    66.628637,
    69.880205,
    71.648602,
    73.64518,
    73.588135,
    75.812892,
    75.014261,
    76.440388,
    77.239019,
    76.953793,
    77.181974,
    77.124929,
    76.782658,
    77.239019,
    76.611523,
    78.208785,
    78.436965,
    76.611523,
    77.353109,
    78.6081,
    78.37992,
    77.581289,
    77.752424,
    78.37992,
    78.322875,
    76.896748,
    78.551055,
    77.296064,
    78.03765,
    77.92356,
    77.581289,
    77.124929,
    77.353109,
    76.611523,
    77.467199
  ],
  "model_info": {
    "model_class": "BaseClassifier",
    "hidden_size": 128,
    "num_classes": 23,
    "emb_size_audio": 512,
    "emb_size_text": 0,
    "dropout": 0.1,
    "use_batch_norm": true,
    "mode": "audio",
    "num_folds": 5,
    "fold_id": 2,
    "batch_size": 64,
    "random_seed": 1821
  }
}