{
  "attention_audio": [
    0.444867,
    0.431017,
    0.426566,
    0.421203,
    0.414443,
    0.411173,
    0.410654,
    0.409248,
    0.408973,
    0.411879,
    0.409834,
    0.412736,
    0.411178,
    0.414575,
    0.41274,
    0.413312,
    0.416064,
    0.415807,
    0.420264,
    0.42091,
    0.42336,
    0.426219,
    0.423249,
    0.424248,
    0.42323,
    0.425218,
    0.428988,
    0.429494,
    0.427705,
    0.428284,
    0.43051
  ],
  "attention_text": [
    0.555133,
    0.568983,
    0.573435,
    0.578797,
    0.585557,
    0.588827,
    0.589346,
    0.590752,
    0.591027,
    0.588121,
    0.590166,
    0.587264,
    0.588822,
    0.585425,
    0.58726,
    0.586688,
    0.583936,
    0.584193,
    0.579736,
    0.57909,
    0.57664,
    0.573781,
    0.576751,
    0.575752,
    0.57677,
    0.574782,
    0.571012,
    0.570506,
    0.572295,
    0.571716,
    0.56949
  ],
  "train_cls_loss": [
    0.913917,
    0.630799,
    0.568848,
    0.536256,
    0.503707,
    0.483832,
    0.466365,
    0.452841,
    0.439027,
    0.425744,
    0.412813,
    0.404056,
    0.393945,
    0.38391,
    0.378302,
    0.370356,
    0.362845,
    0.357565,
    0.346847,
    0.343454,
    0.306972,
    0.295046,
    0.286771,
    0.2843,
    0.27254,
    0.271988,
    0.26434,
    0.260151,
    0.258427,
    0.254073,
    0.24924
  ],
  "train_total_loss": [
    0.913917,
    0.630799,
    0.568848,
    0.536256,
    0.503707,
    0.483832,
    0.466365,
    0.452841,
    0.439027,
    0.425744,
    0.412813,
    0.404056,
    0.393945,
    0.38391,
    0.378302,
    0.370356,
    0.362845,
    0.357565,
    0.346847,
    0.343454,
    0.306972,
    0.295046,
    0.286771,
    0.2843,
    0.27254,
    0.271988,
    0.26434,
    0.260151,
    0.258427,
    0.254073,
    0.24924
  ],
  "learning_rates": [
    0.001,
    0.001,
    0.001,
    0.001,
    0.001,
    0.001,
    0.001,
    0.001,
    0.001,
    0.001,
    0.001,
    0.001,
    0.001,
    0.001,
    0.001,
    0.001,
    0.001,
    0.001,
    0.001,
    0.001,
    0.0005,
    0.0005,
    0.0005,
    0.0005,
    0.0005,
    0.0005,
    0.0005,
    0.0005,
    0.0005,
    0.0005,
    0.0005
  ],
  "val_accuracy": [
    68.454079,
    76.155163,
    74.843126,
    76.155163,
    74.10154,
    75.527667,
    75.755847,
    75.185396,
    76.668568,
    77.010839,
    77.124929,
    76.725613,
    75.812892,
    76.212208,
    77.524244,
    78.551055,
    77.752424,
    75.242442,
    77.695379,
    77.467199,
    78.322875,
    77.524244,
    77.010839,
    78.322875,
    77.92356,
    77.524244,
    78.094695,
    77.866515,
    77.92356,
    77.866515,
    76.782658
  ],
  "model_info": {
    "model_class": "BaseClassifier",
    "hidden_size": 128,
    "num_classes": 23,
    "emb_size_audio": 512,
    "emb_size_text": 512,
    "dropout": 0.1,
    "use_batch_norm": true,
    "mode": "both",
    "num_folds": 5,
    "fold_id": 3,
    "batch_size": 64,
    "random_seed": 1821
  }
}