{
  "attention_audio": [
    0.476267,
    0.44545,
    0.435707,
    0.430871,
    0.426504,
    0.419707,
    0.417476,
    0.415122,
    0.414281,
    0.414518,
    0.411583,
    0.412826,
    0.413653,
    0.415379,
    0.419059,
    0.420028,
    0.421368,
    0.421271,
    0.422142,
    0.4219,
    0.426156,
    0.427892,
    0.430156,
    0.430436,
    0.429065,
    0.432736,
    0.431502,
    0.431283
  ],
  "attention_text": [
    0.523733,
    0.554551,
    0.564293,
    0.569129,
    0.573496,
    0.580293,
    0.582524,
    0.584878,
    0.585719,
    0.585482,
    0.588417,
    0.587174,
    0.586347,
    0.584621,
    0.580941,
    0.579972,
    0.578632,
    0.578729,
    0.577857,
    0.5781,
    0.573844,
    0.572108,
    0.569844,
    0.569564,
    0.570935,
    0.567264,
    0.568498,
    0.568717
  ],
  "train_cls_loss": [
    0.833351,
    0.580781,
    0.509634,
    0.470705,
    0.446492,
    0.430636,
    0.4132,
    0.398191,
    0.38522,
    0.371512,
    0.362155,
    0.353782,
    0.346112,
    0.337657,
    0.330488,
    0.322266,
    0.317423,
    0.310228,
    0.301956,
    0.300326,
    0.268882,
    0.257494,
    0.24859,
    0.243072,
    0.241952,
    0.234776,
    0.232628,
    0.227511
  ],
  "train_total_loss": [
    0.833351,
    0.580781,
    0.509634,
    0.470705,
    0.446492,
    0.430636,
    0.4132,
    0.398191,
    0.38522,
    0.371512,
    0.362155,
    0.353782,
    0.346112,
    0.337657,
    0.330488,
    0.322266,
    0.317423,
    0.310228,
    0.301956,
    0.300326,
    0.268882,
    0.257494,
    0.24859,
    0.243072,
    0.241952,
    0.234776,
    0.232628,
    0.227511
  ],
  "learning_rates": [
    0.001,
    0.001,
    0.001,
    0.001,
    0.001,
    0.001,
    0.001,
    0.001,
    0.001,
    0.001,
    0.001,
    0.001,
    0.001,
    0.001,
    0.001,
    0.001,
    0.001,
    0.001,
    0.001,
    0.001,
    0.0005,
    0.0005,
    0.0005,
    0.0005,
    0.0005,
    0.0005,
    0.0005,
    0.0005
  ],
  "val_accuracy": [
    63.320023,
    74.10154,
    74.671991,
    75.470622,
    74.10154,
    74.671991,
    74.044495,
    75.527667,
    76.269253,
    76.725613,
    76.554478,
    77.067884,
    78.03765,
    76.725613,
    75.413577,
    77.181974,
    76.155163,
    76.212208,
    77.752424,
    76.953793,
    77.809469,
    76.554478,
    77.581289,
    76.896748,
    77.866515,
    77.124929,
    77.92356,
    77.809469
  ],
  "model_info": {
    "model_class": "BaseClassifier",
    "hidden_size": 128,
    "num_classes": 23,
    "emb_size_audio": 512,
    "emb_size_text": 512,
    "dropout": 0.1,
    "use_batch_norm": true,
    "mode": "both",
    "num_folds": 5,
    "fold_id": 1,
    "batch_size": 64,
    "random_seed": 1821
  }
}