{
  "attention_audio": [
    0.368118,
    0.382837,
    0.376294,
    0.369269,
    0.372077,
    0.369372,
    0.367222,
    0.368916,
    0.370077,
    0.370742,
    0.369286,
    0.363003,
    0.369932,
    0.367347,
    0.370137,
    0.371729,
    0.375904,
    0.377164,
    0.37675,
    0.374624,
    0.375841,
    0.377546,
    0.377512,
    0.375568,
    0.377293,
    0.37775,
    0.377216,
    0.380966,
    0.383461,
    0.382619,
    0.381142,
    0.382302,
    0.385364,
    0.385359,
    0.380304,
    0.383882
  ],
  "attention_text": [
    0.350877,
    0.376271,
    0.371288,
    0.375984,
    0.382283,
    0.381089,
    0.388852,
    0.386911,
    0.38503,
    0.38292,
    0.382084,
    0.3892,
    0.386141,
    0.385001,
    0.387655,
    0.385806,
    0.383721,
    0.385735,
    0.386069,
    0.39035,
    0.387697,
    0.387611,
    0.388474,
    0.389929,
    0.386729,
    0.382211,
    0.384426,
    0.381539,
    0.376409,
    0.37806,
    0.376995,
    0.376619,
    0.37512,
    0.371383,
    0.38313,
    0.378039
  ],
  "train_cls_loss": [
    2.204831,
    1.334292,
    1.091789,
    0.971809,
    0.920203,
    0.883502,
    0.844697,
    0.769267,
    0.763601,
    0.725911,
    0.722127,
    0.696082,
    0.678695,
    0.668208,
    0.636143,
    0.626473,
    0.598728,
    0.604126,
    0.554469,
    0.578594,
    0.488375,
    0.458624,
    0.456734,
    0.430766,
    0.439384,
    0.439248,
    0.410922,
    0.413952,
    0.390468,
    0.389223,
    0.395653,
    0.369146,
    0.379996,
    0.373734,
    0.36247,
    0.358552
  ],
  "train_total_loss": [
    2.204831,
    1.334292,
    1.091789,
    0.971809,
    0.920203,
    0.883502,
    0.844697,
    0.769267,
    0.763601,
    0.725911,
    0.722127,
    0.696082,
    0.678695,
    0.668208,
    0.636143,
    0.626473,
    0.598728,
    0.604126,
    0.554469,
    0.578594,
    0.488375,
    0.458624,
    0.456734,
    0.430766,
    0.439384,
    0.439248,
    0.410922,
    0.413952,
    0.390468,
    0.389223,
    0.395653,
    0.369146,
    0.379996,
    0.373734,
    0.36247,
    0.358552
  ],
  "learning_rates": [
    0.001,
    0.001,
    0.001,
    0.001,
    0.001,
    0.001,
    0.001,
    0.001,
    0.001,
    0.001,
    0.001,
    0.001,
    0.001,
    0.001,
    0.001,
    0.001,
    0.001,
    0.001,
    0.001,
    0.001,
    0.0005,
    0.0005,
    0.0005,
    0.0005,
    0.0005,
    0.0005,
    0.0005,
    0.0005,
    0.0005,
    0.0005,
    0.0005,
    0.0005,
    0.0005,
    0.0005,
    0.0005,
    0.0005
  ],
  "val_accuracy": [
    63.719338,
    69.3668,
    73.75927,
    75.014261,
    76.155163,
    76.269253,
    77.92356,
    77.92356,
    77.239019,
    78.779236,
    78.836281,
    79.121506,
    79.634912,
    79.007416,
    80.604678,
    80.604678,
    79.064461,
    79.691957,
    79.634912,
    78.665145,
    80.832858,
    80.262407,
    80.604678,
    80.433542,
    80.376497,
    79.806047,
    79.920137,
    79.806047,
    80.547633,
    80.547633,
    80.148317,
    80.661723,
    79.806047,
    79.806047,
    80.775813,
    79.863092
  ],
  "model_info": {
    "model_class": "BaseClassifier",
    "hidden_size": 128,
    "num_classes": 23,
    "emb_size_audio": 512,
    "emb_size_text": 512,
    "dropout": 0.1,
    "use_batch_norm": true,
    "mode": "both",
    "num_folds": 5,
    "fold_id": 0,
    "batch_size": 64,
    "random_seed": 1821
  }
}