{
  "attention_audio": [
    0.482536,
    0.466739,
    0.468704,
    0.473505,
    0.472024,
    0.468144,
    0.469951,
    0.470805,
    0.473531,
    0.476921,
    0.473708,
    0.473079,
    0.471797,
    0.471642,
    0.46848,
    0.470042,
    0.473797,
    0.471939,
    0.4698,
    0.473151,
    0.476916,
    0.476145,
    0.478888,
    0.478336,
    0.47926,
    0.481715,
    0.479851,
    0.483937,
    0.481294,
    0.483801,
    0.48441,
    0.48591,
    0.488276,
    0.486334,
    0.485088,
    0.484913,
    0.48473
  ],
  "attention_text": [
    0.517464,
    0.533261,
    0.531296,
    0.526495,
    0.527976,
    0.531856,
    0.530049,
    0.529195,
    0.526469,
    0.523079,
    0.526292,
    0.526921,
    0.528203,
    0.528358,
    0.53152,
    0.529958,
    0.526203,
    0.528061,
    0.5302,
    0.526849,
    0.523084,
    0.523855,
    0.521112,
    0.521664,
    0.52074,
    0.518285,
    0.520149,
    0.516063,
    0.518706,
    0.516199,
    0.51559,
    0.51409,
    0.511724,
    0.513666,
    0.514912,
    0.515087,
    0.51527
  ],
  "train_cls_loss": [
    2.189574,
    1.370341,
    1.169799,
    1.064233,
    0.977505,
    0.933298,
    0.870716,
    0.851956,
    0.808143,
    0.792008,
    0.760931,
    0.746408,
    0.702333,
    0.694706,
    0.676187,
    0.661852,
    0.641045,
    0.629592,
    0.616081,
    0.58586,
    0.516804,
    0.473353,
    0.462661,
    0.459289,
    0.436704,
    0.436673,
    0.427986,
    0.43794,
    0.404617,
    0.389364,
    0.393639,
    0.401494,
    0.36888,
    0.370266,
    0.371659,
    0.3574,
    0.340713
  ],
  "train_total_loss": [
    2.189574,
    1.370341,
    1.169799,
    1.064233,
    0.977505,
    0.933298,
    0.870716,
    0.851956,
    0.808143,
    0.792008,
    0.760931,
    0.746408,
    0.702333,
    0.694706,
    0.676187,
    0.661852,
    0.641045,
    0.629592,
    0.616081,
    0.58586,
    0.516804,
    0.473353,
    0.462661,
    0.459289,
    0.436704,
    0.436673,
    0.427986,
    0.43794,
    0.404617,
    0.389364,
    0.393639,
    0.401494,
    0.36888,
    0.370266,
    0.371659,
    0.3574,
    0.340713
  ],
  "learning_rates": [
    0.001,
    0.001,
    0.001,
    0.001,
    0.001,
    0.001,
    0.001,
    0.001,
    0.001,
    0.001,
    0.001,
    0.001,
    0.001,
    0.001,
    0.001,
    0.001,
    0.001,
    0.001,
    0.001,
    0.001,
    0.0005,
    0.0005,
    0.0005,
    0.0005,
    0.0005,
    0.0005,
    0.0005,
    0.0005,
    0.0005,
    0.0005,
    0.0005,
    0.0005,
    0.0005,
    0.0005,
    0.0005,
    0.0005,
    0.0005
  ],
  "val_accuracy": [
    59.137931,
    69.54023,
    71.724138,
    70.402299,
    74.885057,
    75.977011,
    75.862069,
    77.471264,
    77.758621,
    76.37931,
    76.896552,
    78.390805,
    78.793103,
    77.471264,
    78.045977,
    78.16092,
    78.103448,
    79.597701,
    77.816092,
    78.678161,
    79.482759,
    79.655172,
    79.252874,
    79.08046,
    78.62069,
    78.390805,
    78.678161,
    79.367816,
    78.505747,
    78.850575,
    79.425287,
    78.908046,
    78.16092,
    77.701149,
    78.735632,
    77.931034,
    79.310345
  ],
  "model_info": {
    "model_class": "BaseClassifier",
    "hidden_size": 128,
    "num_classes": 23,
    "emb_size_audio": 768,
    "emb_size_text": 512,
    "dropout": 0.1,
    "use_batch_norm": true,
    "mode": "both",
    "num_folds": 5,
    "fold_id": 4,
    "batch_size": 64,
    "random_seed": 1821
  }
}