{
  "train_cls_loss": [
    2.166351,
    1.396405,
    1.19453,
    1.098303,
    1.030983,
    0.960171,
    0.927969,
    0.874075,
    0.837163,
    0.809402,
    0.7928,
    0.787285,
    0.756054,
    0.745214,
    0.72531,
    0.697791,
    0.710129,
    0.663338,
    0.667698,
    0.653962,
    0.606867,
    0.568682,
    0.536639,
    0.534845,
    0.545782,
    0.532772,
    0.516068,
    0.513655,
    0.510119,
    0.494847,
    0.498482,
    0.488289,
    0.482176,
    0.468585,
    0.453531,
    0.452873,
    0.449058,
    0.461876,
    0.4404,
    0.434752
  ],
  "train_total_loss": [
    2.166351,
    1.396405,
    1.19453,
    1.098303,
    1.030983,
    0.960171,
    0.927969,
    0.874075,
    0.837163,
    0.809402,
    0.7928,
    0.787285,
    0.756054,
    0.745214,
    0.72531,
    0.697791,
    0.710129,
    0.663338,
    0.667698,
    0.653962,
    0.606867,
    0.568682,
    0.536639,
    0.534845,
    0.545782,
    0.532772,
    0.516068,
    0.513655,
    0.510119,
    0.494847,
    0.498482,
    0.488289,
    0.482176,
    0.468585,
    0.453531,
    0.452873,
    0.449058,
    0.461876,
    0.4404,
    0.434752
  ],
  "learning_rates": [
    0.001,
    0.001,
    0.001,
    0.001,
    0.001,
    0.001,
    0.001,
    0.001,
    0.001,
    0.001,
    0.001,
    0.001,
    0.001,
    0.001,
    0.001,
    0.001,
    0.001,
    0.001,
    0.001,
    0.001,
    0.0005,
    0.0005,
    0.0005,
    0.0005,
    0.0005,
    0.0005,
    0.0005,
    0.0005,
    0.0005,
    0.0005,
    0.0005,
    0.0005,
    0.0005,
    0.0005,
    0.0005,
    0.0005,
    0.0005,
    0.0005,
    0.0005,
    0.0005
  ],
  "val_accuracy": [
    59.212778,
    64.803195,
    69.93725,
    71.990873,
    72.162008,
    71.705647,
    74.957216,
    75.527667,
    74.957216,
    74.272675,
    75.641757,
    76.212208,
    76.383343,
    75.755847,
    77.181974,
    76.212208,
    77.695379,
    77.809469,
    77.695379,
    76.782658,
    77.524244,
    77.353109,
    77.353109,
    77.980605,
    78.15174,
    78.15174,
    77.752424,
    77.752424,
    77.067884,
    76.782658,
    77.92356,
    77.124929,
    76.554478,
    77.638334,
    77.296064,
    76.953793,
    77.239019,
    77.581289,
    77.181974,
    76.839703
  ],
  "model_info": {
    "model_class": "BaseClassifier",
    "hidden_size": 128,
    "num_classes": 23,
    "emb_size_audio": 512,
    "emb_size_text": 0,
    "dropout": 0.1,
    "use_batch_norm": true,
    "mode": "audio",
    "num_folds": 5,
    "fold_id": 4,
    "batch_size": 64,
    "random_seed": 1821
  }
}