{
  "attention_audio": [
    0.510191,
    0.492681,
    0.486651,
    0.49024,
    0.493772,
    0.490274,
    0.490514,
    0.48734,
    0.487141,
    0.488022,
    0.484655,
    0.486625,
    0.485195,
    0.487358,
    0.489687,
    0.49009,
    0.489725,
    0.497354,
    0.492398,
    0.496368,
    0.498481,
    0.500915,
    0.501622,
    0.500366,
    0.502457,
    0.501585,
    0.503381,
    0.502353,
    0.50466,
    0.503098,
    0.502515,
    0.506933,
    0.507059,
    0.508003,
    0.506583,
    0.506416
  ],
  "attention_text": [
    0.489809,
    0.507319,
    0.513349,
    0.50976,
    0.506228,
    0.509726,
    0.509486,
    0.51266,
    0.512859,
    0.511978,
    0.515345,
    0.513375,
    0.514805,
    0.512642,
    0.510313,
    0.50991,
    0.510275,
    0.502646,
    0.507602,
    0.503632,
    0.501519,
    0.499085,
    0.498378,
    0.499634,
    0.497543,
    0.498415,
    0.496619,
    0.497647,
    0.49534,
    0.496902,
    0.497485,
    0.493067,
    0.492941,
    0.491998,
    0.493417,
    0.493584
  ],
  "train_cls_loss": [
    2.266839,
    1.565852,
    1.459254,
    1.424123,
    1.311647,
    1.236879,
    1.259931,
    1.146849,
    1.129826,
    1.248441,
    1.212856,
    1.099241,
    1.075361,
    0.997895,
    1.074496,
    1.084939,
    1.10275,
    0.98692,
    1.00735,
    0.999644,
    0.911194,
    0.745747,
    0.87228,
    0.881908,
    0.870409,
    0.832465,
    0.845383,
    0.82629,
    0.771218,
    0.810622,
    0.933991,
    0.884769,
    0.846742,
    0.75423,
    0.79063,
    0.796196
  ],
  "train_total_loss": [
    2.266839,
    1.565852,
    1.459254,
    1.424123,
    1.311647,
    1.236879,
    1.259931,
    1.146849,
    1.129826,
    1.248441,
    1.212856,
    1.099241,
    1.075361,
    0.997895,
    1.074496,
    1.084939,
    1.10275,
    0.98692,
    1.00735,
    0.999644,
    0.911194,
    0.745747,
    0.87228,
    0.881908,
    0.870409,
    0.832465,
    0.845383,
    0.82629,
    0.771218,
    0.810622,
    0.933991,
    0.884769,
    0.846742,
    0.75423,
    0.79063,
    0.796196
  ],
  "learning_rates": [
    0.001,
    0.001,
    0.001,
    0.001,
    0.001,
    0.001,
    0.001,
    0.001,
    0.001,
    0.001,
    0.001,
    0.001,
    0.001,
    0.001,
    0.001,
    0.001,
    0.001,
    0.001,
    0.001,
    0.001,
    0.0005,
    0.0005,
    0.0005,
    0.0005,
    0.0005,
    0.0005,
    0.0005,
    0.0005,
    0.0005,
    0.0005,
    0.0005,
    0.0005,
    0.0005,
    0.0005,
    0.0005,
    0.0005
  ],
  "val_accuracy": [
    58.984598,
    69.537935,
    73.017684,
    76.041072,
    75.984027,
    76.212208,
    77.467199,
    76.611523,
    78.551055,
    78.37992,
    79.121506,
    78.551055,
    78.208785,
    78.722191,
    79.178551,
    78.208785,
    79.577867,
    79.463776,
    79.235596,
    79.064461,
    80.433542,
    80.091272,
    79.977182,
    79.634912,
    79.235596,
    79.691957,
    79.691957,
    79.863092,
    79.806047,
    78.836281,
    79.463776,
    79.520821,
    80.148317,
    79.292641,
    79.235596,
    79.406731
  ],
  "model_info": {
    "model_class": "BaseClassifier",
    "hidden_size": 128,
    "num_classes": 23,
    "emb_size_audio": 768,
    "emb_size_text": 512,
    "dropout": 0.1,
    "use_batch_norm": true,
    "mode": "both",
    "num_folds": 5,
    "fold_id": 3,
    "batch_size": 64,
    "random_seed": 1821
  }
}