{
  "attention_audio": [
    0.475429,
    0.394877,
    0.398071,
    0.394915,
    0.394426,
    0.385827,
    0.39335,
    0.396315,
    0.398785,
    0.39804,
    0.390083,
    0.394228,
    0.396301,
    0.390633,
    0.390985,
    0.395265,
    0.391415,
    0.385455,
    0.38956,
    0.388828,
    0.390744,
    0.386749,
    0.385001,
    0.383913,
    0.390031,
    0.389566,
    0.388431,
    0.390383,
    0.385571,
    0.388519,
    0.388721,
    0.386085,
    0.388114,
    0.38539,
    0.384392,
    0.384519,
    0.381034,
    0.385381,
    0.384811,
    0.384655,
    0.3849,
    0.387171,
    0.387335,
    0.384545,
    0.384055,
    0.385887
  ],
  "attention_text": [
    0.524571,
    0.605123,
    0.601929,
    0.605085,
    0.605573,
    0.614173,
    0.60665,
    0.603685,
    0.601215,
    0.60196,
    0.609917,
    0.605772,
    0.603699,
    0.609367,
    0.609015,
    0.604735,
    0.608585,
    0.614545,
    0.61044,
    0.611172,
    0.609256,
    0.613251,
    0.614999,
    0.616087,
    0.609969,
    0.610434,
    0.611569,
    0.609617,
    0.614429,
    0.611481,
    0.611279,
    0.613915,
    0.611886,
    0.61461,
    0.615608,
    0.615481,
    0.618966,
    0.614619,
    0.615189,
    0.615345,
    0.6151,
    0.612829,
    0.612665,
    0.615455,
    0.615945,
    0.614113
  ],
  "train_cls_loss": [
    2.385363,
    1.404349,
    1.221285,
    1.097001,
    1.046826,
    0.985793,
    0.960271,
    0.908872,
    0.892345,
    0.845481,
    0.867399,
    0.821433,
    0.809571,
    0.789741,
    0.763339,
    0.749179,
    0.728077,
    0.726697,
    0.717213,
    0.709278,
    0.644052,
    0.61214,
    0.602137,
    0.609995,
    0.604022,
    0.588401,
    0.586017,
    0.569717,
    0.572664,
    0.553351,
    0.555384,
    0.540136,
    0.538754,
    0.533117,
    0.52806,
    0.536701,
    0.52687,
    0.523891,
    0.507705,
    0.50674,
    0.455363,
    0.456613,
    0.433607,
    0.424917,
    0.426339,
    0.42246
  ],
  "train_total_loss": [
    2.385363,
    1.404349,
    1.221285,
    1.097001,
    1.046826,
    0.985793,
    0.960271,
    0.908872,
    0.892345,
    0.845481,
    0.867399,
    0.821433,
    0.809571,
    0.789741,
    0.763339,
    0.749179,
    0.728077,
    0.726697,
    0.717213,
    0.709278,
    0.644052,
    0.61214,
    0.602137,
    0.609995,
    0.604022,
    0.588401,
    0.586017,
    0.569717,
    0.572664,
    0.553351,
    0.555384,
    0.540136,
    0.538754,
    0.533117,
    0.52806,
    0.536701,
    0.52687,
    0.523891,
    0.507705,
    0.50674,
    0.455363,
    0.456613,
    0.433607,
    0.424917,
    0.426339,
    0.42246
  ],
  "learning_rates": [
    0.001,
    0.001,
    0.001,
    0.001,
    0.001,
    0.001,
    0.001,
    0.001,
    0.001,
    0.001,
    0.001,
    0.001,
    0.001,
    0.001,
    0.001,
    0.001,
    0.001,
    0.001,
    0.001,
    0.001,
    0.0005,
    0.0005,
    0.0005,
    0.0005,
    0.0005,
    0.0005,
    0.0005,
    0.0005,
    0.0005,
    0.0005,
    0.0005,
    0.0005,
    0.0005,
    0.0005,
    0.0005,
    0.0005,
    0.0005,
    0.0005,
    0.0005,
    0.0005,
    0.00025,
    0.00025,
    0.00025,
    0.00025,
    0.00025,
    0.00025
  ],
  "val_accuracy": [
    57.273246,
    66.457501,
    70.507701,
    71.762693,
    74.443811,
    74.386766,
    75.185396,
    75.242442,
    75.812892,
    75.128351,
    77.410154,
    77.353109,
    77.752424,
    77.410154,
    77.581289,
    75.356532,
    78.03765,
    77.181974,
    77.980605,
    78.26583,
    79.007416,
    78.551055,
    77.695379,
    78.094695,
    78.836281,
    78.779236,
    78.551055,
    78.893326,
    79.292641,
    78.6081,
    79.463776,
    78.37992,
    79.064461,
    78.551055,
    79.007416,
    78.322875,
    79.121506,
    78.094695,
    77.524244,
    77.752424,
    78.208785,
    78.49401,
    78.03765,
    78.208785,
    78.893326,
    79.007416
  ],
  "model_info": {
    "model_class": "BaseClassifier",
    "hidden_size": 128,
    "num_classes": 23,
    "emb_size_audio": 512,
    "emb_size_text": 512,
    "dropout": 0.1,
    "use_batch_norm": true,
    "mode": "both",
    "num_folds": 5,
    "fold_id": 1,
    "batch_size": 64,
    "random_seed": 1821
  }
}