{
  "train_cls_loss": [
    1.416631,
    0.924953,
    0.785842,
    0.727693,
    0.663477,
    0.626977,
    0.610839,
    0.582464,
    0.564353,
    0.541783,
    0.528051,
    0.516157,
    0.494891,
    0.488132,
    0.459249,
    0.452654,
    0.443307,
    0.444433,
    0.437084,
    0.427507,
    0.381228,
    0.364178,
    0.355887,
    0.346326,
    0.347393,
    0.325901,
    0.328415,
    0.335631,
    0.319461,
    0.318988,
    0.317276,
    0.319619,
    0.313573,
    0.31355,
    0.304731,
    0.29753,
    0.289766,
    0.292994
  ],
  "train_total_loss": [
    1.416631,
    0.924953,
    0.785842,
    0.727693,
    0.663477,
    0.626977,
    0.610839,
    0.582464,
    0.564353,
    0.541783,
    0.528051,
    0.516157,
    0.494891,
    0.488132,
    0.459249,
    0.452654,
    0.443307,
    0.444433,
    0.437084,
    0.427507,
    0.381228,
    0.364178,
    0.355887,
    0.346326,
    0.347393,
    0.325901,
    0.328415,
    0.335631,
    0.319461,
    0.318988,
    0.317276,
    0.319619,
    0.313573,
    0.31355,
    0.304731,
    0.29753,
    0.289766,
    0.292994
  ],
  "learning_rates": [
    0.001,
    0.001,
    0.001,
    0.001,
    0.001,
    0.001,
    0.001,
    0.001,
    0.001,
    0.001,
    0.001,
    0.001,
    0.001,
    0.001,
    0.001,
    0.001,
    0.001,
    0.001,
    0.001,
    0.001,
    0.0005,
    0.0005,
    0.0005,
    0.0005,
    0.0005,
    0.0005,
    0.0005,
    0.0005,
    0.0005,
    0.0005,
    0.0005,
    0.0005,
    0.0005,
    0.0005,
    0.0005,
    0.0005,
    0.0005,
    0.0005
  ],
  "val_accuracy": [
    57.387336,
    63.776383,
    70.735881,
    73.474044,
    72.732459,
    73.816315,
    75.527667,
    75.014261,
    75.128351,
    75.527667,
    75.641757,
    75.413577,
    77.067884,
    77.239019,
    77.980605,
    76.497433,
    76.896748,
    77.124929,
    77.524244,
    77.809469,
    79.007416,
    78.722191,
    79.121506,
    78.665145,
    77.980605,
    78.722191,
    77.980605,
    78.15174,
    79.007416,
    78.26583,
    78.15174,
    78.322875,
    77.752424,
    78.15174,
    78.893326,
    77.980605,
    78.779236,
    77.239019
  ],
  "model_info": {
    "model_class": "BaseClassifier",
    "hidden_size": 128,
    "num_classes": 23,
    "emb_size_audio": 512,
    "emb_size_text": 0,
    "dropout": 0.1,
    "use_batch_norm": true,
    "mode": "audio",
    "num_folds": 5,
    "fold_id": 2,
    "batch_size": 64,
    "random_seed": 1821
  }
}