{
  "attention_audio": [
    0.498349,
    0.50242,
    0.498893,
    0.497247,
    0.501642,
    0.499418,
    0.496841,
    0.49686,
    0.501335,
    0.500698,
    0.503964,
    0.506799,
    0.502416,
    0.503169,
    0.503888,
    0.503601,
    0.503935,
    0.503693,
    0.501835,
    0.50586,
    0.503714,
    0.505452,
    0.510699,
    0.510438,
    0.511029,
    0.511132,
    0.512225,
    0.511173,
    0.511804,
    0.512107,
    0.51328,
    0.512536,
    0.513786,
    0.511939,
    0.513978,
    0.514778,
    0.514248,
    0.517409,
    0.515064,
    0.513624,
    0.514424,
    0.512747
  ],
  "attention_text": [
    0.501651,
    0.49758,
    0.501107,
    0.502753,
    0.498359,
    0.500582,
    0.503159,
    0.50314,
    0.498665,
    0.499302,
    0.496036,
    0.493201,
    0.497584,
    0.496831,
    0.496112,
    0.496399,
    0.496065,
    0.496307,
    0.498166,
    0.49414,
    0.496286,
    0.494548,
    0.489301,
    0.489562,
    0.488971,
    0.488868,
    0.487775,
    0.488827,
    0.488196,
    0.487893,
    0.48672,
    0.487464,
    0.486214,
    0.488061,
    0.486022,
    0.485222,
    0.485752,
    0.482591,
    0.484936,
    0.486376,
    0.485576,
    0.487253
  ],
  "train_cls_loss": [
    2.230515,
    1.335346,
    1.148505,
    1.000514,
    0.930673,
    0.871873,
    0.808629,
    0.783317,
    0.768009,
    0.715055,
    0.706117,
    0.680485,
    0.656728,
    0.620988,
    0.639391,
    0.595717,
    0.572431,
    0.551859,
    0.551864,
    0.536819,
    0.443527,
    0.414732,
    0.407961,
    0.401679,
    0.387031,
    0.3763,
    0.385168,
    0.365598,
    0.344054,
    0.348765,
    0.343083,
    0.329827,
    0.331785,
    0.328723,
    0.306958,
    0.302414,
    0.293646,
    0.317129,
    0.290088,
    0.276857,
    0.245187,
    0.224159
  ],
  "train_contrastive_loss": [
    3.804701,
    3.603165,
    3.562271,
    3.52017,
    3.51098,
    3.481886,
    3.454103,
    3.445645,
    3.435681,
    3.420226,
    3.411733,
    3.400496,
    3.385245,
    3.378111,
    3.368773,
    3.35117,
    3.346233,
    3.342054,
    3.333205,
    3.330411,
    3.291984,
    3.285656,
    3.278502,
    3.271782,
    3.272015,
    3.251975,
    3.259174,
    3.253588,
    3.238541,
    3.23684,
    3.235666,
    3.225893,
    3.236777,
    3.222463,
    3.217486,
    3.217402,
    3.202534,
    3.215204,
    3.202247,
    3.200809,
    3.182042,
    3.176201
  ],
  "train_total_loss": [
    4.132865,
    3.136928,
    2.92964,
    2.760599,
    2.686163,
    2.612816,
    2.535681,
    2.50614,
    2.485849,
    2.425168,
    2.411983,
    2.380733,
    2.349351,
    2.310043,
    2.323777,
    2.271303,
    2.245547,
    2.222886,
    2.218466,
    2.202024,
    2.089519,
    2.05756,
    2.047212,
    2.03757,
    2.023038,
    2.002288,
    2.014755,
    1.992391,
    1.963324,
    1.967185,
    1.960916,
    1.942773,
    1.950173,
    1.939954,
    1.915701,
    1.911115,
    1.894913,
    1.924731,
    1.891211,
    1.877262,
    1.836208,
    1.81226
  ],
  "learning_rates": [
    0.001,
    0.001,
    0.001,
    0.001,
    0.001,
    0.001,
    0.001,
    0.001,
    0.001,
    0.001,
    0.001,
    0.001,
    0.001,
    0.001,
    0.001,
    0.001,
    0.001,
    0.001,
    0.001,
    0.001,
    0.0005,
    0.0005,
    0.0005,
    0.0005,
    0.0005,
    0.0005,
    0.0005,
    0.0005,
    0.0005,
    0.0005,
    0.0005,
    0.0005,
    0.0005,
    0.0005,
    0.0005,
    0.0005,
    0.0005,
    0.0005,
    0.0005,
    0.0005,
    0.00025,
    0.00025
  ],
  "val_accuracy": [
    61.494581,
    69.25271,
    70.165431,
    73.98745,
    74.044495,
    75.299487,
    75.470622,
    76.212208,
    77.067884,
    77.638334,
    77.92356,
    78.950371,
    78.836281,
    79.577867,
    78.551055,
    78.49401,
    79.064461,
    77.980605,
    77.866515,
    79.749002,
    80.319452,
    79.920137,
    79.178551,
    79.920137,
    80.262407,
    79.406731,
    80.376497,
    79.691957,
    79.349686,
    79.235596,
    80.376497,
    78.836281,
    79.064461,
    80.148317,
    78.950371,
    78.722191,
    79.064461,
    79.977182,
    79.406731,
    79.235596,
    79.577867,
    79.064461
  ],
  "model_info": {
    "model_class": "BaseClassifier",
    "hidden_size": 128,
    "num_classes": 23,
    "emb_size_audio": 512,
    "emb_size_text": 512,
    "dropout": 0.1,
    "use_batch_norm": true,
    "mode": "both",
    "num_folds": 5,
    "fold_id": 0,
    "batch_size": 64,
    "random_seed": 1821
  }
}