{
  "train_cls_loss": [
    2.360545,
    1.920599,
    1.746327,
    1.710828,
    1.644095,
    1.555686,
    1.537486,
    1.546058,
    1.45911,
    1.487894,
    1.480509,
    1.429018,
    1.397525,
    1.350287,
    1.323512,
    1.369239,
    1.355133,
    1.329346,
    1.308624,
    1.279733,
    1.209379,
    1.223056,
    1.205243,
    1.179027,
    1.234706,
    1.17292,
    1.161379,
    1.132187,
    1.100515,
    1.092493,
    1.074603,
    1.117587,
    1.08663,
    1.08161,
    1.106649,
    1.127496,
    1.057156,
    1.097186,
    1.055433,
    1.082652,
    1.056988,
    1.020648,
    1.016792,
    0.933132,
    0.942819,
    0.931632
  ],
  "train_total_loss": [
    2.360545,
    1.920599,
    1.746327,
    1.710828,
    1.644095,
    1.555686,
    1.537486,
    1.546058,
    1.45911,
    1.487894,
    1.480509,
    1.429018,
    1.397525,
    1.350287,
    1.323512,
    1.369239,
    1.355133,
    1.329346,
    1.308624,
    1.279733,
    1.209379,
    1.223056,
    1.205243,
    1.179027,
    1.234706,
    1.17292,
    1.161379,
    1.132187,
    1.100515,
    1.092493,
    1.074603,
    1.117587,
    1.08663,
    1.08161,
    1.106649,
    1.127496,
    1.057156,
    1.097186,
    1.055433,
    1.082652,
    1.056988,
    1.020648,
    1.016792,
    0.933132,
    0.942819,
    0.931632
  ],
  "learning_rates": [
    0.001,
    0.001,
    0.001,
    0.001,
    0.001,
    0.001,
    0.001,
    0.001,
    0.001,
    0.001,
    0.001,
    0.001,
    0.001,
    0.001,
    0.001,
    0.001,
    0.001,
    0.001,
    0.001,
    0.001,
    0.0005,
    0.0005,
    0.0005,
    0.0005,
    0.0005,
    0.0005,
    0.0005,
    0.0005,
    0.0005,
    0.0005,
    0.0005,
    0.0005,
    0.0005,
    0.0005,
    0.0005,
    0.0005,
    0.0005,
    0.0005,
    0.0005,
    0.0005,
    0.00025,
    0.00025,
    0.00025,
    0.00025,
    0.00025,
    0.00025
  ],
  "val_accuracy": [
    60.353679,
    68.967484,
    64.517969,
    68.853394,
    69.880205,
    71.021107,
    70.222476,
    71.477467,
    69.766115,
    72.333143,
    70.792926,
    70.678836,
    71.933828,
    71.021107,
    71.192242,
    73.474044,
    72.504278,
    71.876783,
    73.87336,
    74.10154,
    74.671991,
    75.356532,
    73.017684,
    74.900171,
    73.017684,
    72.219053,
    72.789504,
    73.245864,
    73.75927,
    73.87336,
    75.812892,
    73.75927,
    73.98745,
    73.75927,
    73.53109,
    73.87336,
    72.846549,
    72.732459,
    73.588135,
    73.074729,
    72.789504,
    73.87336,
    72.504278,
    72.390188,
    73.074729,
    73.074729
  ],
  "model_info": {
    "model_class": "BaseClassifier",
    "hidden_size": 128,
    "num_classes": 23,
    "emb_size_audio": 512,
    "emb_size_text": 0,
    "dropout": 0.1,
    "use_batch_norm": true,
    "mode": "audio",
    "num_folds": 5,
    "fold_id": 2,
    "batch_size": 64,
    "random_seed": 1821
  }
}