{
  "train_cls_loss": [
    2.481422,
    1.760275,
    1.583565,
    1.474911,
    1.358946,
    1.252857,
    1.191869,
    1.117947,
    1.073658,
    1.005364,
    0.977085,
    0.940423,
    0.918495,
    0.916379,
    0.87605,
    0.849982,
    0.856383,
    0.812885,
    0.808662,
    0.776016,
    0.708222,
    0.679839,
    0.686809,
    0.659115,
    0.644483,
    0.642314,
    0.626134,
    0.623046,
    0.615591,
    0.616222,
    0.590232,
    0.605355,
    0.582951,
    0.575483,
    0.570289,
    0.54501,
    0.541754,
    0.549612,
    0.545188,
    0.518854,
    0.50047,
    0.473495
  ],
  "train_top_cls_loss": [
    0.835641,
    0.54733,
    0.500407,
    0.481511,
    0.464841,
    0.459199,
    0.443524,
    0.429271,
    0.422541,
    0.400278,
    0.392794,
    0.370754,
    0.380622,
    0.370072,
    0.367887,
    0.338839,
    0.354698,
    0.33421,
    0.337822,
    0.312605,
    0.287763,
    0.27833,
    0.26999,
    0.265711,
    0.25625,
    0.257218,
    0.238195,
    0.245002,
    0.245503,
    0.245404,
    0.225287,
    0.244173,
    0.234362,
    0.225439,
    0.226486,
    0.222398,
    0.212919,
    0.217646,
    0.217112,
    0.205171,
    0.187651,
    0.180419
  ],
  "train_total_loss": [
    3.734883,
    2.58127,
    2.334175,
    2.197178,
    2.056208,
    1.941657,
    1.857154,
    1.761853,
    1.70747,
    1.605781,
    1.566276,
    1.496554,
    1.489428,
    1.471487,
    1.42788,
    1.35824,
    1.388429,
    1.3142,
    1.315394,
    1.244924,
    1.139867,
    1.097335,
    1.091794,
    1.057681,
    1.028859,
    1.02814,
    0.983427,
    0.990548,
    0.983845,
    0.984328,
    0.928163,
    0.971614,
    0.934495,
    0.913642,
    0.910018,
    0.878607,
    0.861132,
    0.876081,
    0.870856,
    0.826611,
    0.781947,
    0.744124
  ],
  "learning_rates": [
    0.001,
    0.001,
    0.001,
    0.001,
    0.001,
    0.001,
    0.001,
    0.001,
    0.001,
    0.001,
    0.001,
    0.001,
    0.001,
    0.001,
    0.001,
    0.001,
    0.001,
    0.001,
    0.001,
    0.001,
    0.0005,
    0.0005,
    0.0005,
    0.0005,
    0.0005,
    0.0005,
    0.0005,
    0.0005,
    0.0005,
    0.0005,
    0.0005,
    0.0005,
    0.0005,
    0.0005,
    0.0005,
    0.0005,
    0.0005,
    0.0005,
    0.0005,
    0.0005,
    0.00025,
    0.00025
  ],
  "val_accuracy": [
    40.216771,
    47.86081,
    53.793497,
    60.92413,
    65.54478,
    68.454079,
    69.48089,
    71.990873,
    72.960639,
    72.789504,
    75.128351,
    74.10154,
    75.413577,
    76.668568,
    76.212208,
    75.071306,
    75.584712,
    76.212208,
    75.014261,
    76.326298,
    77.181974,
    76.839703,
    77.296064,
    76.668568,
    77.638334,
    77.124929,
    77.752424,
    77.296064,
    77.296064,
    75.470622,
    76.953793,
    76.383343,
    76.326298,
    76.896748,
    76.953793,
    77.353109,
    77.181974,
    76.782658,
    77.695379,
    77.181974,
    77.638334,
    77.010839
  ],
  "model_info": {
    "model_class": "BaseClassifier",
    "hidden_size": 128,
    "num_classes": 23,
    "emb_size_audio": 512,
    "emb_size_text": 0,
    "dropout": 0.1,
    "use_batch_norm": true,
    "mode": "audio",
    "num_folds": 5,
    "fold_id": 4,
    "batch_size": 64,
    "random_seed": 1821
  }
}