{
  "attention_audio": [
    0.504487,
    0.501485,
    0.502814,
    0.49698,
    0.495617,
    0.499561,
    0.496467,
    0.498594,
    0.494798,
    0.494467,
    0.494007,
    0.494399,
    0.495238,
    0.496408,
    0.494052,
    0.497117,
    0.495154,
    0.497844,
    0.502805,
    0.501864,
    0.49793,
    0.500173,
    0.499374,
    0.503655,
    0.499591,
    0.500768,
    0.501946,
    0.505926,
    0.50268,
    0.502496,
    0.505522,
    0.504527,
    0.503615
  ],
  "attention_text": [
    0.495513,
    0.498515,
    0.497186,
    0.50302,
    0.504383,
    0.500439,
    0.503533,
    0.501406,
    0.505202,
    0.505533,
    0.505993,
    0.505601,
    0.504762,
    0.503592,
    0.505948,
    0.502883,
    0.504846,
    0.502156,
    0.497195,
    0.498136,
    0.50207,
    0.499827,
    0.500626,
    0.496345,
    0.500408,
    0.499232,
    0.498054,
    0.494074,
    0.49732,
    0.497504,
    0.494478,
    0.495473,
    0.496385
  ],
  "train_cls_loss": [
    2.401839,
    1.571084,
    1.290248,
    1.154112,
    1.061476,
    0.953318,
    0.924619,
    0.866535,
    0.857721,
    0.809041,
    0.786435,
    0.756817,
    0.716396,
    0.721251,
    0.690101,
    0.663143,
    0.655928,
    0.63507,
    0.622158,
    0.593876,
    0.527642,
    0.481377,
    0.493629,
    0.496917,
    0.476915,
    0.456581,
    0.452559,
    0.449629,
    0.448347,
    0.442408,
    0.421406,
    0.416645,
    0.418509
  ],
  "train_top_cls_loss": [
    0.77942,
    0.482658,
    0.435383,
    0.417947,
    0.404634,
    0.38356,
    0.380398,
    0.357291,
    0.351307,
    0.334338,
    0.341644,
    0.319501,
    0.309341,
    0.312466,
    0.294673,
    0.291932,
    0.284318,
    0.280951,
    0.266447,
    0.259115,
    0.227673,
    0.202953,
    0.211442,
    0.217897,
    0.196474,
    0.198793,
    0.195381,
    0.196755,
    0.194811,
    0.182599,
    0.175566,
    0.188684,
    0.175909
  ],
  "train_total_loss": [
    3.18126,
    2.053742,
    1.725631,
    1.572059,
    1.46611,
    1.336877,
    1.305017,
    1.223826,
    1.209028,
    1.143379,
    1.128079,
    1.076317,
    1.025737,
    1.033717,
    0.984774,
    0.955075,
    0.940246,
    0.91602,
    0.888604,
    0.85299,
    0.755315,
    0.68433,
    0.705071,
    0.714814,
    0.673389,
    0.655374,
    0.64794,
    0.646384,
    0.643158,
    0.625008,
    0.596972,
    0.605328,
    0.594418
  ],
  "learning_rates": [
    0.001,
    0.001,
    0.001,
    0.001,
    0.001,
    0.001,
    0.001,
    0.001,
    0.001,
    0.001,
    0.001,
    0.001,
    0.001,
    0.001,
    0.001,
    0.001,
    0.001,
    0.001,
    0.001,
    0.001,
    0.0005,
    0.0005,
    0.0005,
    0.0005,
    0.0005,
    0.0005,
    0.0005,
    0.0005,
    0.0005,
    0.0005,
    0.0005,
    0.0005,
    0.0005
  ],
  "val_accuracy": [
    46.149458,
    61.836851,
    68.282944,
    69.93725,
    75.812892,
    75.242442,
    75.984027,
    76.497433,
    78.03765,
    76.668568,
    78.836281,
    78.322875,
    78.779236,
    78.665145,
    80.034227,
    79.749002,
    78.6081,
    80.718768,
    79.977182,
    78.836281,
    80.604678,
    79.920137,
    79.749002,
    79.863092,
    79.691957,
    79.577867,
    79.292641,
    80.091272,
    79.806047,
    78.6081,
    79.577867,
    79.349686,
    79.007416
  ],
  "model_info": {
    "model_class": "BaseClassifier",
    "hidden_size": 128,
    "num_classes": 23,
    "emb_size_audio": 512,
    "emb_size_text": 512,
    "dropout": 0.1,
    "use_batch_norm": true,
    "mode": "both",
    "num_folds": 5,
    "fold_id": 0,
    "batch_size": 64,
    "random_seed": 1821
  }
}