{
  "train_cls_loss": [
    2.433031,
    1.576548,
    1.343844,
    1.213273,
    1.140107,
    1.101058,
    1.05608,
    0.99161,
    0.956788,
    0.946228,
    0.911406,
    0.87333,
    0.842569,
    0.82425,
    0.80436,
    0.785008,
    0.78599,
    0.772912,
    0.742971,
    0.734288,
    0.660607,
    0.626026,
    0.601087,
    0.605707,
    0.608047,
    0.579758,
    0.595343,
    0.561826,
    0.556203
  ],
  "train_top_cls_loss": [
    0.874612,
    0.547325,
    0.525508,
    0.487212,
    0.480767,
    0.462368,
    0.443004,
    0.424324,
    0.410841,
    0.403249,
    0.394186,
    0.384066,
    0.36418,
    0.362283,
    0.356542,
    0.344938,
    0.353415,
    0.350557,
    0.333533,
    0.333064,
    0.296436,
    0.283093,
    0.262036,
    0.26823,
    0.272793,
    0.259836,
    0.270185,
    0.252611,
    0.24859
  ],
  "train_total_loss": [
    3.045259,
    1.959676,
    1.711699,
    1.554321,
    1.476644,
    1.424715,
    1.366183,
    1.288637,
    1.244376,
    1.228502,
    1.187337,
    1.142176,
    1.097495,
    1.077848,
    1.053939,
    1.026465,
    1.03338,
    1.018302,
    0.976444,
    0.967432,
    0.868112,
    0.824192,
    0.784512,
    0.793468,
    0.799002,
    0.761643,
    0.784472,
    0.738654,
    0.730216
  ],
  "learning_rates": [
    0.001,
    0.001,
    0.001,
    0.001,
    0.001,
    0.001,
    0.001,
    0.001,
    0.001,
    0.001,
    0.001,
    0.001,
    0.001,
    0.001,
    0.001,
    0.001,
    0.001,
    0.001,
    0.001,
    0.001,
    0.0005,
    0.0005,
    0.0005,
    0.0005,
    0.0005,
    0.0005,
    0.0005,
    0.0005,
    0.0005
  ],
  "val_accuracy": [
    50.199658,
    67.199087,
    66.115231,
    68.910439,
    70.735881,
    72.333143,
    73.588135,
    74.729036,
    73.87336,
    76.269253,
    76.212208,
    75.926982,
    77.581289,
    77.752424,
    76.497433,
    75.185396,
    76.497433,
    76.269253,
    76.098118,
    76.839703,
    77.124929,
    76.383343,
    76.668568,
    76.782658,
    76.155163,
    76.269253,
    76.269253,
    76.155163,
    76.269253
  ],
  "model_info": {
    "model_class": "BaseClassifier",
    "hidden_size": 128,
    "num_classes": 23,
    "emb_size_audio": 512,
    "emb_size_text": 0,
    "dropout": 0.1,
    "use_batch_norm": true,
    "mode": "audio",
    "num_folds": 5,
    "fold_id": 0,
    "batch_size": 64,
    "random_seed": 1821
  }
}