{
  "attention_audio": [
    0.469513,
    0.487077,
    0.492476,
    0.490902,
    0.493295,
    0.495684,
    0.499188,
    0.502021,
    0.49924,
    0.499617,
    0.502272,
    0.505119,
    0.506302,
    0.505852,
    0.50564,
    0.51024,
    0.508355,
    0.515115,
    0.510721,
    0.506974,
    0.506025,
    0.510326,
    0.513415,
    0.512413,
    0.510205,
    0.511085,
    0.511673,
    0.510101,
    0.511281,
    0.511921,
    0.511183,
    0.507946,
    0.512927,
    0.515967,
    0.515233,
    0.514332
  ],
  "attention_text": [
    0.530487,
    0.512923,
    0.507524,
    0.509098,
    0.506705,
    0.504317,
    0.500812,
    0.497979,
    0.50076,
    0.500383,
    0.497728,
    0.494881,
    0.493698,
    0.494148,
    0.49436,
    0.48976,
    0.491645,
    0.484885,
    0.489279,
    0.493026,
    0.493975,
    0.489674,
    0.486585,
    0.487587,
    0.489795,
    0.488915,
    0.488327,
    0.489899,
    0.488719,
    0.488079,
    0.488817,
    0.492054,
    0.487073,
    0.484033,
    0.484767,
    0.485668
  ],
  "train_cls_loss": [
    1.459049,
    0.861017,
    0.689975,
    0.610529,
    0.5671,
    0.53831,
    0.498396,
    0.476284,
    0.451572,
    0.439348,
    0.427176,
    0.398703,
    0.40416,
    0.390538,
    0.369808,
    0.369954,
    0.362183,
    0.351741,
    0.343865,
    0.34428,
    0.30096,
    0.291209,
    0.275187,
    0.271094,
    0.260452,
    0.259666,
    0.264406,
    0.251049,
    0.257041,
    0.247277,
    0.244622,
    0.238041,
    0.235867,
    0.237915,
    0.224104,
    0.223137
  ],
  "train_total_loss": [
    1.459049,
    0.861017,
    0.689975,
    0.610529,
    0.5671,
    0.53831,
    0.498396,
    0.476284,
    0.451572,
    0.439348,
    0.427176,
    0.398703,
    0.40416,
    0.390538,
    0.369808,
    0.369954,
    0.362183,
    0.351741,
    0.343865,
    0.34428,
    0.30096,
    0.291209,
    0.275187,
    0.271094,
    0.260452,
    0.259666,
    0.264406,
    0.251049,
    0.257041,
    0.247277,
    0.244622,
    0.238041,
    0.235867,
    0.237915,
    0.224104,
    0.223137
  ],
  "learning_rates": [
    0.001,
    0.001,
    0.001,
    0.001,
    0.001,
    0.001,
    0.001,
    0.001,
    0.001,
    0.001,
    0.001,
    0.001,
    0.001,
    0.001,
    0.001,
    0.001,
    0.001,
    0.001,
    0.001,
    0.001,
    0.0005,
    0.0005,
    0.0005,
    0.0005,
    0.0005,
    0.0005,
    0.0005,
    0.0005,
    0.0005,
    0.0005,
    0.0005,
    0.0005,
    0.0005,
    0.0005,
    0.0005,
    0.0005
  ],
  "val_accuracy": [
    57.843697,
    65.772961,
    71.876783,
    74.843126,
    72.789504,
    76.212208,
    77.010839,
    77.752424,
    77.524244,
    78.094695,
    79.292641,
    78.6081,
    78.322875,
    78.665145,
    79.178551,
    79.292641,
    79.064461,
    79.292641,
    80.148317,
    79.977182,
    81.061038,
    80.433542,
    80.262407,
    78.950371,
    80.148317,
    80.262407,
    79.806047,
    80.433542,
    79.863092,
    80.205362,
    80.205362,
    80.376497,
    80.319452,
    79.520821,
    79.977182,
    79.806047
  ],
  "model_info": {
    "model_class": "BaseClassifier",
    "hidden_size": 128,
    "num_classes": 23,
    "emb_size_audio": 512,
    "emb_size_text": 512,
    "dropout": 0.1,
    "use_batch_norm": true,
    "mode": "both",
    "num_folds": 5,
    "fold_id": 4,
    "batch_size": 64,
    "random_seed": 1821
  }
}