{
  "train_cls_loss": [
    2.595889,
    1.951619,
    1.725989,
    1.630353,
    1.573772,
    1.486959,
    1.441949,
    1.384354,
    1.333336,
    1.360861,
    1.371504,
    1.430186,
    1.309077,
    1.290966,
    1.297706,
    1.22727,
    1.149443,
    1.2684,
    1.237873,
    1.193102,
    1.079869,
    1.121743,
    1.032222,
    1.129084,
    1.080424,
    1.109367,
    1.036334,
    1.061694,
    1.075714,
    1.119247,
    1.089253,
    1.055424,
    1.059671,
    1.039116,
    1.1819,
    1.0328
  ],
  "train_top_cls_loss": [
    1.028987,
    0.770393,
    0.726867,
    0.733243,
    0.717949,
    0.690949,
    0.675389,
    0.64726,
    0.634794,
    0.646401,
    0.661754,
    0.699291,
    0.635247,
    0.621957,
    0.641384,
    0.601167,
    0.564365,
    0.62061,
    0.607725,
    0.591459,
    0.531018,
    0.556493,
    0.508338,
    0.560336,
    0.538002,
    0.561874,
    0.512654,
    0.530332,
    0.543205,
    0.558338,
    0.548336,
    0.530286,
    0.532964,
    0.530171,
    0.609185,
    0.520408
  ],
  "train_total_loss": [
    3.316179,
    2.490895,
    2.234796,
    2.143624,
    2.076337,
    1.970623,
    1.914721,
    1.837436,
    1.777692,
    1.813342,
    1.834732,
    1.91969,
    1.753749,
    1.726336,
    1.746675,
    1.648087,
    1.544498,
    1.702827,
    1.66328,
    1.607123,
    1.451582,
    1.511288,
    1.388058,
    1.521319,
    1.457026,
    1.502679,
    1.395192,
    1.432926,
    1.455957,
    1.510083,
    1.473088,
    1.426624,
    1.432746,
    1.410236,
    1.608329,
    1.397086
  ],
  "learning_rates": [
    0.001,
    0.001,
    0.001,
    0.001,
    0.001,
    0.001,
    0.001,
    0.001,
    0.001,
    0.001,
    0.001,
    0.001,
    0.001,
    0.001,
    0.001,
    0.001,
    0.001,
    0.001,
    0.001,
    0.001,
    0.0005,
    0.0005,
    0.0005,
    0.0005,
    0.0005,
    0.0005,
    0.0005,
    0.0005,
    0.0005,
    0.0005,
    0.0005,
    0.0005,
    0.0005,
    0.0005,
    0.0005,
    0.0005
  ],
  "val_accuracy": [
    45.579007,
    57.786651,
    64.175699,
    69.195665,
    71.819738,
    72.276098,
    75.128351,
    72.732459,
    74.272675,
    72.789504,
    75.185396,
    75.356532,
    76.611523,
    75.071306,
    75.071306,
    76.896748,
    76.155163,
    75.470622,
    77.239019,
    75.698802,
    78.15174,
    77.467199,
    76.668568,
    77.581289,
    77.695379,
    77.353109,
    77.296064,
    76.953793,
    77.067884,
    77.124929,
    77.809469,
    77.410154,
    77.353109,
    77.752424,
    76.497433,
    77.92356
  ],
  "model_info": {
    "model_class": "BaseClassifier",
    "hidden_size": 128,
    "num_classes": 23,
    "emb_size_audio": 512,
    "emb_size_text": 0,
    "dropout": 0.1,
    "use_batch_norm": true,
    "mode": "audio",
    "num_folds": 5,
    "fold_id": 3,
    "batch_size": 64,
    "random_seed": 1821
  }
}