{
  "train_cls_loss": [
    2.454774,
    1.726976,
    1.523012,
    1.393384,
    1.312386,
    1.242076,
    1.193065,
    1.158525,
    1.126933,
    1.10471,
    1.060701,
    1.039429,
    0.997883,
    0.980887,
    0.924762,
    0.914793,
    0.905555,
    0.863264,
    0.848197,
    0.836198,
    0.757586,
    0.713484,
    0.698301,
    0.684034,
    0.666779,
    0.670581,
    0.642743,
    0.639199,
    0.616111,
    0.593801,
    0.598764,
    0.603982,
    0.569895,
    0.571055,
    0.541702,
    0.533932,
    0.538627,
    0.51329,
    0.516663,
    0.497432,
    0.464733,
    0.462631,
    0.42922,
    0.436574
  ],
  "train_top_cls_loss": [
    0.923801,
    0.665766,
    0.599105,
    0.58134,
    0.558291,
    0.535713,
    0.521183,
    0.504701,
    0.485251,
    0.489863,
    0.459676,
    0.467415,
    0.442541,
    0.448263,
    0.411731,
    0.401058,
    0.403236,
    0.378642,
    0.377401,
    0.366284,
    0.329055,
    0.315169,
    0.299141,
    0.303745,
    0.287618,
    0.296936,
    0.286177,
    0.283759,
    0.278204,
    0.255577,
    0.267626,
    0.265018,
    0.246016,
    0.24533,
    0.231914,
    0.227525,
    0.228577,
    0.224743,
    0.234935,
    0.219604,
    0.207377,
    0.201933,
    0.190134,
    0.196754
  ],
  "train_total_loss": [
    3.101434,
    2.193012,
    1.942386,
    1.800322,
    1.70319,
    1.617075,
    1.557893,
    1.511816,
    1.466609,
    1.447614,
    1.382474,
    1.366619,
    1.307661,
    1.294671,
    1.212974,
    1.195533,
    1.187821,
    1.128313,
    1.112378,
    1.092597,
    0.987924,
    0.934102,
    0.907699,
    0.896656,
    0.868112,
    0.878436,
    0.843066,
    0.83783,
    0.810853,
    0.772705,
    0.786102,
    0.789494,
    0.742106,
    0.742786,
    0.704042,
    0.6932,
    0.698631,
    0.67061,
    0.681117,
    0.651154,
    0.609897,
    0.603984,
    0.562314,
    0.574302
  ],
  "learning_rates": [
    0.001,
    0.001,
    0.001,
    0.001,
    0.001,
    0.001,
    0.001,
    0.001,
    0.001,
    0.001,
    0.001,
    0.001,
    0.001,
    0.001,
    0.001,
    0.001,
    0.001,
    0.001,
    0.001,
    0.001,
    0.0005,
    0.0005,
    0.0005,
    0.0005,
    0.0005,
    0.0005,
    0.0005,
    0.0005,
    0.0005,
    0.0005,
    0.0005,
    0.0005,
    0.0005,
    0.0005,
    0.0005,
    0.0005,
    0.0005,
    0.0005,
    0.0005,
    0.0005,
    0.00025,
    0.00025,
    0.00025,
    0.00025
  ],
  "val_accuracy": [
    47.011494,
    54.137931,
    64.195402,
    63.850575,
    64.425287,
    66.149425,
    68.045977,
    68.563218,
    68.735632,
    69.425287,
    69.712644,
    71.264368,
    70.229885,
    69.942529,
    71.321839,
    70.977011,
    71.551724,
    72.298851,
    70.689655,
    71.264368,
    72.643678,
    72.471264,
    72.241379,
    72.643678,
    72.183908,
    72.298851,
    72.528736,
    71.666667,
    73.045977,
    71.436782,
    71.091954,
    71.149425,
    72.701149,
    71.781609,
    70.91954,
    70.91954,
    72.068966,
    72.126437,
    70.804598,
    71.83908,
    71.954023,
    72.586207,
    71.264368,
    72.183908
  ],
  "model_info": {
    "model_class": "BaseClassifier",
    "hidden_size": 128,
    "num_classes": 23,
    "emb_size_audio": 768,
    "emb_size_text": 0,
    "dropout": 0.1,
    "use_batch_norm": true,
    "mode": "audio",
    "num_folds": 5,
    "fold_id": 4,
    "batch_size": 64,
    "random_seed": 1821
  }
}