{
  "train_cls_loss": [
    2.268565,
    1.591169,
    1.429217,
    1.312468,
    1.231975,
    1.170665,
    1.1355,
    1.108113,
    1.062716,
    1.028992,
    1.009977,
    0.972675,
    0.937459,
    0.939589,
    0.920872,
    0.888665,
    0.867882,
    0.83088,
    0.826417,
    0.780428,
    0.728575,
    0.699489,
    0.664914,
    0.646063,
    0.6322,
    0.621785,
    0.614593,
    0.607569,
    0.585617,
    0.587497,
    0.571514,
    0.567171,
    0.555101,
    0.525945,
    0.537008,
    0.533037,
    0.517189,
    0.53186,
    0.499363,
    0.474401
  ],
  "train_total_loss": [
    2.268565,
    1.591169,
    1.429217,
    1.312468,
    1.231975,
    1.170665,
    1.1355,
    1.108113,
    1.062716,
    1.028992,
    1.009977,
    0.972675,
    0.937459,
    0.939589,
    0.920872,
    0.888665,
    0.867882,
    0.83088,
    0.826417,
    0.780428,
    0.728575,
    0.699489,
    0.664914,
    0.646063,
    0.6322,
    0.621785,
    0.614593,
    0.607569,
    0.585617,
    0.587497,
    0.571514,
    0.567171,
    0.555101,
    0.525945,
    0.537008,
    0.533037,
    0.517189,
    0.53186,
    0.499363,
    0.474401
  ],
  "learning_rates": [
    0.001,
    0.001,
    0.001,
    0.001,
    0.001,
    0.001,
    0.001,
    0.001,
    0.001,
    0.001,
    0.001,
    0.001,
    0.001,
    0.001,
    0.001,
    0.001,
    0.001,
    0.001,
    0.001,
    0.001,
    0.0005,
    0.0005,
    0.0005,
    0.0005,
    0.0005,
    0.0005,
    0.0005,
    0.0005,
    0.0005,
    0.0005,
    0.0005,
    0.0005,
    0.0005,
    0.0005,
    0.0005,
    0.0005,
    0.0005,
    0.0005,
    0.0005,
    0.0005
  ],
  "val_accuracy": [
    49.827586,
    60.45977,
    63.275862,
    67.643678,
    67.643678,
    68.390805,
    68.62069,
    69.08046,
    69.885057,
    69.942529,
    70.747126,
    71.666667,
    71.494253,
    71.666667,
    71.321839,
    70.862069,
    72.873563,
    73.16092,
    71.954023,
    72.586207,
    73.275862,
    72.701149,
    72.758621,
    71.609195,
    73.505747,
    72.643678,
    72.586207,
    72.356322,
    71.551724,
    70.747126,
    72.356322,
    72.126437,
    71.666667,
    72.298851,
    72.298851,
    73.045977,
    72.701149,
    71.37931,
    71.609195,
    71.436782
  ],
  "model_info": {
    "model_class": "BaseClassifier",
    "hidden_size": 128,
    "num_classes": 23,
    "emb_size_audio": 768,
    "emb_size_text": 0,
    "dropout": 0.1,
    "use_batch_norm": true,
    "mode": "audio",
    "num_folds": 5,
    "fold_id": 4,
    "batch_size": 64,
    "random_seed": 1821
  }
}