{
  "train_cls_loss": [
    1.782152,
    1.329041,
    1.16145,
    1.049364,
    1.039895,
    1.021566,
    0.948574,
    0.985243,
    0.972014,
    0.979992,
    0.939202,
    0.895626,
    0.89038,
    0.869453,
    0.86213,
    0.871699,
    0.810986,
    0.851277,
    0.854398,
    0.847492,
    0.794559,
    0.778489,
    0.773742,
    0.744254,
    0.768037,
    0.729069,
    0.687306,
    0.74144,
    0.743314,
    0.696709,
    0.703562,
    0.696361,
    0.705513,
    0.71235,
    0.686693,
    0.700502,
    0.674711,
    0.746927,
    0.706254,
    0.660238,
    0.656195,
    0.699339,
    0.655933,
    0.656936
  ],
  "train_total_loss": [
    1.782152,
    1.329041,
    1.16145,
    1.049364,
    1.039895,
    1.021566,
    0.948574,
    0.985243,
    0.972014,
    0.979992,
    0.939202,
    0.895626,
    0.89038,
    0.869453,
    0.86213,
    0.871699,
    0.810986,
    0.851277,
    0.854398,
    0.847492,
    0.794559,
    0.778489,
    0.773742,
    0.744254,
    0.768037,
    0.729069,
    0.687306,
    0.74144,
    0.743314,
    0.696709,
    0.703562,
    0.696361,
    0.705513,
    0.71235,
    0.686693,
    0.700502,
    0.674711,
    0.746927,
    0.706254,
    0.660238,
    0.656195,
    0.699339,
    0.655933,
    0.656936
  ],
  "learning_rates": [
    0.001,
    0.001,
    0.001,
    0.001,
    0.001,
    0.001,
    0.001,
    0.001,
    0.001,
    0.001,
    0.001,
    0.001,
    0.001,
    0.001,
    0.001,
    0.001,
    0.001,
    0.001,
    0.001,
    0.001,
    0.0005,
    0.0005,
    0.0005,
    0.0005,
    0.0005,
    0.0005,
    0.0005,
    0.0005,
    0.0005,
    0.0005,
    0.0005,
    0.0005,
    0.0005,
    0.0005,
    0.0005,
    0.0005,
    0.0005,
    0.0005,
    0.0005,
    0.0005,
    0.00025,
    0.00025,
    0.00025,
    0.00025
  ],
  "val_accuracy": [
    60.92413,
    66.343411,
    69.423845,
    71.477467,
    73.188819,
    73.702225,
    74.044495,
    73.53109,
    75.413577,
    75.185396,
    75.413577,
    75.185396,
    75.584712,
    76.782658,
    76.725613,
    76.611523,
    77.124929,
    76.155163,
    77.067884,
    77.124929,
    77.980605,
    77.695379,
    77.980605,
    77.410154,
    77.92356,
    77.638334,
    76.953793,
    77.638334,
    78.208785,
    78.208785,
    77.581289,
    77.866515,
    77.296064,
    77.067884,
    76.896748,
    76.782658,
    77.296064,
    77.467199,
    77.524244,
    76.953793,
    78.094695,
    76.953793,
    77.581289,
    78.094695
  ],
  "model_info": {
    "model_class": "BaseClassifier",
    "hidden_size": 128,
    "num_classes": 23,
    "emb_size_audio": 512,
    "emb_size_text": 0,
    "dropout": 0.1,
    "use_batch_norm": true,
    "mode": "audio",
    "num_folds": 5,
    "fold_id": 4,
    "batch_size": 64,
    "random_seed": 1821
  }
}