{
  "train_cls_loss": [
    2.192609,
    1.574205,
    1.412441,
    1.330329,
    1.245357,
    1.186374,
    1.147279,
    1.098975,
    1.081479,
    1.036399,
    1.014994,
    0.993732,
    0.966521,
    0.953005,
    0.918887,
    0.894101,
    0.8784,
    0.859704,
    0.842697,
    0.826244,
    0.747378,
    0.719451,
    0.699753,
    0.685059,
    0.67272,
    0.660515,
    0.657659,
    0.633877,
    0.627818,
    0.619135,
    0.60761,
    0.593649,
    0.592455,
    0.573994,
    0.573003,
    0.563285
  ],
  "train_total_loss": [
    2.192609,
    1.574205,
    1.412441,
    1.330329,
    1.245357,
    1.186374,
    1.147279,
    1.098975,
    1.081479,
    1.036399,
    1.014994,
    0.993732,
    0.966521,
    0.953005,
    0.918887,
    0.894101,
    0.8784,
    0.859704,
    0.842697,
    0.826244,
    0.747378,
    0.719451,
    0.699753,
    0.685059,
    0.67272,
    0.660515,
    0.657659,
    0.633877,
    0.627818,
    0.619135,
    0.60761,
    0.593649,
    0.592455,
    0.573994,
    0.573003,
    0.563285
  ],
  "learning_rates": [
    0.001,
    0.001,
    0.001,
    0.001,
    0.001,
    0.001,
    0.001,
    0.001,
    0.001,
    0.001,
    0.001,
    0.001,
    0.001,
    0.001,
    0.001,
    0.001,
    0.001,
    0.001,
    0.001,
    0.001,
    0.0005,
    0.0005,
    0.0005,
    0.0005,
    0.0005,
    0.0005,
    0.0005,
    0.0005,
    0.0005,
    0.0005,
    0.0005,
    0.0005,
    0.0005,
    0.0005,
    0.0005,
    0.0005
  ],
  "val_accuracy": [
    53.451226,
    67.370222,
    65.08842,
    67.940673,
    67.883628,
    68.054763,
    69.70907,
    71.876783,
    70.393611,
    73.188819,
    73.588135,
    71.534512,
    72.219053,
    73.131774,
    72.047918,
    73.359954,
    73.188819,
    72.276098,
    71.990873,
    72.960639,
    75.071306,
    74.21563,
    74.500856,
    74.729036,
    74.500856,
    74.671991,
    73.588135,
    73.930405,
    74.044495,
    72.903594,
    73.87336,
    73.53109,
    72.960639,
    72.789504,
    73.588135,
    72.675414
  ],
  "model_info": {
    "model_class": "BaseClassifier",
    "hidden_size": 128,
    "num_classes": 23,
    "emb_size_audio": 512,
    "emb_size_text": 0,
    "dropout": 0.1,
    "use_batch_norm": true,
    "mode": "audio",
    "num_folds": 5,
    "fold_id": 4,
    "batch_size": 64,
    "random_seed": 1821
  }
}