{
  "attention_audio": [
    0.522944,
    0.505683,
    0.489477,
    0.48541,
    0.487176,
    0.486241,
    0.487488,
    0.482608,
    0.484527,
    0.485689,
    0.484532,
    0.484284,
    0.482232,
    0.485864,
    0.483122,
    0.486235,
    0.486379,
    0.484403,
    0.485792,
    0.480779,
    0.483581,
    0.484607,
    0.485718,
    0.483445,
    0.485443,
    0.485744,
    0.487075,
    0.489264,
    0.490411,
    0.487391,
    0.490234,
    0.492727,
    0.496074,
    0.491782,
    0.493914,
    0.495452,
    0.493531,
    0.491021,
    0.492542,
    0.493561,
    0.494141,
    0.494241,
    0.493336,
    0.492346,
    0.493488,
    0.496854
  ],
  "attention_text": [
    0.477056,
    0.494317,
    0.510523,
    0.51459,
    0.512824,
    0.513759,
    0.512512,
    0.517392,
    0.515473,
    0.514311,
    0.515468,
    0.515716,
    0.517768,
    0.514136,
    0.516878,
    0.513765,
    0.513621,
    0.515597,
    0.514208,
    0.519221,
    0.516419,
    0.515393,
    0.514282,
    0.516555,
    0.514557,
    0.514256,
    0.512925,
    0.510736,
    0.509589,
    0.512609,
    0.509766,
    0.507273,
    0.503926,
    0.508218,
    0.506086,
    0.504548,
    0.506469,
    0.508979,
    0.507458,
    0.506439,
    0.505859,
    0.505759,
    0.506665,
    0.507654,
    0.506512,
    0.503146
  ],
  "train_cls_loss": [
    2.1353,
    1.326275,
    1.149973,
    1.041228,
    0.953537,
    0.906917,
    0.841306,
    0.81572,
    0.769633,
    0.756339,
    0.723529,
    0.700316,
    0.699644,
    0.649032,
    0.651705,
    0.607236,
    0.616816,
    0.594502,
    0.576978,
    0.560477,
    0.493103,
    0.457513,
    0.446234,
    0.447431,
    0.44123,
    0.419935,
    0.408095,
    0.410807,
    0.382921,
    0.392599,
    0.388694,
    0.376813,
    0.36078,
    0.361462,
    0.344578,
    0.358874,
    0.328632,
    0.320881,
    0.318084,
    0.328416,
    0.279263,
    0.278971,
    0.261335,
    0.256818,
    0.249639,
    0.247479
  ],
  "train_total_loss": [
    2.1353,
    1.326275,
    1.149973,
    1.041228,
    0.953537,
    0.906917,
    0.841306,
    0.81572,
    0.769633,
    0.756339,
    0.723529,
    0.700316,
    0.699644,
    0.649032,
    0.651705,
    0.607236,
    0.616816,
    0.594502,
    0.576978,
    0.560477,
    0.493103,
    0.457513,
    0.446234,
    0.447431,
    0.44123,
    0.419935,
    0.408095,
    0.410807,
    0.382921,
    0.392599,
    0.388694,
    0.376813,
    0.36078,
    0.361462,
    0.344578,
    0.358874,
    0.328632,
    0.320881,
    0.318084,
    0.328416,
    0.279263,
    0.278971,
    0.261335,
    0.256818,
    0.249639,
    0.247479
  ],
  "learning_rates": [
    0.001,
    0.001,
    0.001,
    0.001,
    0.001,
    0.001,
    0.001,
    0.001,
    0.001,
    0.001,
    0.001,
    0.001,
    0.001,
    0.001,
    0.001,
    0.001,
    0.001,
    0.001,
    0.001,
    0.001,
    0.0005,
    0.0005,
    0.0005,
    0.0005,
    0.0005,
    0.0005,
    0.0005,
    0.0005,
    0.0005,
    0.0005,
    0.0005,
    0.0005,
    0.0005,
    0.0005,
    0.0005,
    0.0005,
    0.0005,
    0.0005,
    0.0005,
    0.0005,
    0.00025,
    0.00025,
    0.00025,
    0.00025,
    0.00025,
    0.00025
  ],
  "val_accuracy": [
    60.011409,
    69.70907,
    72.104963,
    74.044495,
    75.014261,
    75.356532,
    76.212208,
    77.410154,
    75.698802,
    77.124929,
    77.92356,
    77.353109,
    78.208785,
    75.984027,
    78.094695,
    77.581289,
    77.980605,
    77.980605,
    77.809469,
    78.15174,
    79.349686,
    78.722191,
    79.007416,
    78.950371,
    77.92356,
    78.37992,
    79.349686,
    78.722191,
    78.665145,
    79.121506,
    79.806047,
    78.03765,
    77.980605,
    78.722191,
    77.239019,
    78.665145,
    78.6081,
    79.577867,
    78.26583,
    78.893326,
    78.836281,
    79.235596,
    79.292641,
    79.292641,
    79.292641,
    78.6081
  ],
  "model_info": {
    "model_class": "BaseClassifier",
    "hidden_size": 128,
    "num_classes": 23,
    "emb_size_audio": 768,
    "emb_size_text": 512,
    "dropout": 0.1,
    "use_batch_norm": true,
    "mode": "both",
    "num_folds": 5,
    "fold_id": 0,
    "batch_size": 64,
    "random_seed": 1821
  }
}