{
  "attention_audio": [
    0.502089,
    0.492567,
    0.495094,
    0.498624,
    0.498025,
    0.496714,
    0.499016,
    0.499822,
    0.50331,
    0.501549,
    0.501102,
    0.498749,
    0.501237,
    0.505773,
    0.502826,
    0.50577,
    0.500907,
    0.504335,
    0.506075,
    0.506096,
    0.506782,
    0.505304,
    0.506142,
    0.508748,
    0.50844,
    0.509078,
    0.510214,
    0.51155,
    0.511988,
    0.510532,
    0.510056,
    0.511521,
    0.512091,
    0.512583,
    0.514319,
    0.512268,
    0.511293,
    0.512142,
    0.511342,
    0.512983,
    0.515689,
    0.516861
  ],
  "attention_text": [
    0.497911,
    0.507433,
    0.504906,
    0.501376,
    0.501975,
    0.503286,
    0.500984,
    0.500178,
    0.49669,
    0.49845,
    0.498898,
    0.501251,
    0.498763,
    0.494227,
    0.497174,
    0.49423,
    0.499093,
    0.495665,
    0.493925,
    0.493904,
    0.493218,
    0.494696,
    0.493858,
    0.491252,
    0.49156,
    0.490922,
    0.489786,
    0.48845,
    0.488012,
    0.489468,
    0.489944,
    0.488479,
    0.487909,
    0.487417,
    0.485681,
    0.487732,
    0.488707,
    0.487858,
    0.488658,
    0.487017,
    0.484311,
    0.483139
  ],
  "train_cls_loss": [
    2.243658,
    1.372313,
    1.145788,
    1.034104,
    0.942365,
    0.890929,
    0.859335,
    0.816303,
    0.789065,
    0.761157,
    0.739356,
    0.724695,
    0.688195,
    0.684152,
    0.663731,
    0.630374,
    0.6172,
    0.611787,
    0.610184,
    0.581287,
    0.506415,
    0.47177,
    0.477863,
    0.470553,
    0.446578,
    0.439256,
    0.421312,
    0.435164,
    0.43493,
    0.420296,
    0.40476,
    0.390636,
    0.384587,
    0.37949,
    0.378096,
    0.381148,
    0.378717,
    0.365834,
    0.347526,
    0.352258,
    0.313318,
    0.288126
  ],
  "train_top_cls_loss": [
    0.865809,
    0.527309,
    0.470652,
    0.436728,
    0.418734,
    0.402502,
    0.399725,
    0.372199,
    0.360202,
    0.353566,
    0.340544,
    0.336934,
    0.32327,
    0.320912,
    0.305787,
    0.304455,
    0.293396,
    0.291307,
    0.293504,
    0.283465,
    0.240914,
    0.226636,
    0.231172,
    0.226008,
    0.212925,
    0.213201,
    0.207535,
    0.211858,
    0.209521,
    0.202511,
    0.197558,
    0.194713,
    0.189549,
    0.183605,
    0.185326,
    0.180608,
    0.18184,
    0.183534,
    0.170167,
    0.17408,
    0.152229,
    0.142
  ],
  "train_total_loss": [
    2.503401,
    1.530506,
    1.286984,
    1.165122,
    1.067986,
    1.01168,
    0.979252,
    0.927963,
    0.897125,
    0.867226,
    0.841519,
    0.825776,
    0.785176,
    0.780426,
    0.755467,
    0.721711,
    0.705219,
    0.699179,
    0.698235,
    0.666326,
    0.57869,
    0.539761,
    0.547214,
    0.538355,
    0.510455,
    0.503216,
    0.483572,
    0.498722,
    0.497787,
    0.481049,
    0.464027,
    0.44905,
    0.441451,
    0.434572,
    0.433694,
    0.43533,
    0.433269,
    0.420894,
    0.398576,
    0.404482,
    0.358987,
    0.330726
  ],
  "learning_rates": [
    0.001,
    0.001,
    0.001,
    0.001,
    0.001,
    0.001,
    0.001,
    0.001,
    0.001,
    0.001,
    0.001,
    0.001,
    0.001,
    0.001,
    0.001,
    0.001,
    0.001,
    0.001,
    0.001,
    0.001,
    0.0005,
    0.0005,
    0.0005,
    0.0005,
    0.0005,
    0.0005,
    0.0005,
    0.0005,
    0.0005,
    0.0005,
    0.0005,
    0.0005,
    0.0005,
    0.0005,
    0.0005,
    0.0005,
    0.0005,
    0.0005,
    0.0005,
    0.0005,
    0.00025,
    0.00025
  ],
  "val_accuracy": [
    62.521392,
    70.051341,
    70.051341,
    75.014261,
    76.896748,
    77.467199,
    77.067884,
    77.239019,
    78.49401,
    78.094695,
    77.410154,
    79.121506,
    76.839703,
    79.577867,
    79.178551,
    79.749002,
    78.551055,
    79.064461,
    79.064461,
    78.893326,
    80.034227,
    79.235596,
    79.292641,
    79.064461,
    79.349686,
    79.806047,
    80.091272,
    79.863092,
    79.634912,
    79.634912,
    79.292641,
    79.806047,
    79.121506,
    79.691957,
    80.034227,
    79.863092,
    79.007416,
    79.406731,
    79.406731,
    79.406731,
    79.749002,
    79.920137
  ],
  "model_info": {
    "model_class": "BaseClassifier",
    "hidden_size": 128,
    "num_classes": 23,
    "emb_size_audio": 512,
    "emb_size_text": 512,
    "dropout": 0.1,
    "use_batch_norm": true,
    "mode": "both",
    "num_folds": 5,
    "fold_id": 0,
    "batch_size": 64,
    "random_seed": 1821
  }
}