{
  "train_cls_loss": [
    2.300413,
    1.565049,
    1.293339,
    1.176628,
    1.043035,
    1.005022,
    0.943553,
    0.92264,
    0.879636,
    0.845789,
    0.801675,
    0.770899,
    0.776069,
    0.717836,
    0.695786,
    0.692714,
    0.655652,
    0.64427,
    0.613869,
    0.594132,
    0.517644,
    0.483691,
    0.452616,
    0.449656,
    0.448085,
    0.443342,
    0.414143,
    0.396525,
    0.387817,
    0.396418,
    0.381338,
    0.361394,
    0.348359,
    0.364673,
    0.344219,
    0.33036,
    0.324422,
    0.315474,
    0.329619,
    0.306258
  ],
  "train_top_cls_loss": [
    0.7266,
    0.505513,
    0.466982,
    0.452609,
    0.419533,
    0.402265,
    0.393136,
    0.388822,
    0.360111,
    0.343606,
    0.333148,
    0.318217,
    0.326759,
    0.295812,
    0.297467,
    0.291259,
    0.278225,
    0.268345,
    0.258928,
    0.253403,
    0.212876,
    0.203471,
    0.187519,
    0.190036,
    0.188067,
    0.183872,
    0.176087,
    0.169733,
    0.161705,
    0.160467,
    0.163656,
    0.155334,
    0.154061,
    0.152849,
    0.148797,
    0.143013,
    0.142997,
    0.141516,
    0.149095,
    0.131678
  ],
  "train_total_loss": [
    3.027014,
    2.070562,
    1.760321,
    1.629237,
    1.462567,
    1.407287,
    1.33669,
    1.311461,
    1.239747,
    1.189396,
    1.134823,
    1.089117,
    1.102828,
    1.013648,
    0.993253,
    0.983973,
    0.933877,
    0.912615,
    0.872796,
    0.847535,
    0.73052,
    0.687161,
    0.640135,
    0.639692,
    0.636152,
    0.627214,
    0.59023,
    0.566258,
    0.549522,
    0.556885,
    0.544994,
    0.516728,
    0.50242,
    0.517522,
    0.493015,
    0.473372,
    0.467419,
    0.45699,
    0.478714,
    0.437936
  ],
  "learning_rates": [
    0.001,
    0.001,
    0.001,
    0.001,
    0.001,
    0.001,
    0.001,
    0.001,
    0.001,
    0.001,
    0.001,
    0.001,
    0.001,
    0.001,
    0.001,
    0.001,
    0.001,
    0.001,
    0.001,
    0.001,
    0.0005,
    0.0005,
    0.0005,
    0.0005,
    0.0005,
    0.0005,
    0.0005,
    0.0005,
    0.0005,
    0.0005,
    0.0005,
    0.0005,
    0.0005,
    0.0005,
    0.0005,
    0.0005,
    0.0005,
    0.0005,
    0.0005,
    0.0005
  ],
  "val_accuracy": [
    46.954023,
    57.413793,
    66.091954,
    71.551724,
    70.91954,
    74.367816,
    75.574713,
    73.965517,
    75.229885,
    76.896552,
    75.689655,
    75.574713,
    76.494253,
    77.011494,
    77.068966,
    77.471264,
    77.183908,
    76.666667,
    75.977011,
    76.494253,
    77.068966,
    77.183908,
    76.494253,
    76.724138,
    78.16092,
    77.873563,
    76.436782,
    77.183908,
    76.436782,
    77.068966,
    77.701149,
    76.781609,
    76.494253,
    77.586207,
    77.126437,
    77.011494,
    77.068966,
    76.83908,
    77.298851,
    76.436782
  ],
  "model_info": {
    "model_class": "BaseClassifier",
    "hidden_size": 128,
    "num_classes": 23,
    "emb_size_audio": 1280,
    "emb_size_text": 0,
    "dropout": 0.1,
    "use_batch_norm": true,
    "mode": "audio",
    "num_folds": 5,
    "fold_id": 4,
    "batch_size": 64,
    "random_seed": 1821
  }
}