{
  "attention_audio": [
    0.50607,
    0.50311,
    0.50031,
    0.501891,
    0.502639,
    0.504591,
    0.504844,
    0.502105,
    0.50333,
    0.500216,
    0.504652,
    0.501918,
    0.500255,
    0.49859,
    0.500482,
    0.503856,
    0.503854,
    0.507155,
    0.50488,
    0.505718,
    0.504108,
    0.507291,
    0.508766,
    0.507886,
    0.506378,
    0.509463,
    0.512018,
    0.511362,
    0.511093,
    0.509922,
    0.511444,
    0.512798,
    0.509546,
    0.510248,
    0.507755,
    0.509349,
    0.508291,
    0.510869,
    0.50699
  ],
  "attention_text": [
    0.49393,
    0.49689,
    0.49969,
    0.498109,
    0.497361,
    0.495409,
    0.495156,
    0.497895,
    0.49667,
    0.499784,
    0.495348,
    0.498082,
    0.499745,
    0.50141,
    0.499518,
    0.496144,
    0.496146,
    0.492845,
    0.49512,
    0.494282,
    0.495892,
    0.492709,
    0.491234,
    0.492114,
    0.493622,
    0.490537,
    0.487982,
    0.488638,
    0.488907,
    0.490078,
    0.488556,
    0.487202,
    0.490454,
    0.489752,
    0.492245,
    0.490651,
    0.491709,
    0.489131,
    0.49301
  ],
  "train_cls_loss": [
    1.46274,
    0.827464,
    0.701462,
    0.605504,
    0.562312,
    0.517363,
    0.514658,
    0.478821,
    0.462353,
    0.430238,
    0.417568,
    0.415712,
    0.398163,
    0.40123,
    0.390496,
    0.368187,
    0.37289,
    0.35932,
    0.357709,
    0.343104,
    0.309035,
    0.293577,
    0.276888,
    0.270544,
    0.265495,
    0.268095,
    0.269993,
    0.259346,
    0.252052,
    0.257709,
    0.25049,
    0.245447,
    0.247628,
    0.240531,
    0.239922,
    0.230961,
    0.221774,
    0.230229,
    0.234618
  ],
  "train_total_loss": [
    1.46274,
    0.827464,
    0.701462,
    0.605504,
    0.562312,
    0.517363,
    0.514658,
    0.478821,
    0.462353,
    0.430238,
    0.417568,
    0.415712,
    0.398163,
    0.40123,
    0.390496,
    0.368187,
    0.37289,
    0.35932,
    0.357709,
    0.343104,
    0.309035,
    0.293577,
    0.276888,
    0.270544,
    0.265495,
    0.268095,
    0.269993,
    0.259346,
    0.252052,
    0.257709,
    0.25049,
    0.245447,
    0.247628,
    0.240531,
    0.239922,
    0.230961,
    0.221774,
    0.230229,
    0.234618
  ],
  "learning_rates": [
    0.001,
    0.001,
    0.001,
    0.001,
    0.001,
    0.001,
    0.001,
    0.001,
    0.001,
    0.001,
    0.001,
    0.001,
    0.001,
    0.001,
    0.001,
    0.001,
    0.001,
    0.001,
    0.001,
    0.001,
    0.0005,
    0.0005,
    0.0005,
    0.0005,
    0.0005,
    0.0005,
    0.0005,
    0.0005,
    0.0005,
    0.0005,
    0.0005,
    0.0005,
    0.0005,
    0.0005,
    0.0005,
    0.0005,
    0.0005,
    0.0005,
    0.0005
  ],
  "val_accuracy": [
    61.779806,
    66.001141,
    74.272675,
    74.671991,
    75.698802,
    74.843126,
    76.953793,
    77.296064,
    77.296064,
    77.353109,
    76.554478,
    78.094695,
    78.208785,
    78.03765,
    78.15174,
    78.26583,
    78.322875,
    77.866515,
    78.950371,
    77.353109,
    79.235596,
    78.779236,
    79.235596,
    79.292641,
    77.866515,
    78.436965,
    78.836281,
    77.92356,
    78.950371,
    78.26583,
    77.410154,
    76.953793,
    78.322875,
    78.15174,
    78.6081,
    78.26583,
    78.49401,
    78.779236,
    78.779236
  ],
  "model_info": {
    "model_class": "BaseClassifier",
    "hidden_size": 128,
    "num_classes": 23,
    "emb_size_audio": 512,
    "emb_size_text": 512,
    "dropout": 0.1,
    "use_batch_norm": true,
    "mode": "both",
    "num_folds": 5,
    "fold_id": 1,
    "batch_size": 64,
    "random_seed": 1821
  }
}