{
  "attention_audio": [
    0.486426,
    0.489213,
    0.502305,
    0.505529,
    0.504828,
    0.502174,
    0.496887,
    0.499973,
    0.503115,
    0.502084,
    0.499273,
    0.503735,
    0.502924,
    0.498684,
    0.50128,
    0.501663,
    0.504469,
    0.503352,
    0.50568,
    0.5031,
    0.509622,
    0.508238,
    0.5088,
    0.507733,
    0.506076,
    0.508059,
    0.50929,
    0.506134,
    0.50664,
    0.507619,
    0.508546,
    0.510345,
    0.511424,
    0.510242,
    0.510247,
    0.509116,
    0.50956,
    0.509335,
    0.512205,
    0.509525,
    0.511693
  ],
  "attention_text": [
    0.513574,
    0.510787,
    0.497695,
    0.494471,
    0.495172,
    0.497826,
    0.503113,
    0.500027,
    0.496885,
    0.497916,
    0.500727,
    0.496265,
    0.497076,
    0.501316,
    0.49872,
    0.498337,
    0.495531,
    0.496647,
    0.49432,
    0.4969,
    0.490378,
    0.491762,
    0.4912,
    0.492267,
    0.493924,
    0.491941,
    0.49071,
    0.493866,
    0.49336,
    0.492381,
    0.491454,
    0.489655,
    0.488576,
    0.489758,
    0.489753,
    0.490884,
    0.49044,
    0.490665,
    0.487795,
    0.490476,
    0.488307
  ],
  "train_cls_loss": [
    2.296921,
    1.340257,
    1.119429,
    0.984127,
    0.898822,
    0.853457,
    0.796546,
    0.733411,
    0.717445,
    0.720279,
    0.658143,
    0.642582,
    0.631535,
    0.611481,
    0.609395,
    0.596772,
    0.595962,
    0.552325,
    0.547413,
    0.532143,
    0.471913,
    0.42883,
    0.420914,
    0.429946,
    0.40701,
    0.394784,
    0.385728,
    0.398213,
    0.392646,
    0.374484,
    0.374017,
    0.379791,
    0.367498,
    0.348723,
    0.334487,
    0.356492,
    0.346945,
    0.328935,
    0.341739,
    0.330535,
    0.292062
  ],
  "train_total_loss": [
    2.296921,
    1.340257,
    1.119429,
    0.984127,
    0.898822,
    0.853457,
    0.796546,
    0.733411,
    0.717445,
    0.720279,
    0.658143,
    0.642582,
    0.631535,
    0.611481,
    0.609395,
    0.596772,
    0.595962,
    0.552325,
    0.547413,
    0.532143,
    0.471913,
    0.42883,
    0.420914,
    0.429946,
    0.40701,
    0.394784,
    0.385728,
    0.398213,
    0.392646,
    0.374484,
    0.374017,
    0.379791,
    0.367498,
    0.348723,
    0.334487,
    0.356492,
    0.346945,
    0.328935,
    0.341739,
    0.330535,
    0.292062
  ],
  "learning_rates": [
    0.001,
    0.001,
    0.001,
    0.001,
    0.001,
    0.001,
    0.001,
    0.001,
    0.001,
    0.001,
    0.001,
    0.001,
    0.001,
    0.001,
    0.001,
    0.001,
    0.001,
    0.001,
    0.001,
    0.001,
    0.0005,
    0.0005,
    0.0005,
    0.0005,
    0.0005,
    0.0005,
    0.0005,
    0.0005,
    0.0005,
    0.0005,
    0.0005,
    0.0005,
    0.0005,
    0.0005,
    0.0005,
    0.0005,
    0.0005,
    0.0005,
    0.0005,
    0.0005,
    0.00025
  ],
  "val_accuracy": [
    58.08642,
    64.876543,
    70.679012,
    75.802469,
    77.098765,
    78.271605,
    78.209877,
    81.296296,
    79.506173,
    80.246914,
    81.419753,
    80.925926,
    80.864198,
    80.740741,
    80.802469,
    80.925926,
    80.555556,
    81.975309,
    80.802469,
    81.111111,
    83.024691,
    82.654321,
    81.851852,
    82.407407,
    82.777778,
    83.08642,
    82.592593,
    82.037037,
    81.049383,
    81.728395,
    81.296296,
    82.345679,
    82.345679,
    80.987654,
    80.864198,
    82.654321,
    82.098765,
    81.790123,
    82.839506,
    82.592593,
    82.222222
  ],
  "model_info": {
    "model_class": "BaseClassifier",
    "hidden_size": 128,
    "num_classes": 23,
    "emb_size_audio": 512,
    "emb_size_text": 512,
    "dropout": 0.1,
    "use_batch_norm": true,
    "mode": "both",
    "num_folds": 5,
    "fold_id": 4,
    "batch_size": 64,
    "random_seed": 1821
  }
}