{
  "train_cls_loss": [
    2.377968,
    1.63011,
    1.361963,
    1.209491,
    1.144777,
    1.048872,
    1.006739,
    0.953839,
    0.947438,
    0.88303,
    0.837063,
    0.830392,
    0.794864,
    0.786338,
    0.746033,
    0.717456,
    0.679224,
    0.665147,
    0.637911,
    0.615804,
    0.559561,
    0.511483,
    0.481872,
    0.480754,
    0.468264,
    0.468725,
    0.449278,
    0.446548,
    0.416028,
    0.415901,
    0.40945,
    0.396112,
    0.376566,
    0.38605,
    0.372567,
    0.374274
  ],
  "train_top_cls_loss": [
    0.701196,
    0.507972,
    0.463549,
    0.440937,
    0.426041,
    0.405096,
    0.382873,
    0.375227,
    0.371559,
    0.344823,
    0.335563,
    0.33073,
    0.320786,
    0.319607,
    0.299275,
    0.284313,
    0.274654,
    0.265707,
    0.256121,
    0.248184,
    0.218923,
    0.194777,
    0.18884,
    0.186325,
    0.186944,
    0.181522,
    0.176891,
    0.172907,
    0.163312,
    0.162156,
    0.159004,
    0.157723,
    0.144995,
    0.15785,
    0.148123,
    0.149464
  ],
  "train_total_loss": [
    3.429762,
    2.392068,
    2.057287,
    1.870897,
    1.783838,
    1.656516,
    1.581048,
    1.516679,
    1.504777,
    1.400264,
    1.340408,
    1.326486,
    1.276043,
    1.265749,
    1.194946,
    1.143924,
    1.091205,
    1.063707,
    1.022092,
    0.988081,
    0.887945,
    0.803648,
    0.765133,
    0.760241,
    0.748681,
    0.741008,
    0.714614,
    0.705908,
    0.660996,
    0.659134,
    0.647956,
    0.632697,
    0.594059,
    0.622825,
    0.594751,
    0.59847
  ],
  "learning_rates": [
    0.001,
    0.001,
    0.001,
    0.001,
    0.001,
    0.001,
    0.001,
    0.001,
    0.001,
    0.001,
    0.001,
    0.001,
    0.001,
    0.001,
    0.001,
    0.001,
    0.001,
    0.001,
    0.001,
    0.001,
    0.0005,
    0.0005,
    0.0005,
    0.0005,
    0.0005,
    0.0005,
    0.0005,
    0.0005,
    0.0005,
    0.0005,
    0.0005,
    0.0005,
    0.0005,
    0.0005,
    0.0005,
    0.0005
  ],
  "val_accuracy": [
    47.068966,
    59.08046,
    64.425287,
    66.83908,
    71.091954,
    73.62069,
    72.241379,
    74.482759,
    75.804598,
    76.149425,
    75.632184,
    75.862069,
    76.666667,
    77.471264,
    75.747126,
    77.643678,
    76.436782,
    77.068966,
    76.206897,
    76.206897,
    78.735632,
    76.666667,
    77.586207,
    77.586207,
    77.413793,
    77.298851,
    76.896552,
    76.724138,
    77.011494,
    76.609195,
    77.011494,
    76.724138,
    77.241379,
    76.781609,
    77.068966,
    77.758621
  ],
  "model_info": {
    "model_class": "BaseClassifier",
    "hidden_size": 128,
    "num_classes": 23,
    "emb_size_audio": 1280,
    "emb_size_text": 0,
    "dropout": 0.1,
    "use_batch_norm": true,
    "mode": "audio",
    "num_folds": 5,
    "fold_id": 4,
    "batch_size": 64,
    "random_seed": 1821
  }
}