{
  "train_cls_loss": [
    2.556355,
    1.942532,
    1.759159,
    1.613023,
    1.570345,
    1.490681,
    1.558063,
    1.435857,
    1.463067,
    1.402969,
    1.389957,
    1.34351,
    1.375274,
    1.408292,
    1.328849,
    1.302877,
    1.261918,
    1.265837,
    1.284815,
    1.27735,
    1.181397,
    1.209953,
    1.238783,
    1.138949,
    1.147937,
    1.115955,
    1.155803,
    1.068794,
    1.067651,
    1.061915,
    1.051979,
    1.162402,
    1.102438,
    1.066388,
    0.99977,
    1.070333,
    0.96751,
    1.066611,
    1.096711,
    0.998085,
    0.991485,
    0.91515
  ],
  "train_total_loss": [
    2.556355,
    1.942532,
    1.759159,
    1.613023,
    1.570345,
    1.490681,
    1.558063,
    1.435857,
    1.463067,
    1.402969,
    1.389957,
    1.34351,
    1.375274,
    1.408292,
    1.328849,
    1.302877,
    1.261918,
    1.265837,
    1.284815,
    1.27735,
    1.181397,
    1.209953,
    1.238783,
    1.138949,
    1.147937,
    1.115955,
    1.155803,
    1.068794,
    1.067651,
    1.061915,
    1.051979,
    1.162402,
    1.102438,
    1.066388,
    0.99977,
    1.070333,
    0.96751,
    1.066611,
    1.096711,
    0.998085,
    0.991485,
    0.91515
  ],
  "learning_rates": [
    0.001,
    0.001,
    0.001,
    0.001,
    0.001,
    0.001,
    0.001,
    0.001,
    0.001,
    0.001,
    0.001,
    0.001,
    0.001,
    0.001,
    0.001,
    0.001,
    0.001,
    0.001,
    0.001,
    0.001,
    0.0005,
    0.0005,
    0.0005,
    0.0005,
    0.0005,
    0.0005,
    0.0005,
    0.0005,
    0.0005,
    0.0005,
    0.0005,
    0.0005,
    0.0005,
    0.0005,
    0.0005,
    0.0005,
    0.0005,
    0.0005,
    0.0005,
    0.0005,
    0.00025,
    0.00025
  ],
  "val_accuracy": [
    54.592128,
    66.799772,
    70.222476,
    71.648602,
    73.98745,
    74.443811,
    74.272675,
    73.87336,
    74.272675,
    74.786081,
    75.242442,
    76.155163,
    75.413577,
    75.242442,
    74.786081,
    76.269253,
    76.839703,
    76.839703,
    75.926982,
    75.926982,
    76.383343,
    77.181974,
    75.926982,
    76.212208,
    76.554478,
    77.124929,
    77.809469,
    75.869937,
    76.269253,
    77.638334,
    76.839703,
    75.984027,
    77.124929,
    75.812892,
    77.067884,
    76.155163,
    76.383343,
    76.041072,
    75.242442,
    75.413577,
    75.984027,
    76.326298
  ],
  "model_info": {
    "model_class": "BaseClassifier",
    "hidden_size": 128,
    "num_classes": 23,
    "emb_size_audio": 512,
    "emb_size_text": 0,
    "dropout": 0.1,
    "use_batch_norm": true,
    "mode": "audio",
    "num_folds": 5,
    "fold_id": 0,
    "batch_size": 64,
    "random_seed": 1821
  }
}