{
  "attention_audio": [
    0.516587,
    0.507581,
    0.508086,
    0.513694,
    0.517153,
    0.512859,
    0.514149,
    0.520245,
    0.516079,
    0.510748,
    0.511377,
    0.510832,
    0.511317,
    0.511783,
    0.509668,
    0.512733,
    0.51206,
    0.508307,
    0.513602,
    0.508018,
    0.511971,
    0.511434,
    0.511647,
    0.516852,
    0.518053,
    0.518327,
    0.513044,
    0.51217,
    0.51493,
    0.512983,
    0.514869,
    0.516991,
    0.517831,
    0.519028,
    0.51467,
    0.514423,
    0.515879,
    0.516109,
    0.519664,
    0.516098,
    0.511139,
    0.513727,
    0.515571,
    0.51725,
    0.518224,
    0.518105,
    0.51778,
    0.516911,
    0.516235,
    0.516438,
    0.52015,
    0.520148,
    0.521087,
    0.520906,
    0.520873,
    0.521423
  ],
  "attention_text": [
    0.483413,
    0.492419,
    0.491914,
    0.486306,
    0.482847,
    0.487141,
    0.485851,
    0.479755,
    0.483921,
    0.489252,
    0.488623,
    0.489167,
    0.488683,
    0.488217,
    0.490332,
    0.487267,
    0.48794,
    0.491693,
    0.486398,
    0.491982,
    0.488029,
    0.488566,
    0.488353,
    0.483148,
    0.481947,
    0.481673,
    0.486956,
    0.48783,
    0.48507,
    0.487017,
    0.485131,
    0.483009,
    0.482169,
    0.480972,
    0.48533,
    0.485577,
    0.484121,
    0.483891,
    0.480336,
    0.483902,
    0.488861,
    0.486273,
    0.484429,
    0.48275,
    0.481776,
    0.481895,
    0.48222,
    0.483089,
    0.483765,
    0.483562,
    0.47985,
    0.479852,
    0.478913,
    0.479094,
    0.479127,
    0.478577
  ],
  "train_cls_loss": [
    2.409857,
    1.392201,
    1.078164,
    0.889758,
    0.828351,
    0.74409,
    0.681848,
    0.657049,
    0.590614,
    0.587729,
    0.561743,
    0.52919,
    0.486286,
    0.490137,
    0.483023,
    0.467129,
    0.454033,
    0.456057,
    0.418479,
    0.405496,
    0.345893,
    0.317632,
    0.310976,
    0.305408,
    0.30287,
    0.306141,
    0.289315,
    0.289953,
    0.303125,
    0.291777,
    0.290368,
    0.266466,
    0.26792,
    0.281213,
    0.270221,
    0.253612,
    0.263601,
    0.271945,
    0.263729,
    0.247996,
    0.226123,
    0.21336,
    0.193995,
    0.20002,
    0.196337,
    0.191579,
    0.189676,
    0.199145,
    0.19553,
    0.201387,
    0.18841,
    0.178819,
    0.182256,
    0.175697,
    0.171963,
    0.193744
  ],
  "train_total_loss": [
    2.409857,
    1.392201,
    1.078164,
    0.889758,
    0.828351,
    0.74409,
    0.681848,
    0.657049,
    0.590614,
    0.587729,
    0.561743,
    0.52919,
    0.486286,
    0.490137,
    0.483023,
    0.467129,
    0.454033,
    0.456057,
    0.418479,
    0.405496,
    0.345893,
    0.317632,
    0.310976,
    0.305408,
    0.30287,
    0.306141,
    0.289315,
    0.289953,
    0.303125,
    0.291777,
    0.290368,
    0.266466,
    0.26792,
    0.281213,
    0.270221,
    0.253612,
    0.263601,
    0.271945,
    0.263729,
    0.247996,
    0.226123,
    0.21336,
    0.193995,
    0.20002,
    0.196337,
    0.191579,
    0.189676,
    0.199145,
    0.19553,
    0.201387,
    0.18841,
    0.178819,
    0.182256,
    0.175697,
    0.171963,
    0.193744
  ],
  "learning_rates": [
    0.001,
    0.001,
    0.001,
    0.001,
    0.001,
    0.001,
    0.001,
    0.001,
    0.001,
    0.001,
    0.001,
    0.001,
    0.001,
    0.001,
    0.001,
    0.001,
    0.001,
    0.001,
    0.001,
    0.001,
    0.0005,
    0.0005,
    0.0005,
    0.0005,
    0.0005,
    0.0005,
    0.0005,
    0.0005,
    0.0005,
    0.0005,
    0.0005,
    0.0005,
    0.0005,
    0.0005,
    0.0005,
    0.0005,
    0.0005,
    0.0005,
    0.0005,
    0.0005,
    0.00025,
    0.00025,
    0.00025,
    0.00025,
    0.00025,
    0.00025,
    0.00025,
    0.00025,
    0.00025,
    0.00025,
    0.00025,
    0.00025,
    0.00025,
    0.00025,
    0.00025,
    0.00025
  ],
  "val_accuracy": [
    62.976407,
    73.139746,
    78.221416,
    79.854809,
    82.940109,
    82.032668,
    84.664247,
    84.936479,
    85.753176,
    84.392015,
    82.940109,
    85.571688,
    85.934664,
    86.479129,
    86.569873,
    86.660617,
    85.208711,
    85.571688,
    85.299456,
    86.932849,
    87.114338,
    86.842105,
    87.114338,
    86.569873,
    86.932849,
    87.749546,
    86.660617,
    87.114338,
    87.114338,
    86.479129,
    87.023593,
    86.842105,
    86.842105,
    86.206897,
    87.205082,
    86.751361,
    87.023593,
    86.569873,
    86.842105,
    86.569873,
    88.021779,
    87.84029,
    87.749546,
    87.477314,
    87.658802,
    88.021779,
    87.568058,
    87.568058,
    86.660617,
    87.295826,
    87.84029,
    87.568058,
    87.205082,
    87.114338,
    87.749546,
    87.38657
  ],
  "model_info": {
    "model_class": "BaseClassifier",
    "hidden_size": 128,
    "num_classes": 23,
    "emb_size_audio": 512,
    "emb_size_text": 512,
    "dropout": 0.1,
    "use_batch_norm": true,
    "mode": "both",
    "num_folds": 5,
    "fold_id": 1,
    "batch_size": 64,
    "random_seed": 1821
  }
}