{
  "attention_audio": [
    0.323742,
    0.308377,
    0.305076,
    0.306011,
    0.304096,
    0.302562,
    0.301629,
    0.298643,
    0.301129,
    0.300035,
    0.298147,
    0.298548,
    0.30077,
    0.298065,
    0.295756,
    0.300254,
    0.30054,
    0.298233,
    0.29819,
    0.300632,
    0.299015,
    0.303564,
    0.304655,
    0.299976,
    0.304004,
    0.304458,
    0.299624,
    0.299171,
    0.301271,
    0.300351,
    0.298381,
    0.296584,
    0.3019,
    0.298308,
    0.304557,
    0.301285,
    0.300555,
    0.304311,
    0.300255,
    0.304021,
    0.299294,
    0.30542,
    0.302186,
    0.302396,
    0.301752,
    0.29862,
    0.300728
  ],
  "attention_text": [
    0.403783,
    0.438728,
    0.449579,
    0.45607,
    0.458627,
    0.458878,
    0.459895,
    0.459268,
    0.463761,
    0.458643,
    0.455389,
    0.448568,
    0.443551,
    0.438899,
    0.44329,
    0.436949,
    0.431635,
    0.429719,
    0.428605,
    0.418619,
    0.421295,
    0.413593,
    0.413563,
    0.407152,
    0.408337,
    0.409029,
    0.408488,
    0.404111,
    0.401819,
    0.40122,
    0.404014,
    0.400413,
    0.398387,
    0.397871,
    0.395276,
    0.390381,
    0.397211,
    0.397379,
    0.393027,
    0.390912,
    0.389426,
    0.39005,
    0.38733,
    0.389371,
    0.390115,
    0.383665,
    0.385961
  ],
  "train_cls_loss": [
    1.79427,
    1.382561,
    1.324074,
    1.212644,
    1.189195,
    1.151466,
    1.159719,
    1.103437,
    1.071774,
    1.066994,
    1.048219,
    1.025237,
    1.009845,
    1.046309,
    0.99237,
    0.98364,
    0.974807,
    0.980101,
    0.945189,
    0.954706,
    0.88045,
    0.852882,
    0.866353,
    0.881051,
    0.842707,
    0.814697,
    0.814576,
    0.864134,
    0.839011,
    0.826114,
    0.810826,
    0.821108,
    0.800228,
    0.81352,
    0.777887,
    0.798298,
    0.765798,
    0.756112,
    0.790153,
    0.771456,
    0.752204,
    0.70297,
    0.688509,
    0.713611,
    0.707033,
    0.708686,
    0.700453
  ],
  "train_total_loss": [
    1.79427,
    1.382561,
    1.324074,
    1.212644,
    1.189195,
    1.151466,
    1.159719,
    1.103437,
    1.071774,
    1.066994,
    1.048219,
    1.025237,
    1.009845,
    1.046309,
    0.99237,
    0.98364,
    0.974807,
    0.980101,
    0.945189,
    0.954706,
    0.88045,
    0.852882,
    0.866353,
    0.881051,
    0.842707,
    0.814697,
    0.814576,
    0.864134,
    0.839011,
    0.826114,
    0.810826,
    0.821108,
    0.800228,
    0.81352,
    0.777887,
    0.798298,
    0.765798,
    0.756112,
    0.790153,
    0.771456,
    0.752204,
    0.70297,
    0.688509,
    0.713611,
    0.707033,
    0.708686,
    0.700453
  ],
  "learning_rates": [
    0.001,
    0.001,
    0.001,
    0.001,
    0.001,
    0.001,
    0.001,
    0.001,
    0.001,
    0.001,
    0.001,
    0.001,
    0.001,
    0.001,
    0.001,
    0.001,
    0.001,
    0.001,
    0.001,
    0.001,
    0.0005,
    0.0005,
    0.0005,
    0.0005,
    0.0005,
    0.0005,
    0.0005,
    0.0005,
    0.0005,
    0.0005,
    0.0005,
    0.0005,
    0.0005,
    0.0005,
    0.0005,
    0.0005,
    0.0005,
    0.0005,
    0.0005,
    0.0005,
    0.00025,
    0.00025,
    0.00025,
    0.00025,
    0.00025,
    0.00025,
    0.00025
  ],
  "val_accuracy": [
    52.196235,
    70.735881,
    74.557901,
    72.333143,
    73.64518,
    74.32972,
    75.812892,
    76.155163,
    75.527667,
    76.896748,
    77.467199,
    75.984027,
    75.299487,
    74.557901,
    76.668568,
    77.410154,
    75.128351,
    76.782658,
    77.524244,
    77.410154,
    77.124929,
    77.866515,
    76.896748,
    76.839703,
    77.581289,
    77.809469,
    77.638334,
    77.581289,
    77.695379,
    77.581289,
    76.440388,
    78.094695,
    77.809469,
    77.809469,
    77.296064,
    78.03765,
    77.124929,
    77.467199,
    76.896748,
    76.782658,
    77.353109,
    77.181974,
    76.098118,
    77.581289,
    76.782658,
    76.953793,
    76.725613
  ],
  "model_info": {
    "model_class": "BaseClassifier",
    "hidden_size": 128,
    "num_classes": 23,
    "emb_size_audio": 512,
    "emb_size_text": 512,
    "dropout": 0.1,
    "use_batch_norm": true,
    "mode": "both",
    "num_folds": 5,
    "fold_id": 1,
    "batch_size": 64,
    "random_seed": 1821
  }
}