{
  "attention_audio": [
    0.480508,
    0.479707,
    0.483078,
    0.483387,
    0.491239,
    0.489114,
    0.489771,
    0.488356,
    0.490785,
    0.490523,
    0.487375,
    0.487996,
    0.486228,
    0.490039,
    0.490382,
    0.488219,
    0.488629,
    0.489671,
    0.490143,
    0.48885,
    0.48945,
    0.49105,
    0.491349,
    0.49389,
    0.493537,
    0.495659,
    0.492853,
    0.493962,
    0.494539,
    0.495968,
    0.495774,
    0.498288,
    0.498444,
    0.498858,
    0.50059,
    0.498377
  ],
  "attention_text": [
    0.519492,
    0.520293,
    0.516922,
    0.516613,
    0.508761,
    0.510886,
    0.510229,
    0.511644,
    0.509215,
    0.509477,
    0.512625,
    0.512004,
    0.513772,
    0.509961,
    0.509618,
    0.511781,
    0.511371,
    0.510329,
    0.509857,
    0.51115,
    0.51055,
    0.50895,
    0.508651,
    0.50611,
    0.506463,
    0.504341,
    0.507147,
    0.506038,
    0.505461,
    0.504032,
    0.504226,
    0.501712,
    0.501556,
    0.501142,
    0.49941,
    0.501623
  ],
  "train_cls_loss": [
    2.403232,
    1.506466,
    1.263648,
    1.156365,
    1.069513,
    1.011522,
    0.946102,
    0.89106,
    0.835692,
    0.815233,
    0.768431,
    0.74597,
    0.725045,
    0.702943,
    0.6624,
    0.647635,
    0.637379,
    0.602025,
    0.596031,
    0.608858,
    0.508891,
    0.480773,
    0.463999,
    0.462914,
    0.434613,
    0.42932,
    0.431086,
    0.418943,
    0.41295,
    0.404139,
    0.396549,
    0.40091,
    0.388992,
    0.372772,
    0.375282,
    0.360629
  ],
  "train_contrastive_loss": [
    3.790251,
    3.557694,
    3.502606,
    3.469242,
    3.441809,
    3.420129,
    3.408861,
    3.400657,
    3.38908,
    3.371007,
    3.354372,
    3.35356,
    3.334619,
    3.345659,
    3.333447,
    3.317044,
    3.319976,
    3.305911,
    3.301862,
    3.313873,
    3.265431,
    3.251142,
    3.253744,
    3.250067,
    3.231032,
    3.224474,
    3.225855,
    3.221287,
    3.217117,
    3.204344,
    3.214382,
    3.205767,
    3.200161,
    3.193097,
    3.196888,
    3.197915
  ],
  "train_total_loss": [
    6.193483,
    5.06416,
    4.766255,
    4.625607,
    4.511322,
    4.431651,
    4.354963,
    4.291717,
    4.224772,
    4.18624,
    4.122803,
    4.09953,
    4.059665,
    4.048602,
    3.995847,
    3.964679,
    3.957355,
    3.907936,
    3.897893,
    3.922731,
    3.774322,
    3.731914,
    3.717743,
    3.712981,
    3.665645,
    3.653794,
    3.656941,
    3.64023,
    3.630067,
    3.608483,
    3.610931,
    3.606677,
    3.589153,
    3.565869,
    3.57217,
    3.558544
  ],
  "learning_rates": [
    0.001,
    0.001,
    0.001,
    0.001,
    0.001,
    0.001,
    0.001,
    0.001,
    0.001,
    0.001,
    0.001,
    0.001,
    0.001,
    0.001,
    0.001,
    0.001,
    0.001,
    0.001,
    0.001,
    0.001,
    0.0005,
    0.0005,
    0.0005,
    0.0005,
    0.0005,
    0.0005,
    0.0005,
    0.0005,
    0.0005,
    0.0005,
    0.0005,
    0.0005,
    0.0005,
    0.0005,
    0.0005,
    0.0005
  ],
  "val_accuracy": [
    53.394181,
    63.776383,
    64.460924,
    70.450656,
    71.135197,
    72.846549,
    74.386766,
    75.869937,
    76.497433,
    77.181974,
    77.010839,
    76.953793,
    78.722191,
    77.980605,
    79.007416,
    79.863092,
    79.977182,
    78.37992,
    79.920137,
    80.604678,
    81.574444,
    80.034227,
    79.977182,
    80.889903,
    81.289218,
    79.577867,
    79.977182,
    79.863092,
    79.863092,
    80.376497,
    80.376497,
    80.946948,
    80.661723,
    79.977182,
    79.007416,
    80.034227
  ],
  "model_info": {
    "model_class": "BaseClassifier",
    "hidden_size": 128,
    "num_classes": 23,
    "emb_size_audio": 512,
    "emb_size_text": 512,
    "dropout": 0.1,
    "use_batch_norm": true,
    "mode": "both",
    "num_folds": 5,
    "fold_id": 2,
    "batch_size": 64,
    "random_seed": 1821
  }
}