{
  "attention_audio": [
    0.525723,
    0.521091,
    0.519745,
    0.515489,
    0.516636,
    0.517684,
    0.514347,
    0.513753,
    0.515778,
    0.513003,
    0.512381,
    0.517587,
    0.519419,
    0.516462,
    0.51147,
    0.516039,
    0.518849,
    0.517698,
    0.516,
    0.517372,
    0.520992,
    0.525373,
    0.523446,
    0.524048,
    0.523656,
    0.523293,
    0.521189,
    0.524824,
    0.522938,
    0.525538,
    0.522007,
    0.52412,
    0.523711,
    0.521966,
    0.522894,
    0.521944,
    0.524209,
    0.524315,
    0.521525
  ],
  "attention_text": [
    0.474277,
    0.478909,
    0.480255,
    0.484511,
    0.483364,
    0.482316,
    0.485653,
    0.486247,
    0.484222,
    0.486997,
    0.487619,
    0.482413,
    0.480581,
    0.483538,
    0.48853,
    0.483961,
    0.481151,
    0.482302,
    0.484,
    0.482627,
    0.479008,
    0.474627,
    0.476554,
    0.475952,
    0.476344,
    0.476707,
    0.478811,
    0.475176,
    0.477062,
    0.474462,
    0.477993,
    0.47588,
    0.476289,
    0.478034,
    0.477106,
    0.478056,
    0.475791,
    0.475685,
    0.478475
  ],
  "train_cls_loss": [
    2.307313,
    1.319228,
    1.093276,
    0.968953,
    0.89776,
    0.799241,
    0.765257,
    0.757522,
    0.710157,
    0.674949,
    0.636955,
    0.62196,
    0.610696,
    0.599406,
    0.571385,
    0.547595,
    0.547514,
    0.516938,
    0.497585,
    0.505702,
    0.410715,
    0.402298,
    0.36741,
    0.368734,
    0.366283,
    0.366613,
    0.341095,
    0.325053,
    0.319613,
    0.317155,
    0.309534,
    0.303067,
    0.285684,
    0.295222,
    0.289161,
    0.26604,
    0.289579,
    0.282073,
    0.275013
  ],
  "train_total_loss": [
    2.307313,
    1.319228,
    1.093276,
    0.968953,
    0.89776,
    0.799241,
    0.765257,
    0.757522,
    0.710157,
    0.674949,
    0.636955,
    0.62196,
    0.610696,
    0.599406,
    0.571385,
    0.547595,
    0.547514,
    0.516938,
    0.497585,
    0.505702,
    0.410715,
    0.402298,
    0.36741,
    0.368734,
    0.366283,
    0.366613,
    0.341095,
    0.325053,
    0.319613,
    0.317155,
    0.309534,
    0.303067,
    0.285684,
    0.295222,
    0.289161,
    0.26604,
    0.289579,
    0.282073,
    0.275013
  ],
  "learning_rates": [
    0.001,
    0.001,
    0.001,
    0.001,
    0.001,
    0.001,
    0.001,
    0.001,
    0.001,
    0.001,
    0.001,
    0.001,
    0.001,
    0.001,
    0.001,
    0.001,
    0.001,
    0.001,
    0.001,
    0.001,
    0.0005,
    0.0005,
    0.0005,
    0.0005,
    0.0005,
    0.0005,
    0.0005,
    0.0005,
    0.0005,
    0.0005,
    0.0005,
    0.0005,
    0.0005,
    0.0005,
    0.0005,
    0.0005,
    0.0005,
    0.0005,
    0.0005
  ],
  "val_accuracy": [
    60.867085,
    70.279521,
    73.75927,
    75.926982,
    76.953793,
    77.410154,
    78.836281,
    77.695379,
    79.178551,
    80.490588,
    79.806047,
    79.064461,
    79.749002,
    79.920137,
    78.551055,
    80.547633,
    79.064461,
    79.806047,
    79.806047,
    80.091272,
    80.946948,
    80.661723,
    81.061038,
    81.289218,
    80.946948,
    80.376497,
    79.863092,
    81.061038,
    80.376497,
    79.920137,
    79.463776,
    80.604678,
    79.920137,
    80.718768,
    80.376497,
    78.836281,
    79.691957,
    80.205362,
    79.235596
  ],
  "model_info": {
    "model_class": "BaseClassifier",
    "hidden_size": 128,
    "num_classes": 23,
    "emb_size_audio": 512,
    "emb_size_text": 512,
    "dropout": 0.1,
    "use_batch_norm": true,
    "mode": "both",
    "num_folds": 5,
    "fold_id": 2,
    "batch_size": 64,
    "random_seed": 1821
  }
}