{
  "train_cls_loss": [
    2.225842,
    1.393977,
    1.152848,
    1.064125,
    0.979499,
    0.954069,
    0.892544,
    0.866891,
    0.833519,
    0.810845,
    0.792031,
    0.757396,
    0.739635,
    0.736401,
    0.702621,
    0.707406,
    0.679611,
    0.668886,
    0.641792,
    0.652345,
    0.577002,
    0.549746,
    0.536918,
    0.521672,
    0.513356,
    0.492534,
    0.500495,
    0.496106,
    0.488502,
    0.469998,
    0.478376,
    0.464871,
    0.465284,
    0.449015,
    0.4432,
    0.445553,
    0.433493,
    0.441728,
    0.427306
  ],
  "train_total_loss": [
    2.225842,
    1.393977,
    1.152848,
    1.064125,
    0.979499,
    0.954069,
    0.892544,
    0.866891,
    0.833519,
    0.810845,
    0.792031,
    0.757396,
    0.739635,
    0.736401,
    0.702621,
    0.707406,
    0.679611,
    0.668886,
    0.641792,
    0.652345,
    0.577002,
    0.549746,
    0.536918,
    0.521672,
    0.513356,
    0.492534,
    0.500495,
    0.496106,
    0.488502,
    0.469998,
    0.478376,
    0.464871,
    0.465284,
    0.449015,
    0.4432,
    0.445553,
    0.433493,
    0.441728,
    0.427306
  ],
  "learning_rates": [
    0.001,
    0.001,
    0.001,
    0.001,
    0.001,
    0.001,
    0.001,
    0.001,
    0.001,
    0.001,
    0.001,
    0.001,
    0.001,
    0.001,
    0.001,
    0.001,
    0.001,
    0.001,
    0.001,
    0.001,
    0.0005,
    0.0005,
    0.0005,
    0.0005,
    0.0005,
    0.0005,
    0.0005,
    0.0005,
    0.0005,
    0.0005,
    0.0005,
    0.0005,
    0.0005,
    0.0005,
    0.0005,
    0.0005,
    0.0005,
    0.0005,
    0.0005
  ],
  "val_accuracy": [
    60.125499,
    67.598403,
    68.225898,
    71.420422,
    74.557901,
    75.185396,
    74.729036,
    75.242442,
    75.755847,
    75.812892,
    75.356532,
    76.155163,
    76.326298,
    75.926982,
    75.698802,
    76.041072,
    76.098118,
    76.440388,
    76.269253,
    76.611523,
    76.326298,
    77.181974,
    76.326298,
    77.809469,
    76.668568,
    76.839703,
    77.353109,
    76.782658,
    76.383343,
    76.839703,
    76.839703,
    75.869937,
    76.497433,
    75.014261,
    75.698802,
    76.611523,
    75.641757,
    76.212208,
    76.725613
  ],
  "model_info": {
    "model_class": "BaseClassifier",
    "hidden_size": 128,
    "num_classes": 23,
    "emb_size_audio": 512,
    "emb_size_text": 0,
    "dropout": 0.1,
    "use_batch_norm": true,
    "mode": "audio",
    "num_folds": 5,
    "fold_id": 0,
    "batch_size": 64,
    "random_seed": 1821
  }
}