{
  "train_cls_loss": [
    1.090691,
    0.839665,
    0.765042,
    0.722987,
    0.695337,
    0.672238,
    0.647795,
    0.630634,
    0.616201,
    0.606394,
    0.591082,
    0.582163,
    0.564093,
    0.557389,
    0.545484,
    0.540731,
    0.534135,
    0.521968,
    0.515626,
    0.505926,
    0.471988,
    0.456161,
    0.449284,
    0.446484,
    0.43975,
    0.428392,
    0.424497
  ],
  "train_total_loss": [
    1.090691,
    0.839665,
    0.765042,
    0.722987,
    0.695337,
    0.672238,
    0.647795,
    0.630634,
    0.616201,
    0.606394,
    0.591082,
    0.582163,
    0.564093,
    0.557389,
    0.545484,
    0.540731,
    0.534135,
    0.521968,
    0.515626,
    0.505926,
    0.471988,
    0.456161,
    0.449284,
    0.446484,
    0.43975,
    0.428392,
    0.424497
  ],
  "learning_rates": [
    0.001,
    0.001,
    0.001,
    0.001,
    0.001,
    0.001,
    0.001,
    0.001,
    0.001,
    0.001,
    0.001,
    0.001,
    0.001,
    0.001,
    0.001,
    0.001,
    0.001,
    0.001,
    0.001,
    0.001,
    0.0005,
    0.0005,
    0.0005,
    0.0005,
    0.0005,
    0.0005,
    0.0005
  ],
  "val_accuracy": [
    63.548203,
    64.803195,
    67.769538,
    69.82316,
    71.078152,
    70.792926,
    71.762693,
    71.762693,
    73.017684,
    72.675414,
    73.53109,
    73.816315,
    73.017684,
    73.702225,
    72.504278,
    72.618369,
    73.416999,
    73.75927,
    72.618369,
    73.017684,
    72.789504,
    72.618369,
    73.188819,
    73.245864,
    73.359954,
    73.474044,
    73.64518
  ],
  "model_info": {
    "model_class": "BaseClassifier",
    "hidden_size": 128,
    "num_classes": 23,
    "emb_size_audio": 512,
    "emb_size_text": 0,
    "dropout": 0.1,
    "use_batch_norm": true,
    "mode": "audio",
    "num_folds": 5,
    "fold_id": 1,
    "batch_size": 64,
    "random_seed": 1821
  }
}