{
  "train_cls_loss": [
    2.377228,
    1.87423,
    1.744399,
    1.660999,
    1.624935,
    1.582457,
    1.574968,
    1.533461,
    1.476511,
    1.44286,
    1.477006,
    1.459467,
    1.425096,
    1.401957,
    1.440518,
    1.405497,
    1.322108,
    1.275972,
    1.228095,
    1.322684,
    1.247065,
    1.235996,
    1.172999,
    1.199489,
    1.192425,
    1.193524,
    1.13862,
    1.192121,
    1.174576,
    1.154916,
    1.141872,
    1.112506,
    1.133973,
    1.043653,
    1.089918,
    1.116594,
    1.105363,
    1.068258,
    1.130063,
    1.012188,
    1.102211,
    1.01558,
    0.969201,
    0.959445,
    0.957606,
    0.996694,
    0.982848,
    0.932699
  ],
  "train_total_loss": [
    2.377228,
    1.87423,
    1.744399,
    1.660999,
    1.624935,
    1.582457,
    1.574968,
    1.533461,
    1.476511,
    1.44286,
    1.477006,
    1.459467,
    1.425096,
    1.401957,
    1.440518,
    1.405497,
    1.322108,
    1.275972,
    1.228095,
    1.322684,
    1.247065,
    1.235996,
    1.172999,
    1.199489,
    1.192425,
    1.193524,
    1.13862,
    1.192121,
    1.174576,
    1.154916,
    1.141872,
    1.112506,
    1.133973,
    1.043653,
    1.089918,
    1.116594,
    1.105363,
    1.068258,
    1.130063,
    1.012188,
    1.102211,
    1.01558,
    0.969201,
    0.959445,
    0.957606,
    0.996694,
    0.982848,
    0.932699
  ],
  "learning_rates": [
    0.001,
    0.001,
    0.001,
    0.001,
    0.001,
    0.001,
    0.001,
    0.001,
    0.001,
    0.001,
    0.001,
    0.001,
    0.001,
    0.001,
    0.001,
    0.001,
    0.001,
    0.001,
    0.001,
    0.001,
    0.0005,
    0.0005,
    0.0005,
    0.0005,
    0.0005,
    0.0005,
    0.0005,
    0.0005,
    0.0005,
    0.0005,
    0.0005,
    0.0005,
    0.0005,
    0.0005,
    0.0005,
    0.0005,
    0.0005,
    0.0005,
    0.0005,
    0.0005,
    0.00025,
    0.00025,
    0.00025,
    0.00025,
    0.00025,
    0.00025,
    0.00025,
    0.00025
  ],
  "val_accuracy": [
    58.471192,
    64.061609,
    63.890473,
    69.880205,
    69.423845,
    70.279521,
    69.652025,
    70.450656,
    71.648602,
    71.249287,
    71.135197,
    70.678836,
    72.789504,
    71.933828,
    71.534512,
    72.504278,
    72.333143,
    71.591557,
    72.618369,
    73.074729,
    72.903594,
    71.705647,
    73.53109,
    72.504278,
    73.017684,
    72.104963,
    72.903594,
    72.960639,
    74.044495,
    73.416999,
    73.017684,
    72.960639,
    74.32972,
    72.047918,
    72.903594,
    73.64518,
    73.074729,
    72.846549,
    73.017684,
    72.618369,
    74.044495,
    72.447233,
    74.10154,
    73.359954,
    72.618369,
    73.53109,
    73.930405,
    72.390188
  ],
  "model_info": {
    "model_class": "BaseClassifier",
    "hidden_size": 128,
    "num_classes": 23,
    "emb_size_audio": 512,
    "emb_size_text": 0,
    "dropout": 0.1,
    "use_batch_norm": true,
    "mode": "audio",
    "num_folds": 5,
    "fold_id": 3,
    "batch_size": 64,
    "random_seed": 1821
  }
}