{
  "attention_audio": [
    0.464812,
    0.441075,
    0.432313,
    0.426579,
    0.423783,
    0.416658,
    0.411423,
    0.40909,
    0.407971,
    0.410518,
    0.410654,
    0.420469,
    0.416823,
    0.421959,
    0.415312,
    0.41746,
    0.419937,
    0.42638,
    0.424705
  ],
  "attention_text": [
    0.535188,
    0.558925,
    0.567687,
    0.573421,
    0.576217,
    0.583342,
    0.588577,
    0.59091,
    0.592029,
    0.589482,
    0.589346,
    0.579531,
    0.583177,
    0.578041,
    0.584688,
    0.58254,
    0.580063,
    0.57362,
    0.575295
  ],
  "train_cls_loss": [
    0.943537,
    0.647216,
    0.577198,
    0.537061,
    0.505445,
    0.485117,
    0.469723,
    0.455035,
    0.437706,
    0.427059,
    0.418402,
    0.400317,
    0.394048,
    0.387637,
    0.382231,
    0.365642,
    0.35755,
    0.354727,
    0.34799
  ],
  "train_total_loss": [
    0.943537,
    0.647216,
    0.577198,
    0.537061,
    0.505445,
    0.485117,
    0.469723,
    0.455035,
    0.437706,
    0.427059,
    0.418402,
    0.400317,
    0.394048,
    0.387637,
    0.382231,
    0.365642,
    0.35755,
    0.354727,
    0.34799
  ],
  "learning_rates": [
    0.001,
    0.001,
    0.001,
    0.001,
    0.001,
    0.001,
    0.001,
    0.001,
    0.001,
    0.001,
    0.001,
    0.001,
    0.001,
    0.001,
    0.001,
    0.001,
    0.001,
    0.001,
    0.001
  ],
  "val_accuracy": [
    63.491158,
    73.074729,
    74.786081,
    77.809469,
    75.470622,
    75.242442,
    76.554478,
    76.896748,
    75.812892,
    76.098118,
    76.326298,
    74.557901,
    76.497433,
    76.440388,
    76.383343,
    76.212208,
    76.440388,
    76.782658,
    76.326298
  ],
  "model_info": {
    "model_class": "BaseClassifier",
    "hidden_size": 128,
    "num_classes": 23,
    "emb_size_audio": 512,
    "emb_size_text": 512,
    "dropout": 0.1,
    "use_batch_norm": true,
    "mode": "both",
    "num_folds": 5,
    "fold_id": 2,
    "batch_size": 64,
    "random_seed": 1821
  }
}