{
  "train_cls_loss": [
    2.470689,
    1.868983,
    1.651849,
    1.552086,
    1.533555,
    1.457984,
    1.453022,
    1.414948,
    1.401515,
    1.322021,
    1.339854,
    1.268086,
    1.299328,
    1.218867,
    1.227858,
    1.231864,
    1.157312,
    1.241012,
    1.254531,
    1.143511,
    1.118647,
    1.061761,
    1.012817,
    1.05664,
    0.994896,
    1.118217,
    1.141187,
    0.980235,
    1.000142,
    0.996213,
    1.014967,
    0.998272,
    0.946968,
    1.066235,
    1.060282,
    1.076407,
    1.030499,
    0.979602
  ],
  "train_top_cls_loss": [
    0.964041,
    0.790182,
    0.707278,
    0.690995,
    0.701586,
    0.668351,
    0.683225,
    0.673556,
    0.663803,
    0.624606,
    0.639599,
    0.604149,
    0.630793,
    0.585053,
    0.599174,
    0.594714,
    0.565244,
    0.60941,
    0.628136,
    0.552698,
    0.558861,
    0.529569,
    0.503996,
    0.528088,
    0.490021,
    0.561042,
    0.576867,
    0.477017,
    0.506042,
    0.50306,
    0.515978,
    0.497613,
    0.483475,
    0.542361,
    0.539699,
    0.553325,
    0.519876,
    0.499793
  ],
  "train_total_loss": [
    3.145517,
    2.422111,
    2.146943,
    2.035782,
    2.024666,
    1.92583,
    1.93128,
    1.886437,
    1.866177,
    1.759245,
    1.787574,
    1.690991,
    1.740882,
    1.628404,
    1.64728,
    1.648164,
    1.552983,
    1.667599,
    1.694226,
    1.530399,
    1.50985,
    1.43246,
    1.365614,
    1.426302,
    1.337911,
    1.510946,
    1.544994,
    1.314147,
    1.354371,
    1.348356,
    1.376151,
    1.346601,
    1.285401,
    1.445887,
    1.438071,
    1.463735,
    1.394412,
    1.329457
  ],
  "learning_rates": [
    0.001,
    0.001,
    0.001,
    0.001,
    0.001,
    0.001,
    0.001,
    0.001,
    0.001,
    0.001,
    0.001,
    0.001,
    0.001,
    0.001,
    0.001,
    0.001,
    0.001,
    0.001,
    0.001,
    0.001,
    0.0005,
    0.0005,
    0.0005,
    0.0005,
    0.0005,
    0.0005,
    0.0005,
    0.0005,
    0.0005,
    0.0005,
    0.0005,
    0.0005,
    0.0005,
    0.0005,
    0.0005,
    0.0005,
    0.0005,
    0.0005
  ],
  "val_accuracy": [
    57.216201,
    67.027952,
    68.796349,
    72.047918,
    71.249287,
    70.165431,
    73.98745,
    75.071306,
    75.299487,
    75.984027,
    75.869937,
    76.383343,
    75.242442,
    76.155163,
    75.584712,
    77.124929,
    75.242442,
    76.611523,
    76.782658,
    76.041072,
    77.067884,
    77.695379,
    77.980605,
    76.611523,
    76.782658,
    76.383343,
    76.782658,
    76.782658,
    76.668568,
    76.497433,
    76.098118,
    76.839703,
    76.155163,
    77.467199,
    77.239019,
    76.839703,
    76.554478,
    76.440388
  ],
  "model_info": {
    "model_class": "BaseClassifier",
    "hidden_size": 128,
    "num_classes": 23,
    "emb_size_audio": 512,
    "emb_size_text": 0,
    "dropout": 0.1,
    "use_batch_norm": true,
    "mode": "audio",
    "num_folds": 5,
    "fold_id": 0,
    "batch_size": 64,
    "random_seed": 1821
  }
}