{
  "attention_audio": [
    0.396028,
    0.363803,
    0.346425,
    0.329598,
    0.319501,
    0.31626,
    0.304853,
    0.298147,
    0.299794,
    0.289678,
    0.293525,
    0.297084,
    0.295478,
    0.298499,
    0.302427,
    0.30317,
    0.301167,
    0.300017,
    0.297065,
    0.297189,
    0.295932,
    0.2958,
    0.290494,
    0.292852,
    0.287972,
    0.288146,
    0.288517,
    0.286672,
    0.289533,
    0.284256,
    0.289501,
    0.284949,
    0.286663,
    0.284585,
    0.275062,
    0.280771,
    0.28029,
    0.283381,
    0.286236,
    0.284453,
    0.282286,
    0.279884,
    0.280031
  ],
  "attention_text": [
    0.603972,
    0.636197,
    0.653575,
    0.670402,
    0.680499,
    0.68374,
    0.695147,
    0.701853,
    0.700206,
    0.710322,
    0.706475,
    0.702916,
    0.704522,
    0.701501,
    0.697573,
    0.69683,
    0.698833,
    0.699983,
    0.702935,
    0.702811,
    0.704068,
    0.7042,
    0.709506,
    0.707148,
    0.712028,
    0.711854,
    0.711483,
    0.713328,
    0.710467,
    0.715744,
    0.710499,
    0.715051,
    0.713337,
    0.715415,
    0.724938,
    0.719229,
    0.71971,
    0.716619,
    0.713764,
    0.715547,
    0.717714,
    0.720116,
    0.719969
  ],
  "train_cls_loss": [
    0.559833,
    0.380448,
    0.358884,
    0.321821,
    0.317236,
    0.316848,
    0.29692,
    0.290638,
    0.283352,
    0.276184,
    0.267889,
    0.274845,
    0.276876,
    0.258761,
    0.244821,
    0.258735,
    0.240484,
    0.259319,
    0.246218,
    0.239518,
    0.220078,
    0.220501,
    0.213418,
    0.225443,
    0.218828,
    0.210056,
    0.222787,
    0.211288,
    0.210298,
    0.203724,
    0.207673,
    0.21047,
    0.198014,
    0.201287,
    0.204397,
    0.195992,
    0.206631,
    0.200748,
    0.20466,
    0.191418,
    0.188765,
    0.190325,
    0.182299
  ],
  "train_total_loss": [
    0.559833,
    0.380448,
    0.358884,
    0.321821,
    0.317236,
    0.316848,
    0.29692,
    0.290638,
    0.283352,
    0.276184,
    0.267889,
    0.274845,
    0.276876,
    0.258761,
    0.244821,
    0.258735,
    0.240484,
    0.259319,
    0.246218,
    0.239518,
    0.220078,
    0.220501,
    0.213418,
    0.225443,
    0.218828,
    0.210056,
    0.222787,
    0.211288,
    0.210298,
    0.203724,
    0.207673,
    0.21047,
    0.198014,
    0.201287,
    0.204397,
    0.195992,
    0.206631,
    0.200748,
    0.20466,
    0.191418,
    0.188765,
    0.190325,
    0.182299
  ],
  "learning_rates": [
    0.001,
    0.001,
    0.001,
    0.001,
    0.001,
    0.001,
    0.001,
    0.001,
    0.001,
    0.001,
    0.001,
    0.001,
    0.001,
    0.001,
    0.001,
    0.001,
    0.001,
    0.001,
    0.001,
    0.001,
    0.0005,
    0.0005,
    0.0005,
    0.0005,
    0.0005,
    0.0005,
    0.0005,
    0.0005,
    0.0005,
    0.0005,
    0.0005,
    0.0005,
    0.0005,
    0.0005,
    0.0005,
    0.0005,
    0.0005,
    0.0005,
    0.0005,
    0.0005,
    0.00025,
    0.00025,
    0.00025
  ],
  "val_accuracy": [
    66.286366,
    70.792926,
    74.500856,
    75.128351,
    74.786081,
    76.611523,
    76.041072,
    77.124929,
    78.208785,
    77.067884,
    78.03765,
    78.37992,
    78.665145,
    77.752424,
    80.604678,
    78.322875,
    79.349686,
    79.634912,
    78.779236,
    78.03765,
    80.034227,
    80.604678,
    78.094695,
    80.433542,
    80.205362,
    80.604678,
    80.433542,
    80.832858,
    79.691957,
    79.863092,
    80.205362,
    80.205362,
    80.319452,
    80.832858,
    79.977182,
    79.235596,
    80.091272,
    79.349686,
    80.319452,
    79.235596,
    79.749002,
    80.433542,
    79.577867
  ],
  "model_info": {
    "model_class": "BaseClassifier",
    "hidden_size": 128,
    "num_classes": 23,
    "emb_size_audio": 512,
    "emb_size_text": 512,
    "dropout": 0.1,
    "use_batch_norm": true,
    "mode": "both",
    "num_folds": 5,
    "fold_id": 2,
    "batch_size": 64,
    "random_seed": 1821
  }
}