{
  "attention_audio": [
    0.462251,
    0.43778,
    0.426973,
    0.420782,
    0.41597,
    0.413877,
    0.411155,
    0.411253,
    0.408756,
    0.408536,
    0.40935,
    0.407647,
    0.410205,
    0.410305,
    0.410017,
    0.415647,
    0.416798,
    0.419341,
    0.416673,
    0.419344,
    0.422379,
    0.42125,
    0.423098,
    0.428436,
    0.427911,
    0.429035,
    0.426974
  ],
  "attention_text": [
    0.537749,
    0.56222,
    0.573027,
    0.579218,
    0.58403,
    0.586123,
    0.588845,
    0.588747,
    0.591244,
    0.591464,
    0.59065,
    0.592353,
    0.589795,
    0.589695,
    0.589983,
    0.584353,
    0.583202,
    0.580659,
    0.583327,
    0.580656,
    0.577621,
    0.57875,
    0.576902,
    0.571564,
    0.572089,
    0.570966,
    0.573026
  ],
  "train_cls_loss": [
    0.83379,
    0.579692,
    0.506971,
    0.475547,
    0.450952,
    0.426293,
    0.413839,
    0.39565,
    0.383379,
    0.373585,
    0.369589,
    0.355477,
    0.3459,
    0.33877,
    0.329939,
    0.322481,
    0.317779,
    0.312084,
    0.305696,
    0.297265,
    0.266668,
    0.25453,
    0.249056,
    0.243188,
    0.237444,
    0.237276,
    0.230341
  ],
  "train_total_loss": [
    0.83379,
    0.579692,
    0.506971,
    0.475547,
    0.450952,
    0.426293,
    0.413839,
    0.39565,
    0.383379,
    0.373585,
    0.369589,
    0.355477,
    0.3459,
    0.33877,
    0.329939,
    0.322481,
    0.317779,
    0.312084,
    0.305696,
    0.297265,
    0.266668,
    0.25453,
    0.249056,
    0.243188,
    0.237444,
    0.237276,
    0.230341
  ],
  "learning_rates": [
    0.001,
    0.001,
    0.001,
    0.001,
    0.001,
    0.001,
    0.001,
    0.001,
    0.001,
    0.001,
    0.001,
    0.001,
    0.001,
    0.001,
    0.001,
    0.001,
    0.001,
    0.001,
    0.001,
    0.001,
    0.0005,
    0.0005,
    0.0005,
    0.0005,
    0.0005,
    0.0005,
    0.0005
  ],
  "val_accuracy": [
    65.08842,
    70.621791,
    71.819738,
    73.98745,
    74.32972,
    75.185396,
    75.926982,
    75.128351,
    75.984027,
    74.614946,
    75.698802,
    77.524244,
    75.755847,
    76.440388,
    77.467199,
    76.326298,
    75.812892,
    76.953793,
    75.698802,
    76.896748,
    76.953793,
    77.524244,
    76.611523,
    76.782658,
    77.410154,
    77.239019,
    76.212208
  ],
  "model_info": {
    "model_class": "BaseClassifier",
    "hidden_size": 128,
    "num_classes": 23,
    "emb_size_audio": 512,
    "emb_size_text": 512,
    "dropout": 0.1,
    "use_batch_norm": true,
    "mode": "both",
    "num_folds": 5,
    "fold_id": 2,
    "batch_size": 64,
    "random_seed": 1821
  }
}