{
  "attention_audio": [
    0.527258,
    0.532729,
    0.522498,
    0.518698,
    0.518242,
    0.514611,
    0.515215,
    0.51446,
    0.514141,
    0.509735,
    0.511021,
    0.516231,
    0.515883,
    0.511967,
    0.514531,
    0.511404,
    0.510284,
    0.51245,
    0.511093,
    0.514117,
    0.510686,
    0.514416,
    0.512814,
    0.51119,
    0.512395,
    0.513126,
    0.512155,
    0.513359,
    0.512717,
    0.515026,
    0.514039,
    0.512437,
    0.512181,
    0.516409,
    0.515953,
    0.517702,
    0.516962,
    0.517981,
    0.518914,
    0.517745,
    0.517551,
    0.517466,
    0.517833,
    0.517572
  ],
  "attention_text": [
    0.472742,
    0.467271,
    0.477502,
    0.481302,
    0.481758,
    0.485389,
    0.484785,
    0.48554,
    0.485859,
    0.490265,
    0.488979,
    0.483769,
    0.484117,
    0.488033,
    0.485469,
    0.488596,
    0.489716,
    0.48755,
    0.488907,
    0.485883,
    0.489314,
    0.485584,
    0.487186,
    0.48881,
    0.487605,
    0.486874,
    0.487845,
    0.486641,
    0.487283,
    0.484974,
    0.485961,
    0.487563,
    0.487819,
    0.483591,
    0.484047,
    0.482298,
    0.483038,
    0.482019,
    0.481086,
    0.482255,
    0.482449,
    0.482534,
    0.482167,
    0.482428
  ],
  "train_cls_loss": [
    2.343842,
    1.483617,
    1.212764,
    1.074737,
    0.985014,
    0.931736,
    0.881725,
    0.839599,
    0.804644,
    0.767228,
    0.747452,
    0.736315,
    0.692727,
    0.672358,
    0.670184,
    0.649646,
    0.618499,
    0.602265,
    0.633073,
    0.584979,
    0.514095,
    0.487639,
    0.473648,
    0.466564,
    0.447342,
    0.444716,
    0.4397,
    0.446116,
    0.414691,
    0.412819,
    0.41404,
    0.403181,
    0.390662,
    0.386172,
    0.380267,
    0.378948,
    0.370039,
    0.355741,
    0.356767,
    0.357286,
    0.315481,
    0.286997,
    0.291614,
    0.282619
  ],
  "train_top_cls_loss": [
    0.853044,
    0.54553,
    0.489076,
    0.452612,
    0.429369,
    0.406402,
    0.394987,
    0.370949,
    0.370601,
    0.355992,
    0.348114,
    0.336734,
    0.321453,
    0.31997,
    0.311888,
    0.306188,
    0.298461,
    0.287544,
    0.30157,
    0.283093,
    0.247505,
    0.233557,
    0.227814,
    0.224849,
    0.219153,
    0.217109,
    0.21442,
    0.215478,
    0.200873,
    0.20571,
    0.198615,
    0.200003,
    0.196548,
    0.184253,
    0.183215,
    0.181742,
    0.182723,
    0.177736,
    0.176801,
    0.179094,
    0.154108,
    0.142967,
    0.143237,
    0.142877
  ],
  "train_total_loss": [
    2.599756,
    1.647276,
    1.359487,
    1.210521,
    1.113825,
    1.053656,
    1.000221,
    0.950883,
    0.915824,
    0.874026,
    0.851886,
    0.837335,
    0.789163,
    0.768349,
    0.76375,
    0.741502,
    0.708037,
    0.688528,
    0.723544,
    0.669907,
    0.588346,
    0.557706,
    0.541992,
    0.534018,
    0.513088,
    0.509849,
    0.504026,
    0.510759,
    0.474953,
    0.474532,
    0.473625,
    0.463182,
    0.449627,
    0.441448,
    0.435232,
    0.43347,
    0.424856,
    0.409061,
    0.409807,
    0.411014,
    0.361714,
    0.329887,
    0.334586,
    0.325482
  ],
  "learning_rates": [
    0.001,
    0.001,
    0.001,
    0.001,
    0.001,
    0.001,
    0.001,
    0.001,
    0.001,
    0.001,
    0.001,
    0.001,
    0.001,
    0.001,
    0.001,
    0.001,
    0.001,
    0.001,
    0.001,
    0.001,
    0.0005,
    0.0005,
    0.0005,
    0.0005,
    0.0005,
    0.0005,
    0.0005,
    0.0005,
    0.0005,
    0.0005,
    0.0005,
    0.0005,
    0.0005,
    0.0005,
    0.0005,
    0.0005,
    0.0005,
    0.0005,
    0.0005,
    0.0005,
    0.00025,
    0.00025,
    0.00025,
    0.00025
  ],
  "val_accuracy": [
    48.944666,
    66.628637,
    70.108386,
    72.618369,
    74.158585,
    78.665145,
    75.641757,
    77.010839,
    78.37992,
    79.920137,
    78.322875,
    79.007416,
    79.977182,
    78.893326,
    78.893326,
    80.376497,
    80.376497,
    78.950371,
    80.547633,
    79.920137,
    80.604678,
    79.121506,
    80.604678,
    80.148317,
    80.205362,
    80.604678,
    80.490588,
    79.863092,
    80.832858,
    79.806047,
    80.034227,
    79.977182,
    80.091272,
    79.691957,
    80.148317,
    78.893326,
    79.806047,
    78.722191,
    79.406731,
    79.292641,
    79.977182,
    79.349686,
    80.319452,
    79.749002
  ],
  "model_info": {
    "model_class": "BaseClassifier",
    "hidden_size": 128,
    "num_classes": 23,
    "emb_size_audio": 512,
    "emb_size_text": 512,
    "dropout": 0.1,
    "use_batch_norm": true,
    "mode": "both",
    "num_folds": 5,
    "fold_id": 2,
    "batch_size": 64,
    "random_seed": 1821
  }
}