{
  "train_cls_loss": [
    2.264072,
    1.56967,
    1.402714,
    1.320581,
    1.249759,
    1.185333,
    1.141965,
    1.114246,
    1.066805,
    1.037503,
    1.008093,
    0.981834,
    0.956292,
    0.925786,
    0.917542,
    0.896084,
    0.875572,
    0.856833,
    0.844345,
    0.81938,
    0.741406,
    0.718046,
    0.69134,
    0.686214
  ],
  "train_total_loss": [
    2.264072,
    1.56967,
    1.402714,
    1.320581,
    1.249759,
    1.185333,
    1.141965,
    1.114246,
    1.066805,
    1.037503,
    1.008093,
    0.981834,
    0.956292,
    0.925786,
    0.917542,
    0.896084,
    0.875572,
    0.856833,
    0.844345,
    0.81938,
    0.741406,
    0.718046,
    0.69134,
    0.686214
  ],
  "learning_rates": [
    0.001,
    0.001,
    0.001,
    0.001,
    0.001,
    0.001,
    0.001,
    0.001,
    0.001,
    0.001,
    0.001,
    0.001,
    0.001,
    0.001,
    0.001,
    0.001,
    0.001,
    0.001,
    0.001,
    0.001,
    0.0005,
    0.0005,
    0.0005,
    0.0005
  ],
  "val_accuracy": [
    58.414147,
    66.172276,
    67.997718,
    69.82316,
    70.678836,
    70.735881,
    71.990873,
    73.017684,
    73.87336,
    71.762693,
    73.416999,
    71.192242,
    72.104963,
    71.705647,
    71.876783,
    71.648602,
    71.192242,
    73.359954,
    71.534512,
    73.188819,
    73.64518,
    73.816315,
    72.846549,
    73.245864
  ],
  "model_info": {
    "model_class": "BaseClassifier",
    "hidden_size": 128,
    "num_classes": 23,
    "emb_size_audio": 512,
    "emb_size_text": 0,
    "dropout": 0.1,
    "use_batch_norm": true,
    "mode": "audio",
    "num_folds": 5,
    "fold_id": 2,
    "batch_size": 64,
    "random_seed": 1821
  }
}