{
  "attention_audio": [
    0.499245,
    0.502118,
    0.503721,
    0.502779,
    0.503089,
    0.507459,
    0.504927,
    0.508288,
    0.502448,
    0.502837,
    0.504481,
    0.506012,
    0.508934,
    0.510965,
    0.509513,
    0.508329,
    0.506942,
    0.50615,
    0.502411,
    0.503677,
    0.505794,
    0.505819,
    0.507553,
    0.507739,
    0.507114,
    0.504983,
    0.506431,
    0.506653,
    0.508462,
    0.505589,
    0.505294,
    0.505771,
    0.507891,
    0.506012,
    0.505207,
    0.506925,
    0.503974
  ],
  "attention_text": [
    0.500755,
    0.497882,
    0.496279,
    0.497221,
    0.496911,
    0.492541,
    0.495073,
    0.491712,
    0.497552,
    0.497163,
    0.495519,
    0.493988,
    0.491066,
    0.489035,
    0.490487,
    0.491671,
    0.493058,
    0.49385,
    0.497589,
    0.496323,
    0.494206,
    0.494181,
    0.492447,
    0.492261,
    0.492886,
    0.495017,
    0.493569,
    0.493347,
    0.491538,
    0.494411,
    0.494706,
    0.494229,
    0.492109,
    0.493988,
    0.494793,
    0.493075,
    0.496025
  ],
  "train_cls_loss": [
    1.813812,
    1.269235,
    1.109359,
    1.055308,
    1.023125,
    0.903268,
    0.890429,
    0.839917,
    0.865679,
    0.85378,
    0.788198,
    0.849452,
    0.795543,
    0.758473,
    0.813728,
    0.811844,
    0.743674,
    0.76831,
    0.690326,
    0.755234,
    0.691726,
    0.695175,
    0.661486,
    0.632882,
    0.681419,
    0.618368,
    0.639315,
    0.660916,
    0.619994,
    0.655569,
    0.650836,
    0.653308,
    0.604782,
    0.63942,
    0.592414,
    0.609916,
    0.569076
  ],
  "train_total_loss": [
    1.813812,
    1.269235,
    1.109359,
    1.055308,
    1.023125,
    0.903268,
    0.890429,
    0.839917,
    0.865679,
    0.85378,
    0.788198,
    0.849452,
    0.795543,
    0.758473,
    0.813728,
    0.811844,
    0.743674,
    0.76831,
    0.690326,
    0.755234,
    0.691726,
    0.695175,
    0.661486,
    0.632882,
    0.681419,
    0.618368,
    0.639315,
    0.660916,
    0.619994,
    0.655569,
    0.650836,
    0.653308,
    0.604782,
    0.63942,
    0.592414,
    0.609916,
    0.569076
  ],
  "learning_rates": [
    0.001,
    0.001,
    0.001,
    0.001,
    0.001,
    0.001,
    0.001,
    0.001,
    0.001,
    0.001,
    0.001,
    0.001,
    0.001,
    0.001,
    0.001,
    0.001,
    0.001,
    0.001,
    0.001,
    0.001,
    0.0005,
    0.0005,
    0.0005,
    0.0005,
    0.0005,
    0.0005,
    0.0005,
    0.0005,
    0.0005,
    0.0005,
    0.0005,
    0.0005,
    0.0005,
    0.0005,
    0.0005,
    0.0005,
    0.0005
  ],
  "val_accuracy": [
    62.007986,
    67.541358,
    70.907017,
    74.158585,
    75.984027,
    77.467199,
    76.212208,
    76.839703,
    78.836281,
    78.779236,
    77.124929,
    79.064461,
    79.292641,
    79.520821,
    80.148317,
    79.920137,
    79.007416,
    79.349686,
    79.406731,
    80.205362,
    80.091272,
    81.517399,
    80.718768,
    80.319452,
    79.920137,
    80.262407,
    80.262407,
    80.034227,
    79.749002,
    80.718768,
    80.262407,
    80.091272,
    80.262407,
    79.863092,
    80.262407,
    80.490588,
    80.148317
  ],
  "model_info": {
    "model_class": "BaseClassifier",
    "hidden_size": 128,
    "num_classes": 23,
    "emb_size_audio": 512,
    "emb_size_text": 512,
    "dropout": 0.1,
    "use_batch_norm": true,
    "mode": "both",
    "num_folds": 5,
    "fold_id": 4,
    "batch_size": 64,
    "random_seed": 1821
  }
}