{
  "attention_audio": [
    0.508735,
    0.506407,
    0.506409,
    0.504864,
    0.504271,
    0.506017,
    0.50398,
    0.499419,
    0.501585,
    0.497531,
    0.496088,
    0.497721,
    0.498041,
    0.498979,
    0.49743,
    0.497385,
    0.498692,
    0.499104,
    0.497018,
    0.499745,
    0.498617,
    0.500542,
    0.501195,
    0.499342,
    0.500482,
    0.503242,
    0.501236,
    0.50421,
    0.503061,
    0.503268,
    0.503666,
    0.503577,
    0.505221,
    0.503399,
    0.503054,
    0.502763,
    0.504893,
    0.504078,
    0.50318,
    0.502663,
    0.50355,
    0.505377,
    0.506746,
    0.506442,
    0.50562,
    0.506999,
    0.505855,
    0.50566,
    0.505126,
    0.504908,
    0.507415,
    0.506419,
    0.505619,
    0.505269,
    0.505759,
    0.505398
  ],
  "attention_text": [
    0.491265,
    0.493593,
    0.493591,
    0.495136,
    0.495729,
    0.493983,
    0.49602,
    0.500581,
    0.498415,
    0.502469,
    0.503912,
    0.502279,
    0.501959,
    0.501021,
    0.50257,
    0.502615,
    0.501308,
    0.500896,
    0.502982,
    0.500255,
    0.501383,
    0.499458,
    0.498805,
    0.500658,
    0.499518,
    0.496758,
    0.498764,
    0.49579,
    0.496939,
    0.496732,
    0.496334,
    0.496423,
    0.494779,
    0.496601,
    0.496946,
    0.497237,
    0.495107,
    0.495922,
    0.49682,
    0.497337,
    0.49645,
    0.494623,
    0.493254,
    0.493558,
    0.49438,
    0.493001,
    0.494145,
    0.49434,
    0.494874,
    0.495092,
    0.492585,
    0.493581,
    0.494381,
    0.494731,
    0.494241,
    0.494602
  ],
  "train_cls_loss": [
    1.621551,
    1.075072,
    0.904131,
    0.800999,
    0.742234,
    0.677182,
    0.648749,
    0.609795,
    0.5805,
    0.561413,
    0.554679,
    0.509149,
    0.512613,
    0.492395,
    0.459883,
    0.453214,
    0.455524,
    0.451199,
    0.425293,
    0.424792,
    0.371296,
    0.355705,
    0.339861,
    0.334657,
    0.328453,
    0.331163,
    0.322318,
    0.318162,
    0.310372,
    0.297055,
    0.291718,
    0.292966,
    0.294755,
    0.296176,
    0.287776,
    0.280889,
    0.264275,
    0.27239,
    0.266427,
    0.263076,
    0.235277,
    0.233954,
    0.214007,
    0.215482,
    0.213111,
    0.206358,
    0.2103,
    0.208109,
    0.201393,
    0.196851,
    0.198098,
    0.195002,
    0.192981,
    0.189051,
    0.193643,
    0.178715
  ],
  "train_top_cls_loss": [
    0.758807,
    0.500909,
    0.453354,
    0.414218,
    0.401259,
    0.385744,
    0.369465,
    0.365705,
    0.348552,
    0.348129,
    0.350908,
    0.324466,
    0.329583,
    0.316682,
    0.299821,
    0.297073,
    0.293324,
    0.293884,
    0.265451,
    0.277394,
    0.236498,
    0.225479,
    0.219088,
    0.215888,
    0.211007,
    0.212254,
    0.201963,
    0.202787,
    0.199495,
    0.19027,
    0.185306,
    0.18354,
    0.18324,
    0.185887,
    0.185583,
    0.176581,
    0.172271,
    0.173059,
    0.173178,
    0.170177,
    0.146372,
    0.141009,
    0.134813,
    0.135721,
    0.140542,
    0.130405,
    0.131239,
    0.135966,
    0.132988,
    0.126155,
    0.132794,
    0.129074,
    0.1264,
    0.124739,
    0.132028,
    0.119998
  ],
  "train_total_loss": [
    2.152716,
    1.425708,
    1.221479,
    1.090952,
    1.023115,
    0.947203,
    0.907375,
    0.865788,
    0.824487,
    0.805103,
    0.800315,
    0.736275,
    0.743321,
    0.714072,
    0.669758,
    0.661165,
    0.660851,
    0.656918,
    0.611109,
    0.618967,
    0.536845,
    0.51354,
    0.493223,
    0.485778,
    0.476158,
    0.479741,
    0.463692,
    0.460113,
    0.450018,
    0.430244,
    0.421432,
    0.421444,
    0.423023,
    0.426298,
    0.417684,
    0.404496,
    0.384865,
    0.393531,
    0.387651,
    0.3822,
    0.337737,
    0.33266,
    0.308376,
    0.310487,
    0.311491,
    0.297641,
    0.302167,
    0.303285,
    0.294484,
    0.28516,
    0.291054,
    0.285353,
    0.28146,
    0.276369,
    0.286063,
    0.262714
  ],
  "learning_rates": [
    0.001,
    0.001,
    0.001,
    0.001,
    0.001,
    0.001,
    0.001,
    0.001,
    0.001,
    0.001,
    0.001,
    0.001,
    0.001,
    0.001,
    0.001,
    0.001,
    0.001,
    0.001,
    0.001,
    0.001,
    0.0005,
    0.0005,
    0.0005,
    0.0005,
    0.0005,
    0.0005,
    0.0005,
    0.0005,
    0.0005,
    0.0005,
    0.0005,
    0.0005,
    0.0005,
    0.0005,
    0.0005,
    0.0005,
    0.0005,
    0.0005,
    0.0005,
    0.0005,
    0.00025,
    0.00025,
    0.00025,
    0.00025,
    0.00025,
    0.00025,
    0.00025,
    0.00025,
    0.00025,
    0.00025,
    0.00025,
    0.00025,
    0.00025,
    0.00025,
    0.00025,
    0.00025
  ],
  "val_accuracy": [
    48.830576,
    61.380491,
    66.229321,
    71.591557,
    72.276098,
    74.957216,
    75.584712,
    77.467199,
    77.980605,
    78.322875,
    77.92356,
    78.26583,
    79.178551,
    79.235596,
    80.205362,
    78.950371,
    78.665145,
    79.634912,
    78.49401,
    79.577867,
    80.946948,
    78.893326,
    80.433542,
    79.977182,
    80.604678,
    80.148317,
    79.463776,
    80.604678,
    81.003993,
    80.433542,
    80.319452,
    80.775813,
    79.806047,
    80.205362,
    80.034227,
    79.577867,
    79.121506,
    78.950371,
    79.920137,
    80.148317,
    81.061038,
    79.863092,
    80.091272,
    80.490588,
    80.661723,
    81.003993,
    80.091272,
    80.262407,
    80.547633,
    79.977182,
    80.376497,
    80.547633,
    80.091272,
    79.749002,
    79.178551,
    79.349686
  ],
  "model_info": {
    "model_class": "BaseClassifier",
    "hidden_size": 128,
    "num_classes": 23,
    "emb_size_audio": 512,
    "emb_size_text": 512,
    "dropout": 0.1,
    "use_batch_norm": true,
    "mode": "both",
    "num_folds": 5,
    "fold_id": 3,
    "batch_size": 64,
    "random_seed": 1821
  }
}