{
  "attention_audio": [
    0.349468,
    0.324611,
    0.312531,
    0.312154,
    0.306579,
    0.302819,
    0.3005,
    0.298197,
    0.296981,
    0.295875,
    0.295145,
    0.297104,
    0.297494,
    0.295516,
    0.294045,
    0.300133,
    0.2974,
    0.297428,
    0.29917,
    0.299427,
    0.299796,
    0.301911,
    0.300516,
    0.298835,
    0.301274,
    0.30216,
    0.303281,
    0.300812,
    0.301608,
    0.30561,
    0.305971,
    0.305202,
    0.303717,
    0.300498,
    0.302324,
    0.303221
  ],
  "attention_text": [
    0.39573,
    0.434243,
    0.45259,
    0.458274,
    0.462614,
    0.4637,
    0.464765,
    0.464508,
    0.46212,
    0.459722,
    0.452479,
    0.442839,
    0.441431,
    0.436476,
    0.432902,
    0.434043,
    0.426459,
    0.424427,
    0.41994,
    0.420353,
    0.413447,
    0.408718,
    0.403328,
    0.402132,
    0.399713,
    0.399683,
    0.398746,
    0.401082,
    0.393071,
    0.394745,
    0.394777,
    0.394413,
    0.392758,
    0.390364,
    0.391363,
    0.387744
  ],
  "train_cls_loss": [
    1.828137,
    1.422408,
    1.3125,
    1.255441,
    1.210727,
    1.154082,
    1.126767,
    1.131873,
    1.079064,
    1.071166,
    1.036137,
    1.039604,
    0.994765,
    1.005928,
    0.992425,
    0.981155,
    0.962323,
    0.965844,
    0.946698,
    0.937709,
    0.899452,
    0.885139,
    0.893114,
    0.870666,
    0.836063,
    0.826252,
    0.862189,
    0.849486,
    0.871656,
    0.818699,
    0.825887,
    0.791444,
    0.781917,
    0.806688,
    0.770017,
    0.760354
  ],
  "train_total_loss": [
    1.828137,
    1.422408,
    1.3125,
    1.255441,
    1.210727,
    1.154082,
    1.126767,
    1.131873,
    1.079064,
    1.071166,
    1.036137,
    1.039604,
    0.994765,
    1.005928,
    0.992425,
    0.981155,
    0.962323,
    0.965844,
    0.946698,
    0.937709,
    0.899452,
    0.885139,
    0.893114,
    0.870666,
    0.836063,
    0.826252,
    0.862189,
    0.849486,
    0.871656,
    0.818699,
    0.825887,
    0.791444,
    0.781917,
    0.806688,
    0.770017,
    0.760354
  ],
  "learning_rates": [
    0.001,
    0.001,
    0.001,
    0.001,
    0.001,
    0.001,
    0.001,
    0.001,
    0.001,
    0.001,
    0.001,
    0.001,
    0.001,
    0.001,
    0.001,
    0.001,
    0.001,
    0.001,
    0.001,
    0.001,
    0.0005,
    0.0005,
    0.0005,
    0.0005,
    0.0005,
    0.0005,
    0.0005,
    0.0005,
    0.0005,
    0.0005,
    0.0005,
    0.0005,
    0.0005,
    0.0005,
    0.0005,
    0.0005
  ],
  "val_accuracy": [
    55.733029,
    68.682259,
    71.819738,
    73.64518,
    73.87336,
    75.128351,
    74.557901,
    76.155163,
    75.014261,
    75.869937,
    73.75927,
    75.128351,
    75.527667,
    74.843126,
    74.900171,
    75.014261,
    76.497433,
    75.984027,
    76.041072,
    75.014261,
    77.980605,
    77.067884,
    76.269253,
    76.269253,
    76.497433,
    76.383343,
    76.497433,
    76.497433,
    75.755847,
    76.725613,
    77.010839,
    75.356532,
    76.155163,
    75.869937,
    75.584712,
    76.041072
  ],
  "model_info": {
    "model_class": "BaseClassifier",
    "hidden_size": 128,
    "num_classes": 23,
    "emb_size_audio": 512,
    "emb_size_text": 512,
    "dropout": 0.1,
    "use_batch_norm": true,
    "mode": "both",
    "num_folds": 5,
    "fold_id": 0,
    "batch_size": 64,
    "random_seed": 1821
  }
}