{
  "attention_audio": [
    0.480901,
    0.494398,
    0.498193,
    0.496824,
    0.490741,
    0.490703,
    0.489835,
    0.491949,
    0.49227,
    0.489393,
    0.494954,
    0.496106,
    0.493,
    0.498526,
    0.495825,
    0.496666,
    0.494603,
    0.497387,
    0.494753,
    0.496724,
    0.503721,
    0.505572,
    0.505696,
    0.506375,
    0.506312,
    0.503851,
    0.503561,
    0.504438,
    0.50514,
    0.503113,
    0.504972
  ],
  "attention_text": [
    0.519099,
    0.505602,
    0.501807,
    0.503176,
    0.50926,
    0.509297,
    0.510165,
    0.508051,
    0.50773,
    0.510607,
    0.505046,
    0.503894,
    0.507,
    0.501474,
    0.504175,
    0.503334,
    0.505397,
    0.502613,
    0.505247,
    0.503276,
    0.496279,
    0.494428,
    0.494304,
    0.493624,
    0.493688,
    0.496149,
    0.496439,
    0.495562,
    0.49486,
    0.496887,
    0.495028
  ],
  "train_cls_loss": [
    2.489801,
    1.867206,
    1.7709,
    1.656898,
    1.596183,
    1.529699,
    1.597307,
    1.503785,
    1.495711,
    1.472232,
    1.529965,
    1.39834,
    1.443629,
    1.396231,
    1.40265,
    1.424865,
    1.400378,
    1.38367,
    1.32284,
    1.37029,
    1.306331,
    1.329398,
    1.286421,
    1.325864,
    1.288432,
    1.280136,
    1.226515,
    1.231779,
    1.208283,
    1.283293,
    1.212309
  ],
  "train_total_loss": [
    2.489801,
    1.867206,
    1.7709,
    1.656898,
    1.596183,
    1.529699,
    1.597307,
    1.503785,
    1.495711,
    1.472232,
    1.529965,
    1.39834,
    1.443629,
    1.396231,
    1.40265,
    1.424865,
    1.400378,
    1.38367,
    1.32284,
    1.37029,
    1.306331,
    1.329398,
    1.286421,
    1.325864,
    1.288432,
    1.280136,
    1.226515,
    1.231779,
    1.208283,
    1.283293,
    1.212309
  ],
  "learning_rates": [
    0.001,
    0.001,
    0.001,
    0.001,
    0.001,
    0.001,
    0.001,
    0.001,
    0.001,
    0.001,
    0.001,
    0.001,
    0.001,
    0.001,
    0.001,
    0.001,
    0.001,
    0.001,
    0.001,
    0.001,
    0.0005,
    0.0005,
    0.0005,
    0.0005,
    0.0005,
    0.0005,
    0.0005,
    0.0005,
    0.0005,
    0.0005,
    0.0005
  ],
  "val_accuracy": [
    64.917285,
    72.162008,
    74.158585,
    74.900171,
    76.497433,
    78.26583,
    77.866515,
    78.6081,
    77.353109,
    78.322875,
    79.007416,
    79.064461,
    80.604678,
    80.661723,
    80.034227,
    81.175128,
    79.977182,
    80.205362,
    79.749002,
    79.121506,
    80.433542,
    80.547633,
    80.262407,
    80.205362,
    80.376497,
    80.889903,
    80.148317,
    80.319452,
    80.433542,
    81.118083,
    80.490588
  ],
  "model_info": {
    "model_class": "BaseClassifier",
    "hidden_size": 128,
    "num_classes": 23,
    "emb_size_audio": 512,
    "emb_size_text": 512,
    "dropout": 0.1,
    "use_batch_norm": true,
    "mode": "both",
    "num_folds": 5,
    "fold_id": 2,
    "batch_size": 64,
    "random_seed": 1821
  }
}