{
  "attention_audio": [
    0.501991,
    0.500421,
    0.504317,
    0.507649,
    0.507827,
    0.506447,
    0.507523,
    0.504408,
    0.509325,
    0.509498,
    0.507262,
    0.505211,
    0.505674,
    0.50955,
    0.513467,
    0.509402,
    0.508964,
    0.514742,
    0.512224,
    0.51129,
    0.513992,
    0.514088,
    0.516012,
    0.517208,
    0.518543,
    0.518736,
    0.518045,
    0.518047,
    0.519156,
    0.51986,
    0.519136,
    0.520158,
    0.517123,
    0.516668,
    0.518642,
    0.517821,
    0.517994,
    0.517702,
    0.519952
  ],
  "attention_text": [
    0.498009,
    0.499579,
    0.495683,
    0.492351,
    0.492173,
    0.493553,
    0.492477,
    0.495592,
    0.490675,
    0.490502,
    0.492738,
    0.494789,
    0.494326,
    0.49045,
    0.486532,
    0.490598,
    0.491036,
    0.485258,
    0.487776,
    0.48871,
    0.486008,
    0.485912,
    0.483988,
    0.482792,
    0.481457,
    0.481264,
    0.481955,
    0.481953,
    0.480844,
    0.48014,
    0.480864,
    0.479842,
    0.482877,
    0.483332,
    0.481358,
    0.482179,
    0.482006,
    0.482298,
    0.480048
  ],
  "train_cls_loss": [
    2.369204,
    1.425416,
    1.16136,
    1.068313,
    0.950246,
    0.893659,
    0.866642,
    0.825294,
    0.794499,
    0.750409,
    0.739032,
    0.709293,
    0.696751,
    0.693678,
    0.661903,
    0.635566,
    0.613332,
    0.615813,
    0.597949,
    0.593536,
    0.533507,
    0.472602,
    0.479255,
    0.466651,
    0.457455,
    0.46109,
    0.434504,
    0.432025,
    0.431743,
    0.411483,
    0.424711,
    0.400218,
    0.397866,
    0.396639,
    0.364464,
    0.372142,
    0.370364,
    0.358651,
    0.36468
  ],
  "train_total_loss": [
    2.369204,
    1.425416,
    1.16136,
    1.068313,
    0.950246,
    0.893659,
    0.866642,
    0.825294,
    0.794499,
    0.750409,
    0.739032,
    0.709293,
    0.696751,
    0.693678,
    0.661903,
    0.635566,
    0.613332,
    0.615813,
    0.597949,
    0.593536,
    0.533507,
    0.472602,
    0.479255,
    0.466651,
    0.457455,
    0.46109,
    0.434504,
    0.432025,
    0.431743,
    0.411483,
    0.424711,
    0.400218,
    0.397866,
    0.396639,
    0.364464,
    0.372142,
    0.370364,
    0.358651,
    0.36468
  ],
  "learning_rates": [
    0.001,
    0.001,
    0.001,
    0.001,
    0.001,
    0.001,
    0.001,
    0.001,
    0.001,
    0.001,
    0.001,
    0.001,
    0.001,
    0.001,
    0.001,
    0.001,
    0.001,
    0.001,
    0.001,
    0.001,
    0.0005,
    0.0005,
    0.0005,
    0.0005,
    0.0005,
    0.0005,
    0.0005,
    0.0005,
    0.0005,
    0.0005,
    0.0005,
    0.0005,
    0.0005,
    0.0005,
    0.0005,
    0.0005,
    0.0005,
    0.0005,
    0.0005
  ],
  "val_accuracy": [
    59.180139,
    68.360277,
    72.344111,
    74.133949,
    77.020785,
    76.327945,
    77.713626,
    77.251732,
    77.540416,
    78.002309,
    78.637413,
    79.157044,
    78.86836,
    79.330254,
    79.445727,
    79.849885,
    78.34873,
    79.214781,
    78.17552,
    78.34873,
    79.445727,
    79.792148,
    79.561201,
    80.023095,
    79.618938,
    79.099307,
    78.810624,
    78.810624,
    79.272517,
    78.406467,
    79.04157,
    79.445727,
    79.330254,
    79.04157,
    78.86836,
    78.926097,
    79.04157,
    78.69515,
    79.157044
  ],
  "model_info": {
    "model_class": "BaseClassifier",
    "hidden_size": 128,
    "num_classes": 23,
    "emb_size_audio": 512,
    "emb_size_text": 512,
    "dropout": 0.1,
    "use_batch_norm": true,
    "mode": "both",
    "num_folds": 5,
    "fold_id": 1,
    "batch_size": 64,
    "random_seed": 1821
  }
}