{
  "attention_audio": [
    0.412377,
    0.432705,
    0.419438,
    0.416246,
    0.419228,
    0.414686,
    0.410825,
    0.408835,
    0.404585,
    0.407805,
    0.40694,
    0.394186,
    0.39999,
    0.402405,
    0.400861,
    0.397693,
    0.401271,
    0.396372,
    0.398305,
    0.394871,
    0.397852,
    0.39849,
    0.395031,
    0.395406,
    0.392678,
    0.392614,
    0.393534,
    0.393934,
    0.392856,
    0.394389,
    0.39475,
    0.393591,
    0.388789,
    0.391297,
    0.393438,
    0.395235,
    0.392351,
    0.391973,
    0.384488,
    0.385889
  ],
  "attention_text": [
    0.587623,
    0.567295,
    0.580562,
    0.583754,
    0.580772,
    0.585314,
    0.589175,
    0.591165,
    0.595415,
    0.592195,
    0.59306,
    0.605814,
    0.600011,
    0.597595,
    0.599139,
    0.602307,
    0.598729,
    0.603628,
    0.601695,
    0.605129,
    0.602148,
    0.60151,
    0.604969,
    0.604594,
    0.607322,
    0.607386,
    0.606466,
    0.606066,
    0.607144,
    0.605611,
    0.60525,
    0.606409,
    0.611211,
    0.608703,
    0.606562,
    0.604765,
    0.607648,
    0.608027,
    0.615512,
    0.614111
  ],
  "train_cls_loss": [
    2.328582,
    1.518135,
    1.281018,
    1.15221,
    1.071677,
    1.007576,
    0.972463,
    0.908266,
    0.878633,
    0.863639,
    0.83615,
    0.80697,
    0.81576,
    0.800169,
    0.77698,
    0.750826,
    0.746863,
    0.723392,
    0.705743,
    0.690393,
    0.652471,
    0.611241,
    0.593043,
    0.602679,
    0.573508,
    0.579123,
    0.570052,
    0.552174,
    0.54156,
    0.555579,
    0.54304,
    0.53635,
    0.512361,
    0.533441,
    0.518285,
    0.506815,
    0.514725,
    0.509046,
    0.494915,
    0.48324
  ],
  "train_total_loss": [
    2.328582,
    1.518135,
    1.281018,
    1.15221,
    1.071677,
    1.007576,
    0.972463,
    0.908266,
    0.878633,
    0.863639,
    0.83615,
    0.80697,
    0.81576,
    0.800169,
    0.77698,
    0.750826,
    0.746863,
    0.723392,
    0.705743,
    0.690393,
    0.652471,
    0.611241,
    0.593043,
    0.602679,
    0.573508,
    0.579123,
    0.570052,
    0.552174,
    0.54156,
    0.555579,
    0.54304,
    0.53635,
    0.512361,
    0.533441,
    0.518285,
    0.506815,
    0.514725,
    0.509046,
    0.494915,
    0.48324
  ],
  "learning_rates": [
    0.001,
    0.001,
    0.001,
    0.001,
    0.001,
    0.001,
    0.001,
    0.001,
    0.001,
    0.001,
    0.001,
    0.001,
    0.001,
    0.001,
    0.001,
    0.001,
    0.001,
    0.001,
    0.001,
    0.001,
    0.0005,
    0.0005,
    0.0005,
    0.0005,
    0.0005,
    0.0005,
    0.0005,
    0.0005,
    0.0005,
    0.0005,
    0.0005,
    0.0005,
    0.0005,
    0.0005,
    0.0005,
    0.0005,
    0.0005,
    0.0005,
    0.0005,
    0.0005
  ],
  "val_accuracy": [
    55.333714,
    65.487735,
    70.678836,
    72.960639,
    74.443811,
    74.272675,
    76.782658,
    76.896748,
    76.839703,
    77.581289,
    78.03765,
    77.980605,
    77.067884,
    77.638334,
    78.094695,
    79.007416,
    78.665145,
    76.953793,
    78.779236,
    78.208785,
    79.292641,
    79.863092,
    79.520821,
    79.064461,
    80.490588,
    79.064461,
    78.950371,
    78.665145,
    79.349686,
    79.577867,
    78.893326,
    78.49401,
    79.406731,
    79.577867,
    78.836281,
    78.893326,
    79.349686,
    79.577867,
    78.836281,
    77.866515
  ],
  "model_info": {
    "model_class": "BaseClassifier",
    "hidden_size": 128,
    "num_classes": 23,
    "emb_size_audio": 512,
    "emb_size_text": 512,
    "dropout": 0.1,
    "use_batch_norm": true,
    "mode": "both",
    "num_folds": 5,
    "fold_id": 2,
    "batch_size": 64,
    "random_seed": 1821
  }
}