{
  "attention_audio": [
    0.506534,
    0.484707,
    0.486019,
    0.485286,
    0.486094,
    0.485008,
    0.485955,
    0.488913,
    0.490173,
    0.489375,
    0.491391,
    0.492739,
    0.497605,
    0.497118,
    0.498703,
    0.498306,
    0.499398,
    0.496614,
    0.499118,
    0.505294,
    0.503179,
    0.506125,
    0.502057,
    0.502346,
    0.502275,
    0.502159,
    0.500238,
    0.502495,
    0.505375,
    0.503877,
    0.504555,
    0.50382,
    0.507096,
    0.506753,
    0.506104,
    0.508408,
    0.505036,
    0.503498,
    0.504084,
    0.504605,
    0.503739,
    0.501302,
    0.501463,
    0.502643,
    0.50406,
    0.505374,
    0.503595,
    0.503228,
    0.503085,
    0.504144,
    0.502937,
    0.501977,
    0.503349,
    0.503603,
    0.503247,
    0.504328,
    0.501668,
    0.500297,
    0.501814
  ],
  "attention_text": [
    0.493466,
    0.515293,
    0.513981,
    0.514714,
    0.513906,
    0.514992,
    0.514045,
    0.511087,
    0.509827,
    0.510625,
    0.508609,
    0.507261,
    0.502395,
    0.502882,
    0.501297,
    0.501694,
    0.500602,
    0.503386,
    0.500882,
    0.494706,
    0.496821,
    0.493875,
    0.497942,
    0.497654,
    0.497725,
    0.497841,
    0.499762,
    0.497505,
    0.494625,
    0.496123,
    0.495445,
    0.49618,
    0.492904,
    0.493247,
    0.493896,
    0.491592,
    0.494964,
    0.496502,
    0.495916,
    0.495395,
    0.496261,
    0.498698,
    0.498537,
    0.497357,
    0.49594,
    0.494626,
    0.496405,
    0.496772,
    0.496915,
    0.495856,
    0.497063,
    0.498023,
    0.496651,
    0.496397,
    0.496753,
    0.495672,
    0.498332,
    0.499703,
    0.498186
  ],
  "train_cls_loss": [
    2.452671,
    1.733723,
    1.575022,
    1.436528,
    1.374215,
    1.225367,
    1.263195,
    1.208319,
    1.230272,
    1.160843,
    1.193709,
    1.145807,
    1.115261,
    1.042712,
    1.046017,
    1.022312,
    1.077199,
    0.980777,
    1.047359,
    1.034026,
    0.964015,
    0.986329,
    0.885462,
    0.897259,
    0.87869,
    0.922977,
    0.915493,
    0.923177,
    0.920037,
    0.812096,
    0.870932,
    0.907602,
    0.870605,
    0.819969,
    0.902611,
    0.812359,
    0.790943,
    0.96899,
    0.929148,
    0.801321,
    0.788453,
    0.725654,
    0.771364,
    0.806536,
    0.837472,
    0.735851,
    0.776424,
    0.776723,
    0.733726,
    0.591037,
    0.730932,
    0.742773,
    0.767511,
    0.723743,
    0.721114,
    0.725136,
    0.656417,
    0.699318,
    0.829949
  ],
  "train_total_loss": [
    2.452671,
    1.733723,
    1.575022,
    1.436528,
    1.374215,
    1.225367,
    1.263195,
    1.208319,
    1.230272,
    1.160843,
    1.193709,
    1.145807,
    1.115261,
    1.042712,
    1.046017,
    1.022312,
    1.077199,
    0.980777,
    1.047359,
    1.034026,
    0.964015,
    0.986329,
    0.885462,
    0.897259,
    0.87869,
    0.922977,
    0.915493,
    0.923177,
    0.920037,
    0.812096,
    0.870932,
    0.907602,
    0.870605,
    0.819969,
    0.902611,
    0.812359,
    0.790943,
    0.96899,
    0.929148,
    0.801321,
    0.788453,
    0.725654,
    0.771364,
    0.806536,
    0.837472,
    0.735851,
    0.776424,
    0.776723,
    0.733726,
    0.591037,
    0.730932,
    0.742773,
    0.767511,
    0.723743,
    0.721114,
    0.725136,
    0.656417,
    0.699318,
    0.829949
  ],
  "learning_rates": [
    0.001,
    0.001,
    0.001,
    0.001,
    0.001,
    0.001,
    0.001,
    0.001,
    0.001,
    0.001,
    0.001,
    0.001,
    0.001,
    0.001,
    0.001,
    0.001,
    0.001,
    0.001,
    0.001,
    0.001,
    0.0005,
    0.0005,
    0.0005,
    0.0005,
    0.0005,
    0.0005,
    0.0005,
    0.0005,
    0.0005,
    0.0005,
    0.0005,
    0.0005,
    0.0005,
    0.0005,
    0.0005,
    0.0005,
    0.0005,
    0.0005,
    0.0005,
    0.0005,
    0.00025,
    0.00025,
    0.00025,
    0.00025,
    0.00025,
    0.00025,
    0.00025,
    0.00025,
    0.00025,
    0.00025,
    0.00025,
    0.00025,
    0.00025,
    0.00025,
    0.00025,
    0.00025,
    0.00025,
    0.00025,
    0.00025
  ],
  "val_accuracy": [
    61.209355,
    68.853394,
    72.903594,
    75.356532,
    77.181974,
    76.554478,
    79.520821,
    79.406731,
    79.007416,
    80.034227,
    79.520821,
    79.920137,
    80.604678,
    79.863092,
    79.463776,
    79.749002,
    79.863092,
    80.262407,
    79.977182,
    80.262407,
    80.433542,
    81.175128,
    80.889903,
    80.148317,
    80.376497,
    80.490588,
    81.403309,
    80.376497,
    81.517399,
    80.262407,
    80.889903,
    80.319452,
    80.832858,
    80.091272,
    80.718768,
    81.460354,
    80.262407,
    81.061038,
    80.946948,
    81.118083,
    81.460354,
    81.460354,
    80.547633,
    81.745579,
    81.232173,
    81.460354,
    80.661723,
    80.547633,
    80.319452,
    80.376497,
    80.547633,
    80.832858,
    80.433542,
    80.490588,
    80.775813,
    80.376497,
    81.175128,
    80.604678,
    80.034227
  ],
  "model_info": {
    "model_class": "BaseClassifier",
    "hidden_size": 128,
    "num_classes": 23,
    "emb_size_audio": 512,
    "emb_size_text": 512,
    "dropout": 0.1,
    "use_batch_norm": true,
    "mode": "both",
    "num_folds": 5,
    "fold_id": 2,
    "batch_size": 64,
    "random_seed": 1821
  }
}