{
  "train_cls_loss": [
    2.399248,
    1.658697,
    1.451314,
    1.353674,
    1.27706,
    1.198014,
    1.163766,
    1.099683,
    1.102438,
    1.053407,
    1.024199,
    1.0054,
    0.963516,
    0.964264,
    0.932888,
    0.903685,
    0.880744,
    0.868589,
    0.855988,
    0.804441,
    0.739331,
    0.707526,
    0.689006,
    0.654375,
    0.629037,
    0.648213,
    0.648514,
    0.61371,
    0.6236,
    0.589783,
    0.594988,
    0.580498,
    0.571707,
    0.54459,
    0.545643,
    0.544053
  ],
  "train_top_cls_loss": [
    0.941847,
    0.687275,
    0.615742,
    0.576757,
    0.563414,
    0.53133,
    0.520568,
    0.481943,
    0.497972,
    0.484491,
    0.469883,
    0.465155,
    0.447204,
    0.449671,
    0.42418,
    0.419634,
    0.401718,
    0.404059,
    0.39691,
    0.371967,
    0.343023,
    0.325645,
    0.32033,
    0.302126,
    0.300827,
    0.309855,
    0.300817,
    0.286038,
    0.296626,
    0.282504,
    0.270764,
    0.268409,
    0.265496,
    0.262784,
    0.258626,
    0.260598
  ],
  "train_total_loss": [
    2.681802,
    1.86488,
    1.636037,
    1.526701,
    1.446084,
    1.357413,
    1.319937,
    1.244266,
    1.251829,
    1.198754,
    1.165163,
    1.144947,
    1.097677,
    1.099165,
    1.060142,
    1.029575,
    1.00126,
    0.989807,
    0.975061,
    0.916031,
    0.842238,
    0.80522,
    0.785105,
    0.745013,
    0.719285,
    0.741169,
    0.738759,
    0.699521,
    0.712588,
    0.674534,
    0.676217,
    0.661021,
    0.651356,
    0.623425,
    0.623231,
    0.622232
  ],
  "learning_rates": [
    0.001,
    0.001,
    0.001,
    0.001,
    0.001,
    0.001,
    0.001,
    0.001,
    0.001,
    0.001,
    0.001,
    0.001,
    0.001,
    0.001,
    0.001,
    0.001,
    0.001,
    0.001,
    0.001,
    0.001,
    0.0005,
    0.0005,
    0.0005,
    0.0005,
    0.0005,
    0.0005,
    0.0005,
    0.0005,
    0.0005,
    0.0005,
    0.0005,
    0.0005,
    0.0005,
    0.0005,
    0.0005,
    0.0005
  ],
  "val_accuracy": [
    49.310345,
    62.873563,
    64.252874,
    64.482759,
    68.62069,
    68.735632,
    67.931034,
    68.793103,
    69.367816,
    70.632184,
    70.977011,
    71.724138,
    72.241379,
    70.977011,
    71.494253,
    71.954023,
    72.643678,
    71.724138,
    72.471264,
    70.804598,
    73.505747,
    72.988506,
    72.758621,
    72.241379,
    73.275862,
    72.241379,
    71.091954,
    72.988506,
    72.413793,
    71.436782,
    73.16092,
    72.643678,
    71.954023,
    73.275862,
    71.494253,
    71.896552
  ],
  "model_info": {
    "model_class": "BaseClassifier",
    "hidden_size": 128,
    "num_classes": 23,
    "emb_size_audio": 768,
    "emb_size_text": 0,
    "dropout": 0.1,
    "use_batch_norm": true,
    "mode": "audio",
    "num_folds": 5,
    "fold_id": 4,
    "batch_size": 64,
    "random_seed": 1821
  }
}