{
  "train_cls_loss": [
    2.351243,
    1.644645,
    1.454795,
    1.342613,
    1.274958,
    1.228762,
    1.159355,
    1.124584,
    1.075172,
    1.059116,
    1.012891,
    0.999005,
    0.990705,
    0.943459,
    0.918824,
    0.901352,
    0.8811,
    0.846655,
    0.829152,
    0.821306,
    0.751999,
    0.726156,
    0.685896,
    0.656387,
    0.646485,
    0.638354,
    0.615638,
    0.604764,
    0.582513,
    0.581621,
    0.581319,
    0.559063,
    0.552913,
    0.551368,
    0.54539,
    0.526053,
    0.505905,
    0.509609,
    0.497126,
    0.496458,
    0.433725,
    0.435249
  ],
  "train_top_cls_loss": [
    0.92419,
    0.6608,
    0.592997,
    0.566397,
    0.547328,
    0.538651,
    0.514932,
    0.496003,
    0.48074,
    0.470071,
    0.455186,
    0.442098,
    0.44826,
    0.419874,
    0.422005,
    0.400366,
    0.399161,
    0.38905,
    0.365611,
    0.377414,
    0.338005,
    0.325674,
    0.310375,
    0.295797,
    0.2843,
    0.276361,
    0.277598,
    0.26883,
    0.251904,
    0.255791,
    0.262497,
    0.239889,
    0.244967,
    0.246188,
    0.246996,
    0.234415,
    0.228262,
    0.228581,
    0.218482,
    0.227828,
    0.198025,
    0.193484
  ],
  "train_total_loss": [
    2.813338,
    1.975045,
    1.751293,
    1.625811,
    1.548622,
    1.498087,
    1.416821,
    1.372586,
    1.315543,
    1.294151,
    1.240484,
    1.220054,
    1.214835,
    1.153396,
    1.129826,
    1.101535,
    1.08068,
    1.04118,
    1.011958,
    1.010013,
    0.921002,
    0.888993,
    0.841083,
    0.804285,
    0.788635,
    0.776534,
    0.754437,
    0.739179,
    0.708466,
    0.709517,
    0.712567,
    0.679008,
    0.675396,
    0.674462,
    0.668888,
    0.643261,
    0.620036,
    0.6239,
    0.606366,
    0.610372,
    0.532738,
    0.531991
  ],
  "learning_rates": [
    0.001,
    0.001,
    0.001,
    0.001,
    0.001,
    0.001,
    0.001,
    0.001,
    0.001,
    0.001,
    0.001,
    0.001,
    0.001,
    0.001,
    0.001,
    0.001,
    0.001,
    0.001,
    0.001,
    0.001,
    0.0005,
    0.0005,
    0.0005,
    0.0005,
    0.0005,
    0.0005,
    0.0005,
    0.0005,
    0.0005,
    0.0005,
    0.0005,
    0.0005,
    0.0005,
    0.0005,
    0.0005,
    0.0005,
    0.0005,
    0.0005,
    0.0005,
    0.0005,
    0.00025,
    0.00025
  ],
  "val_accuracy": [
    55.344828,
    60.574713,
    63.045977,
    68.965517,
    68.045977,
    72.126437,
    70.747126,
    71.781609,
    71.034483,
    73.448276,
    72.183908,
    72.528736,
    72.816092,
    71.954023,
    73.218391,
    72.356322,
    72.816092,
    72.413793,
    72.241379,
    72.931034,
    73.908046,
    74.195402,
    74.310345,
    74.54023,
    73.505747,
    74.425287,
    75.0,
    73.62069,
    73.563218,
    72.988506,
    74.425287,
    74.54023,
    75.0,
    74.482759,
    73.505747,
    74.08046,
    72.471264,
    73.908046,
    73.850575,
    73.390805,
    74.482759,
    74.425287
  ],
  "model_info": {
    "model_class": "BaseClassifier",
    "hidden_size": 128,
    "num_classes": 23,
    "emb_size_audio": 768,
    "emb_size_text": 0,
    "dropout": 0.1,
    "use_batch_norm": true,
    "mode": "audio",
    "num_folds": 5,
    "fold_id": 2,
    "batch_size": 64,
    "random_seed": 1821
  }
}