{
  "attention_audio": [
    0.527785,
    0.528081,
    0.521714,
    0.523467,
    0.521237,
    0.52328,
    0.523277,
    0.523748,
    0.517658,
    0.521256,
    0.525284,
    0.520777,
    0.523798,
    0.52252,
    0.516154,
    0.516704,
    0.520545,
    0.522076,
    0.519772,
    0.519325,
    0.517001,
    0.515999,
    0.517248,
    0.519481,
    0.519082,
    0.520455,
    0.516851,
    0.515602,
    0.517283,
    0.516704,
    0.518348,
    0.517312,
    0.517476,
    0.518099,
    0.519162,
    0.516,
    0.517285,
    0.516777,
    0.517241,
    0.519723,
    0.519212,
    0.520348,
    0.518802,
    0.520148,
    0.518529
  ],
  "attention_text": [
    0.472215,
    0.471919,
    0.478286,
    0.476533,
    0.478763,
    0.47672,
    0.476723,
    0.476252,
    0.482342,
    0.478744,
    0.474716,
    0.479223,
    0.476202,
    0.47748,
    0.483846,
    0.483296,
    0.479455,
    0.477924,
    0.480228,
    0.480675,
    0.482999,
    0.484001,
    0.482752,
    0.480519,
    0.480918,
    0.479545,
    0.483149,
    0.484398,
    0.482717,
    0.483296,
    0.481652,
    0.482688,
    0.482524,
    0.481901,
    0.480838,
    0.484,
    0.482715,
    0.483223,
    0.482759,
    0.480277,
    0.480788,
    0.479652,
    0.481198,
    0.479852,
    0.481471
  ],
  "train_cls_loss": [
    2.365855,
    1.665659,
    1.378992,
    1.217857,
    1.095735,
    1.029221,
    0.974778,
    0.913983,
    0.849435,
    0.832233,
    0.815899,
    0.757773,
    0.750964,
    0.723195,
    0.712654,
    0.697391,
    0.671309,
    0.646282,
    0.649755,
    0.638022,
    0.542716,
    0.507907,
    0.486697,
    0.49537,
    0.464796,
    0.470489,
    0.466552,
    0.452658,
    0.446713,
    0.431555,
    0.421427,
    0.41238,
    0.410862,
    0.414961,
    0.415242,
    0.375903,
    0.386251,
    0.375437,
    0.37458,
    0.376641,
    0.321752,
    0.29892,
    0.296954,
    0.284587,
    0.285514
  ],
  "train_contrastive_loss": [
    3.767877,
    3.531844,
    3.484677,
    3.485362,
    3.454394,
    3.441477,
    3.425882,
    3.413595,
    3.396844,
    3.383747,
    3.378891,
    3.365626,
    3.359454,
    3.347403,
    3.342948,
    3.337738,
    3.33219,
    3.324003,
    3.32084,
    3.311117,
    3.286506,
    3.257289,
    3.253792,
    3.245375,
    3.244895,
    3.2374,
    3.232916,
    3.239988,
    3.235179,
    3.222868,
    3.214944,
    3.220334,
    3.206372,
    3.211424,
    3.198983,
    3.201361,
    3.205524,
    3.204355,
    3.189859,
    3.195559,
    3.170852,
    3.164736,
    3.165391,
    3.158168,
    3.16018
  ],
  "train_total_loss": [
    6.133731,
    5.197503,
    4.863669,
    4.70322,
    4.550128,
    4.470698,
    4.40066,
    4.327578,
    4.246279,
    4.21598,
    4.19479,
    4.123398,
    4.110418,
    4.070598,
    4.055603,
    4.035128,
    4.003499,
    3.970286,
    3.970595,
    3.94914,
    3.829222,
    3.765196,
    3.740489,
    3.740744,
    3.709691,
    3.70789,
    3.699469,
    3.692646,
    3.681892,
    3.654423,
    3.636371,
    3.632714,
    3.617234,
    3.626385,
    3.614225,
    3.577264,
    3.591775,
    3.579793,
    3.564439,
    3.5722,
    3.492604,
    3.463656,
    3.462345,
    3.442756,
    3.445694
  ],
  "learning_rates": [
    0.001,
    0.001,
    0.001,
    0.001,
    0.001,
    0.001,
    0.001,
    0.001,
    0.001,
    0.001,
    0.001,
    0.001,
    0.001,
    0.001,
    0.001,
    0.001,
    0.001,
    0.001,
    0.001,
    0.001,
    0.0005,
    0.0005,
    0.0005,
    0.0005,
    0.0005,
    0.0005,
    0.0005,
    0.0005,
    0.0005,
    0.0005,
    0.0005,
    0.0005,
    0.0005,
    0.0005,
    0.0005,
    0.0005,
    0.0005,
    0.0005,
    0.0005,
    0.0005,
    0.00025,
    0.00025,
    0.00025,
    0.00025,
    0.00025
  ],
  "val_accuracy": [
    41.699943,
    52.310325,
    60.125499,
    64.289789,
    70.735881,
    71.249287,
    74.843126,
    73.588135,
    76.155163,
    73.359954,
    75.413577,
    78.49401,
    78.208785,
    77.866515,
    77.581289,
    78.551055,
    78.37992,
    78.836281,
    78.322875,
    78.436965,
    80.034227,
    80.262407,
    79.007416,
    80.376497,
    80.148317,
    79.406731,
    79.920137,
    78.950371,
    80.091272,
    80.490588,
    79.749002,
    79.920137,
    79.691957,
    79.463776,
    78.779236,
    78.893326,
    79.007416,
    79.463776,
    78.893326,
    79.121506,
    80.091272,
    79.634912,
    79.691957,
    79.292641,
    79.349686
  ],
  "model_info": {
    "model_class": "BaseClassifier",
    "hidden_size": 128,
    "num_classes": 23,
    "emb_size_audio": 512,
    "emb_size_text": 512,
    "dropout": 0.1,
    "use_batch_norm": true,
    "mode": "both",
    "num_folds": 5,
    "fold_id": 3,
    "batch_size": 64,
    "random_seed": 1821
  }
}