{
  "train_cls_loss": [
    1.112794,
    0.846059,
    0.772185,
    0.725522,
    0.696494,
    0.673911,
    0.652712,
    0.636212,
    0.62134,
    0.603603,
    0.598138,
    0.579884,
    0.570875,
    0.556399,
    0.551374,
    0.537395,
    0.531587,
    0.524761,
    0.517888,
    0.509502,
    0.478279,
    0.467026,
    0.454692,
    0.446778,
    0.440243,
    0.435433,
    0.43025,
    0.423332
  ],
  "train_total_loss": [
    1.112794,
    0.846059,
    0.772185,
    0.725522,
    0.696494,
    0.673911,
    0.652712,
    0.636212,
    0.62134,
    0.603603,
    0.598138,
    0.579884,
    0.570875,
    0.556399,
    0.551374,
    0.537395,
    0.531587,
    0.524761,
    0.517888,
    0.509502,
    0.478279,
    0.467026,
    0.454692,
    0.446778,
    0.440243,
    0.435433,
    0.43025,
    0.423332
  ],
  "learning_rates": [
    0.001,
    0.001,
    0.001,
    0.001,
    0.001,
    0.001,
    0.001,
    0.001,
    0.001,
    0.001,
    0.001,
    0.001,
    0.001,
    0.001,
    0.001,
    0.001,
    0.001,
    0.001,
    0.001,
    0.001,
    0.0005,
    0.0005,
    0.0005,
    0.0005,
    0.0005,
    0.0005,
    0.0005,
    0.0005
  ],
  "val_accuracy": [
    57.216201,
    62.407302,
    67.997718,
    70.964062,
    71.876783,
    71.705647,
    73.131774,
    72.047918,
    73.074729,
    73.245864,
    73.074729,
    73.588135,
    75.812892,
    73.53109,
    74.786081,
    73.87336,
    74.614946,
    72.390188,
    73.930405,
    74.32972,
    73.245864,
    74.443811,
    73.474044,
    74.900171,
    74.729036,
    74.900171,
    74.957216,
    73.588135
  ],
  "model_info": {
    "model_class": "BaseClassifier",
    "hidden_size": 128,
    "num_classes": 23,
    "emb_size_audio": 512,
    "emb_size_text": 0,
    "dropout": 0.1,
    "use_batch_norm": true,
    "mode": "audio",
    "num_folds": 5,
    "fold_id": 4,
    "batch_size": 64,
    "random_seed": 1821
  }
}