{
  "attention_audio": [
    0.538505,
    0.533837,
    0.523475,
    0.519301,
    0.513245,
    0.514345,
    0.514121,
    0.512854,
    0.514738,
    0.512124,
    0.514121,
    0.514591,
    0.513792,
    0.512673,
    0.511683,
    0.514038,
    0.511776,
    0.512151,
    0.509792,
    0.511841,
    0.514694,
    0.514087,
    0.512246,
    0.510695,
    0.510191,
    0.511606,
    0.510366,
    0.510337,
    0.509449,
    0.509706,
    0.508658
  ],
  "attention_text": [
    0.461495,
    0.466162,
    0.476525,
    0.480699,
    0.486755,
    0.485655,
    0.485879,
    0.487146,
    0.485262,
    0.487876,
    0.485879,
    0.485409,
    0.486208,
    0.487327,
    0.488317,
    0.485962,
    0.488224,
    0.487849,
    0.490208,
    0.488159,
    0.485306,
    0.485913,
    0.487754,
    0.489305,
    0.489809,
    0.488394,
    0.489634,
    0.489663,
    0.490551,
    0.490294,
    0.491342
  ],
  "train_cls_loss": [
    2.454538,
    1.735176,
    1.550039,
    1.380544,
    1.319839,
    1.302263,
    1.249294,
    1.167785,
    1.136672,
    1.137025,
    1.205428,
    1.242478,
    1.220265,
    1.044005,
    1.005667,
    1.084172,
    1.065325,
    1.071521,
    1.098153,
    0.97066,
    0.950942,
    0.929735,
    0.961183,
    0.973809,
    0.884507,
    0.917476,
    0.870738,
    0.850533,
    0.847893,
    0.90183,
    0.840311
  ],
  "train_total_loss": [
    2.454538,
    1.735176,
    1.550039,
    1.380544,
    1.319839,
    1.302263,
    1.249294,
    1.167785,
    1.136672,
    1.137025,
    1.205428,
    1.242478,
    1.220265,
    1.044005,
    1.005667,
    1.084172,
    1.065325,
    1.071521,
    1.098153,
    0.97066,
    0.950942,
    0.929735,
    0.961183,
    0.973809,
    0.884507,
    0.917476,
    0.870738,
    0.850533,
    0.847893,
    0.90183,
    0.840311
  ],
  "learning_rates": [
    0.001,
    0.001,
    0.001,
    0.001,
    0.001,
    0.001,
    0.001,
    0.001,
    0.001,
    0.001,
    0.001,
    0.001,
    0.001,
    0.001,
    0.001,
    0.001,
    0.001,
    0.001,
    0.001,
    0.001,
    0.0005,
    0.0005,
    0.0005,
    0.0005,
    0.0005,
    0.0005,
    0.0005,
    0.0005,
    0.0005,
    0.0005,
    0.0005
  ],
  "val_accuracy": [
    59.498003,
    67.256132,
    71.876783,
    74.786081,
    76.098118,
    78.094695,
    76.554478,
    76.839703,
    76.269253,
    77.695379,
    78.37992,
    78.779236,
    77.638334,
    78.893326,
    77.410154,
    80.433542,
    80.034227,
    79.577867,
    79.349686,
    79.235596,
    80.034227,
    79.235596,
    80.205362,
    79.577867,
    79.806047,
    79.691957,
    79.749002,
    78.893326,
    79.863092,
    79.121506,
    79.520821
  ],
  "model_info": {
    "model_class": "BaseClassifier",
    "hidden_size": 128,
    "num_classes": 23,
    "emb_size_audio": 512,
    "emb_size_text": 512,
    "dropout": 0.1,
    "use_batch_norm": true,
    "mode": "both",
    "num_folds": 5,
    "fold_id": 1,
    "batch_size": 64,
    "random_seed": 1821
  }
}