{
  "train_cls_loss": [
    2.242597,
    1.391883,
    1.207926,
    1.103933,
    1.03437,
    0.965249,
    0.927482,
    0.885301,
    0.837623,
    0.822829,
    0.787956,
    0.783284,
    0.769207,
    0.738859,
    0.730836,
    0.712056,
    0.684351,
    0.673576,
    0.653363,
    0.655645,
    0.596356,
    0.563107,
    0.560919,
    0.530963,
    0.544008,
    0.504307,
    0.515835,
    0.511883,
    0.508025,
    0.494377,
    0.493428,
    0.481546,
    0.462498,
    0.477206,
    0.458624,
    0.457274
  ],
  "train_total_loss": [
    2.242597,
    1.391883,
    1.207926,
    1.103933,
    1.03437,
    0.965249,
    0.927482,
    0.885301,
    0.837623,
    0.822829,
    0.787956,
    0.783284,
    0.769207,
    0.738859,
    0.730836,
    0.712056,
    0.684351,
    0.673576,
    0.653363,
    0.655645,
    0.596356,
    0.563107,
    0.560919,
    0.530963,
    0.544008,
    0.504307,
    0.515835,
    0.511883,
    0.508025,
    0.494377,
    0.493428,
    0.481546,
    0.462498,
    0.477206,
    0.458624,
    0.457274
  ],
  "learning_rates": [
    0.001,
    0.001,
    0.001,
    0.001,
    0.001,
    0.001,
    0.001,
    0.001,
    0.001,
    0.001,
    0.001,
    0.001,
    0.001,
    0.001,
    0.001,
    0.001,
    0.001,
    0.001,
    0.001,
    0.001,
    0.0005,
    0.0005,
    0.0005,
    0.0005,
    0.0005,
    0.0005,
    0.0005,
    0.0005,
    0.0005,
    0.0005,
    0.0005,
    0.0005,
    0.0005,
    0.0005,
    0.0005,
    0.0005
  ],
  "val_accuracy": [
    57.444381,
    66.514546,
    70.735881,
    70.450656,
    72.219053,
    74.729036,
    74.957216,
    75.014261,
    76.611523,
    76.041072,
    77.296064,
    76.611523,
    75.014261,
    77.467199,
    77.010839,
    77.638334,
    77.695379,
    75.984027,
    76.725613,
    76.155163,
    78.893326,
    77.980605,
    77.296064,
    77.410154,
    77.353109,
    78.15174,
    77.181974,
    78.49401,
    77.353109,
    77.524244,
    77.239019,
    77.524244,
    76.497433,
    76.269253,
    75.926982,
    78.03765
  ],
  "model_info": {
    "model_class": "BaseClassifier",
    "hidden_size": 128,
    "num_classes": 23,
    "emb_size_audio": 512,
    "emb_size_text": 0,
    "dropout": 0.1,
    "use_batch_norm": true,
    "mode": "audio",
    "num_folds": 5,
    "fold_id": 2,
    "batch_size": 64,
    "random_seed": 1821
  }
}