{
  "attention_audio": [
    0.435839,
    0.422716,
    0.414461,
    0.407998,
    0.403215,
    0.399571,
    0.400244,
    0.400571,
    0.395023,
    0.388136,
    0.393835,
    0.391312,
    0.38958,
    0.385153,
    0.38941,
    0.394401,
    0.393968,
    0.396765,
    0.395286,
    0.396616,
    0.393591,
    0.398887,
    0.402233,
    0.40049,
    0.397635,
    0.401802,
    0.401084,
    0.399732,
    0.400588,
    0.402976,
    0.406763,
    0.406655,
    0.406216,
    0.406954,
    0.410205,
    0.409122,
    0.408214,
    0.40905,
    0.411323,
    0.408701,
    0.40978,
    0.411741,
    0.411093,
    0.410718
  ],
  "attention_text": [
    0.564161,
    0.577284,
    0.585539,
    0.592002,
    0.596785,
    0.600429,
    0.599756,
    0.599429,
    0.604977,
    0.611864,
    0.606165,
    0.608688,
    0.61042,
    0.614847,
    0.61059,
    0.605599,
    0.606032,
    0.603235,
    0.604714,
    0.603384,
    0.606409,
    0.601113,
    0.597767,
    0.59951,
    0.602365,
    0.598198,
    0.598916,
    0.600268,
    0.599412,
    0.597024,
    0.593237,
    0.593345,
    0.593784,
    0.593046,
    0.589795,
    0.590878,
    0.591786,
    0.59095,
    0.588677,
    0.591299,
    0.59022,
    0.588259,
    0.588907,
    0.589282
  ],
  "train_cls_loss": [
    1.587736,
    1.096235,
    0.983822,
    0.903285,
    0.85028,
    0.801722,
    0.775189,
    0.731188,
    0.710311,
    0.688938,
    0.666487,
    0.640452,
    0.614057,
    0.609535,
    0.600398,
    0.577654,
    0.564355,
    0.547445,
    0.530989,
    0.518531,
    0.454507,
    0.43128,
    0.411353,
    0.400248,
    0.393623,
    0.385198,
    0.379967,
    0.360008,
    0.359133,
    0.345963,
    0.343175,
    0.339311,
    0.326723,
    0.32774,
    0.316564,
    0.31282,
    0.306815,
    0.301029,
    0.285118,
    0.29313,
    0.260401,
    0.245414,
    0.243989,
    0.234344
  ],
  "train_total_loss": [
    1.587736,
    1.096235,
    0.983822,
    0.903285,
    0.85028,
    0.801722,
    0.775189,
    0.731188,
    0.710311,
    0.688938,
    0.666487,
    0.640452,
    0.614057,
    0.609535,
    0.600398,
    0.577654,
    0.564355,
    0.547445,
    0.530989,
    0.518531,
    0.454507,
    0.43128,
    0.411353,
    0.400248,
    0.393623,
    0.385198,
    0.379967,
    0.360008,
    0.359133,
    0.345963,
    0.343175,
    0.339311,
    0.326723,
    0.32774,
    0.316564,
    0.31282,
    0.306815,
    0.301029,
    0.285118,
    0.29313,
    0.260401,
    0.245414,
    0.243989,
    0.234344
  ],
  "learning_rates": [
    0.001,
    0.001,
    0.001,
    0.001,
    0.001,
    0.001,
    0.001,
    0.001,
    0.001,
    0.001,
    0.001,
    0.001,
    0.001,
    0.001,
    0.001,
    0.001,
    0.001,
    0.001,
    0.001,
    0.001,
    0.0005,
    0.0005,
    0.0005,
    0.0005,
    0.0005,
    0.0005,
    0.0005,
    0.0005,
    0.0005,
    0.0005,
    0.0005,
    0.0005,
    0.0005,
    0.0005,
    0.0005,
    0.0005,
    0.0005,
    0.0005,
    0.0005,
    0.0005,
    0.00025,
    0.00025,
    0.00025,
    0.00025
  ],
  "val_accuracy": [
    70.347567,
    74.319762,
    75.09434,
    78.133069,
    79.741807,
    80.178749,
    80.913605,
    80.913605,
    81.01291,
    82.641509,
    82.581927,
    82.760675,
    83.594836,
    82.879841,
    83.118173,
    83.594836,
    84.031778,
    83.952334,
    83.833168,
    83.574975,
    84.925521,
    85.183714,
    84.667329,
    84.548163,
    84.865938,
    85.124131,
    85.223436,
    84.826216,
    85.402185,
    84.965243,
    84.48858,
    84.945382,
    84.965243,
    84.667329,
    85.283019,
    84.786495,
    85.024826,
    85.004965,
    84.68719,
    84.965243,
    85.143992,
    85.243297,
    85.362463,
    84.826216
  ],
  "model_info": {
    "model_class": "BaseClassifier",
    "hidden_size": 128,
    "num_classes": 23,
    "emb_size_audio": 512,
    "emb_size_text": 512,
    "dropout": 0.1,
    "use_batch_norm": true,
    "mode": "both",
    "num_folds": 5,
    "fold_id": 4,
    "batch_size": 64,
    "random_seed": 1821
  }
}