{
  "attention_audio": [
    0.538002,
    0.5474,
    0.537208,
    0.538724,
    0.538143,
    0.537083,
    0.539683,
    0.548105,
    0.547463,
    0.55547,
    0.555418,
    0.552293,
    0.554118,
    0.563041,
    0.560407,
    0.562944,
    0.564677,
    0.565252,
    0.568164,
    0.570394,
    0.566982,
    0.574077,
    0.575218,
    0.575738,
    0.573028,
    0.576203,
    0.574163,
    0.574255,
    0.577741,
    0.579477,
    0.580541,
    0.580502,
    0.577964,
    0.579816,
    0.579582,
    0.579084,
    0.582289
  ],
  "attention_text": [
    0.461998,
    0.4526,
    0.462792,
    0.461276,
    0.461857,
    0.462917,
    0.460317,
    0.451895,
    0.452537,
    0.44453,
    0.444582,
    0.447707,
    0.445882,
    0.436959,
    0.439593,
    0.437056,
    0.435323,
    0.434748,
    0.431836,
    0.429606,
    0.433018,
    0.425923,
    0.424782,
    0.424262,
    0.426972,
    0.423797,
    0.425837,
    0.425745,
    0.422259,
    0.420523,
    0.419459,
    0.419498,
    0.422036,
    0.420184,
    0.420418,
    0.420916,
    0.417711
  ],
  "train_cls_loss": [
    2.180947,
    1.295501,
    1.052439,
    0.957114,
    0.860329,
    0.804132,
    0.786591,
    0.738884,
    0.71567,
    0.670522,
    0.642494,
    0.618164,
    0.597087,
    0.570169,
    0.564609,
    0.534432,
    0.522138,
    0.503066,
    0.499911,
    0.491081,
    0.403201,
    0.383268,
    0.369808,
    0.357264,
    0.339822,
    0.331454,
    0.328633,
    0.329254,
    0.301137,
    0.294563,
    0.295193,
    0.287699,
    0.289509,
    0.277839,
    0.271797,
    0.26323,
    0.271223
  ],
  "train_total_loss": [
    2.180947,
    1.295501,
    1.052439,
    0.957114,
    0.860329,
    0.804132,
    0.786591,
    0.738884,
    0.71567,
    0.670522,
    0.642494,
    0.618164,
    0.597087,
    0.570169,
    0.564609,
    0.534432,
    0.522138,
    0.503066,
    0.499911,
    0.491081,
    0.403201,
    0.383268,
    0.369808,
    0.357264,
    0.339822,
    0.331454,
    0.328633,
    0.329254,
    0.301137,
    0.294563,
    0.295193,
    0.287699,
    0.289509,
    0.277839,
    0.271797,
    0.26323,
    0.271223
  ],
  "learning_rates": [
    0.001,
    0.001,
    0.001,
    0.001,
    0.001,
    0.001,
    0.001,
    0.001,
    0.001,
    0.001,
    0.001,
    0.001,
    0.001,
    0.001,
    0.001,
    0.001,
    0.001,
    0.001,
    0.001,
    0.001,
    0.0005,
    0.0005,
    0.0005,
    0.0005,
    0.0005,
    0.0005,
    0.0005,
    0.0005,
    0.0005,
    0.0005,
    0.0005,
    0.0005,
    0.0005,
    0.0005,
    0.0005,
    0.0005,
    0.0005
  ],
  "val_accuracy": [
    62.643678,
    68.390805,
    74.885057,
    77.068966,
    77.471264,
    78.62069,
    78.16092,
    78.218391,
    77.931034,
    77.988506,
    78.505747,
    78.275862,
    78.563218,
    79.252874,
    79.54023,
    79.770115,
    80.0,
    78.103448,
    80.287356,
    79.195402,
    79.712644,
    80.632184,
    78.62069,
    79.885057,
    79.425287,
    79.770115,
    79.482759,
    79.022989,
    80.114943,
    79.54023,
    79.252874,
    78.965517,
    79.022989,
    78.965517,
    79.08046,
    79.310345,
    79.310345
  ],
  "model_info": {
    "model_class": "BaseClassifier",
    "hidden_size": 128,
    "num_classes": 23,
    "emb_size_audio": 1280,
    "emb_size_text": 512,
    "dropout": 0.1,
    "use_batch_norm": true,
    "mode": "both",
    "num_folds": 5,
    "fold_id": 3,
    "batch_size": 64,
    "random_seed": 1821
  }
}