{
  "attention_audio": [
    0.438299,
    0.390836,
    0.384364,
    0.394495,
    0.384876,
    0.388389,
    0.385188,
    0.386381,
    0.393541,
    0.386512,
    0.386435,
    0.385449,
    0.38216,
    0.380068,
    0.380265,
    0.378359,
    0.379534,
    0.373815,
    0.378354,
    0.375798,
    0.379396,
    0.375754,
    0.375577,
    0.375622,
    0.373917,
    0.378695,
    0.377828,
    0.377834,
    0.378977,
    0.38031,
    0.379286,
    0.378467,
    0.376004,
    0.377648,
    0.378106,
    0.375442,
    0.375955,
    0.378061,
    0.374582,
    0.374625,
    0.373078,
    0.374223
  ],
  "attention_text": [
    0.561701,
    0.609164,
    0.615636,
    0.605505,
    0.615124,
    0.611611,
    0.614812,
    0.613619,
    0.606459,
    0.613488,
    0.613565,
    0.614551,
    0.61784,
    0.619932,
    0.619735,
    0.621641,
    0.620466,
    0.626185,
    0.621646,
    0.624202,
    0.620604,
    0.624246,
    0.624424,
    0.624378,
    0.626083,
    0.621305,
    0.622172,
    0.622166,
    0.621023,
    0.61969,
    0.620714,
    0.621533,
    0.623996,
    0.622352,
    0.621894,
    0.624558,
    0.624045,
    0.621939,
    0.625418,
    0.625374,
    0.626922,
    0.625777
  ],
  "train_cls_loss": [
    2.255285,
    1.430676,
    1.207396,
    1.119709,
    1.044358,
    0.972577,
    0.935904,
    0.899934,
    0.87636,
    0.832842,
    0.813922,
    0.811828,
    0.778339,
    0.761066,
    0.743236,
    0.721894,
    0.706735,
    0.715289,
    0.690496,
    0.682456,
    0.619882,
    0.592142,
    0.584548,
    0.596199,
    0.568361,
    0.557998,
    0.573915,
    0.537549,
    0.548134,
    0.53954,
    0.530108,
    0.524413,
    0.526331,
    0.50837,
    0.506547,
    0.502781,
    0.47719,
    0.483674,
    0.490733,
    0.47056,
    0.441442,
    0.415274
  ],
  "train_total_loss": [
    2.255285,
    1.430676,
    1.207396,
    1.119709,
    1.044358,
    0.972577,
    0.935904,
    0.899934,
    0.87636,
    0.832842,
    0.813922,
    0.811828,
    0.778339,
    0.761066,
    0.743236,
    0.721894,
    0.706735,
    0.715289,
    0.690496,
    0.682456,
    0.619882,
    0.592142,
    0.584548,
    0.596199,
    0.568361,
    0.557998,
    0.573915,
    0.537549,
    0.548134,
    0.53954,
    0.530108,
    0.524413,
    0.526331,
    0.50837,
    0.506547,
    0.502781,
    0.47719,
    0.483674,
    0.490733,
    0.47056,
    0.441442,
    0.415274
  ],
  "learning_rates": [
    0.001,
    0.001,
    0.001,
    0.001,
    0.001,
    0.001,
    0.001,
    0.001,
    0.001,
    0.001,
    0.001,
    0.001,
    0.001,
    0.001,
    0.001,
    0.001,
    0.001,
    0.001,
    0.001,
    0.001,
    0.0005,
    0.0005,
    0.0005,
    0.0005,
    0.0005,
    0.0005,
    0.0005,
    0.0005,
    0.0005,
    0.0005,
    0.0005,
    0.0005,
    0.0005,
    0.0005,
    0.0005,
    0.0005,
    0.0005,
    0.0005,
    0.0005,
    0.0005,
    0.00025,
    0.00025
  ],
  "val_accuracy": [
    60.125499,
    68.454079,
    70.849971,
    73.53109,
    75.527667,
    76.212208,
    76.041072,
    76.668568,
    78.665145,
    78.49401,
    77.010839,
    76.896748,
    77.752424,
    76.896748,
    79.349686,
    79.121506,
    78.722191,
    76.896748,
    78.49401,
    77.181974,
    79.292641,
    78.950371,
    79.463776,
    78.779236,
    79.634912,
    79.463776,
    79.691957,
    79.121506,
    77.92356,
    79.463776,
    79.121506,
    78.15174,
    78.950371,
    78.779236,
    78.722191,
    78.551055,
    77.752424,
    77.809469,
    78.03765,
    79.064461,
    79.178551,
    78.665145
  ],
  "model_info": {
    "model_class": "BaseClassifier",
    "hidden_size": 128,
    "num_classes": 23,
    "emb_size_audio": 512,
    "emb_size_text": 512,
    "dropout": 0.1,
    "use_batch_norm": true,
    "mode": "both",
    "num_folds": 5,
    "fold_id": 4,
    "batch_size": 64,
    "random_seed": 1821
  }
}