{
  "train_cls_loss": [
    0.969142,
    0.746928,
    0.687537,
    0.65147,
    0.624489,
    0.601303,
    0.58379,
    0.567273,
    0.552736,
    0.541479,
    0.528846,
    0.521127,
    0.509128,
    0.501786,
    0.490485,
    0.480665,
    0.476489,
    0.4714,
    0.462182,
    0.457206,
    0.426232,
    0.412544,
    0.404207,
    0.399202,
    0.394941,
    0.386753,
    0.379871,
    0.379956,
    0.372855,
    0.369173,
    0.362073,
    0.359784,
    0.356559,
    0.354218,
    0.350516,
    0.344867,
    0.341998,
    0.336354,
    0.333831
  ],
  "train_total_loss": [
    0.969142,
    0.746928,
    0.687537,
    0.65147,
    0.624489,
    0.601303,
    0.58379,
    0.567273,
    0.552736,
    0.541479,
    0.528846,
    0.521127,
    0.509128,
    0.501786,
    0.490485,
    0.480665,
    0.476489,
    0.4714,
    0.462182,
    0.457206,
    0.426232,
    0.412544,
    0.404207,
    0.399202,
    0.394941,
    0.386753,
    0.379871,
    0.379956,
    0.372855,
    0.369173,
    0.362073,
    0.359784,
    0.356559,
    0.354218,
    0.350516,
    0.344867,
    0.341998,
    0.336354,
    0.333831
  ],
  "learning_rates": [
    0.001,
    0.001,
    0.001,
    0.001,
    0.001,
    0.001,
    0.001,
    0.001,
    0.001,
    0.001,
    0.001,
    0.001,
    0.001,
    0.001,
    0.001,
    0.001,
    0.001,
    0.001,
    0.001,
    0.001,
    0.0005,
    0.0005,
    0.0005,
    0.0005,
    0.0005,
    0.0005,
    0.0005,
    0.0005,
    0.0005,
    0.0005,
    0.0005,
    0.0005,
    0.0005,
    0.0005,
    0.0005,
    0.0005,
    0.0005,
    0.0005,
    0.0005
  ],
  "val_accuracy": [
    59.212778,
    62.977752,
    69.024529,
    68.282944,
    69.195665,
    70.964062,
    69.48089,
    70.336566,
    71.591557,
    70.678836,
    70.336566,
    72.846549,
    71.135197,
    71.705647,
    72.390188,
    71.534512,
    72.219053,
    71.534512,
    70.735881,
    71.534512,
    72.104963,
    72.219053,
    72.447233,
    73.188819,
    71.990873,
    72.561323,
    72.903594,
    71.363377,
    71.477467,
    72.162008,
    71.420422,
    73.017684,
    72.447233,
    71.762693,
    72.333143,
    72.846549,
    72.219053,
    72.162008,
    72.504278
  ],
  "model_info": {
    "model_class": "BaseClassifier",
    "hidden_size": 128,
    "num_classes": 23,
    "emb_size_audio": 512,
    "emb_size_text": 0,
    "dropout": 0.1,
    "use_batch_norm": true,
    "mode": "audio",
    "num_folds": 5,
    "fold_id": 0,
    "batch_size": 64,
    "random_seed": 1821
  }
}