{
  "attention_audio": [
    0.478014,
    0.48001,
    0.484533,
    0.485695,
    0.485293,
    0.483501,
    0.48573,
    0.48562,
    0.484196,
    0.486293,
    0.490624,
    0.492286,
    0.490663,
    0.489542,
    0.492,
    0.495093,
    0.499138,
    0.496198,
    0.49359,
    0.494133,
    0.494629,
    0.498425,
    0.499417,
    0.499716,
    0.500356,
    0.49769,
    0.50038,
    0.501308,
    0.498382,
    0.497136,
    0.500681,
    0.497872,
    0.496959,
    0.498844,
    0.500786,
    0.50263
  ],
  "attention_text": [
    0.521986,
    0.51999,
    0.515467,
    0.514305,
    0.514707,
    0.516499,
    0.51427,
    0.51438,
    0.515804,
    0.513707,
    0.509376,
    0.507714,
    0.509337,
    0.510458,
    0.508,
    0.504907,
    0.500862,
    0.503802,
    0.50641,
    0.505867,
    0.505371,
    0.501575,
    0.500583,
    0.500284,
    0.499644,
    0.50231,
    0.49962,
    0.498692,
    0.501618,
    0.502864,
    0.499319,
    0.502128,
    0.503041,
    0.501156,
    0.499214,
    0.49737
  ],
  "train_cls_loss": [
    2.309597,
    1.434633,
    1.165119,
    1.073065,
    0.991957,
    0.938485,
    0.889325,
    0.849391,
    0.837151,
    0.796891,
    0.781671,
    0.733518,
    0.733644,
    0.704251,
    0.680885,
    0.664199,
    0.645546,
    0.638193,
    0.616934,
    0.608279,
    0.532816,
    0.499477,
    0.467622,
    0.489123,
    0.474621,
    0.456143,
    0.445011,
    0.429483,
    0.449634,
    0.416109,
    0.413835,
    0.40047,
    0.38749,
    0.39905,
    0.404178,
    0.370462
  ],
  "train_total_loss": [
    2.309597,
    1.434633,
    1.165119,
    1.073065,
    0.991957,
    0.938485,
    0.889325,
    0.849391,
    0.837151,
    0.796891,
    0.781671,
    0.733518,
    0.733644,
    0.704251,
    0.680885,
    0.664199,
    0.645546,
    0.638193,
    0.616934,
    0.608279,
    0.532816,
    0.499477,
    0.467622,
    0.489123,
    0.474621,
    0.456143,
    0.445011,
    0.429483,
    0.449634,
    0.416109,
    0.413835,
    0.40047,
    0.38749,
    0.39905,
    0.404178,
    0.370462
  ],
  "learning_rates": [
    0.001,
    0.001,
    0.001,
    0.001,
    0.001,
    0.001,
    0.001,
    0.001,
    0.001,
    0.001,
    0.001,
    0.001,
    0.001,
    0.001,
    0.001,
    0.001,
    0.001,
    0.001,
    0.001,
    0.001,
    0.0005,
    0.0005,
    0.0005,
    0.0005,
    0.0005,
    0.0005,
    0.0005,
    0.0005,
    0.0005,
    0.0005,
    0.0005,
    0.0005,
    0.0005,
    0.0005,
    0.0005,
    0.0005
  ],
  "val_accuracy": [
    61.551626,
    71.876783,
    73.359954,
    75.356532,
    75.869937,
    77.752424,
    77.467199,
    76.839703,
    77.296064,
    77.581289,
    79.406731,
    79.007416,
    78.37992,
    78.03765,
    79.121506,
    77.809469,
    78.6081,
    77.296064,
    78.15174,
    79.064461,
    79.577867,
    79.406731,
    79.463776,
    78.950371,
    79.235596,
    78.6081,
    77.752424,
    78.49401,
    78.551055,
    78.722191,
    78.950371,
    79.064461,
    79.121506,
    77.866515,
    78.551055,
    78.436965
  ],
  "model_info": {
    "model_class": "BaseClassifier",
    "hidden_size": 128,
    "num_classes": 23,
    "emb_size_audio": 512,
    "emb_size_text": 512,
    "dropout": 0.1,
    "use_batch_norm": true,
    "mode": "both",
    "num_folds": 5,
    "fold_id": 0,
    "batch_size": 64,
    "random_seed": 1821
  }
}