{
  "train_cls_loss": [
    2.406221,
    1.742934,
    1.508563,
    1.393884,
    1.315608,
    1.249492,
    1.195716,
    1.154502,
    1.104647,
    1.069935,
    1.039205,
    1.024025,
    0.980152,
    0.976637,
    0.946386,
    0.918832,
    0.889989,
    0.86367,
    0.846575,
    0.833335,
    0.740668,
    0.720819,
    0.704225,
    0.6838,
    0.679819,
    0.636984,
    0.64338,
    0.641631,
    0.607585,
    0.605921,
    0.602404,
    0.588321,
    0.580381,
    0.567703,
    0.551969,
    0.562667,
    0.526148,
    0.522775,
    0.510441,
    0.518497
  ],
  "train_top_cls_loss": [
    0.913568,
    0.660043,
    0.596665,
    0.574142,
    0.550851,
    0.527339,
    0.505871,
    0.49856,
    0.470202,
    0.464299,
    0.445597,
    0.44985,
    0.430003,
    0.430863,
    0.415709,
    0.399151,
    0.384141,
    0.38206,
    0.368342,
    0.374334,
    0.324439,
    0.31442,
    0.304213,
    0.301002,
    0.295162,
    0.275685,
    0.286338,
    0.288006,
    0.261131,
    0.257321,
    0.264127,
    0.261645,
    0.253586,
    0.242795,
    0.248034,
    0.247956,
    0.233144,
    0.230215,
    0.224836,
    0.230451
  ],
  "train_total_loss": [
    3.045719,
    2.204964,
    1.926229,
    1.795783,
    1.701204,
    1.618629,
    1.549825,
    1.503494,
    1.433789,
    1.394944,
    1.351123,
    1.33892,
    1.281154,
    1.278241,
    1.237383,
    1.198238,
    1.158888,
    1.131112,
    1.104415,
    1.095369,
    0.967775,
    0.940913,
    0.917175,
    0.894501,
    0.886432,
    0.829964,
    0.843817,
    0.843235,
    0.790377,
    0.786045,
    0.787293,
    0.771472,
    0.757891,
    0.73766,
    0.725593,
    0.736236,
    0.689349,
    0.683925,
    0.667826,
    0.679813
  ],
  "learning_rates": [
    0.001,
    0.001,
    0.001,
    0.001,
    0.001,
    0.001,
    0.001,
    0.001,
    0.001,
    0.001,
    0.001,
    0.001,
    0.001,
    0.001,
    0.001,
    0.001,
    0.001,
    0.001,
    0.001,
    0.001,
    0.0005,
    0.0005,
    0.0005,
    0.0005,
    0.0005,
    0.0005,
    0.0005,
    0.0005,
    0.0005,
    0.0005,
    0.0005,
    0.0005,
    0.0005,
    0.0005,
    0.0005,
    0.0005,
    0.0005,
    0.0005,
    0.0005,
    0.0005
  ],
  "val_accuracy": [
    46.321839,
    54.482759,
    62.758621,
    62.988506,
    67.586207,
    67.873563,
    69.655172,
    69.195402,
    70.632184,
    71.091954,
    72.643678,
    72.241379,
    72.298851,
    71.781609,
    71.83908,
    72.816092,
    73.563218,
    72.011494,
    73.390805,
    73.505747,
    74.885057,
    74.252874,
    74.827586,
    74.942529,
    75.344828,
    73.850575,
    74.712644,
    74.597701,
    74.367816,
    74.942529,
    74.367816,
    73.850575,
    73.678161,
    74.770115,
    73.045977,
    73.103448,
    73.735632,
    72.988506,
    73.390805,
    73.62069
  ],
  "model_info": {
    "model_class": "BaseClassifier",
    "hidden_size": 128,
    "num_classes": 23,
    "emb_size_audio": 768,
    "emb_size_text": 0,
    "dropout": 0.1,
    "use_batch_norm": true,
    "mode": "audio",
    "num_folds": 5,
    "fold_id": 2,
    "batch_size": 64,
    "random_seed": 1821
  }
}