{
  "train_cls_loss": [
    2.403401,
    1.741485,
    1.496145,
    1.374475,
    1.28539,
    1.231014,
    1.189081,
    1.175436,
    1.1344,
    1.065277,
    1.047108,
    1.011571,
    0.992723,
    0.980373,
    0.943562,
    0.928135,
    0.889516,
    0.872092,
    0.844391,
    0.838385,
    0.763945,
    0.702585,
    0.695565,
    0.674385,
    0.664134,
    0.648835,
    0.64589,
    0.631148,
    0.607844,
    0.60393,
    0.581579,
    0.584905,
    0.586877,
    0.56051,
    0.544923,
    0.554548,
    0.535455
  ],
  "train_top_cls_loss": [
    0.900803,
    0.668205,
    0.61412,
    0.589963,
    0.549046,
    0.531032,
    0.525748,
    0.520785,
    0.510093,
    0.468975,
    0.463738,
    0.459911,
    0.438907,
    0.441408,
    0.422868,
    0.416394,
    0.398211,
    0.396043,
    0.379234,
    0.376087,
    0.338817,
    0.311951,
    0.318191,
    0.299352,
    0.299389,
    0.293785,
    0.289563,
    0.289165,
    0.274835,
    0.272526,
    0.265129,
    0.260147,
    0.272904,
    0.251504,
    0.246605,
    0.246782,
    0.243784
  ],
  "train_total_loss": [
    2.853802,
    2.075588,
    1.803205,
    1.669457,
    1.559913,
    1.49653,
    1.451955,
    1.435828,
    1.389447,
    1.299765,
    1.278977,
    1.241527,
    1.212176,
    1.201077,
    1.154996,
    1.136332,
    1.088621,
    1.070114,
    1.034008,
    1.026429,
    0.933353,
    0.85856,
    0.854661,
    0.824061,
    0.813828,
    0.795728,
    0.790672,
    0.77573,
    0.745262,
    0.740193,
    0.714143,
    0.714979,
    0.723329,
    0.686262,
    0.668226,
    0.677939,
    0.657347
  ],
  "learning_rates": [
    0.001,
    0.001,
    0.001,
    0.001,
    0.001,
    0.001,
    0.001,
    0.001,
    0.001,
    0.001,
    0.001,
    0.001,
    0.001,
    0.001,
    0.001,
    0.001,
    0.001,
    0.001,
    0.001,
    0.001,
    0.0005,
    0.0005,
    0.0005,
    0.0005,
    0.0005,
    0.0005,
    0.0005,
    0.0005,
    0.0005,
    0.0005,
    0.0005,
    0.0005,
    0.0005,
    0.0005,
    0.0005,
    0.0005,
    0.0005
  ],
  "val_accuracy": [
    42.011494,
    56.436782,
    62.298851,
    62.586207,
    65.229885,
    65.804598,
    66.494253,
    68.908046,
    69.195402,
    68.275862,
    69.655172,
    69.310345,
    70.862069,
    70.517241,
    69.597701,
    70.114943,
    71.724138,
    70.114943,
    69.712644,
    72.068966,
    71.83908,
    72.988506,
    72.471264,
    72.931034,
    72.528736,
    71.896552,
    71.091954,
    72.068966,
    71.609195,
    72.701149,
    70.45977,
    71.034483,
    71.494253,
    71.034483,
    70.862069,
    71.666667,
    71.264368
  ],
  "model_info": {
    "model_class": "BaseClassifier",
    "hidden_size": 128,
    "num_classes": 23,
    "emb_size_audio": 768,
    "emb_size_text": 0,
    "dropout": 0.1,
    "use_batch_norm": true,
    "mode": "audio",
    "num_folds": 5,
    "fold_id": 0,
    "batch_size": 64,
    "random_seed": 1821
  }
}