{
  "attention_audio": [
    0.524265,
    0.513201,
    0.510462,
    0.509336,
    0.505185,
    0.501351,
    0.502498,
    0.503849,
    0.504446,
    0.501339,
    0.504743,
    0.502485,
    0.500045,
    0.500566,
    0.50298,
    0.507192,
    0.503476,
    0.499818,
    0.501002,
    0.502675,
    0.500297,
    0.502596,
    0.501873,
    0.506293,
    0.508641,
    0.509014,
    0.506796,
    0.505641,
    0.505934,
    0.506306,
    0.504405,
    0.504856,
    0.507705,
    0.507963,
    0.507293,
    0.506444
  ],
  "attention_text": [
    0.475735,
    0.486799,
    0.489538,
    0.490664,
    0.494815,
    0.498649,
    0.497502,
    0.496151,
    0.495554,
    0.498661,
    0.495257,
    0.497515,
    0.499955,
    0.499434,
    0.49702,
    0.492808,
    0.496524,
    0.500182,
    0.498998,
    0.497325,
    0.499703,
    0.497404,
    0.498127,
    0.493707,
    0.491359,
    0.490986,
    0.493204,
    0.494359,
    0.494066,
    0.493694,
    0.495595,
    0.495144,
    0.492295,
    0.492037,
    0.492707,
    0.493556
  ],
  "train_cls_loss": [
    2.509947,
    1.723317,
    1.567658,
    1.474204,
    1.402085,
    1.368814,
    1.269563,
    1.2751,
    1.301816,
    1.229649,
    1.199338,
    1.212693,
    1.180358,
    1.164042,
    1.100324,
    1.10358,
    1.121049,
    1.059799,
    1.099085,
    1.038102,
    1.013443,
    0.999647,
    0.944696,
    0.902327,
    0.905255,
    0.882786,
    0.902364,
    0.954258,
    0.922269,
    0.861849,
    0.890006,
    0.928121,
    0.841645,
    0.838531,
    0.961607,
    0.924321
  ],
  "train_total_loss": [
    2.509947,
    1.723317,
    1.567658,
    1.474204,
    1.402085,
    1.368814,
    1.269563,
    1.2751,
    1.301816,
    1.229649,
    1.199338,
    1.212693,
    1.180358,
    1.164042,
    1.100324,
    1.10358,
    1.121049,
    1.059799,
    1.099085,
    1.038102,
    1.013443,
    0.999647,
    0.944696,
    0.902327,
    0.905255,
    0.882786,
    0.902364,
    0.954258,
    0.922269,
    0.861849,
    0.890006,
    0.928121,
    0.841645,
    0.838531,
    0.961607,
    0.924321
  ],
  "learning_rates": [
    0.001,
    0.001,
    0.001,
    0.001,
    0.001,
    0.001,
    0.001,
    0.001,
    0.001,
    0.001,
    0.001,
    0.001,
    0.001,
    0.001,
    0.001,
    0.001,
    0.001,
    0.001,
    0.001,
    0.001,
    0.0005,
    0.0005,
    0.0005,
    0.0005,
    0.0005,
    0.0005,
    0.0005,
    0.0005,
    0.0005,
    0.0005,
    0.0005,
    0.0005,
    0.0005,
    0.0005,
    0.0005,
    0.0005
  ],
  "val_accuracy": [
    62.863662,
    70.564746,
    74.10154,
    74.557901,
    76.725613,
    77.638334,
    76.326298,
    78.6081,
    78.094695,
    77.809469,
    79.292641,
    78.49401,
    79.349686,
    80.205362,
    78.950371,
    80.490588,
    78.6081,
    79.520821,
    79.920137,
    79.235596,
    81.289218,
    80.262407,
    79.634912,
    80.718768,
    79.406731,
    79.977182,
    79.406731,
    79.577867,
    79.577867,
    79.977182,
    79.178551,
    79.121506,
    79.749002,
    79.691957,
    78.722191,
    79.977182
  ],
  "model_info": {
    "model_class": "BaseClassifier",
    "hidden_size": 128,
    "num_classes": 23,
    "emb_size_audio": 512,
    "emb_size_text": 512,
    "dropout": 0.1,
    "use_batch_norm": true,
    "mode": "both",
    "num_folds": 5,
    "fold_id": 4,
    "batch_size": 64,
    "random_seed": 1821
  }
}