{
  "attention_audio": [
    0.392445,
    0.365877,
    0.348177,
    0.329559,
    0.317639,
    0.313436,
    0.307587,
    0.298984,
    0.298925,
    0.294225,
    0.297498,
    0.295431,
    0.301238,
    0.297436,
    0.299321,
    0.302844,
    0.300139,
    0.300285,
    0.298047,
    0.293715,
    0.292204,
    0.294072,
    0.296079,
    0.29525,
    0.291512,
    0.289859,
    0.28847,
    0.291171,
    0.290985,
    0.292442,
    0.293146,
    0.287707,
    0.281824,
    0.285954,
    0.283265,
    0.282525,
    0.280457,
    0.281824,
    0.281725,
    0.279177
  ],
  "attention_text": [
    0.607555,
    0.634123,
    0.651823,
    0.670441,
    0.682361,
    0.686564,
    0.692413,
    0.701016,
    0.701075,
    0.705775,
    0.702502,
    0.70457,
    0.698762,
    0.702564,
    0.700679,
    0.697156,
    0.699861,
    0.699715,
    0.701953,
    0.706285,
    0.707796,
    0.705928,
    0.703921,
    0.70475,
    0.708488,
    0.710141,
    0.71153,
    0.708829,
    0.709015,
    0.707558,
    0.706854,
    0.712293,
    0.718176,
    0.714046,
    0.716735,
    0.717475,
    0.719543,
    0.718176,
    0.718275,
    0.720823
  ],
  "train_cls_loss": [
    0.554663,
    0.39648,
    0.358967,
    0.329995,
    0.321761,
    0.303065,
    0.303325,
    0.291443,
    0.270688,
    0.274388,
    0.267313,
    0.260169,
    0.251315,
    0.256106,
    0.255201,
    0.247508,
    0.247794,
    0.243878,
    0.24,
    0.244587,
    0.229535,
    0.221579,
    0.224453,
    0.208963,
    0.224021,
    0.212536,
    0.225167,
    0.208946,
    0.209988,
    0.208742,
    0.198429,
    0.206287,
    0.200054,
    0.191932,
    0.195497,
    0.198542,
    0.205683,
    0.19076,
    0.203173,
    0.194211
  ],
  "train_total_loss": [
    0.554663,
    0.39648,
    0.358967,
    0.329995,
    0.321761,
    0.303065,
    0.303325,
    0.291443,
    0.270688,
    0.274388,
    0.267313,
    0.260169,
    0.251315,
    0.256106,
    0.255201,
    0.247508,
    0.247794,
    0.243878,
    0.24,
    0.244587,
    0.229535,
    0.221579,
    0.224453,
    0.208963,
    0.224021,
    0.212536,
    0.225167,
    0.208946,
    0.209988,
    0.208742,
    0.198429,
    0.206287,
    0.200054,
    0.191932,
    0.195497,
    0.198542,
    0.205683,
    0.19076,
    0.203173,
    0.194211
  ],
  "learning_rates": [
    0.001,
    0.001,
    0.001,
    0.001,
    0.001,
    0.001,
    0.001,
    0.001,
    0.001,
    0.001,
    0.001,
    0.001,
    0.001,
    0.001,
    0.001,
    0.001,
    0.001,
    0.001,
    0.001,
    0.001,
    0.0005,
    0.0005,
    0.0005,
    0.0005,
    0.0005,
    0.0005,
    0.0005,
    0.0005,
    0.0005,
    0.0005,
    0.0005,
    0.0005,
    0.0005,
    0.0005,
    0.0005,
    0.0005,
    0.0005,
    0.0005,
    0.0005,
    0.0005
  ],
  "val_accuracy": [
    66.058186,
    67.084997,
    70.222476,
    74.158585,
    75.014261,
    74.158585,
    75.185396,
    75.812892,
    77.010839,
    78.836281,
    77.980605,
    78.094695,
    75.641757,
    78.094695,
    78.722191,
    78.37992,
    79.064461,
    79.691957,
    78.6081,
    79.577867,
    80.661723,
    79.977182,
    80.034227,
    79.235596,
    80.946948,
    79.520821,
    79.520821,
    79.977182,
    80.148317,
    79.520821,
    79.349686,
    80.148317,
    80.262407,
    79.977182,
    79.863092,
    79.634912,
    79.634912,
    78.208785,
    79.863092,
    79.977182
  ],
  "model_info": {
    "model_class": "BaseClassifier",
    "hidden_size": 128,
    "num_classes": 23,
    "emb_size_audio": 512,
    "emb_size_text": 512,
    "dropout": 0.1,
    "use_batch_norm": true,
    "mode": "both",
    "num_folds": 5,
    "fold_id": 0,
    "batch_size": 64,
    "random_seed": 1821
  }
}