{
  "train_cls_loss": [
    2.403399,
    1.721891,
    1.49823,
    1.402835,
    1.297516,
    1.269302,
    1.207609,
    1.150324,
    1.11666,
    1.074994,
    1.043776,
    1.029513,
    0.98841,
    0.975699,
    0.963067,
    0.939465,
    0.91696,
    0.912216,
    0.881372,
    0.822114,
    0.767814,
    0.725236,
    0.714669,
    0.694261,
    0.703534,
    0.672367,
    0.664093,
    0.650904,
    0.626878,
    0.651017,
    0.613354,
    0.599415,
    0.589096,
    0.587569,
    0.562895
  ],
  "train_top_cls_loss": [
    0.896395,
    0.653988,
    0.600335,
    0.585431,
    0.546577,
    0.54389,
    0.506954,
    0.49271,
    0.490015,
    0.477969,
    0.456521,
    0.445327,
    0.428572,
    0.425169,
    0.429205,
    0.404972,
    0.404666,
    0.400292,
    0.393164,
    0.361012,
    0.330575,
    0.314404,
    0.304201,
    0.291194,
    0.306844,
    0.28491,
    0.290596,
    0.27613,
    0.266702,
    0.283286,
    0.267151,
    0.258072,
    0.248196,
    0.249523,
    0.238455
  ],
  "train_total_loss": [
    3.030875,
    2.179682,
    1.918464,
    1.812637,
    1.68012,
    1.650025,
    1.562477,
    1.495221,
    1.45967,
    1.409573,
    1.36334,
    1.341242,
    1.28841,
    1.273317,
    1.26351,
    1.222946,
    1.200227,
    1.192421,
    1.156587,
    1.074822,
    0.999216,
    0.945319,
    0.92761,
    0.898097,
    0.918325,
    0.871805,
    0.86751,
    0.844195,
    0.81357,
    0.849316,
    0.80036,
    0.780065,
    0.762834,
    0.762235,
    0.729814
  ],
  "learning_rates": [
    0.001,
    0.001,
    0.001,
    0.001,
    0.001,
    0.001,
    0.001,
    0.001,
    0.001,
    0.001,
    0.001,
    0.001,
    0.001,
    0.001,
    0.001,
    0.001,
    0.001,
    0.001,
    0.001,
    0.001,
    0.0005,
    0.0005,
    0.0005,
    0.0005,
    0.0005,
    0.0005,
    0.0005,
    0.0005,
    0.0005,
    0.0005,
    0.0005,
    0.0005,
    0.0005,
    0.0005,
    0.0005
  ],
  "val_accuracy": [
    43.505747,
    59.655172,
    63.045977,
    62.298851,
    65.574713,
    67.528736,
    67.298851,
    67.701149,
    68.16092,
    70.45977,
    69.942529,
    69.195402,
    70.862069,
    69.597701,
    70.287356,
    70.91954,
    71.321839,
    71.321839,
    70.0,
    71.83908,
    71.436782,
    70.632184,
    71.781609,
    71.264368,
    70.747126,
    70.689655,
    71.091954,
    71.149425,
    70.0,
    70.632184,
    70.402299,
    71.321839,
    71.609195,
    70.747126,
    70.517241
  ],
  "model_info": {
    "model_class": "BaseClassifier",
    "hidden_size": 128,
    "num_classes": 23,
    "emb_size_audio": 768,
    "emb_size_text": 0,
    "dropout": 0.1,
    "use_batch_norm": true,
    "mode": "audio",
    "num_folds": 5,
    "fold_id": 3,
    "batch_size": 64,
    "random_seed": 1821
  }
}