{
  "attention_audio": [
    0.493045,
    0.490949,
    0.493881,
    0.496824,
    0.50049,
    0.501811,
    0.499749,
    0.502725,
    0.500303,
    0.499867,
    0.499686,
    0.503023,
    0.499848,
    0.498758,
    0.501421,
    0.504068,
    0.504798,
    0.503712,
    0.505567,
    0.504733,
    0.50288,
    0.507648,
    0.503642,
    0.50603,
    0.507818,
    0.505728,
    0.503801,
    0.503211,
    0.506146,
    0.505935,
    0.506441,
    0.507828,
    0.509072,
    0.508062,
    0.505293,
    0.507498
  ],
  "attention_text": [
    0.506955,
    0.509051,
    0.506119,
    0.503176,
    0.49951,
    0.498189,
    0.500251,
    0.497275,
    0.499697,
    0.500133,
    0.500314,
    0.496977,
    0.500152,
    0.501243,
    0.498579,
    0.495932,
    0.495202,
    0.496288,
    0.494433,
    0.495267,
    0.49712,
    0.492352,
    0.496358,
    0.49397,
    0.492182,
    0.494272,
    0.496199,
    0.496789,
    0.493854,
    0.494065,
    0.493559,
    0.492172,
    0.490928,
    0.491938,
    0.494707,
    0.492502
  ],
  "train_cls_loss": [
    2.417719,
    1.549643,
    1.258634,
    1.098692,
    1.02189,
    0.964806,
    0.909605,
    0.878821,
    0.836539,
    0.810279,
    0.771949,
    0.756182,
    0.72968,
    0.707809,
    0.702549,
    0.674027,
    0.65061,
    0.637638,
    0.628633,
    0.599277,
    0.54707,
    0.509164,
    0.49854,
    0.491563,
    0.486388,
    0.478087,
    0.46691,
    0.451366,
    0.457211,
    0.434689,
    0.450723,
    0.426523,
    0.438565,
    0.426024,
    0.412107,
    0.388588
  ],
  "train_top_cls_loss": [
    0.82388,
    0.490342,
    0.45586,
    0.426109,
    0.40777,
    0.390547,
    0.381476,
    0.376422,
    0.357207,
    0.348332,
    0.333015,
    0.323276,
    0.317624,
    0.304896,
    0.30867,
    0.299977,
    0.28502,
    0.28032,
    0.276286,
    0.267694,
    0.238842,
    0.229844,
    0.213022,
    0.209939,
    0.210447,
    0.206687,
    0.205766,
    0.188728,
    0.202023,
    0.192639,
    0.195849,
    0.189393,
    0.199355,
    0.188374,
    0.18736,
    0.169351
  ],
  "train_total_loss": [
    2.994435,
    1.892883,
    1.577736,
    1.396968,
    1.307329,
    1.238188,
    1.176638,
    1.142317,
    1.086584,
    1.054111,
    1.005059,
    0.982476,
    0.952017,
    0.921236,
    0.918617,
    0.884012,
    0.850125,
    0.833862,
    0.822033,
    0.786663,
    0.714259,
    0.670054,
    0.647655,
    0.63852,
    0.633701,
    0.622768,
    0.610947,
    0.583476,
    0.598627,
    0.569536,
    0.587817,
    0.559099,
    0.578113,
    0.557886,
    0.543259,
    0.507134
  ],
  "learning_rates": [
    0.001,
    0.001,
    0.001,
    0.001,
    0.001,
    0.001,
    0.001,
    0.001,
    0.001,
    0.001,
    0.001,
    0.001,
    0.001,
    0.001,
    0.001,
    0.001,
    0.001,
    0.001,
    0.001,
    0.001,
    0.0005,
    0.0005,
    0.0005,
    0.0005,
    0.0005,
    0.0005,
    0.0005,
    0.0005,
    0.0005,
    0.0005,
    0.0005,
    0.0005,
    0.0005,
    0.0005,
    0.0005,
    0.0005
  ],
  "val_accuracy": [
    48.773531,
    65.3166,
    66.856817,
    74.21563,
    74.843126,
    77.695379,
    76.668568,
    76.725613,
    79.007416,
    80.148317,
    78.893326,
    78.322875,
    79.292641,
    78.551055,
    79.406731,
    79.920137,
    78.6081,
    78.836281,
    79.806047,
    79.634912,
    80.775813,
    80.604678,
    80.718768,
    80.034227,
    78.950371,
    80.376497,
    80.091272,
    79.520821,
    80.034227,
    79.920137,
    80.661723,
    79.863092,
    78.950371,
    78.665145,
    79.806047,
    79.863092
  ],
  "model_info": {
    "model_class": "BaseClassifier",
    "hidden_size": 128,
    "num_classes": 23,
    "emb_size_audio": 512,
    "emb_size_text": 512,
    "dropout": 0.1,
    "use_batch_norm": true,
    "mode": "both",
    "num_folds": 5,
    "fold_id": 3,
    "batch_size": 64,
    "random_seed": 1821
  }
}