{
  "attention_audio": [
    0.506728,
    0.489442,
    0.48353,
    0.476337,
    0.474119,
    0.472274,
    0.470746,
    0.468882,
    0.469931,
    0.468456,
    0.468469,
    0.471365,
    0.473041,
    0.471072,
    0.468122,
    0.472855,
    0.476383,
    0.472986,
    0.47338,
    0.474335,
    0.475336,
    0.478123,
    0.478651,
    0.479741,
    0.480857,
    0.482319,
    0.481745,
    0.480364,
    0.482056,
    0.481402,
    0.483166,
    0.484153,
    0.482283,
    0.480893,
    0.485802,
    0.484282,
    0.486398,
    0.485227,
    0.485981,
    0.488143,
    0.489162
  ],
  "attention_text": [
    0.493272,
    0.510558,
    0.51647,
    0.523663,
    0.525881,
    0.527726,
    0.529254,
    0.531118,
    0.530069,
    0.531544,
    0.531531,
    0.528635,
    0.526959,
    0.528928,
    0.531878,
    0.527145,
    0.523617,
    0.527014,
    0.52662,
    0.525665,
    0.524664,
    0.521877,
    0.521349,
    0.520259,
    0.519143,
    0.517681,
    0.518255,
    0.519636,
    0.517944,
    0.518598,
    0.516834,
    0.515847,
    0.517717,
    0.519107,
    0.514198,
    0.515718,
    0.513602,
    0.514773,
    0.514019,
    0.511857,
    0.510838
  ],
  "train_cls_loss": [
    2.261181,
    1.367683,
    1.150682,
    1.040061,
    0.951405,
    0.900718,
    0.878192,
    0.816268,
    0.772203,
    0.73215,
    0.725734,
    0.708671,
    0.670797,
    0.644951,
    0.653399,
    0.618297,
    0.608247,
    0.597401,
    0.589072,
    0.5497,
    0.486703,
    0.460983,
    0.435728,
    0.43071,
    0.432137,
    0.412292,
    0.403749,
    0.386731,
    0.373528,
    0.383866,
    0.360603,
    0.365345,
    0.35627,
    0.349823,
    0.35136,
    0.350577,
    0.348068,
    0.321698,
    0.331268,
    0.334999,
    0.285371
  ],
  "train_total_loss": [
    2.261181,
    1.367683,
    1.150682,
    1.040061,
    0.951405,
    0.900718,
    0.878192,
    0.816268,
    0.772203,
    0.73215,
    0.725734,
    0.708671,
    0.670797,
    0.644951,
    0.653399,
    0.618297,
    0.608247,
    0.597401,
    0.589072,
    0.5497,
    0.486703,
    0.460983,
    0.435728,
    0.43071,
    0.432137,
    0.412292,
    0.403749,
    0.386731,
    0.373528,
    0.383866,
    0.360603,
    0.365345,
    0.35627,
    0.349823,
    0.35136,
    0.350577,
    0.348068,
    0.321698,
    0.331268,
    0.334999,
    0.285371
  ],
  "learning_rates": [
    0.001,
    0.001,
    0.001,
    0.001,
    0.001,
    0.001,
    0.001,
    0.001,
    0.001,
    0.001,
    0.001,
    0.001,
    0.001,
    0.001,
    0.001,
    0.001,
    0.001,
    0.001,
    0.001,
    0.001,
    0.0005,
    0.0005,
    0.0005,
    0.0005,
    0.0005,
    0.0005,
    0.0005,
    0.0005,
    0.0005,
    0.0005,
    0.0005,
    0.0005,
    0.0005,
    0.0005,
    0.0005,
    0.0005,
    0.0005,
    0.0005,
    0.0005,
    0.0005,
    0.00025
  ],
  "val_accuracy": [
    59.783229,
    66.457501,
    71.705647,
    73.359954,
    75.584712,
    75.984027,
    76.839703,
    77.92356,
    77.410154,
    78.49401,
    77.980605,
    78.03765,
    78.49401,
    79.121506,
    78.436965,
    79.178551,
    78.49401,
    79.691957,
    79.349686,
    78.665145,
    80.319452,
    79.977182,
    79.406731,
    80.148317,
    79.520821,
    80.547633,
    79.235596,
    79.806047,
    79.178551,
    78.665145,
    79.520821,
    79.520821,
    79.121506,
    79.349686,
    79.121506,
    78.208785,
    78.6081,
    78.094695,
    78.665145,
    78.893326,
    78.779236
  ],
  "model_info": {
    "model_class": "BaseClassifier",
    "hidden_size": 128,
    "num_classes": 23,
    "emb_size_audio": 768,
    "emb_size_text": 512,
    "dropout": 0.1,
    "use_batch_norm": true,
    "mode": "both",
    "num_folds": 5,
    "fold_id": 2,
    "batch_size": 64,
    "random_seed": 1821
  }
}