{
  "train_cls_loss": [
    2.431117,
    1.889123,
    1.716614,
    1.620886,
    1.538318,
    1.474146,
    1.466094,
    1.386476,
    1.364916,
    1.347628,
    1.379088,
    1.306353,
    1.358146,
    1.279468,
    1.383789,
    1.177067,
    1.157744,
    1.204955,
    1.188308,
    1.226118,
    1.181146,
    1.115131,
    1.043054,
    0.991032,
    1.063739,
    1.057015,
    0.98682,
    0.944026,
    0.971035,
    0.929301,
    0.949063,
    0.984834,
    1.026581,
    0.928566,
    0.914736,
    0.952939,
    0.871739,
    0.825146,
    0.945522,
    0.925764,
    0.844981,
    0.743645,
    0.817678
  ],
  "train_total_loss": [
    2.431117,
    1.889123,
    1.716614,
    1.620886,
    1.538318,
    1.474146,
    1.466094,
    1.386476,
    1.364916,
    1.347628,
    1.379088,
    1.306353,
    1.358146,
    1.279468,
    1.383789,
    1.177067,
    1.157744,
    1.204955,
    1.188308,
    1.226118,
    1.181146,
    1.115131,
    1.043054,
    0.991032,
    1.063739,
    1.057015,
    0.98682,
    0.944026,
    0.971035,
    0.929301,
    0.949063,
    0.984834,
    1.026581,
    0.928566,
    0.914736,
    0.952939,
    0.871739,
    0.825146,
    0.945522,
    0.925764,
    0.844981,
    0.743645,
    0.817678
  ],
  "learning_rates": [
    0.001,
    0.001,
    0.001,
    0.001,
    0.001,
    0.001,
    0.001,
    0.001,
    0.001,
    0.001,
    0.001,
    0.001,
    0.001,
    0.001,
    0.001,
    0.001,
    0.001,
    0.001,
    0.001,
    0.001,
    0.0005,
    0.0005,
    0.0005,
    0.0005,
    0.0005,
    0.0005,
    0.0005,
    0.0005,
    0.0005,
    0.0005,
    0.0005,
    0.0005,
    0.0005,
    0.0005,
    0.0005,
    0.0005,
    0.0005,
    0.0005,
    0.0005,
    0.0005,
    0.00025,
    0.00025,
    0.00025
  ],
  "val_accuracy": [
    54.478038,
    62.806617,
    65.3166,
    66.286366,
    68.511124,
    68.967484,
    70.108386,
    72.219053,
    71.762693,
    72.219053,
    72.903594,
    71.990873,
    73.702225,
    72.104963,
    72.732459,
    73.074729,
    73.98745,
    73.245864,
    72.789504,
    74.843126,
    74.386766,
    74.500856,
    74.957216,
    75.185396,
    74.32972,
    74.443811,
    74.21563,
    75.869937,
    73.074729,
    72.960639,
    74.21563,
    73.53109,
    73.416999,
    73.87336,
    74.044495,
    74.729036,
    73.588135,
    75.356532,
    73.75927,
    73.930405,
    74.729036,
    74.671991,
    74.671991
  ],
  "model_info": {
    "model_class": "BaseClassifier",
    "hidden_size": 128,
    "num_classes": 23,
    "emb_size_audio": 768,
    "emb_size_text": 0,
    "dropout": 0.1,
    "use_batch_norm": true,
    "mode": "audio",
    "num_folds": 5,
    "fold_id": 2,
    "batch_size": 64,
    "random_seed": 1821
  }
}