{
  "train_cls_loss": [
    1.87663,
    1.452642,
    1.360877,
    1.287234,
    1.224127,
    1.185488,
    1.14461,
    1.107874,
    1.07936,
    1.051343,
    1.022695,
    1.00333,
    0.986216,
    0.960334,
    0.938059,
    0.931443,
    0.900313,
    0.889887,
    0.876286,
    0.84946,
    0.782455,
    0.760814,
    0.740687,
    0.715557,
    0.709437,
    0.698901,
    0.68024,
    0.670989,
    0.658845,
    0.64475,
    0.642684,
    0.633223,
    0.623949,
    0.599412,
    0.598618,
    0.590764,
    0.586881,
    0.574002,
    0.56645,
    0.565034,
    0.518372,
    0.499086,
    0.488078,
    0.49009,
    0.476319,
    0.47196,
    0.467063,
    0.46112,
    0.456356,
    0.456635,
    0.442206,
    0.435479,
    0.429328,
    0.431761,
    0.420077,
    0.425258,
    0.407306,
    0.423202,
    0.407277,
    0.407023,
    0.39441,
    0.383613,
    0.376798,
    0.3728,
    0.366932,
    0.35932,
    0.367203,
    0.357233,
    0.354749,
    0.362053,
    0.353588,
    0.347441,
    0.348487,
    0.352169,
    0.340483,
    0.34104,
    0.345934,
    0.343251,
    0.338236,
    0.332224,
    0.327631,
    0.322298,
    0.317974,
    0.316862,
    0.313398,
    0.307111,
    0.315012,
    0.302878,
    0.31277,
    0.311875,
    0.304914,
    0.307259,
    0.303964,
    0.305831,
    0.308534,
    0.303644,
    0.295366,
    0.297218,
    0.294885,
    0.296314
  ],
  "train_total_loss": [
    1.87663,
    1.452642,
    1.360877,
    1.287234,
    1.224127,
    1.185488,
    1.14461,
    1.107874,
    1.07936,
    1.051343,
    1.022695,
    1.00333,
    0.986216,
    0.960334,
    0.938059,
    0.931443,
    0.900313,
    0.889887,
    0.876286,
    0.84946,
    0.782455,
    0.760814,
    0.740687,
    0.715557,
    0.709437,
    0.698901,
    0.68024,
    0.670989,
    0.658845,
    0.64475,
    0.642684,
    0.633223,
    0.623949,
    0.599412,
    0.598618,
    0.590764,
    0.586881,
    0.574002,
    0.56645,
    0.565034,
    0.518372,
    0.499086,
    0.488078,
    0.49009,
    0.476319,
    0.47196,
    0.467063,
    0.46112,
    0.456356,
    0.456635,
    0.442206,
    0.435479,
    0.429328,
    0.431761,
    0.420077,
    0.425258,
    0.407306,
    0.423202,
    0.407277,
    0.407023,
    0.39441,
    0.383613,
    0.376798,
    0.3728,
    0.366932,
    0.35932,
    0.367203,
    0.357233,
    0.354749,
    0.362053,
    0.353588,
    0.347441,
    0.348487,
    0.352169,
    0.340483,
    0.34104,
    0.345934,
    0.343251,
    0.338236,
    0.332224,
    0.327631,
    0.322298,
    0.317974,
    0.316862,
    0.313398,
    0.307111,
    0.315012,
    0.302878,
    0.31277,
    0.311875,
    0.304914,
    0.307259,
    0.303964,
    0.305831,
    0.308534,
    0.303644,
    0.295366,
    0.297218,
    0.294885,
    0.296314
  ],
  "learning_rates": [
    0.001,
    0.001,
    0.001,
    0.001,
    0.001,
    0.001,
    0.001,
    0.001,
    0.001,
    0.001,
    0.001,
    0.001,
    0.001,
    0.001,
    0.001,
    0.001,
    0.001,
    0.001,
    0.001,
    0.001,
    0.0005,
    0.0005,
    0.0005,
    0.0005,
    0.0005,
    0.0005,
    0.0005,
    0.0005,
    0.0005,
    0.0005,
    0.0005,
    0.0005,
    0.0005,
    0.0005,
    0.0005,
    0.0005,
    0.0005,
    0.0005,
    0.0005,
    0.0005,
    0.00025,
    0.00025,
    0.00025,
    0.00025,
    0.00025,
    0.00025,
    0.00025,
    0.00025,
    0.00025,
    0.00025,
    0.00025,
    0.00025,
    0.00025,
    0.00025,
    0.00025,
    0.00025,
    0.00025,
    0.00025,
    0.00025,
    0.00025,
    0.000125,
    0.000125,
    0.000125,
    0.000125,
    0.000125,
    0.000125,
    0.000125,
    0.000125,
    0.000125,
    0.000125,
    0.000125,
    0.000125,
    0.000125,
    0.000125,
    0.000125,
    0.000125,
    0.000125,
    0.000125,
    0.000125,
    0.000125,
    6.3e-05,
    6.3e-05,
    6.3e-05,
    6.3e-05,
    6.3e-05,
    6.3e-05,
    6.3e-05,
    6.3e-05,
    6.3e-05,
    6.3e-05,
    6.3e-05,
    6.3e-05,
    6.3e-05,
    6.3e-05,
    6.3e-05,
    6.3e-05,
    6.3e-05,
    6.3e-05,
    6.3e-05,
    6.3e-05
  ],
  "val_accuracy": [
    56.266137,
    56.266137,
    63.197617,
    64.985104,
    66.11718,
    66.713009,
    66.613704,
    68.123138,
    68.619662,
    68.401192,
    68.758689,
    69.712016,
    70.089374,
    69.374379,
    70.844091,
    70.307845,
    70.903674,
    71.142006,
    71.717974,
    71.956306,
    72.45283,
    72.591857,
    72.810328,
    72.85005,
    73.167825,
    73.167825,
    73.286991,
    73.26713,
    72.989076,
    73.147964,
    72.730884,
    73.06852,
    73.326713,
    73.108242,
    73.505462,
    72.591857,
    73.06852,
    73.147964,
    73.644489,
    73.723932,
    73.763654,
    73.604767,
    73.46574,
    73.445879,
    73.723932,
    73.46574,
    73.763654,
    74.021847,
    73.485601,
    73.982125,
    73.862959,
    73.843098,
    73.445879,
    73.584906,
    73.565045,
    73.644489,
    73.684211,
    73.66435,
    73.803376,
    73.505462,
    74.180735,
    73.922542,
    73.902681,
    74.101291,
    73.485601,
    73.584906,
    73.862959,
    74.260179,
    74.021847,
    74.339623,
    74.220457,
    74.121152,
    74.220457,
    74.28004,
    74.419067,
    74.438928,
    74.101291,
    74.180735,
    74.478649,
    74.220457,
    74.260179,
    74.141013,
    74.597815,
    74.538232,
    74.399206,
    74.716981,
    74.637537,
    74.438928,
    74.597815,
    74.736842,
    74.816286,
    74.577954,
    74.558093,
    74.438928,
    74.796425,
    74.776564,
    74.637537,
    74.419067,
    74.518371,
    74.975174
  ],
  "model_info": {
    "model_class": "BaseClassifier",
    "hidden_size": 128,
    "num_classes": 23,
    "emb_size_audio": 512,
    "emb_size_text": 0,
    "dropout": 0.1,
    "use_batch_norm": true,
    "mode": "audio",
    "num_folds": 5,
    "fold_id": 2,
    "batch_size": 64,
    "random_seed": 1821
  }
}