{
  "train_cls_loss": [
    0.809159,
    0.61858,
    0.565789,
    0.529286,
    0.508124,
    0.492384,
    0.478366,
    0.464244,
    0.454163,
    0.4451,
    0.434246,
    0.426806,
    0.418038,
    0.411447,
    0.401256,
    0.398713,
    0.390254,
    0.38577,
    0.37886,
    0.373016,
    0.344172,
    0.337964
  ],
  "train_total_loss": [
    0.809159,
    0.61858,
    0.565789,
    0.529286,
    0.508124,
    0.492384,
    0.478366,
    0.464244,
    0.454163,
    0.4451,
    0.434246,
    0.426806,
    0.418038,
    0.411447,
    0.401256,
    0.398713,
    0.390254,
    0.38577,
    0.37886,
    0.373016,
    0.344172,
    0.337964
  ],
  "learning_rates": [
    0.001,
    0.001,
    0.001,
    0.001,
    0.001,
    0.001,
    0.001,
    0.001,
    0.001,
    0.001,
    0.001,
    0.001,
    0.001,
    0.001,
    0.001,
    0.001,
    0.001,
    0.001,
    0.001,
    0.001,
    0.0005,
    0.0005
  ],
  "val_accuracy": [
    62.635482,
    68.967484,
    71.363377,
    73.017684,
    72.903594,
    72.390188,
    75.185396,
    73.074729,
    74.386766,
    73.074729,
    75.128351,
    73.359954,
    72.789504,
    73.588135,
    73.416999,
    74.729036,
    72.846549,
    73.188819,
    72.903594,
    73.188819,
    73.017684,
    72.276098
  ],
  "model_info": {
    "model_class": "BaseClassifier",
    "hidden_size": 128,
    "num_classes": 23,
    "emb_size_audio": 512,
    "emb_size_text": 0,
    "dropout": 0.1,
    "use_batch_norm": true,
    "mode": "audio",
    "num_folds": 5,
    "fold_id": 2,
    "batch_size": 64,
    "random_seed": 1821
  }
}