{
  "train_cls_loss": [
    2.583279,
    1.966351,
    1.743439,
    1.642144,
    1.647276,
    1.557602,
    1.548554,
    1.506264,
    1.602665,
    1.44438,
    1.468499,
    1.523112,
    1.42265,
    1.408255,
    1.398023,
    1.43147,
    1.46465,
    1.314563,
    1.377192,
    1.304728,
    1.412822,
    1.321144,
    1.233414,
    1.191326,
    1.286444,
    1.284051,
    1.276633,
    1.20631,
    1.263052,
    1.293765,
    1.254788,
    1.267635,
    1.145382,
    1.249743,
    1.232791,
    1.229879,
    1.157567,
    1.143512,
    1.148826,
    1.242291,
    1.17086
  ],
  "train_total_loss": [
    2.583279,
    1.966351,
    1.743439,
    1.642144,
    1.647276,
    1.557602,
    1.548554,
    1.506264,
    1.602665,
    1.44438,
    1.468499,
    1.523112,
    1.42265,
    1.408255,
    1.398023,
    1.43147,
    1.46465,
    1.314563,
    1.377192,
    1.304728,
    1.412822,
    1.321144,
    1.233414,
    1.191326,
    1.286444,
    1.284051,
    1.276633,
    1.20631,
    1.263052,
    1.293765,
    1.254788,
    1.267635,
    1.145382,
    1.249743,
    1.232791,
    1.229879,
    1.157567,
    1.143512,
    1.148826,
    1.242291,
    1.17086
  ],
  "learning_rates": [
    0.001,
    0.001,
    0.001,
    0.001,
    0.001,
    0.001,
    0.001,
    0.001,
    0.001,
    0.001,
    0.001,
    0.001,
    0.001,
    0.001,
    0.001,
    0.001,
    0.001,
    0.001,
    0.001,
    0.001,
    0.0005,
    0.0005,
    0.0005,
    0.0005,
    0.0005,
    0.0005,
    0.0005,
    0.0005,
    0.0005,
    0.0005,
    0.0005,
    0.0005,
    0.0005,
    0.0005,
    0.0005,
    0.0005,
    0.0005,
    0.0005,
    0.0005,
    0.0005,
    0.00025
  ],
  "val_accuracy": [
    48.08899,
    66.343411,
    67.940673,
    70.336566,
    73.64518,
    74.900171,
    75.527667,
    74.557901,
    75.014261,
    76.497433,
    75.584712,
    75.926982,
    75.299487,
    75.926982,
    76.440388,
    76.953793,
    76.440388,
    76.611523,
    76.782658,
    75.584712,
    77.581289,
    78.37992,
    77.581289,
    77.980605,
    77.809469,
    78.722191,
    78.322875,
    77.353109,
    78.15174,
    77.067884,
    77.524244,
    78.26583,
    77.752424,
    77.695379,
    77.92356,
    76.953793,
    78.15174,
    78.37992,
    78.03765,
    78.665145,
    78.322875
  ],
  "model_info": {
    "model_class": "BaseClassifier",
    "hidden_size": 128,
    "num_classes": 23,
    "emb_size_audio": 512,
    "emb_size_text": 0,
    "dropout": 0.1,
    "use_batch_norm": true,
    "mode": "audio",
    "num_folds": 5,
    "fold_id": 4,
    "batch_size": 64,
    "random_seed": 1821
  }
}