{
  "attention_audio": [
    0.466944,
    0.473956,
    0.482689,
    0.4858,
    0.487472,
    0.485202,
    0.48898,
    0.488682,
    0.489579,
    0.490957,
    0.492468,
    0.490421,
    0.492753,
    0.493058,
    0.492313,
    0.492782,
    0.493845,
    0.490714,
    0.494289,
    0.495711,
    0.496578,
    0.497446,
    0.497959,
    0.49668,
    0.49787,
    0.496827,
    0.497013,
    0.495438,
    0.497838,
    0.499487,
    0.498605,
    0.49915,
    0.502171,
    0.49814,
    0.500059,
    0.498591,
    0.495768,
    0.497618,
    0.501055,
    0.496086,
    0.499671,
    0.498881,
    0.49847,
    0.49828
  ],
  "attention_text": [
    0.533056,
    0.526044,
    0.517311,
    0.5142,
    0.512528,
    0.514798,
    0.51102,
    0.511318,
    0.510421,
    0.509043,
    0.507532,
    0.509579,
    0.507247,
    0.506942,
    0.507687,
    0.507218,
    0.506155,
    0.509286,
    0.505711,
    0.504289,
    0.503422,
    0.502554,
    0.502041,
    0.50332,
    0.50213,
    0.503173,
    0.502987,
    0.504562,
    0.502162,
    0.500513,
    0.501395,
    0.50085,
    0.497829,
    0.50186,
    0.499941,
    0.501409,
    0.504232,
    0.502382,
    0.498946,
    0.503914,
    0.500329,
    0.501119,
    0.50153,
    0.50172
  ],
  "train_cls_loss": [
    2.479539,
    1.789315,
    1.706724,
    1.514808,
    1.468788,
    1.476156,
    1.452272,
    1.388162,
    1.318741,
    1.348955,
    1.350423,
    1.246906,
    1.352965,
    1.320933,
    1.254376,
    1.243547,
    1.237452,
    1.247845,
    1.196875,
    1.312297,
    1.236051,
    1.227937,
    1.09275,
    1.14861,
    1.138631,
    1.061963,
    1.050433,
    1.141811,
    1.053195,
    1.177336,
    1.092739,
    1.144945,
    1.072118,
    1.069471,
    1.108855,
    1.065391,
    1.047166,
    1.042543,
    0.901997,
    1.030976,
    1.064304,
    1.001897,
    0.977382,
    1.050958
  ],
  "train_total_loss": [
    2.479539,
    1.789315,
    1.706724,
    1.514808,
    1.468788,
    1.476156,
    1.452272,
    1.388162,
    1.318741,
    1.348955,
    1.350423,
    1.246906,
    1.352965,
    1.320933,
    1.254376,
    1.243547,
    1.237452,
    1.247845,
    1.196875,
    1.312297,
    1.236051,
    1.227937,
    1.09275,
    1.14861,
    1.138631,
    1.061963,
    1.050433,
    1.141811,
    1.053195,
    1.177336,
    1.092739,
    1.144945,
    1.072118,
    1.069471,
    1.108855,
    1.065391,
    1.047166,
    1.042543,
    0.901997,
    1.030976,
    1.064304,
    1.001897,
    0.977382,
    1.050958
  ],
  "learning_rates": [
    0.001,
    0.001,
    0.001,
    0.001,
    0.001,
    0.001,
    0.001,
    0.001,
    0.001,
    0.001,
    0.001,
    0.001,
    0.001,
    0.001,
    0.001,
    0.001,
    0.001,
    0.001,
    0.001,
    0.001,
    0.0005,
    0.0005,
    0.0005,
    0.0005,
    0.0005,
    0.0005,
    0.0005,
    0.0005,
    0.0005,
    0.0005,
    0.0005,
    0.0005,
    0.0005,
    0.0005,
    0.0005,
    0.0005,
    0.0005,
    0.0005,
    0.0005,
    0.0005,
    0.00025,
    0.00025,
    0.00025,
    0.00025
  ],
  "val_accuracy": [
    58.984598,
    73.017684,
    73.474044,
    74.900171,
    75.413577,
    76.383343,
    77.524244,
    78.6081,
    77.809469,
    78.893326,
    77.92356,
    77.467199,
    78.03765,
    78.551055,
    78.6081,
    79.064461,
    78.094695,
    78.6081,
    79.292641,
    78.665145,
    79.863092,
    80.148317,
    79.178551,
    79.806047,
    79.634912,
    80.319452,
    79.691957,
    79.863092,
    80.376497,
    79.577867,
    79.806047,
    79.349686,
    79.235596,
    79.406731,
    78.436965,
    80.262407,
    79.863092,
    80.091272,
    79.806047,
    79.349686,
    80.148317,
    80.262407,
    79.520821,
    79.634912
  ],
  "model_info": {
    "model_class": "BaseClassifier",
    "hidden_size": 128,
    "num_classes": 23,
    "emb_size_audio": 512,
    "emb_size_text": 512,
    "dropout": 0.1,
    "use_batch_norm": true,
    "mode": "both",
    "num_folds": 5,
    "fold_id": 4,
    "batch_size": 64,
    "random_seed": 1821
  }
}