{
  "attention_audio": [
    0.497215,
    0.479675,
    0.474283,
    0.469701,
    0.466636,
    0.466374,
    0.466206,
    0.467154,
    0.464934,
    0.464154,
    0.465435,
    0.460785,
    0.461724,
    0.461893,
    0.460036,
    0.463411,
    0.46202,
    0.46021,
    0.463155,
    0.463098,
    0.464383,
    0.464931,
    0.464347,
    0.464196,
    0.465233,
    0.466162,
    0.464625,
    0.464998,
    0.46659,
    0.466697,
    0.466715,
    0.470507,
    0.468025,
    0.466341,
    0.466403,
    0.466966,
    0.468236,
    0.467041,
    0.468751,
    0.466713,
    0.47173,
    0.473408,
    0.472036,
    0.472988,
    0.473319,
    0.47279,
    0.472095,
    0.471101,
    0.47429,
    0.473684,
    0.475173
  ],
  "attention_text": [
    0.502784,
    0.520325,
    0.525717,
    0.530299,
    0.533364,
    0.533626,
    0.533794,
    0.532846,
    0.535066,
    0.535846,
    0.534565,
    0.539215,
    0.538276,
    0.538107,
    0.539964,
    0.536589,
    0.53798,
    0.53979,
    0.536845,
    0.536902,
    0.535617,
    0.535069,
    0.535653,
    0.535804,
    0.534767,
    0.533838,
    0.535375,
    0.535002,
    0.53341,
    0.533303,
    0.533285,
    0.529493,
    0.531975,
    0.533659,
    0.533597,
    0.533034,
    0.531764,
    0.532959,
    0.531249,
    0.533287,
    0.52827,
    0.526592,
    0.527964,
    0.527012,
    0.526681,
    0.52721,
    0.527905,
    0.528899,
    0.52571,
    0.526316,
    0.524827
  ],
  "train_cls_loss": [
    2.415905,
    1.549723,
    1.274456,
    1.151759,
    1.060195,
    1.000676,
    0.958627,
    0.919835,
    0.874743,
    0.848322,
    0.821251,
    0.778768,
    0.764112,
    0.754667,
    0.726016,
    0.704586,
    0.673585,
    0.674742,
    0.655808,
    0.65015,
    0.574912,
    0.54904,
    0.531149,
    0.513927,
    0.501989,
    0.502739,
    0.487865,
    0.475482,
    0.467419,
    0.467225,
    0.460955,
    0.455256,
    0.456818,
    0.447756,
    0.420955,
    0.418145,
    0.431366,
    0.409718,
    0.39119,
    0.384682,
    0.365795,
    0.342162,
    0.334514,
    0.325206,
    0.315678,
    0.313965,
    0.310252,
    0.310918,
    0.310585,
    0.300011,
    0.294779
  ],
  "train_top_cls_loss": [
    0.782897,
    0.511023,
    0.456658,
    0.430068,
    0.406223,
    0.39438,
    0.37791,
    0.371068,
    0.344204,
    0.342773,
    0.330469,
    0.313298,
    0.308471,
    0.304649,
    0.297405,
    0.287835,
    0.279577,
    0.279499,
    0.261201,
    0.264175,
    0.226898,
    0.213318,
    0.211425,
    0.203425,
    0.191251,
    0.198215,
    0.187489,
    0.179957,
    0.17898,
    0.188958,
    0.171772,
    0.176821,
    0.180462,
    0.17578,
    0.160892,
    0.162484,
    0.17162,
    0.165486,
    0.153547,
    0.142609,
    0.140169,
    0.127944,
    0.128815,
    0.121702,
    0.122777,
    0.115997,
    0.11798,
    0.118036,
    0.12006,
    0.112292,
    0.116417
  ],
  "train_total_loss": [
    3.59025,
    2.316258,
    1.959443,
    1.79686,
    1.66953,
    1.592246,
    1.525492,
    1.476437,
    1.391049,
    1.362481,
    1.316954,
    1.248716,
    1.226818,
    1.211641,
    1.172123,
    1.136339,
    1.09295,
    1.09399,
    1.047609,
    1.046412,
    0.915259,
    0.869018,
    0.848286,
    0.819065,
    0.788865,
    0.800062,
    0.769099,
    0.745418,
    0.735888,
    0.750661,
    0.718613,
    0.720486,
    0.727511,
    0.711427,
    0.662293,
    0.661871,
    0.688796,
    0.657947,
    0.621511,
    0.598596,
    0.576049,
    0.534077,
    0.527737,
    0.507759,
    0.499844,
    0.487961,
    0.487222,
    0.487972,
    0.490675,
    0.468449,
    0.469404
  ],
  "learning_rates": [
    0.001,
    0.001,
    0.001,
    0.001,
    0.001,
    0.001,
    0.001,
    0.001,
    0.001,
    0.001,
    0.001,
    0.001,
    0.001,
    0.001,
    0.001,
    0.001,
    0.001,
    0.001,
    0.001,
    0.001,
    0.0005,
    0.0005,
    0.0005,
    0.0005,
    0.0005,
    0.0005,
    0.0005,
    0.0005,
    0.0005,
    0.0005,
    0.0005,
    0.0005,
    0.0005,
    0.0005,
    0.0005,
    0.0005,
    0.0005,
    0.0005,
    0.0005,
    0.0005,
    0.00025,
    0.00025,
    0.00025,
    0.00025,
    0.00025,
    0.00025,
    0.00025,
    0.00025,
    0.00025,
    0.00025,
    0.00025
  ],
  "val_accuracy": [
    50.632184,
    62.586207,
    67.586207,
    70.977011,
    70.172414,
    71.264368,
    75.804598,
    75.344828,
    74.597701,
    75.057471,
    75.344828,
    75.862069,
    77.068966,
    76.37931,
    76.724138,
    76.666667,
    76.954023,
    78.16092,
    76.896552,
    76.436782,
    78.275862,
    78.448276,
    78.908046,
    77.988506,
    78.333333,
    78.448276,
    78.678161,
    78.218391,
    79.022989,
    78.735632,
    78.275862,
    78.965517,
    78.16092,
    77.471264,
    78.62069,
    79.137931,
    78.678161,
    77.701149,
    79.08046,
    78.218391,
    79.137931,
    78.735632,
    78.563218,
    77.643678,
    78.505747,
    77.988506,
    77.471264,
    78.045977,
    78.16092,
    78.333333,
    78.275862
  ],
  "model_info": {
    "model_class": "BaseClassifier",
    "hidden_size": 128,
    "num_classes": 23,
    "emb_size_audio": 768,
    "emb_size_text": 512,
    "dropout": 0.1,
    "use_batch_norm": true,
    "mode": "both",
    "num_folds": 5,
    "fold_id": 3,
    "batch_size": 64,
    "random_seed": 1821
  }
}