{
  "attention_audio": [
    0.527475,
    0.527121,
    0.5287,
    0.535252,
    0.535677,
    0.536188,
    0.535255,
    0.541936,
    0.542996,
    0.545461,
    0.54692,
    0.552942,
    0.551572,
    0.555408,
    0.558925,
    0.55937,
    0.558322,
    0.560174,
    0.56181,
    0.563479,
    0.570864,
    0.570524,
    0.568194,
    0.568115,
    0.567327,
    0.569479,
    0.570255,
    0.569479,
    0.573583,
    0.573948,
    0.573098,
    0.571836,
    0.57116,
    0.571509,
    0.572388,
    0.577077,
    0.577529,
    0.57789,
    0.578126,
    0.577038,
    0.576737
  ],
  "attention_text": [
    0.472525,
    0.472879,
    0.4713,
    0.464748,
    0.464323,
    0.463812,
    0.464745,
    0.458064,
    0.457004,
    0.454539,
    0.45308,
    0.447059,
    0.448428,
    0.444592,
    0.441075,
    0.44063,
    0.441678,
    0.439826,
    0.43819,
    0.436521,
    0.429136,
    0.429476,
    0.431806,
    0.431885,
    0.432673,
    0.430521,
    0.429745,
    0.430521,
    0.426417,
    0.426052,
    0.426902,
    0.428164,
    0.42884,
    0.428491,
    0.427612,
    0.422923,
    0.422471,
    0.42211,
    0.421874,
    0.422962,
    0.423263
  ],
  "train_cls_loss": [
    2.272518,
    1.444049,
    1.242479,
    1.095171,
    0.965976,
    0.907946,
    0.872769,
    0.822486,
    0.792557,
    0.76927,
    0.699746,
    0.691831,
    0.670805,
    0.655961,
    0.623668,
    0.609514,
    0.59588,
    0.579061,
    0.551485,
    0.531218,
    0.440349,
    0.415539,
    0.403963,
    0.394451,
    0.387673,
    0.390714,
    0.369403,
    0.360202,
    0.343649,
    0.339697,
    0.337401,
    0.331716,
    0.322805,
    0.319788,
    0.31516,
    0.287192,
    0.290133,
    0.281489,
    0.284523,
    0.273286,
    0.247896
  ],
  "train_top_cls_loss": [
    0.742146,
    0.475579,
    0.433204,
    0.399024,
    0.368689,
    0.360539,
    0.345589,
    0.3298,
    0.313314,
    0.316335,
    0.301559,
    0.294264,
    0.278445,
    0.272549,
    0.261121,
    0.256479,
    0.257189,
    0.238558,
    0.236186,
    0.217162,
    0.183922,
    0.175357,
    0.171474,
    0.164019,
    0.161636,
    0.165888,
    0.153853,
    0.14963,
    0.148221,
    0.145006,
    0.148845,
    0.141988,
    0.143681,
    0.137425,
    0.137073,
    0.126538,
    0.131437,
    0.127759,
    0.123228,
    0.12386,
    0.11339
  ],
  "train_total_loss": [
    3.014663,
    1.919628,
    1.675683,
    1.494195,
    1.334666,
    1.268485,
    1.218358,
    1.152286,
    1.105871,
    1.085605,
    1.001305,
    0.986095,
    0.949249,
    0.928509,
    0.884789,
    0.865993,
    0.853069,
    0.817619,
    0.787672,
    0.748379,
    0.624271,
    0.590896,
    0.575437,
    0.55847,
    0.54931,
    0.556603,
    0.523256,
    0.509832,
    0.49187,
    0.484703,
    0.486246,
    0.473705,
    0.466485,
    0.457213,
    0.452232,
    0.41373,
    0.42157,
    0.409248,
    0.40775,
    0.397146,
    0.361286
  ],
  "learning_rates": [
    0.001,
    0.001,
    0.001,
    0.001,
    0.001,
    0.001,
    0.001,
    0.001,
    0.001,
    0.001,
    0.001,
    0.001,
    0.001,
    0.001,
    0.001,
    0.001,
    0.001,
    0.001,
    0.001,
    0.001,
    0.0005,
    0.0005,
    0.0005,
    0.0005,
    0.0005,
    0.0005,
    0.0005,
    0.0005,
    0.0005,
    0.0005,
    0.0005,
    0.0005,
    0.0005,
    0.0005,
    0.0005,
    0.0005,
    0.0005,
    0.0005,
    0.0005,
    0.0005,
    0.00025
  ],
  "val_accuracy": [
    53.678161,
    63.275862,
    68.16092,
    74.195402,
    76.321839,
    77.183908,
    78.735632,
    77.931034,
    77.241379,
    78.448276,
    77.816092,
    79.195402,
    80.0,
    78.908046,
    78.62069,
    80.402299,
    79.827586,
    78.850575,
    79.827586,
    79.022989,
    80.402299,
    80.632184,
    79.597701,
    80.172414,
    80.517241,
    81.264368,
    80.747126,
    80.344828,
    80.344828,
    80.402299,
    80.057471,
    79.942529,
    79.827586,
    80.057471,
    79.655172,
    80.402299,
    79.252874,
    79.482759,
    79.54023,
    79.08046,
    79.54023
  ],
  "model_info": {
    "model_class": "BaseClassifier",
    "hidden_size": 128,
    "num_classes": 23,
    "emb_size_audio": 1280,
    "emb_size_text": 512,
    "dropout": 0.1,
    "use_batch_norm": true,
    "mode": "both",
    "num_folds": 5,
    "fold_id": 4,
    "batch_size": 64,
    "random_seed": 1821
  }
}