{
  "train_cls_loss": [
    2.410273,
    1.881333,
    1.796906,
    1.685897,
    1.632357,
    1.606154,
    1.540911,
    1.516953,
    1.449778,
    1.495466,
    1.418263,
    1.437151,
    1.329347,
    1.330821,
    1.323374,
    1.359534,
    1.313577,
    1.320299,
    1.348217,
    1.295647,
    1.192974,
    1.252383,
    1.170095,
    1.182362,
    1.198737,
    1.192069,
    1.136007,
    1.099804,
    1.134426,
    1.169564,
    1.084586,
    1.143753,
    1.110344,
    1.097865,
    1.031953,
    1.062533,
    1.098127,
    1.104636,
    1.071087,
    1.034176,
    1.021683,
    1.013037,
    0.906005,
    0.95934,
    0.932158
  ],
  "train_total_loss": [
    2.410273,
    1.881333,
    1.796906,
    1.685897,
    1.632357,
    1.606154,
    1.540911,
    1.516953,
    1.449778,
    1.495466,
    1.418263,
    1.437151,
    1.329347,
    1.330821,
    1.323374,
    1.359534,
    1.313577,
    1.320299,
    1.348217,
    1.295647,
    1.192974,
    1.252383,
    1.170095,
    1.182362,
    1.198737,
    1.192069,
    1.136007,
    1.099804,
    1.134426,
    1.169564,
    1.084586,
    1.143753,
    1.110344,
    1.097865,
    1.031953,
    1.062533,
    1.098127,
    1.104636,
    1.071087,
    1.034176,
    1.021683,
    1.013037,
    0.906005,
    0.95934,
    0.932158
  ],
  "learning_rates": [
    0.001,
    0.001,
    0.001,
    0.001,
    0.001,
    0.001,
    0.001,
    0.001,
    0.001,
    0.001,
    0.001,
    0.001,
    0.001,
    0.001,
    0.001,
    0.001,
    0.001,
    0.001,
    0.001,
    0.001,
    0.0005,
    0.0005,
    0.0005,
    0.0005,
    0.0005,
    0.0005,
    0.0005,
    0.0005,
    0.0005,
    0.0005,
    0.0005,
    0.0005,
    0.0005,
    0.0005,
    0.0005,
    0.0005,
    0.0005,
    0.0005,
    0.0005,
    0.0005,
    0.00025,
    0.00025,
    0.00025,
    0.00025,
    0.00025
  ],
  "val_accuracy": [
    56.816885,
    62.806617,
    64.061609,
    69.081574,
    69.309755,
    70.907017,
    69.70907,
    70.907017,
    70.108386,
    70.964062,
    72.960639,
    71.534512,
    71.933828,
    71.078152,
    73.302909,
    73.87336,
    73.074729,
    72.789504,
    72.960639,
    73.474044,
    74.10154,
    73.131774,
    74.044495,
    74.158585,
    73.017684,
    74.272675,
    74.044495,
    73.416999,
    74.044495,
    74.671991,
    71.819738,
    73.017684,
    72.561323,
    73.930405,
    73.702225,
    73.64518,
    74.671991,
    73.75927,
    73.930405,
    73.64518,
    74.386766,
    74.158585,
    74.044495,
    74.158585,
    73.416999
  ],
  "model_info": {
    "model_class": "BaseClassifier",
    "hidden_size": 128,
    "num_classes": 23,
    "emb_size_audio": 512,
    "emb_size_text": 0,
    "dropout": 0.1,
    "use_batch_norm": true,
    "mode": "audio",
    "num_folds": 5,
    "fold_id": 4,
    "batch_size": 64,
    "random_seed": 1821
  }
}