{
  "attention_audio": [
    0.498101,
    0.480095,
    0.471904,
    0.464123,
    0.458911,
    0.46136,
    0.457569,
    0.45772,
    0.459349,
    0.460492,
    0.461156,
    0.455188,
    0.460169,
    0.458283,
    0.457753,
    0.459835,
    0.459581,
    0.459638,
    0.460999,
    0.45749,
    0.457915,
    0.46141,
    0.464533,
    0.459936,
    0.464027,
    0.465433,
    0.46339,
    0.464987,
    0.467424,
    0.466012,
    0.465611,
    0.466883,
    0.471077,
    0.468457,
    0.468531,
    0.467259,
    0.466784,
    0.466964,
    0.468442,
    0.46805,
    0.467763,
    0.468957,
    0.472373,
    0.472303,
    0.46924
  ],
  "attention_text": [
    0.501899,
    0.519905,
    0.528096,
    0.535877,
    0.541089,
    0.53864,
    0.542431,
    0.54228,
    0.540651,
    0.539508,
    0.538844,
    0.544812,
    0.539831,
    0.541717,
    0.542247,
    0.540165,
    0.540419,
    0.540362,
    0.539001,
    0.54251,
    0.542085,
    0.53859,
    0.535467,
    0.540064,
    0.535973,
    0.534567,
    0.53661,
    0.535013,
    0.532575,
    0.533988,
    0.534389,
    0.533117,
    0.528923,
    0.531543,
    0.531469,
    0.532741,
    0.533216,
    0.533036,
    0.531559,
    0.53195,
    0.532237,
    0.531043,
    0.527627,
    0.527697,
    0.53076
  ],
  "train_cls_loss": [
    2.250155,
    1.647772,
    1.492704,
    1.431863,
    1.331761,
    1.302861,
    1.270339,
    1.31099,
    1.213493,
    1.187095,
    1.125065,
    1.158585,
    1.147641,
    1.083291,
    1.128039,
    1.064052,
    1.054584,
    1.059383,
    1.025526,
    0.973101,
    0.992182,
    1.005071,
    0.979824,
    0.951365,
    0.886673,
    0.890225,
    0.888977,
    0.944538,
    0.872252,
    0.89988,
    0.926216,
    0.885624,
    0.862118,
    0.818459,
    0.848999,
    0.883531,
    0.824901,
    0.805392,
    0.796368,
    0.790058,
    0.793084,
    0.741264,
    0.784238,
    0.790648,
    0.82095
  ],
  "train_total_loss": [
    2.250155,
    1.647772,
    1.492704,
    1.431863,
    1.331761,
    1.302861,
    1.270339,
    1.31099,
    1.213493,
    1.187095,
    1.125065,
    1.158585,
    1.147641,
    1.083291,
    1.128039,
    1.064052,
    1.054584,
    1.059383,
    1.025526,
    0.973101,
    0.992182,
    1.005071,
    0.979824,
    0.951365,
    0.886673,
    0.890225,
    0.888977,
    0.944538,
    0.872252,
    0.89988,
    0.926216,
    0.885624,
    0.862118,
    0.818459,
    0.848999,
    0.883531,
    0.824901,
    0.805392,
    0.796368,
    0.790058,
    0.793084,
    0.741264,
    0.784238,
    0.790648,
    0.82095
  ],
  "learning_rates": [
    0.001,
    0.001,
    0.001,
    0.001,
    0.001,
    0.001,
    0.001,
    0.001,
    0.001,
    0.001,
    0.001,
    0.001,
    0.001,
    0.001,
    0.001,
    0.001,
    0.001,
    0.001,
    0.001,
    0.001,
    0.0005,
    0.0005,
    0.0005,
    0.0005,
    0.0005,
    0.0005,
    0.0005,
    0.0005,
    0.0005,
    0.0005,
    0.0005,
    0.0005,
    0.0005,
    0.0005,
    0.0005,
    0.0005,
    0.0005,
    0.0005,
    0.0005,
    0.0005,
    0.00025,
    0.00025,
    0.00025,
    0.00025,
    0.00025
  ],
  "val_accuracy": [
    57.216201,
    68.168853,
    75.413577,
    73.87336,
    76.041072,
    75.755847,
    76.554478,
    76.839703,
    76.497433,
    76.611523,
    76.098118,
    76.896748,
    77.809469,
    78.551055,
    75.926982,
    78.6081,
    76.383343,
    78.094695,
    76.839703,
    77.410154,
    77.866515,
    78.836281,
    77.695379,
    77.353109,
    76.896748,
    76.953793,
    77.92356,
    78.094695,
    77.124929,
    78.893326,
    78.49401,
    77.524244,
    77.353109,
    77.353109,
    76.611523,
    76.326298,
    76.383343,
    77.467199,
    77.181974,
    76.839703,
    77.866515,
    78.722191,
    77.067884,
    78.6081,
    77.866515
  ],
  "model_info": {
    "model_class": "BaseClassifier",
    "hidden_size": 128,
    "num_classes": 23,
    "emb_size_audio": 512,
    "emb_size_text": 512,
    "dropout": 0.1,
    "use_batch_norm": true,
    "mode": "both",
    "num_folds": 5,
    "fold_id": 2,
    "batch_size": 64,
    "random_seed": 1821
  }
}