{
  "attention_audio": [
    0.449788,
    0.406022,
    0.39914,
    0.401919,
    0.400334,
    0.392716,
    0.395462,
    0.393623,
    0.395285,
    0.39334,
    0.387829,
    0.38904,
    0.385602,
    0.380661,
    0.379086,
    0.383937,
    0.38205,
    0.379662,
    0.376806,
    0.370401,
    0.373728,
    0.374739,
    0.376668,
    0.374627,
    0.373253,
    0.37565,
    0.37432,
    0.375088,
    0.374139,
    0.37423,
    0.374487,
    0.374098,
    0.374282,
    0.37418,
    0.372362,
    0.372296,
    0.374535
  ],
  "attention_text": [
    0.550211,
    0.593978,
    0.60086,
    0.598081,
    0.599666,
    0.607284,
    0.604538,
    0.606377,
    0.604715,
    0.60666,
    0.612171,
    0.61096,
    0.614398,
    0.619339,
    0.620915,
    0.616063,
    0.61795,
    0.620338,
    0.623194,
    0.629599,
    0.626272,
    0.625261,
    0.623332,
    0.625373,
    0.626747,
    0.62435,
    0.62568,
    0.624912,
    0.625861,
    0.62577,
    0.625513,
    0.625902,
    0.625718,
    0.62582,
    0.627638,
    0.627704,
    0.625465
  ],
  "train_cls_loss": [
    2.404128,
    1.540601,
    1.276945,
    1.154953,
    1.078227,
    1.011906,
    0.975428,
    0.939201,
    0.906697,
    0.877746,
    0.851895,
    0.856689,
    0.802604,
    0.792055,
    0.777765,
    0.778574,
    0.741114,
    0.739828,
    0.722641,
    0.702553,
    0.6468,
    0.617263,
    0.600243,
    0.592035,
    0.579571,
    0.584117,
    0.575662,
    0.566246,
    0.550048,
    0.568995,
    0.557789,
    0.548281,
    0.532513,
    0.532671,
    0.524134,
    0.516807,
    0.510021
  ],
  "train_total_loss": [
    2.404128,
    1.540601,
    1.276945,
    1.154953,
    1.078227,
    1.011906,
    0.975428,
    0.939201,
    0.906697,
    0.877746,
    0.851895,
    0.856689,
    0.802604,
    0.792055,
    0.777765,
    0.778574,
    0.741114,
    0.739828,
    0.722641,
    0.702553,
    0.6468,
    0.617263,
    0.600243,
    0.592035,
    0.579571,
    0.584117,
    0.575662,
    0.566246,
    0.550048,
    0.568995,
    0.557789,
    0.548281,
    0.532513,
    0.532671,
    0.524134,
    0.516807,
    0.510021
  ],
  "learning_rates": [
    0.001,
    0.001,
    0.001,
    0.001,
    0.001,
    0.001,
    0.001,
    0.001,
    0.001,
    0.001,
    0.001,
    0.001,
    0.001,
    0.001,
    0.001,
    0.001,
    0.001,
    0.001,
    0.001,
    0.001,
    0.0005,
    0.0005,
    0.0005,
    0.0005,
    0.0005,
    0.0005,
    0.0005,
    0.0005,
    0.0005,
    0.0005,
    0.0005,
    0.0005,
    0.0005,
    0.0005,
    0.0005,
    0.0005,
    0.0005
  ],
  "val_accuracy": [
    53.223046,
    66.742727,
    72.047918,
    74.044495,
    76.668568,
    74.900171,
    77.353109,
    77.181974,
    77.181974,
    77.239019,
    79.691957,
    79.520821,
    78.665145,
    77.866515,
    78.950371,
    77.752424,
    79.806047,
    79.406731,
    80.205362,
    79.577867,
    80.205362,
    81.003993,
    80.604678,
    80.148317,
    80.889903,
    80.091272,
    80.433542,
    80.547633,
    79.920137,
    79.806047,
    80.319452,
    79.463776,
    79.806047,
    79.292641,
    79.406731,
    79.349686,
    78.722191
  ],
  "model_info": {
    "model_class": "BaseClassifier",
    "hidden_size": 128,
    "num_classes": 23,
    "emb_size_audio": 512,
    "emb_size_text": 512,
    "dropout": 0.1,
    "use_batch_norm": true,
    "mode": "both",
    "num_folds": 5,
    "fold_id": 3,
    "batch_size": 64,
    "random_seed": 1821
  }
}