{
  "train_cls_loss": [
    2.34596,
    1.57016,
    1.386891,
    1.284202,
    1.210252,
    1.152521,
    1.123368,
    1.079013,
    1.046458,
    1.011266,
    0.994008,
    0.97217,
    0.933444,
    0.925936,
    0.885353,
    0.874577,
    0.847763,
    0.844159,
    0.810487,
    0.793852,
    0.709056,
    0.678859,
    0.654087,
    0.638171,
    0.638934,
    0.619344,
    0.626049,
    0.585806,
    0.579532,
    0.577093,
    0.566607,
    0.556309,
    0.562757,
    0.547397,
    0.513355,
    0.53622,
    0.516878,
    0.502821,
    0.484292,
    0.482037,
    0.437779,
    0.413173
  ],
  "train_total_loss": [
    2.34596,
    1.57016,
    1.386891,
    1.284202,
    1.210252,
    1.152521,
    1.123368,
    1.079013,
    1.046458,
    1.011266,
    0.994008,
    0.97217,
    0.933444,
    0.925936,
    0.885353,
    0.874577,
    0.847763,
    0.844159,
    0.810487,
    0.793852,
    0.709056,
    0.678859,
    0.654087,
    0.638171,
    0.638934,
    0.619344,
    0.626049,
    0.585806,
    0.579532,
    0.577093,
    0.566607,
    0.556309,
    0.562757,
    0.547397,
    0.513355,
    0.53622,
    0.516878,
    0.502821,
    0.484292,
    0.482037,
    0.437779,
    0.413173
  ],
  "learning_rates": [
    0.001,
    0.001,
    0.001,
    0.001,
    0.001,
    0.001,
    0.001,
    0.001,
    0.001,
    0.001,
    0.001,
    0.001,
    0.001,
    0.001,
    0.001,
    0.001,
    0.001,
    0.001,
    0.001,
    0.001,
    0.0005,
    0.0005,
    0.0005,
    0.0005,
    0.0005,
    0.0005,
    0.0005,
    0.0005,
    0.0005,
    0.0005,
    0.0005,
    0.0005,
    0.0005,
    0.0005,
    0.0005,
    0.0005,
    0.0005,
    0.0005,
    0.0005,
    0.0005,
    0.00025,
    0.00025
  ],
  "val_accuracy": [
    55.402299,
    64.597701,
    66.83908,
    67.931034,
    70.287356,
    69.08046,
    69.827586,
    70.632184,
    71.321839,
    68.62069,
    69.885057,
    71.091954,
    72.471264,
    71.781609,
    72.183908,
    71.954023,
    72.528736,
    72.988506,
    73.333333,
    72.586207,
    72.931034,
    72.988506,
    73.333333,
    73.390805,
    72.758621,
    73.448276,
    73.908046,
    72.183908,
    73.448276,
    73.678161,
    73.390805,
    72.988506,
    73.390805,
    73.678161,
    73.908046,
    73.448276,
    73.390805,
    73.333333,
    73.62069,
    70.91954,
    73.563218,
    73.16092
  ],
  "model_info": {
    "model_class": "BaseClassifier",
    "hidden_size": 128,
    "num_classes": 23,
    "emb_size_audio": 768,
    "emb_size_text": 0,
    "dropout": 0.1,
    "use_batch_norm": true,
    "mode": "audio",
    "num_folds": 5,
    "fold_id": 1,
    "batch_size": 64,
    "random_seed": 1821
  }
}