{
  "attention_audio": [
    0.472641,
    0.45997,
    0.457226,
    0.453553,
    0.45181,
    0.449561,
    0.447749,
    0.448535,
    0.445352,
    0.443018,
    0.444844,
    0.443942,
    0.444621,
    0.447574,
    0.444423,
    0.445556,
    0.444583,
    0.446333,
    0.444369,
    0.444266,
    0.450662,
    0.448515,
    0.450879,
    0.452074,
    0.450712,
    0.450695,
    0.451827,
    0.451976,
    0.452098,
    0.451811,
    0.453232,
    0.454184,
    0.453137,
    0.453397,
    0.450782,
    0.451672,
    0.45564,
    0.455235,
    0.457644
  ],
  "attention_text": [
    0.527359,
    0.54003,
    0.542774,
    0.546447,
    0.54819,
    0.550439,
    0.552251,
    0.551465,
    0.554648,
    0.556982,
    0.555156,
    0.556058,
    0.555379,
    0.552426,
    0.555577,
    0.554444,
    0.555417,
    0.553667,
    0.555631,
    0.555734,
    0.549338,
    0.551485,
    0.549121,
    0.547926,
    0.549288,
    0.549305,
    0.548173,
    0.548024,
    0.547903,
    0.548189,
    0.546768,
    0.545816,
    0.546863,
    0.546603,
    0.549218,
    0.548328,
    0.54436,
    0.544765,
    0.542356
  ],
  "train_cls_loss": [
    2.063192,
    1.284693,
    1.102314,
    0.988617,
    0.92905,
    0.874507,
    0.832604,
    0.796867,
    0.767175,
    0.743707,
    0.714819,
    0.693456,
    0.672751,
    0.659878,
    0.639041,
    0.618961,
    0.610819,
    0.584962,
    0.573736,
    0.558975,
    0.489222,
    0.46575,
    0.443678,
    0.433326,
    0.423839,
    0.419985,
    0.409346,
    0.397265,
    0.391067,
    0.378343,
    0.380412,
    0.370815,
    0.36847,
    0.354719,
    0.345424,
    0.336843,
    0.335593,
    0.330521,
    0.318022
  ],
  "train_total_loss": [
    2.063192,
    1.284693,
    1.102314,
    0.988617,
    0.92905,
    0.874507,
    0.832604,
    0.796867,
    0.767175,
    0.743707,
    0.714819,
    0.693456,
    0.672751,
    0.659878,
    0.639041,
    0.618961,
    0.610819,
    0.584962,
    0.573736,
    0.558975,
    0.489222,
    0.46575,
    0.443678,
    0.433326,
    0.423839,
    0.419985,
    0.409346,
    0.397265,
    0.391067,
    0.378343,
    0.380412,
    0.370815,
    0.36847,
    0.354719,
    0.345424,
    0.336843,
    0.335593,
    0.330521,
    0.318022
  ],
  "learning_rates": [
    0.001,
    0.001,
    0.001,
    0.001,
    0.001,
    0.001,
    0.001,
    0.001,
    0.001,
    0.001,
    0.001,
    0.001,
    0.001,
    0.001,
    0.001,
    0.001,
    0.001,
    0.001,
    0.001,
    0.001,
    0.0005,
    0.0005,
    0.0005,
    0.0005,
    0.0005,
    0.0005,
    0.0005,
    0.0005,
    0.0005,
    0.0005,
    0.0005,
    0.0005,
    0.0005,
    0.0005,
    0.0005,
    0.0005,
    0.0005,
    0.0005,
    0.0005
  ],
  "val_accuracy": [
    57.843697,
    68.796349,
    71.534512,
    70.964062,
    73.131774,
    74.10154,
    73.474044,
    75.641757,
    76.896748,
    74.786081,
    76.497433,
    76.155163,
    76.212208,
    75.926982,
    76.725613,
    75.698802,
    77.010839,
    76.098118,
    77.809469,
    76.953793,
    77.296064,
    76.725613,
    77.010839,
    77.866515,
    77.124929,
    77.695379,
    76.269253,
    77.467199,
    77.181974,
    76.440388,
    77.581289,
    76.155163,
    76.953793,
    76.383343,
    76.497433,
    76.269253,
    77.181974,
    76.896748,
    76.326298
  ],
  "model_info": {
    "model_class": "BaseClassifier",
    "hidden_size": 128,
    "num_classes": 23,
    "emb_size_audio": 512,
    "emb_size_text": 512,
    "dropout": 0.1,
    "use_batch_norm": true,
    "mode": "both",
    "num_folds": 5,
    "fold_id": 0,
    "batch_size": 64,
    "random_seed": 1821
  }
}