{
  "train_cls_loss": [
    2.364252,
    1.624505,
    1.436246,
    1.304382,
    1.267485,
    1.20011,
    1.154918,
    1.128553,
    1.084988,
    1.074427,
    1.005935,
    1.002025,
    0.981179,
    0.957644,
    0.928632,
    0.912373,
    0.892022,
    0.850288,
    0.837616,
    0.819751,
    0.732268,
    0.7294,
    0.679253,
    0.666493,
    0.658163,
    0.654075,
    0.628672,
    0.630699,
    0.59924,
    0.591469,
    0.581379,
    0.58296,
    0.55932,
    0.546781,
    0.540669,
    0.53653,
    0.532211,
    0.522998,
    0.502424,
    0.49209,
    0.47979,
    0.442675,
    0.425571,
    0.421863,
    0.406534
  ],
  "train_top_cls_loss": [
    0.893368,
    0.681814,
    0.616591,
    0.573786,
    0.562045,
    0.530994,
    0.531207,
    0.512305,
    0.490856,
    0.492539,
    0.463648,
    0.462369,
    0.443399,
    0.439189,
    0.42375,
    0.419127,
    0.40926,
    0.387608,
    0.37951,
    0.380124,
    0.342011,
    0.332479,
    0.319117,
    0.303231,
    0.294899,
    0.295104,
    0.289983,
    0.298173,
    0.275887,
    0.26961,
    0.277091,
    0.266716,
    0.258591,
    0.247991,
    0.248536,
    0.245275,
    0.242293,
    0.238374,
    0.229365,
    0.228444,
    0.219003,
    0.206788,
    0.194213,
    0.190451,
    0.187533
  ],
  "train_total_loss": [
    2.632263,
    1.82905,
    1.621224,
    1.476518,
    1.436098,
    1.359409,
    1.31428,
    1.282244,
    1.232245,
    1.222189,
    1.145029,
    1.140736,
    1.114199,
    1.0894,
    1.055757,
    1.03811,
    1.0148,
    0.966571,
    0.951469,
    0.933788,
    0.834871,
    0.829143,
    0.774989,
    0.757462,
    0.746633,
    0.742607,
    0.715667,
    0.720151,
    0.682007,
    0.672352,
    0.664506,
    0.662975,
    0.636898,
    0.621178,
    0.615229,
    0.610113,
    0.604899,
    0.59451,
    0.571234,
    0.560623,
    0.545491,
    0.504711,
    0.483835,
    0.478998,
    0.462794
  ],
  "learning_rates": [
    0.001,
    0.001,
    0.001,
    0.001,
    0.001,
    0.001,
    0.001,
    0.001,
    0.001,
    0.001,
    0.001,
    0.001,
    0.001,
    0.001,
    0.001,
    0.001,
    0.001,
    0.001,
    0.001,
    0.001,
    0.0005,
    0.0005,
    0.0005,
    0.0005,
    0.0005,
    0.0005,
    0.0005,
    0.0005,
    0.0005,
    0.0005,
    0.0005,
    0.0005,
    0.0005,
    0.0005,
    0.0005,
    0.0005,
    0.0005,
    0.0005,
    0.0005,
    0.0005,
    0.00025,
    0.00025,
    0.00025,
    0.00025,
    0.00025
  ],
  "val_accuracy": [
    50.747126,
    58.908046,
    60.862069,
    64.597701,
    66.37931,
    67.126437,
    68.275862,
    69.252874,
    68.678161,
    70.287356,
    71.206897,
    71.666667,
    70.747126,
    70.344828,
    71.83908,
    70.574713,
    69.597701,
    71.609195,
    70.862069,
    70.747126,
    71.264368,
    72.528736,
    72.356322,
    72.298851,
    72.011494,
    71.609195,
    72.068966,
    72.528736,
    72.413793,
    72.701149,
    71.034483,
    72.068966,
    72.011494,
    71.551724,
    71.436782,
    71.896552,
    70.862069,
    71.666667,
    71.436782,
    70.977011,
    71.321839,
    71.896552,
    71.37931,
    71.264368,
    71.206897
  ],
  "model_info": {
    "model_class": "BaseClassifier",
    "hidden_size": 128,
    "num_classes": 23,
    "emb_size_audio": 768,
    "emb_size_text": 0,
    "dropout": 0.1,
    "use_batch_norm": true,
    "mode": "audio",
    "num_folds": 5,
    "fold_id": 3,
    "batch_size": 64,
    "random_seed": 1821
  }
}