{
  "attention_audio": [
    0.522152,
    0.510605,
    0.519305,
    0.513159,
    0.516164,
    0.51688,
    0.527683,
    0.52673,
    0.530349,
    0.529896,
    0.53497,
    0.540071,
    0.537013,
    0.540868,
    0.542079,
    0.54048,
    0.543468,
    0.547704,
    0.547888,
    0.551317,
    0.556987,
    0.554334,
    0.55573,
    0.561434,
    0.559703,
    0.564896,
    0.564606,
    0.563778,
    0.561131,
    0.560351,
    0.565642,
    0.563109,
    0.566661,
    0.564403,
    0.569451,
    0.572377,
    0.570178,
    0.569816,
    0.568186,
    0.566693,
    0.570329,
    0.570177,
    0.570188,
    0.572314,
    0.577059,
    0.575046,
    0.572194,
    0.573407,
    0.573895,
    0.576101,
    0.576108,
    0.575087,
    0.574086,
    0.573064,
    0.574349,
    0.575758,
    0.576305
  ],
  "attention_text": [
    0.477848,
    0.489395,
    0.480695,
    0.486841,
    0.483836,
    0.48312,
    0.472317,
    0.47327,
    0.469651,
    0.470104,
    0.46503,
    0.459929,
    0.462987,
    0.459132,
    0.457921,
    0.45952,
    0.456533,
    0.452296,
    0.452112,
    0.448683,
    0.443013,
    0.445666,
    0.44427,
    0.438566,
    0.440297,
    0.435104,
    0.435394,
    0.436222,
    0.438869,
    0.439649,
    0.434358,
    0.436891,
    0.433339,
    0.435597,
    0.430549,
    0.427623,
    0.429822,
    0.430184,
    0.431814,
    0.433307,
    0.429671,
    0.429823,
    0.429812,
    0.427686,
    0.422941,
    0.424954,
    0.427806,
    0.426593,
    0.426105,
    0.423899,
    0.423892,
    0.424913,
    0.425914,
    0.426936,
    0.425651,
    0.424242,
    0.423695
  ],
  "train_cls_loss": [
    2.256348,
    1.29238,
    1.075203,
    0.912413,
    0.841226,
    0.789217,
    0.728486,
    0.677757,
    0.633354,
    0.588062,
    0.563961,
    0.541499,
    0.502338,
    0.490632,
    0.444034,
    0.439624,
    0.410917,
    0.399776,
    0.378033,
    0.371383,
    0.271081,
    0.234272,
    0.238845,
    0.217537,
    0.196543,
    0.183906,
    0.201567,
    0.191199,
    0.184284,
    0.166699,
    0.161378,
    0.169291,
    0.169038,
    0.160894,
    0.144311,
    0.137049,
    0.147795,
    0.139494,
    0.133333,
    0.124337,
    0.107761,
    0.08321,
    0.075619,
    0.079681,
    0.071202,
    0.073073,
    0.07363,
    0.06655,
    0.072147,
    0.056339,
    0.064825,
    0.06796,
    0.065448,
    0.050719,
    0.05608,
    0.050969,
    0.068362
  ],
  "train_total_loss": [
    2.256348,
    1.29238,
    1.075203,
    0.912413,
    0.841226,
    0.789217,
    0.728486,
    0.677757,
    0.633354,
    0.588062,
    0.563961,
    0.541499,
    0.502338,
    0.490632,
    0.444034,
    0.439624,
    0.410917,
    0.399776,
    0.378033,
    0.371383,
    0.271081,
    0.234272,
    0.238845,
    0.217537,
    0.196543,
    0.183906,
    0.201567,
    0.191199,
    0.184284,
    0.166699,
    0.161378,
    0.169291,
    0.169038,
    0.160894,
    0.144311,
    0.137049,
    0.147795,
    0.139494,
    0.133333,
    0.124337,
    0.107761,
    0.08321,
    0.075619,
    0.079681,
    0.071202,
    0.073073,
    0.07363,
    0.06655,
    0.072147,
    0.056339,
    0.064825,
    0.06796,
    0.065448,
    0.050719,
    0.05608,
    0.050969,
    0.068362
  ],
  "learning_rates": [
    0.001,
    0.001,
    0.001,
    0.001,
    0.001,
    0.001,
    0.001,
    0.001,
    0.001,
    0.001,
    0.001,
    0.001,
    0.001,
    0.001,
    0.001,
    0.001,
    0.001,
    0.001,
    0.001,
    0.001,
    0.0005,
    0.0005,
    0.0005,
    0.0005,
    0.0005,
    0.0005,
    0.0005,
    0.0005,
    0.0005,
    0.0005,
    0.0005,
    0.0005,
    0.0005,
    0.0005,
    0.0005,
    0.0005,
    0.0005,
    0.0005,
    0.0005,
    0.0005,
    0.00025,
    0.00025,
    0.00025,
    0.00025,
    0.00025,
    0.00025,
    0.00025,
    0.00025,
    0.00025,
    0.00025,
    0.00025,
    0.00025,
    0.00025,
    0.00025,
    0.00025,
    0.00025,
    0.00025
  ],
  "val_accuracy": [
    58.813463,
    69.82316,
    73.930405,
    75.299487,
    77.124929,
    78.03765,
    77.980605,
    79.520821,
    79.463776,
    78.03765,
    79.349686,
    78.779236,
    79.806047,
    79.349686,
    78.322875,
    77.524244,
    79.007416,
    77.92356,
    78.03765,
    78.03765,
    79.121506,
    79.292641,
    79.178551,
    79.064461,
    79.064461,
    78.094695,
    79.349686,
    79.863092,
    80.034227,
    78.49401,
    80.319452,
    77.695379,
    79.178551,
    79.349686,
    78.665145,
    79.064461,
    79.292641,
    79.235596,
    79.178551,
    78.779236,
    79.863092,
    80.547633,
    79.121506,
    79.292641,
    79.007416,
    79.121506,
    78.950371,
    78.950371,
    78.779236,
    78.836281,
    78.15174,
    78.893326,
    79.349686,
    78.950371,
    78.893326,
    79.691957,
    78.37992
  ],
  "model_info": {
    "model_class": "BaseClassifier",
    "hidden_size": 128,
    "num_classes": 23,
    "emb_size_audio": 3840,
    "emb_size_text": 512,
    "dropout": 0.1,
    "use_batch_norm": true,
    "mode": "both",
    "num_folds": 5,
    "fold_id": 2,
    "batch_size": 64,
    "random_seed": 1821
  }
}