{
  "train_cls_loss": [
    1.785632,
    1.16363,
    0.975021,
    0.879855,
    0.817376,
    0.762891,
    0.72902,
    0.683236,
    0.67141,
    0.656823,
    0.637948,
    0.611659,
    0.595448,
    0.569136,
    0.563549,
    0.550451,
    0.535657,
    0.531,
    0.518633,
    0.505585,
    0.450311,
    0.441648,
    0.434086,
    0.42283,
    0.410311,
    0.394467,
    0.408108,
    0.403442,
    0.393846,
    0.389832,
    0.380327,
    0.377718,
    0.378981,
    0.367985,
    0.363147,
    0.35603,
    0.356081,
    0.35036,
    0.343173,
    0.345061,
    0.321035,
    0.298235,
    0.293771,
    0.29447,
    0.285386,
    0.284858,
    0.276106,
    0.276744
  ],
  "train_top_cls_loss": [
    0.85922,
    0.559607,
    0.522394,
    0.4933,
    0.477564,
    0.451372,
    0.446585,
    0.414685,
    0.408871,
    0.410892,
    0.396764,
    0.380371,
    0.380982,
    0.365213,
    0.364034,
    0.357191,
    0.334425,
    0.342438,
    0.33228,
    0.33626,
    0.283822,
    0.287092,
    0.269122,
    0.273057,
    0.264499,
    0.252929,
    0.257147,
    0.260445,
    0.249396,
    0.245323,
    0.242666,
    0.239933,
    0.245253,
    0.232557,
    0.231362,
    0.222635,
    0.223428,
    0.214657,
    0.215971,
    0.214075,
    0.202582,
    0.18976,
    0.178723,
    0.18308,
    0.175082,
    0.175583,
    0.171684,
    0.167726
  ],
  "train_total_loss": [
    2.387085,
    1.555354,
    1.340697,
    1.225165,
    1.151671,
    1.078851,
    1.041629,
    0.973516,
    0.95762,
    0.944448,
    0.915682,
    0.877919,
    0.862136,
    0.824785,
    0.818373,
    0.800485,
    0.769755,
    0.770706,
    0.751229,
    0.740968,
    0.648986,
    0.642612,
    0.622472,
    0.61397,
    0.595461,
    0.571518,
    0.58811,
    0.585754,
    0.568424,
    0.561558,
    0.550193,
    0.545671,
    0.550658,
    0.530775,
    0.525101,
    0.511874,
    0.512481,
    0.50062,
    0.494352,
    0.494914,
    0.462842,
    0.431067,
    0.418877,
    0.422626,
    0.407943,
    0.407766,
    0.396284,
    0.394152
  ],
  "learning_rates": [
    0.001,
    0.001,
    0.001,
    0.001,
    0.001,
    0.001,
    0.001,
    0.001,
    0.001,
    0.001,
    0.001,
    0.001,
    0.001,
    0.001,
    0.001,
    0.001,
    0.001,
    0.001,
    0.001,
    0.001,
    0.0005,
    0.0005,
    0.0005,
    0.0005,
    0.0005,
    0.0005,
    0.0005,
    0.0005,
    0.0005,
    0.0005,
    0.0005,
    0.0005,
    0.0005,
    0.0005,
    0.0005,
    0.0005,
    0.0005,
    0.0005,
    0.0005,
    0.0005,
    0.00025,
    0.00025,
    0.00025,
    0.00025,
    0.00025,
    0.00025,
    0.00025,
    0.00025
  ],
  "val_accuracy": [
    48.488306,
    62.635482,
    67.940673,
    66.970907,
    70.336566,
    71.363377,
    74.21563,
    73.98745,
    74.386766,
    75.470622,
    75.185396,
    76.497433,
    74.786081,
    74.21563,
    76.668568,
    76.497433,
    76.098118,
    76.098118,
    76.554478,
    75.071306,
    77.010839,
    76.782658,
    76.896748,
    76.611523,
    77.067884,
    76.326298,
    76.839703,
    76.953793,
    76.839703,
    75.413577,
    76.269253,
    76.611523,
    77.181974,
    75.812892,
    76.725613,
    75.926982,
    75.926982,
    76.212208,
    76.782658,
    75.869937,
    76.326298,
    76.725613,
    76.440388,
    76.440388,
    76.326298,
    76.155163,
    75.984027,
    76.896748
  ],
  "model_info": {
    "model_class": "BaseClassifier",
    "hidden_size": 128,
    "num_classes": 23,
    "emb_size_audio": 512,
    "emb_size_text": 0,
    "dropout": 0.1,
    "use_batch_norm": true,
    "mode": "audio",
    "num_folds": 5,
    "fold_id": 0,
    "batch_size": 64,
    "random_seed": 1821
  }
}