{
  "attention_audio": [
    0.506812,
    0.498949,
    0.496064,
    0.494822,
    0.494951,
    0.495238,
    0.492995,
    0.492553,
    0.494135,
    0.494052,
    0.493313,
    0.492353,
    0.493421,
    0.492973,
    0.491364,
    0.492522,
    0.492791,
    0.495424,
    0.494791,
    0.496154,
    0.499235,
    0.496976,
    0.497991,
    0.496398,
    0.498042,
    0.498328,
    0.49822,
    0.500359,
    0.497997,
    0.49736,
    0.496673,
    0.49888,
    0.497129,
    0.49801,
    0.498279,
    0.498988,
    0.497984,
    0.496372,
    0.500958,
    0.499245,
    0.498653,
    0.499532,
    0.499314,
    0.499962,
    0.499301,
    0.499867,
    0.500326,
    0.500057,
    0.499256,
    0.499644,
    0.498784,
    0.498607,
    0.497385,
    0.49768,
    0.496894,
    0.497342,
    0.496748
  ],
  "attention_text": [
    0.493188,
    0.501051,
    0.503936,
    0.505178,
    0.505049,
    0.504762,
    0.507005,
    0.507447,
    0.505865,
    0.505948,
    0.506687,
    0.507647,
    0.506579,
    0.507027,
    0.508636,
    0.507478,
    0.507209,
    0.504576,
    0.505209,
    0.503846,
    0.500765,
    0.503024,
    0.502009,
    0.503602,
    0.501958,
    0.501672,
    0.50178,
    0.499641,
    0.502003,
    0.50264,
    0.503327,
    0.50112,
    0.502871,
    0.50199,
    0.501721,
    0.501012,
    0.502016,
    0.503628,
    0.499042,
    0.500755,
    0.501347,
    0.500468,
    0.500686,
    0.500038,
    0.500699,
    0.500133,
    0.499674,
    0.499944,
    0.500744,
    0.500356,
    0.501216,
    0.501393,
    0.502615,
    0.50232,
    0.503106,
    0.502658,
    0.503252
  ],
  "train_cls_loss": [
    2.478679,
    1.670762,
    1.528859,
    1.420529,
    1.412713,
    1.344194,
    1.316304,
    1.265409,
    1.242705,
    1.220204,
    1.261731,
    1.27555,
    1.16909,
    1.127225,
    1.133029,
    1.205354,
    1.08275,
    1.1434,
    1.066386,
    1.064139,
    1.015422,
    0.938907,
    0.967827,
    1.015928,
    1.060871,
    0.906289,
    0.874211,
    0.962058,
    0.91984,
    0.874735,
    0.895805,
    0.897533,
    0.835312,
    0.906993,
    0.95796,
    0.867592,
    0.926777,
    0.943879,
    0.826536,
    0.862702,
    0.843341,
    0.779798,
    0.726562,
    0.774682,
    0.819197,
    0.623281,
    0.754866,
    0.770396,
    0.880299,
    0.841696,
    0.701435,
    0.663067,
    0.754922,
    0.737877,
    0.753797,
    0.753684,
    0.696927
  ],
  "train_total_loss": [
    2.478679,
    1.670762,
    1.528859,
    1.420529,
    1.412713,
    1.344194,
    1.316304,
    1.265409,
    1.242705,
    1.220204,
    1.261731,
    1.27555,
    1.16909,
    1.127225,
    1.133029,
    1.205354,
    1.08275,
    1.1434,
    1.066386,
    1.064139,
    1.015422,
    0.938907,
    0.967827,
    1.015928,
    1.060871,
    0.906289,
    0.874211,
    0.962058,
    0.91984,
    0.874735,
    0.895805,
    0.897533,
    0.835312,
    0.906993,
    0.95796,
    0.867592,
    0.926777,
    0.943879,
    0.826536,
    0.862702,
    0.843341,
    0.779798,
    0.726562,
    0.774682,
    0.819197,
    0.623281,
    0.754866,
    0.770396,
    0.880299,
    0.841696,
    0.701435,
    0.663067,
    0.754922,
    0.737877,
    0.753797,
    0.753684,
    0.696927
  ],
  "learning_rates": [
    0.001,
    0.001,
    0.001,
    0.001,
    0.001,
    0.001,
    0.001,
    0.001,
    0.001,
    0.001,
    0.001,
    0.001,
    0.001,
    0.001,
    0.001,
    0.001,
    0.001,
    0.001,
    0.001,
    0.001,
    0.0005,
    0.0005,
    0.0005,
    0.0005,
    0.0005,
    0.0005,
    0.0005,
    0.0005,
    0.0005,
    0.0005,
    0.0005,
    0.0005,
    0.0005,
    0.0005,
    0.0005,
    0.0005,
    0.0005,
    0.0005,
    0.0005,
    0.0005,
    0.00025,
    0.00025,
    0.00025,
    0.00025,
    0.00025,
    0.00025,
    0.00025,
    0.00025,
    0.00025,
    0.00025,
    0.00025,
    0.00025,
    0.00025,
    0.00025,
    0.00025,
    0.00025,
    0.00025
  ],
  "val_accuracy": [
    67.598403,
    71.819738,
    73.416999,
    72.960639,
    75.299487,
    77.752424,
    78.094695,
    77.181974,
    74.786081,
    78.208785,
    77.92356,
    78.551055,
    78.208785,
    78.950371,
    78.37992,
    77.524244,
    78.950371,
    78.49401,
    78.665145,
    78.950371,
    78.37992,
    79.178551,
    78.722191,
    79.806047,
    79.178551,
    78.436965,
    78.722191,
    78.665145,
    79.178551,
    79.178551,
    79.920137,
    79.691957,
    79.749002,
    79.806047,
    79.634912,
    78.322875,
    78.37992,
    79.749002,
    79.520821,
    78.950371,
    79.463776,
    80.148317,
    79.691957,
    78.950371,
    79.577867,
    79.863092,
    79.520821,
    79.064461,
    78.6081,
    79.064461,
    79.577867,
    79.064461,
    78.722191,
    78.836281,
    79.178551,
    79.178551,
    78.722191
  ],
  "model_info": {
    "model_class": "BaseClassifier",
    "hidden_size": 128,
    "num_classes": 23,
    "emb_size_audio": 512,
    "emb_size_text": 512,
    "dropout": 0.1,
    "use_batch_norm": true,
    "mode": "both",
    "num_folds": 5,
    "fold_id": 0,
    "batch_size": 64,
    "random_seed": 1821
  }
}