{
  "attention_audio": [
    0.447955,
    0.448672,
    0.450184,
    0.445181,
    0.44449,
    0.443903,
    0.441649,
    0.440801,
    0.440566,
    0.443272,
    0.441953,
    0.440877,
    0.439307,
    0.439428,
    0.437791,
    0.442687,
    0.443477,
    0.443466,
    0.446671,
    0.447258,
    0.44703,
    0.448799,
    0.448235,
    0.44811,
    0.446387,
    0.449122,
    0.448425,
    0.447436,
    0.448503,
    0.449218,
    0.44882,
    0.449699,
    0.450396,
    0.4491,
    0.447723,
    0.447178,
    0.449192,
    0.448514,
    0.451112,
    0.448289,
    0.450204,
    0.453931,
    0.453367,
    0.454555,
    0.453746,
    0.452866,
    0.453688,
    0.453101,
    0.453454
  ],
  "attention_text": [
    0.552045,
    0.551328,
    0.549816,
    0.554819,
    0.55551,
    0.556097,
    0.558351,
    0.559198,
    0.559434,
    0.556728,
    0.558047,
    0.559123,
    0.560693,
    0.560572,
    0.562209,
    0.557313,
    0.556523,
    0.556534,
    0.553329,
    0.552742,
    0.55297,
    0.551201,
    0.551765,
    0.55189,
    0.553613,
    0.550878,
    0.551575,
    0.552564,
    0.551497,
    0.550782,
    0.55118,
    0.550301,
    0.549604,
    0.5509,
    0.552277,
    0.552822,
    0.550808,
    0.551486,
    0.548888,
    0.551711,
    0.549796,
    0.546069,
    0.546633,
    0.545445,
    0.546254,
    0.547134,
    0.546312,
    0.546899,
    0.546546
  ],
  "train_cls_loss": [
    1.983574,
    1.273683,
    1.111518,
    1.010451,
    0.942349,
    0.877394,
    0.855649,
    0.81184,
    0.793732,
    0.753363,
    0.729494,
    0.702695,
    0.695051,
    0.661028,
    0.658917,
    0.638625,
    0.617086,
    0.605341,
    0.581905,
    0.573546,
    0.504739,
    0.469852,
    0.445808,
    0.445994,
    0.437007,
    0.425755,
    0.411373,
    0.400526,
    0.401769,
    0.387083,
    0.381697,
    0.379438,
    0.367358,
    0.360375,
    0.355063,
    0.351458,
    0.33923,
    0.3455,
    0.332707,
    0.334797,
    0.287496,
    0.281776,
    0.270143,
    0.2637,
    0.262576,
    0.262861,
    0.253523,
    0.255108,
    0.248582
  ],
  "train_total_loss": [
    1.983574,
    1.273683,
    1.111518,
    1.010451,
    0.942349,
    0.877394,
    0.855649,
    0.81184,
    0.793732,
    0.753363,
    0.729494,
    0.702695,
    0.695051,
    0.661028,
    0.658917,
    0.638625,
    0.617086,
    0.605341,
    0.581905,
    0.573546,
    0.504739,
    0.469852,
    0.445808,
    0.445994,
    0.437007,
    0.425755,
    0.411373,
    0.400526,
    0.401769,
    0.387083,
    0.381697,
    0.379438,
    0.367358,
    0.360375,
    0.355063,
    0.351458,
    0.33923,
    0.3455,
    0.332707,
    0.334797,
    0.287496,
    0.281776,
    0.270143,
    0.2637,
    0.262576,
    0.262861,
    0.253523,
    0.255108,
    0.248582
  ],
  "learning_rates": [
    0.001,
    0.001,
    0.001,
    0.001,
    0.001,
    0.001,
    0.001,
    0.001,
    0.001,
    0.001,
    0.001,
    0.001,
    0.001,
    0.001,
    0.001,
    0.001,
    0.001,
    0.001,
    0.001,
    0.001,
    0.0005,
    0.0005,
    0.0005,
    0.0005,
    0.0005,
    0.0005,
    0.0005,
    0.0005,
    0.0005,
    0.0005,
    0.0005,
    0.0005,
    0.0005,
    0.0005,
    0.0005,
    0.0005,
    0.0005,
    0.0005,
    0.0005,
    0.0005,
    0.00025,
    0.00025,
    0.00025,
    0.00025,
    0.00025,
    0.00025,
    0.00025,
    0.00025,
    0.00025
  ],
  "val_accuracy": [
    62.635482,
    67.655448,
    69.93725,
    74.557901,
    75.812892,
    74.386766,
    76.269253,
    76.497433,
    75.755847,
    76.326298,
    75.698802,
    77.181974,
    76.839703,
    76.554478,
    76.212208,
    77.067884,
    77.638334,
    77.695379,
    78.094695,
    75.869937,
    78.15174,
    76.896748,
    76.953793,
    76.098118,
    77.181974,
    77.638334,
    77.92356,
    76.611523,
    76.497433,
    76.668568,
    77.866515,
    75.755847,
    77.980605,
    78.551055,
    77.296064,
    77.467199,
    77.296064,
    78.322875,
    77.067884,
    76.953793,
    76.953793,
    76.725613,
    77.010839,
    76.782658,
    77.124929,
    76.668568,
    77.92356,
    76.839703,
    76.896748
  ],
  "model_info": {
    "model_class": "BaseClassifier",
    "hidden_size": 128,
    "num_classes": 23,
    "emb_size_audio": 512,
    "emb_size_text": 512,
    "dropout": 0.1,
    "use_batch_norm": true,
    "mode": "both",
    "num_folds": 5,
    "fold_id": 1,
    "batch_size": 64,
    "random_seed": 1821
  }
}