{
  "train_cls_loss": [
    2.481277,
    1.836277,
    1.677244,
    1.502499,
    1.591562,
    1.481423,
    1.442586,
    1.497667,
    1.402571,
    1.354021,
    1.340381,
    1.375095,
    1.223879,
    1.199311,
    1.3275,
    1.214717,
    1.189264,
    1.296557,
    1.125855,
    1.246783,
    1.21313,
    1.140071,
    1.048708,
    1.066828,
    1.044461,
    1.062656,
    1.041111,
    1.091498,
    1.098556,
    1.116937,
    1.032837,
    0.94363,
    1.084976,
    1.102839,
    1.006619,
    0.922844,
    0.975932,
    0.998733,
    0.895797,
    1.006498,
    0.988813
  ],
  "train_total_loss": [
    2.481277,
    1.836277,
    1.677244,
    1.502499,
    1.591562,
    1.481423,
    1.442586,
    1.497667,
    1.402571,
    1.354021,
    1.340381,
    1.375095,
    1.223879,
    1.199311,
    1.3275,
    1.214717,
    1.189264,
    1.296557,
    1.125855,
    1.246783,
    1.21313,
    1.140071,
    1.048708,
    1.066828,
    1.044461,
    1.062656,
    1.041111,
    1.091498,
    1.098556,
    1.116937,
    1.032837,
    0.94363,
    1.084976,
    1.102839,
    1.006619,
    0.922844,
    0.975932,
    0.998733,
    0.895797,
    1.006498,
    0.988813
  ],
  "learning_rates": [
    0.001,
    0.001,
    0.001,
    0.001,
    0.001,
    0.001,
    0.001,
    0.001,
    0.001,
    0.001,
    0.001,
    0.001,
    0.001,
    0.001,
    0.001,
    0.001,
    0.001,
    0.001,
    0.001,
    0.001,
    0.0005,
    0.0005,
    0.0005,
    0.0005,
    0.0005,
    0.0005,
    0.0005,
    0.0005,
    0.0005,
    0.0005,
    0.0005,
    0.0005,
    0.0005,
    0.0005,
    0.0005,
    0.0005,
    0.0005,
    0.0005,
    0.0005,
    0.0005,
    0.00025
  ],
  "val_accuracy": [
    57.159156,
    66.001141,
    70.450656,
    71.534512,
    72.447233,
    73.416999,
    73.816315,
    74.386766,
    75.413577,
    74.272675,
    75.527667,
    74.614946,
    76.839703,
    75.413577,
    76.326298,
    74.614946,
    76.896748,
    76.098118,
    76.497433,
    76.839703,
    76.497433,
    76.896748,
    77.296064,
    77.353109,
    77.239019,
    77.467199,
    77.467199,
    77.239019,
    76.839703,
    77.239019,
    76.041072,
    77.467199,
    77.239019,
    76.839703,
    75.869937,
    75.014261,
    76.497433,
    76.554478,
    75.926982,
    77.353109,
    76.896748
  ],
  "model_info": {
    "model_class": "BaseClassifier",
    "hidden_size": 128,
    "num_classes": 23,
    "emb_size_audio": 512,
    "emb_size_text": 0,
    "dropout": 0.1,
    "use_batch_norm": true,
    "mode": "audio",
    "num_folds": 5,
    "fold_id": 3,
    "batch_size": 64,
    "random_seed": 1821
  }
}