{
  "attention_audio": [
    0.540968,
    0.549391,
    0.548524,
    0.54842,
    0.55433,
    0.557711,
    0.558319,
    0.558312,
    0.560065,
    0.562106,
    0.560136,
    0.567028,
    0.569091,
    0.571213,
    0.574116,
    0.576274,
    0.57748,
    0.574143,
    0.579314,
    0.577944,
    0.576226,
    0.58004,
    0.577832,
    0.578307,
    0.57903,
    0.579265,
    0.580713,
    0.580525,
    0.580548,
    0.580301,
    0.580516,
    0.57927,
    0.579102,
    0.580142,
    0.584154,
    0.585498,
    0.582743
  ],
  "attention_text": [
    0.459033,
    0.450609,
    0.451476,
    0.45158,
    0.44567,
    0.442289,
    0.441681,
    0.441688,
    0.439935,
    0.437894,
    0.439864,
    0.432972,
    0.430909,
    0.428787,
    0.425884,
    0.423726,
    0.42252,
    0.425857,
    0.420686,
    0.422056,
    0.423774,
    0.41996,
    0.422168,
    0.421693,
    0.42097,
    0.420735,
    0.419287,
    0.419475,
    0.419452,
    0.419699,
    0.419484,
    0.42073,
    0.420898,
    0.419858,
    0.415846,
    0.414502,
    0.417257
  ],
  "train_cls_loss": [
    2.216335,
    1.303288,
    1.077046,
    0.973116,
    0.902267,
    0.829709,
    0.812213,
    0.741377,
    0.721794,
    0.70963,
    0.661753,
    0.653366,
    0.618957,
    0.601074,
    0.595661,
    0.566687,
    0.557469,
    0.526524,
    0.502248,
    0.503697,
    0.422419,
    0.394558,
    0.389706,
    0.377264,
    0.363518,
    0.341904,
    0.35043,
    0.342193,
    0.32977,
    0.311028,
    0.304105,
    0.305353,
    0.295054,
    0.298263,
    0.288869,
    0.281737,
    0.278873
  ],
  "train_top_cls_loss": [
    0.777978,
    0.490938,
    0.441473,
    0.412326,
    0.387665,
    0.35806,
    0.359364,
    0.324966,
    0.328886,
    0.312479,
    0.301919,
    0.292835,
    0.282025,
    0.276516,
    0.271952,
    0.256484,
    0.255899,
    0.241319,
    0.225706,
    0.229306,
    0.198318,
    0.178627,
    0.18233,
    0.178427,
    0.162879,
    0.161081,
    0.158191,
    0.155798,
    0.156802,
    0.154081,
    0.142083,
    0.137004,
    0.138721,
    0.137976,
    0.134052,
    0.131393,
    0.13962
  ],
  "train_total_loss": [
    2.605324,
    1.548757,
    1.297783,
    1.179279,
    1.0961,
    1.008739,
    0.991895,
    0.903861,
    0.886238,
    0.86587,
    0.812712,
    0.799783,
    0.759969,
    0.739332,
    0.731637,
    0.694929,
    0.685419,
    0.647184,
    0.6151,
    0.61835,
    0.521577,
    0.483872,
    0.480871,
    0.466478,
    0.444958,
    0.422444,
    0.429526,
    0.420092,
    0.408171,
    0.388068,
    0.375146,
    0.373855,
    0.364415,
    0.367251,
    0.355894,
    0.347433,
    0.348683
  ],
  "learning_rates": [
    0.001,
    0.001,
    0.001,
    0.001,
    0.001,
    0.001,
    0.001,
    0.001,
    0.001,
    0.001,
    0.001,
    0.001,
    0.001,
    0.001,
    0.001,
    0.001,
    0.001,
    0.001,
    0.001,
    0.001,
    0.0005,
    0.0005,
    0.0005,
    0.0005,
    0.0005,
    0.0005,
    0.0005,
    0.0005,
    0.0005,
    0.0005,
    0.0005,
    0.0005,
    0.0005,
    0.0005,
    0.0005,
    0.0005,
    0.0005
  ],
  "val_accuracy": [
    61.37931,
    72.241379,
    74.655172,
    76.149425,
    76.83908,
    78.045977,
    77.873563,
    75.747126,
    77.298851,
    78.390805,
    77.988506,
    78.045977,
    79.310345,
    79.425287,
    77.931034,
    79.425287,
    79.827586,
    79.425287,
    79.482759,
    78.103448,
    80.0,
    80.45977,
    80.0,
    80.0,
    79.425287,
    79.770115,
    79.770115,
    79.942529,
    79.597701,
    80.45977,
    79.827586,
    78.390805,
    80.287356,
    79.597701,
    78.735632,
    80.0,
    79.137931
  ],
  "model_info": {
    "model_class": "BaseClassifier",
    "hidden_size": 128,
    "num_classes": 23,
    "emb_size_audio": 1280,
    "emb_size_text": 512,
    "dropout": 0.1,
    "use_batch_norm": true,
    "mode": "both",
    "num_folds": 5,
    "fold_id": 1,
    "batch_size": 64,
    "random_seed": 1821
  }
}