{
  "train_cls_loss": [
    1.533413,
    0.948504,
    0.807808,
    0.716482,
    0.648756,
    0.611633,
    0.582486,
    0.57354,
    0.552123,
    0.527949,
    0.52143,
    0.51737,
    0.497148,
    0.472636,
    0.467285,
    0.461099,
    0.460138,
    0.45622,
    0.441698,
    0.433222,
    0.384936,
    0.374648,
    0.356026,
    0.362787,
    0.351798,
    0.352317,
    0.335002,
    0.334672,
    0.332142,
    0.328237,
    0.331522,
    0.325578,
    0.313268,
    0.317783,
    0.305544,
    0.306946
  ],
  "train_total_loss": [
    1.533413,
    0.948504,
    0.807808,
    0.716482,
    0.648756,
    0.611633,
    0.582486,
    0.57354,
    0.552123,
    0.527949,
    0.52143,
    0.51737,
    0.497148,
    0.472636,
    0.467285,
    0.461099,
    0.460138,
    0.45622,
    0.441698,
    0.433222,
    0.384936,
    0.374648,
    0.356026,
    0.362787,
    0.351798,
    0.352317,
    0.335002,
    0.334672,
    0.332142,
    0.328237,
    0.331522,
    0.325578,
    0.313268,
    0.317783,
    0.305544,
    0.306946
  ],
  "learning_rates": [
    0.001,
    0.001,
    0.001,
    0.001,
    0.001,
    0.001,
    0.001,
    0.001,
    0.001,
    0.001,
    0.001,
    0.001,
    0.001,
    0.001,
    0.001,
    0.001,
    0.001,
    0.001,
    0.001,
    0.001,
    0.0005,
    0.0005,
    0.0005,
    0.0005,
    0.0005,
    0.0005,
    0.0005,
    0.0005,
    0.0005,
    0.0005,
    0.0005,
    0.0005,
    0.0005,
    0.0005,
    0.0005,
    0.0005
  ],
  "val_accuracy": [
    61.095265,
    64.346834,
    69.880205,
    71.135197,
    73.074729,
    73.53109,
    75.128351,
    74.32972,
    75.014261,
    75.242442,
    75.527667,
    76.725613,
    76.383343,
    75.926982,
    75.869937,
    75.755847,
    76.782658,
    76.896748,
    76.953793,
    75.584712,
    77.353109,
    75.755847,
    76.554478,
    75.641757,
    77.181974,
    77.067884,
    77.067884,
    76.497433,
    75.698802,
    76.497433,
    75.755847,
    76.041072,
    76.269253,
    75.527667,
    75.755847,
    76.497433
  ],
  "model_info": {
    "model_class": "BaseClassifier",
    "hidden_size": 128,
    "num_classes": 23,
    "emb_size_audio": 512,
    "emb_size_text": 0,
    "dropout": 0.1,
    "use_batch_norm": true,
    "mode": "audio",
    "num_folds": 5,
    "fold_id": 1,
    "batch_size": 64,
    "random_seed": 1821
  }
}