{
  "train_cls_loss": [
    0.955096,
    0.740624,
    0.683177,
    0.643837,
    0.620711,
    0.60029,
    0.580429,
    0.565766,
    0.551212,
    0.541902,
    0.526128,
    0.517474,
    0.505732,
    0.498852,
    0.492557,
    0.482128,
    0.475734,
    0.47091,
    0.461194,
    0.456984,
    0.422044,
    0.411067,
    0.4026,
    0.399035,
    0.391435,
    0.385491,
    0.380218,
    0.375967,
    0.369975
  ],
  "train_total_loss": [
    0.955096,
    0.740624,
    0.683177,
    0.643837,
    0.620711,
    0.60029,
    0.580429,
    0.565766,
    0.551212,
    0.541902,
    0.526128,
    0.517474,
    0.505732,
    0.498852,
    0.492557,
    0.482128,
    0.475734,
    0.47091,
    0.461194,
    0.456984,
    0.422044,
    0.411067,
    0.4026,
    0.399035,
    0.391435,
    0.385491,
    0.380218,
    0.375967,
    0.369975
  ],
  "learning_rates": [
    0.001,
    0.001,
    0.001,
    0.001,
    0.001,
    0.001,
    0.001,
    0.001,
    0.001,
    0.001,
    0.001,
    0.001,
    0.001,
    0.001,
    0.001,
    0.001,
    0.001,
    0.001,
    0.001,
    0.001,
    0.0005,
    0.0005,
    0.0005,
    0.0005,
    0.0005,
    0.0005,
    0.0005,
    0.0005,
    0.0005
  ],
  "val_accuracy": [
    56.87393,
    67.199087,
    69.48089,
    68.967484,
    71.591557,
    70.907017,
    72.333143,
    71.306332,
    71.078152,
    72.047918,
    72.846549,
    69.880205,
    70.621791,
    74.671991,
    71.990873,
    71.705647,
    73.188819,
    71.819738,
    72.333143,
    72.162008,
    72.960639,
    72.675414,
    71.933828,
    72.162008,
    72.390188,
    71.648602,
    72.618369,
    71.876783,
    72.447233
  ],
  "model_info": {
    "model_class": "BaseClassifier",
    "hidden_size": 128,
    "num_classes": 23,
    "emb_size_audio": 512,
    "emb_size_text": 0,
    "dropout": 0.1,
    "use_batch_norm": true,
    "mode": "audio",
    "num_folds": 5,
    "fold_id": 2,
    "batch_size": 64,
    "random_seed": 1821
  }
}