{
  "attention_audio": [
    0.476275,
    0.479677,
    0.477992,
    0.480976,
    0.484472,
    0.483922,
    0.486029,
    0.487502,
    0.488609,
    0.493166,
    0.494828,
    0.492364,
    0.495047,
    0.493811,
    0.493006,
    0.493756,
    0.498392,
    0.493677,
    0.496024,
    0.496729,
    0.499515,
    0.50067,
    0.504523,
    0.50265,
    0.500549,
    0.499309,
    0.501893,
    0.502858,
    0.501372,
    0.502961,
    0.506352,
    0.505874,
    0.505954,
    0.507553,
    0.508668,
    0.506451
  ],
  "attention_text": [
    0.523725,
    0.520323,
    0.522008,
    0.519024,
    0.515528,
    0.516078,
    0.513971,
    0.512498,
    0.511391,
    0.506834,
    0.505172,
    0.507636,
    0.504953,
    0.506189,
    0.506994,
    0.506244,
    0.501608,
    0.506323,
    0.503976,
    0.503271,
    0.500485,
    0.49933,
    0.495477,
    0.49735,
    0.499451,
    0.500691,
    0.498107,
    0.497142,
    0.498628,
    0.497039,
    0.493648,
    0.494126,
    0.494046,
    0.492447,
    0.491332,
    0.493549
  ],
  "train_cls_loss": [
    2.483393,
    1.69627,
    1.547993,
    1.525144,
    1.435075,
    1.346229,
    1.231802,
    1.243622,
    1.219668,
    1.283793,
    1.12132,
    1.177623,
    1.094825,
    1.16903,
    1.202503,
    1.148781,
    1.173188,
    1.180887,
    1.043737,
    1.0395,
    0.925347,
    0.98349,
    0.970767,
    0.867816,
    0.961967,
    0.905196,
    0.875337,
    0.965977,
    0.954705,
    0.882556,
    0.920533,
    0.820849,
    0.903057,
    0.863263,
    0.882189,
    0.842746
  ],
  "train_top_cls_loss": [
    0.986794,
    0.694435,
    0.682452,
    0.703901,
    0.669558,
    0.650009,
    0.590744,
    0.598198,
    0.598232,
    0.630583,
    0.552054,
    0.59132,
    0.553937,
    0.584987,
    0.609439,
    0.581252,
    0.599072,
    0.593031,
    0.529319,
    0.525532,
    0.482213,
    0.511381,
    0.503605,
    0.446076,
    0.497265,
    0.473989,
    0.450995,
    0.507221,
    0.501789,
    0.457713,
    0.481498,
    0.4295,
    0.474236,
    0.45713,
    0.461706,
    0.437705
  ],
  "train_total_loss": [
    3.174149,
    2.182375,
    2.02571,
    2.017875,
    1.903765,
    1.801235,
    1.645323,
    1.66236,
    1.63843,
    1.725201,
    1.507758,
    1.591547,
    1.482581,
    1.57852,
    1.629111,
    1.555657,
    1.592539,
    1.596009,
    1.414261,
    1.407372,
    1.262896,
    1.341456,
    1.323291,
    1.180069,
    1.310053,
    1.236988,
    1.191033,
    1.321031,
    1.305958,
    1.202955,
    1.257582,
    1.121499,
    1.235022,
    1.183254,
    1.205382,
    1.14914
  ],
  "learning_rates": [
    0.001,
    0.001,
    0.001,
    0.001,
    0.001,
    0.001,
    0.001,
    0.001,
    0.001,
    0.001,
    0.001,
    0.001,
    0.001,
    0.001,
    0.001,
    0.001,
    0.001,
    0.001,
    0.001,
    0.001,
    0.0005,
    0.0005,
    0.0005,
    0.0005,
    0.0005,
    0.0005,
    0.0005,
    0.0005,
    0.0005,
    0.0005,
    0.0005,
    0.0005,
    0.0005,
    0.0005,
    0.0005,
    0.0005
  ],
  "val_accuracy": [
    58.414147,
    70.108386,
    72.219053,
    74.10154,
    76.326298,
    76.896748,
    77.524244,
    76.896748,
    77.239019,
    78.37992,
    79.007416,
    78.03765,
    77.980605,
    79.007416,
    79.749002,
    79.121506,
    79.634912,
    79.520821,
    79.178551,
    79.691957,
    81.175128,
    80.775813,
    80.718768,
    80.832858,
    80.889903,
    80.262407,
    79.920137,
    80.148317,
    80.262407,
    79.806047,
    79.349686,
    80.604678,
    80.775813,
    80.490588,
    79.577867,
    78.950371
  ],
  "model_info": {
    "model_class": "BaseClassifier",
    "hidden_size": 128,
    "num_classes": 23,
    "emb_size_audio": 512,
    "emb_size_text": 512,
    "dropout": 0.1,
    "use_batch_norm": true,
    "mode": "both",
    "num_folds": 5,
    "fold_id": 4,
    "batch_size": 64,
    "random_seed": 1821
  }
}