{
  "attention_audio": [
    0.502245,
    0.497027,
    0.48937,
    0.492222,
    0.491542,
    0.488556,
    0.486997,
    0.487191,
    0.488523,
    0.486567,
    0.48311,
    0.481687,
    0.482848,
    0.481732,
    0.477343,
    0.480707,
    0.479416,
    0.480845,
    0.48328,
    0.481963,
    0.483528,
    0.482789,
    0.485466,
    0.483487,
    0.481899,
    0.482645,
    0.484636,
    0.482992,
    0.483958,
    0.482983,
    0.485772,
    0.4853,
    0.483962,
    0.483947,
    0.484884,
    0.48799
  ],
  "attention_text": [
    0.497755,
    0.502973,
    0.51063,
    0.507778,
    0.508458,
    0.511444,
    0.513003,
    0.512809,
    0.511477,
    0.513433,
    0.51689,
    0.518314,
    0.517152,
    0.518268,
    0.522657,
    0.519293,
    0.520584,
    0.519155,
    0.51672,
    0.518037,
    0.516472,
    0.517211,
    0.514534,
    0.516513,
    0.518101,
    0.517355,
    0.515364,
    0.517008,
    0.516042,
    0.517017,
    0.514228,
    0.5147,
    0.516038,
    0.516053,
    0.515116,
    0.51201
  ],
  "train_cls_loss": [
    2.334058,
    1.422452,
    1.229223,
    1.100696,
    0.992062,
    0.96178,
    0.885344,
    0.853548,
    0.83207,
    0.801955,
    0.767313,
    0.745767,
    0.729412,
    0.701235,
    0.701704,
    0.663588,
    0.662486,
    0.644368,
    0.618553,
    0.612035,
    0.531462,
    0.493862,
    0.494416,
    0.476773,
    0.46043,
    0.455408,
    0.43194,
    0.448328,
    0.433016,
    0.438404,
    0.401028,
    0.400234,
    0.381604,
    0.390742,
    0.386823,
    0.37405
  ],
  "train_top_cls_loss": [
    0.822445,
    0.556265,
    0.485202,
    0.45613,
    0.420603,
    0.418411,
    0.394579,
    0.373872,
    0.371697,
    0.358892,
    0.34642,
    0.346641,
    0.326391,
    0.32295,
    0.324884,
    0.305259,
    0.297301,
    0.299011,
    0.286255,
    0.284173,
    0.242266,
    0.223011,
    0.225552,
    0.215525,
    0.20389,
    0.207387,
    0.19872,
    0.202665,
    0.201183,
    0.205573,
    0.184361,
    0.183389,
    0.178792,
    0.17061,
    0.181461,
    0.171061
  ],
  "train_total_loss": [
    2.74528,
    1.700585,
    1.471824,
    1.328761,
    1.202363,
    1.170986,
    1.082634,
    1.040484,
    1.017918,
    0.981401,
    0.940523,
    0.919088,
    0.892608,
    0.86271,
    0.864146,
    0.816218,
    0.811137,
    0.793874,
    0.761681,
    0.754121,
    0.652594,
    0.605367,
    0.607192,
    0.584535,
    0.562375,
    0.559102,
    0.5313,
    0.549661,
    0.533608,
    0.541191,
    0.493208,
    0.491929,
    0.470999,
    0.476047,
    0.477554,
    0.45958
  ],
  "learning_rates": [
    0.001,
    0.001,
    0.001,
    0.001,
    0.001,
    0.001,
    0.001,
    0.001,
    0.001,
    0.001,
    0.001,
    0.001,
    0.001,
    0.001,
    0.001,
    0.001,
    0.001,
    0.001,
    0.001,
    0.001,
    0.0005,
    0.0005,
    0.0005,
    0.0005,
    0.0005,
    0.0005,
    0.0005,
    0.0005,
    0.0005,
    0.0005,
    0.0005,
    0.0005,
    0.0005,
    0.0005,
    0.0005,
    0.0005
  ],
  "val_accuracy": [
    55.689655,
    67.068966,
    72.873563,
    75.747126,
    74.827586,
    75.91954,
    75.689655,
    77.011494,
    77.298851,
    78.333333,
    78.103448,
    78.505747,
    78.218391,
    77.356322,
    77.758621,
    79.425287,
    77.758621,
    79.022989,
    78.850575,
    79.655172,
    80.0,
    79.770115,
    79.137931,
    79.195402,
    79.655172,
    79.367816,
    79.482759,
    79.022989,
    79.425287,
    79.482759,
    78.908046,
    78.62069,
    77.701149,
    79.597701,
    78.965517,
    78.448276
  ],
  "model_info": {
    "model_class": "BaseClassifier",
    "hidden_size": 128,
    "num_classes": 23,
    "emb_size_audio": 768,
    "emb_size_text": 512,
    "dropout": 0.1,
    "use_batch_norm": true,
    "mode": "both",
    "num_folds": 5,
    "fold_id": 4,
    "batch_size": 64,
    "random_seed": 1821
  }
}