{
  "attention_audio": [
    0.494534,
    0.493584,
    0.492146,
    0.495308,
    0.495879,
    0.49837,
    0.500567,
    0.497366,
    0.500842,
    0.505597,
    0.503821,
    0.496334,
    0.500435,
    0.503112,
    0.504489,
    0.503519,
    0.501251,
    0.501556,
    0.502081,
    0.503229,
    0.505957,
    0.506517,
    0.509067,
    0.507483,
    0.507056,
    0.50803,
    0.509237,
    0.508056,
    0.508582,
    0.508755,
    0.505715,
    0.509443,
    0.511011,
    0.510003,
    0.510663,
    0.512898,
    0.509608,
    0.511205
  ],
  "attention_text": [
    0.505466,
    0.506416,
    0.507854,
    0.504692,
    0.504121,
    0.50163,
    0.499433,
    0.502634,
    0.499158,
    0.494403,
    0.496179,
    0.503666,
    0.499565,
    0.496888,
    0.495511,
    0.496481,
    0.498749,
    0.498444,
    0.497919,
    0.496771,
    0.494043,
    0.493483,
    0.490933,
    0.492517,
    0.492943,
    0.49197,
    0.490763,
    0.491944,
    0.491418,
    0.491245,
    0.494285,
    0.490557,
    0.488989,
    0.489997,
    0.489337,
    0.487102,
    0.490392,
    0.488795
  ],
  "train_cls_loss": [
    2.256675,
    1.385984,
    1.151223,
    1.034285,
    0.992195,
    0.917977,
    0.850177,
    0.83294,
    0.781869,
    0.783578,
    0.749119,
    0.744016,
    0.711487,
    0.687026,
    0.658596,
    0.634422,
    0.642396,
    0.627309,
    0.620859,
    0.591211,
    0.537823,
    0.496876,
    0.47678,
    0.48448,
    0.463043,
    0.45589,
    0.452532,
    0.470091,
    0.430286,
    0.42493,
    0.426224,
    0.412598,
    0.388204,
    0.410434,
    0.402235,
    0.376519,
    0.386803,
    0.374336
  ],
  "train_top_cls_loss": [
    0.881793,
    0.515836,
    0.446787,
    0.418459,
    0.425511,
    0.394978,
    0.363289,
    0.377322,
    0.35173,
    0.352034,
    0.343012,
    0.340025,
    0.326562,
    0.309259,
    0.301784,
    0.291709,
    0.286527,
    0.286153,
    0.289828,
    0.266768,
    0.249138,
    0.222858,
    0.224552,
    0.226236,
    0.216479,
    0.213327,
    0.207893,
    0.213189,
    0.194455,
    0.198451,
    0.1998,
    0.196474,
    0.183561,
    0.194418,
    0.185433,
    0.177567,
    0.175641,
    0.177447
  ],
  "train_total_loss": [
    2.697572,
    1.643902,
    1.374617,
    1.243514,
    1.20495,
    1.115466,
    1.031821,
    1.021601,
    0.957733,
    0.959595,
    0.920625,
    0.914029,
    0.874768,
    0.841656,
    0.809488,
    0.780276,
    0.78566,
    0.770386,
    0.765773,
    0.724595,
    0.662392,
    0.608305,
    0.589056,
    0.597598,
    0.571282,
    0.562553,
    0.556479,
    0.576686,
    0.527514,
    0.524156,
    0.526124,
    0.510835,
    0.479984,
    0.507643,
    0.494951,
    0.465302,
    0.474623,
    0.46306
  ],
  "learning_rates": [
    0.001,
    0.001,
    0.001,
    0.001,
    0.001,
    0.001,
    0.001,
    0.001,
    0.001,
    0.001,
    0.001,
    0.001,
    0.001,
    0.001,
    0.001,
    0.001,
    0.001,
    0.001,
    0.001,
    0.001,
    0.0005,
    0.0005,
    0.0005,
    0.0005,
    0.0005,
    0.0005,
    0.0005,
    0.0005,
    0.0005,
    0.0005,
    0.0005,
    0.0005,
    0.0005,
    0.0005,
    0.0005,
    0.0005,
    0.0005,
    0.0005
  ],
  "val_accuracy": [
    58.927553,
    68.739304,
    73.359954,
    74.900171,
    75.584712,
    77.467199,
    77.866515,
    78.779236,
    78.322875,
    79.920137,
    78.893326,
    78.436965,
    79.064461,
    79.349686,
    79.577867,
    80.433542,
    79.691957,
    79.178551,
    79.806047,
    80.148317,
    80.547633,
    80.091272,
    81.175128,
    79.977182,
    79.121506,
    79.520821,
    78.094695,
    79.577867,
    80.034227,
    79.863092,
    79.634912,
    79.463776,
    79.235596,
    78.665145,
    79.292641,
    79.007416,
    79.920137,
    80.775813
  ],
  "model_info": {
    "model_class": "BaseClassifier",
    "hidden_size": 128,
    "num_classes": 23,
    "emb_size_audio": 512,
    "emb_size_text": 512,
    "dropout": 0.1,
    "use_batch_norm": true,
    "mode": "both",
    "num_folds": 5,
    "fold_id": 3,
    "batch_size": 64,
    "random_seed": 1821
  }
}