{
  "train_cls_loss": [
    2.510686,
    1.864986,
    1.613123,
    1.521116,
    1.464956,
    1.42914,
    1.39317,
    1.30691,
    1.323968,
    1.336598,
    1.302319,
    1.28553,
    1.272543,
    1.250407,
    1.199892,
    1.227261,
    1.175145,
    1.113202,
    1.200903,
    1.175372,
    1.066202,
    1.059371,
    1.043087,
    1.049626,
    1.061887,
    1.01319,
    1.034995,
    1.006926,
    1.114967,
    1.016702,
    0.980372,
    1.001185,
    1.066411,
    1.034376,
    0.998446,
    0.892676,
    1.044918
  ],
  "train_total_loss": [
    2.510686,
    1.864986,
    1.613123,
    1.521116,
    1.464956,
    1.42914,
    1.39317,
    1.30691,
    1.323968,
    1.336598,
    1.302319,
    1.28553,
    1.272543,
    1.250407,
    1.199892,
    1.227261,
    1.175145,
    1.113202,
    1.200903,
    1.175372,
    1.066202,
    1.059371,
    1.043087,
    1.049626,
    1.061887,
    1.01319,
    1.034995,
    1.006926,
    1.114967,
    1.016702,
    0.980372,
    1.001185,
    1.066411,
    1.034376,
    0.998446,
    0.892676,
    1.044918
  ],
  "learning_rates": [
    0.001,
    0.001,
    0.001,
    0.001,
    0.001,
    0.001,
    0.001,
    0.001,
    0.001,
    0.001,
    0.001,
    0.001,
    0.001,
    0.001,
    0.001,
    0.001,
    0.001,
    0.001,
    0.001,
    0.001,
    0.0005,
    0.0005,
    0.0005,
    0.0005,
    0.0005,
    0.0005,
    0.0005,
    0.0005,
    0.0005,
    0.0005,
    0.0005,
    0.0005,
    0.0005,
    0.0005,
    0.0005,
    0.0005,
    0.0005
  ],
  "val_accuracy": [
    58.014832,
    65.145465,
    66.400456,
    72.732459,
    73.75927,
    74.272675,
    75.128351,
    75.470622,
    75.641757,
    76.782658,
    76.212208,
    76.326298,
    77.809469,
    76.383343,
    75.584712,
    77.067884,
    77.980605,
    77.010839,
    77.695379,
    77.809469,
    77.467199,
    78.37992,
    78.03765,
    77.92356,
    78.208785,
    78.322875,
    77.239019,
    77.809469,
    77.581289,
    77.410154,
    77.010839,
    77.581289,
    77.752424,
    77.638334,
    76.896748,
    77.92356,
    78.094695
  ],
  "model_info": {
    "model_class": "BaseClassifier",
    "hidden_size": 128,
    "num_classes": 23,
    "emb_size_audio": 512,
    "emb_size_text": 0,
    "dropout": 0.1,
    "use_batch_norm": true,
    "mode": "audio",
    "num_folds": 5,
    "fold_id": 4,
    "batch_size": 64,
    "random_seed": 1821
  }
}