{
  "train_cls_loss": [
    0.789026,
    0.615024,
    0.560252,
    0.526326,
    0.506711,
    0.489159,
    0.471804,
    0.459523,
    0.452481,
    0.441534,
    0.430993,
    0.419049,
    0.415205,
    0.408479,
    0.400018,
    0.393197,
    0.386548,
    0.38142,
    0.382111,
    0.371939,
    0.348432,
    0.338246,
    0.332068,
    0.326448,
    0.32547,
    0.320341,
    0.313561,
    0.312037,
    0.308746,
    0.306601,
    0.303788,
    0.297403,
    0.295808,
    0.294759,
    0.288892,
    0.288052,
    0.286224,
    0.282283,
    0.280884,
    0.278892
  ],
  "train_total_loss": [
    0.789026,
    0.615024,
    0.560252,
    0.526326,
    0.506711,
    0.489159,
    0.471804,
    0.459523,
    0.452481,
    0.441534,
    0.430993,
    0.419049,
    0.415205,
    0.408479,
    0.400018,
    0.393197,
    0.386548,
    0.38142,
    0.382111,
    0.371939,
    0.348432,
    0.338246,
    0.332068,
    0.326448,
    0.32547,
    0.320341,
    0.313561,
    0.312037,
    0.308746,
    0.306601,
    0.303788,
    0.297403,
    0.295808,
    0.294759,
    0.288892,
    0.288052,
    0.286224,
    0.282283,
    0.280884,
    0.278892
  ],
  "learning_rates": [
    0.001,
    0.001,
    0.001,
    0.001,
    0.001,
    0.001,
    0.001,
    0.001,
    0.001,
    0.001,
    0.001,
    0.001,
    0.001,
    0.001,
    0.001,
    0.001,
    0.001,
    0.001,
    0.001,
    0.001,
    0.0005,
    0.0005,
    0.0005,
    0.0005,
    0.0005,
    0.0005,
    0.0005,
    0.0005,
    0.0005,
    0.0005,
    0.0005,
    0.0005,
    0.0005,
    0.0005,
    0.0005,
    0.0005,
    0.0005,
    0.0005,
    0.0005,
    0.0005
  ],
  "val_accuracy": [
    58.185967,
    67.883628,
    71.591557,
    70.507701,
    74.272675,
    74.729036,
    73.359954,
    73.588135,
    75.413577,
    72.903594,
    74.957216,
    73.474044,
    75.071306,
    75.185396,
    76.098118,
    75.185396,
    74.957216,
    75.984027,
    75.356532,
    74.957216,
    76.041072,
    75.984027,
    75.242442,
    74.957216,
    76.383343,
    75.755847,
    75.641757,
    75.755847,
    74.614946,
    74.21563,
    74.443811,
    74.443811,
    75.242442,
    76.155163,
    75.185396,
    74.272675,
    74.786081,
    75.356532,
    74.32972,
    75.527667
  ],
  "model_info": {
    "model_class": "BaseClassifier",
    "hidden_size": 128,
    "num_classes": 23,
    "emb_size_audio": 512,
    "emb_size_text": 0,
    "dropout": 0.1,
    "use_batch_norm": true,
    "mode": "audio",
    "num_folds": 5,
    "fold_id": 4,
    "batch_size": 64,
    "random_seed": 1821
  }
}