{
  "train_cls_loss": [
    2.155576,
    1.387472,
    1.190098,
    1.096537,
    1.015223,
    0.946096,
    0.902856,
    0.861405,
    0.821796,
    0.785219,
    0.764251,
    0.730933,
    0.703344,
    0.671259,
    0.678355,
    0.653319,
    0.64083,
    0.592126,
    0.582526,
    0.575243,
    0.484444,
    0.455911,
    0.44835,
    0.43841,
    0.401872,
    0.412591,
    0.390604,
    0.398051,
    0.374934,
    0.362816,
    0.349367,
    0.336288,
    0.350954,
    0.342392,
    0.336907,
    0.319641,
    0.316591,
    0.316229,
    0.296297,
    0.302368,
    0.254052,
    0.256104
  ],
  "train_top_cls_loss": [
    0.761506,
    0.535133,
    0.477849,
    0.461277,
    0.434032,
    0.413182,
    0.398545,
    0.384346,
    0.368894,
    0.350481,
    0.338584,
    0.330873,
    0.317177,
    0.300938,
    0.311522,
    0.295526,
    0.283807,
    0.272176,
    0.25452,
    0.259845,
    0.217777,
    0.209186,
    0.203583,
    0.201453,
    0.186823,
    0.189899,
    0.187304,
    0.181895,
    0.17642,
    0.170062,
    0.165404,
    0.152789,
    0.163709,
    0.162619,
    0.155269,
    0.142894,
    0.153835,
    0.145629,
    0.140455,
    0.147968,
    0.122302,
    0.122484
  ],
  "train_total_loss": [
    2.536329,
    1.655038,
    1.429022,
    1.327175,
    1.232239,
    1.152687,
    1.102128,
    1.053578,
    1.006243,
    0.960459,
    0.933543,
    0.896369,
    0.861933,
    0.821728,
    0.834116,
    0.801081,
    0.782733,
    0.728214,
    0.709786,
    0.705165,
    0.593332,
    0.560504,
    0.550142,
    0.539137,
    0.495283,
    0.507541,
    0.484257,
    0.488999,
    0.463144,
    0.447847,
    0.432069,
    0.412682,
    0.432809,
    0.423701,
    0.414541,
    0.391088,
    0.393509,
    0.389043,
    0.366524,
    0.376352,
    0.315203,
    0.317347
  ],
  "learning_rates": [
    0.001,
    0.001,
    0.001,
    0.001,
    0.001,
    0.001,
    0.001,
    0.001,
    0.001,
    0.001,
    0.001,
    0.001,
    0.001,
    0.001,
    0.001,
    0.001,
    0.001,
    0.001,
    0.001,
    0.001,
    0.0005,
    0.0005,
    0.0005,
    0.0005,
    0.0005,
    0.0005,
    0.0005,
    0.0005,
    0.0005,
    0.0005,
    0.0005,
    0.0005,
    0.0005,
    0.0005,
    0.0005,
    0.0005,
    0.0005,
    0.0005,
    0.0005,
    0.0005,
    0.00025,
    0.00025
  ],
  "val_accuracy": [
    60.977011,
    68.218391,
    71.609195,
    74.137931,
    73.390805,
    73.448276,
    76.321839,
    75.45977,
    75.574713,
    75.057471,
    76.666667,
    76.494253,
    77.241379,
    77.298851,
    76.264368,
    75.229885,
    77.471264,
    76.034483,
    76.954023,
    77.758621,
    77.701149,
    77.758621,
    77.586207,
    76.37931,
    77.816092,
    77.873563,
    78.390805,
    78.16092,
    77.701149,
    78.218391,
    77.758621,
    77.586207,
    78.390805,
    78.390805,
    78.045977,
    77.528736,
    77.068966,
    77.068966,
    77.528736,
    78.390805,
    77.298851,
    77.471264
  ],
  "model_info": {
    "model_class": "BaseClassifier",
    "hidden_size": 128,
    "num_classes": 23,
    "emb_size_audio": 1280,
    "emb_size_text": 0,
    "dropout": 0.1,
    "use_batch_norm": true,
    "mode": "audio",
    "num_folds": 5,
    "fold_id": 1,
    "batch_size": 64,
    "random_seed": 1821
  }
}