{
  "attention_audio": [
    0.489098,
    0.482244,
    0.492818,
    0.493688,
    0.494058,
    0.499973,
    0.493212,
    0.495196,
    0.497215,
    0.498577,
    0.499539,
    0.497352,
    0.501769,
    0.504627,
    0.503335,
    0.504061,
    0.504536,
    0.507538,
    0.506102,
    0.504111,
    0.505931,
    0.505766,
    0.504429,
    0.509573,
    0.508552,
    0.510042,
    0.512087,
    0.508118,
    0.508491,
    0.510249,
    0.51176,
    0.509819,
    0.509326,
    0.510015,
    0.51109,
    0.512654,
    0.515193,
    0.515133,
    0.517359,
    0.514192,
    0.512855,
    0.515327,
    0.514886,
    0.513703,
    0.514312
  ],
  "attention_text": [
    0.510902,
    0.517756,
    0.507182,
    0.506312,
    0.505942,
    0.500027,
    0.506788,
    0.504804,
    0.502785,
    0.501423,
    0.500461,
    0.502648,
    0.498231,
    0.495373,
    0.496665,
    0.495939,
    0.495464,
    0.492462,
    0.493898,
    0.495889,
    0.494069,
    0.494234,
    0.495571,
    0.490427,
    0.491448,
    0.489958,
    0.487913,
    0.491882,
    0.491509,
    0.489751,
    0.48824,
    0.490182,
    0.490674,
    0.489985,
    0.48891,
    0.487346,
    0.484807,
    0.484867,
    0.482641,
    0.485808,
    0.487145,
    0.484673,
    0.485114,
    0.486297,
    0.485688
  ],
  "train_cls_loss": [
    2.297794,
    1.312042,
    0.997347,
    0.89121,
    0.845937,
    0.783946,
    0.703315,
    0.679217,
    0.653214,
    0.632259,
    0.60982,
    0.570265,
    0.567069,
    0.556987,
    0.53838,
    0.522262,
    0.505663,
    0.504484,
    0.461399,
    0.454249,
    0.399405,
    0.370492,
    0.365301,
    0.376763,
    0.349029,
    0.337604,
    0.339799,
    0.319897,
    0.32547,
    0.317305,
    0.311076,
    0.293709,
    0.275898,
    0.297388,
    0.292155,
    0.284752,
    0.26549,
    0.275428,
    0.250742,
    0.253257,
    0.216786,
    0.200518,
    0.202644,
    0.179065,
    0.177142
  ],
  "train_total_loss": [
    2.297794,
    1.312042,
    0.997347,
    0.89121,
    0.845937,
    0.783946,
    0.703315,
    0.679217,
    0.653214,
    0.632259,
    0.60982,
    0.570265,
    0.567069,
    0.556987,
    0.53838,
    0.522262,
    0.505663,
    0.504484,
    0.461399,
    0.454249,
    0.399405,
    0.370492,
    0.365301,
    0.376763,
    0.349029,
    0.337604,
    0.339799,
    0.319897,
    0.32547,
    0.317305,
    0.311076,
    0.293709,
    0.275898,
    0.297388,
    0.292155,
    0.284752,
    0.26549,
    0.275428,
    0.250742,
    0.253257,
    0.216786,
    0.200518,
    0.202644,
    0.179065,
    0.177142
  ],
  "learning_rates": [
    0.001,
    0.001,
    0.001,
    0.001,
    0.001,
    0.001,
    0.001,
    0.001,
    0.001,
    0.001,
    0.001,
    0.001,
    0.001,
    0.001,
    0.001,
    0.001,
    0.001,
    0.001,
    0.001,
    0.001,
    0.0005,
    0.0005,
    0.0005,
    0.0005,
    0.0005,
    0.0005,
    0.0005,
    0.0005,
    0.0005,
    0.0005,
    0.0005,
    0.0005,
    0.0005,
    0.0005,
    0.0005,
    0.0005,
    0.0005,
    0.0005,
    0.0005,
    0.0005,
    0.00025,
    0.00025,
    0.00025,
    0.00025,
    0.00025
  ],
  "val_accuracy": [
    60.81004,
    69.195665,
    73.98745,
    73.245864,
    75.755847,
    77.410154,
    77.296064,
    78.49401,
    78.208785,
    79.806047,
    79.577867,
    80.148317,
    79.235596,
    78.893326,
    79.634912,
    80.718768,
    79.349686,
    80.319452,
    80.490588,
    80.889903,
    80.661723,
    81.631489,
    80.490588,
    80.319452,
    80.205362,
    81.289218,
    80.604678,
    79.463776,
    80.547633,
    81.916714,
    81.403309,
    79.806047,
    80.376497,
    80.376497,
    80.946948,
    80.376497,
    81.175128,
    81.232173,
    80.376497,
    79.463776,
    80.775813,
    81.003993,
    81.232173,
    80.319452,
    81.403309
  ],
  "model_info": {
    "model_class": "BaseClassifier",
    "hidden_size": 128,
    "num_classes": 23,
    "emb_size_audio": 512,
    "emb_size_text": 512,
    "dropout": 0.1,
    "use_batch_norm": true,
    "mode": "both",
    "num_folds": 5,
    "fold_id": 2,
    "batch_size": 64,
    "random_seed": 1821
  }
}