{
  "train_cls_loss": [
    2.286377,
    1.61471,
    1.449939,
    1.337766,
    1.275483,
    1.20186,
    1.147529,
    1.122518,
    1.089632,
    1.039672,
    1.028644,
    0.99532,
    0.973846,
    0.951037,
    0.921138,
    0.90318,
    0.870632,
    0.869839,
    0.846198,
    0.807064,
    0.734277,
    0.688625,
    0.683472,
    0.6627,
    0.648945,
    0.629881,
    0.620895,
    0.627801,
    0.608458,
    0.604274,
    0.578062,
    0.551744,
    0.571575,
    0.550644,
    0.528384,
    0.54737,
    0.521917
  ],
  "train_top_cls_loss": [
    0.882146,
    0.6548,
    0.607583,
    0.579489,
    0.554478,
    0.530368,
    0.50977,
    0.499015,
    0.485152,
    0.467344,
    0.47403,
    0.455758,
    0.445735,
    0.415794,
    0.408589,
    0.414231,
    0.394407,
    0.388144,
    0.377618,
    0.360547,
    0.327854,
    0.310488,
    0.306023,
    0.296656,
    0.294992,
    0.276785,
    0.271012,
    0.282091,
    0.270941,
    0.278505,
    0.261707,
    0.249181,
    0.261383,
    0.240627,
    0.233729,
    0.246277,
    0.236276
  ],
  "train_total_loss": [
    2.72745,
    1.94211,
    1.753731,
    1.62751,
    1.552722,
    1.467044,
    1.402414,
    1.372025,
    1.332208,
    1.273344,
    1.265659,
    1.223199,
    1.196713,
    1.158934,
    1.125432,
    1.110296,
    1.067836,
    1.063911,
    1.035007,
    0.987338,
    0.898204,
    0.843868,
    0.836483,
    0.811029,
    0.796441,
    0.768274,
    0.756401,
    0.768847,
    0.743928,
    0.743527,
    0.708915,
    0.676335,
    0.702267,
    0.670957,
    0.645248,
    0.670508,
    0.640055
  ],
  "learning_rates": [
    0.001,
    0.001,
    0.001,
    0.001,
    0.001,
    0.001,
    0.001,
    0.001,
    0.001,
    0.001,
    0.001,
    0.001,
    0.001,
    0.001,
    0.001,
    0.001,
    0.001,
    0.001,
    0.001,
    0.001,
    0.0005,
    0.0005,
    0.0005,
    0.0005,
    0.0005,
    0.0005,
    0.0005,
    0.0005,
    0.0005,
    0.0005,
    0.0005,
    0.0005,
    0.0005,
    0.0005,
    0.0005,
    0.0005,
    0.0005
  ],
  "val_accuracy": [
    46.206897,
    57.298851,
    63.965517,
    64.54023,
    67.586207,
    65.229885,
    67.931034,
    64.712644,
    68.275862,
    70.114943,
    70.517241,
    70.689655,
    69.712644,
    69.827586,
    70.804598,
    71.206897,
    72.298851,
    71.83908,
    71.206897,
    71.551724,
    71.83908,
    72.643678,
    71.609195,
    72.298851,
    71.781609,
    71.091954,
    72.241379,
    71.206897,
    71.321839,
    71.83908,
    70.287356,
    71.666667,
    72.356322,
    70.91954,
    71.83908,
    71.494253,
    70.91954
  ],
  "model_info": {
    "model_class": "BaseClassifier",
    "hidden_size": 128,
    "num_classes": 23,
    "emb_size_audio": 768,
    "emb_size_text": 0,
    "dropout": 0.1,
    "use_batch_norm": true,
    "mode": "audio",
    "num_folds": 5,
    "fold_id": 3,
    "batch_size": 64,
    "random_seed": 1821
  }
}