{
  "train_cls_loss": [
    2.422776,
    1.564898,
    1.308488,
    1.202255,
    1.128513,
    1.070665,
    1.009759,
    0.971138,
    0.974491,
    0.924903,
    0.903719,
    0.883287,
    0.85741,
    0.826803,
    0.806995,
    0.797187,
    0.787707,
    0.760633,
    0.764269,
    0.726051,
    0.665365,
    0.625277,
    0.641249,
    0.603547,
    0.599187,
    0.60267,
    0.58578,
    0.578142,
    0.580704,
    0.553004,
    0.559008,
    0.542152,
    0.520339,
    0.537119,
    0.533455,
    0.508998,
    0.505051,
    0.503768,
    0.499759,
    0.482924,
    0.454629,
    0.434682,
    0.424118,
    0.412705,
    0.40491,
    0.400583,
    0.388839,
    0.378093,
    0.392134,
    0.381615,
    0.360761,
    0.371553,
    0.374889
  ],
  "train_top_cls_loss": [
    0.9284,
    0.590698,
    0.525442,
    0.508067,
    0.490972,
    0.464414,
    0.442716,
    0.425216,
    0.435062,
    0.406524,
    0.394648,
    0.398946,
    0.379082,
    0.375705,
    0.36038,
    0.354453,
    0.351709,
    0.344408,
    0.346802,
    0.337915,
    0.30178,
    0.285217,
    0.294499,
    0.28275,
    0.27368,
    0.279685,
    0.271241,
    0.262555,
    0.26492,
    0.257864,
    0.248717,
    0.25193,
    0.241315,
    0.244758,
    0.24219,
    0.235717,
    0.236584,
    0.227766,
    0.227376,
    0.226933,
    0.205884,
    0.197306,
    0.191867,
    0.188857,
    0.196169,
    0.188076,
    0.182627,
    0.178838,
    0.179209,
    0.180584,
    0.173536,
    0.171404,
    0.176792
  ],
  "train_total_loss": [
    2.886976,
    1.860247,
    1.571209,
    1.456289,
    1.373999,
    1.302872,
    1.231118,
    1.183746,
    1.192022,
    1.128165,
    1.101043,
    1.08276,
    1.046951,
    1.014656,
    0.987185,
    0.974414,
    0.963562,
    0.932836,
    0.93767,
    0.895009,
    0.816255,
    0.767885,
    0.788499,
    0.744921,
    0.736027,
    0.742513,
    0.721401,
    0.709419,
    0.713164,
    0.681936,
    0.683366,
    0.668117,
    0.640997,
    0.659498,
    0.65455,
    0.626856,
    0.623344,
    0.617651,
    0.613447,
    0.59639,
    0.557571,
    0.533335,
    0.520051,
    0.507134,
    0.502994,
    0.494621,
    0.480152,
    0.467512,
    0.481739,
    0.471907,
    0.447529,
    0.457255,
    0.463285
  ],
  "learning_rates": [
    0.001,
    0.001,
    0.001,
    0.001,
    0.001,
    0.001,
    0.001,
    0.001,
    0.001,
    0.001,
    0.001,
    0.001,
    0.001,
    0.001,
    0.001,
    0.001,
    0.001,
    0.001,
    0.001,
    0.001,
    0.0005,
    0.0005,
    0.0005,
    0.0005,
    0.0005,
    0.0005,
    0.0005,
    0.0005,
    0.0005,
    0.0005,
    0.0005,
    0.0005,
    0.0005,
    0.0005,
    0.0005,
    0.0005,
    0.0005,
    0.0005,
    0.0005,
    0.0005,
    0.00025,
    0.00025,
    0.00025,
    0.00025,
    0.00025,
    0.00025,
    0.00025,
    0.00025,
    0.00025,
    0.00025,
    0.00025,
    0.00025,
    0.00025
  ],
  "val_accuracy": [
    54.763263,
    64.346834,
    68.054763,
    72.219053,
    71.534512,
    73.302909,
    73.87336,
    74.272675,
    75.755847,
    74.671991,
    75.356532,
    76.041072,
    76.155163,
    75.641757,
    76.155163,
    75.641757,
    76.896748,
    75.984027,
    76.041072,
    77.067884,
    77.124929,
    77.124929,
    77.809469,
    77.124929,
    77.239019,
    77.124929,
    77.181974,
    76.839703,
    76.611523,
    76.725613,
    76.725613,
    77.353109,
    77.296064,
    77.752424,
    77.581289,
    77.353109,
    76.953793,
    78.15174,
    77.524244,
    77.124929,
    77.410154,
    77.296064,
    77.353109,
    77.181974,
    76.497433,
    76.668568,
    76.782658,
    77.010839,
    76.668568,
    77.467199,
    76.326298,
    77.524244,
    76.953793
  ],
  "model_info": {
    "model_class": "BaseClassifier",
    "hidden_size": 128,
    "num_classes": 23,
    "emb_size_audio": 512,
    "emb_size_text": 0,
    "dropout": 0.1,
    "use_batch_norm": true,
    "mode": "audio",
    "num_folds": 5,
    "fold_id": 4,
    "batch_size": 64,
    "random_seed": 1821
  }
}