{
  "attention_audio": [
    0.50831,
    0.512537,
    0.518124,
    0.521256,
    0.524414,
    0.52643,
    0.528859,
    0.528257,
    0.533776,
    0.538552,
    0.539157,
    0.544752,
    0.547762,
    0.546093,
    0.545963,
    0.552082,
    0.5536,
    0.550609,
    0.554503,
    0.558473,
    0.556823,
    0.559359,
    0.558074,
    0.560542,
    0.558529,
    0.559408,
    0.561649,
    0.562991,
    0.564045,
    0.564816,
    0.566211,
    0.565679,
    0.563867,
    0.566636,
    0.565441,
    0.564578,
    0.56376
  ],
  "attention_text": [
    0.49169,
    0.487463,
    0.481876,
    0.478744,
    0.475586,
    0.47357,
    0.471141,
    0.471743,
    0.466224,
    0.461448,
    0.460843,
    0.455248,
    0.452238,
    0.453907,
    0.454037,
    0.447918,
    0.4464,
    0.449391,
    0.445497,
    0.441527,
    0.443177,
    0.440641,
    0.441926,
    0.439458,
    0.441471,
    0.440592,
    0.438351,
    0.437009,
    0.435955,
    0.435184,
    0.433789,
    0.434321,
    0.436133,
    0.433364,
    0.434559,
    0.435422,
    0.43624
  ],
  "train_cls_loss": [
    2.285186,
    1.377989,
    1.17684,
    1.028429,
    0.923889,
    0.900523,
    0.844854,
    0.805571,
    0.752416,
    0.73214,
    0.69706,
    0.668779,
    0.645522,
    0.623816,
    0.619768,
    0.592095,
    0.576407,
    0.562191,
    0.526434,
    0.519496,
    0.446272,
    0.420019,
    0.408443,
    0.382781,
    0.37477,
    0.355184,
    0.349979,
    0.356827,
    0.347782,
    0.336916,
    0.334444,
    0.324414,
    0.298941,
    0.313707,
    0.314667,
    0.291061,
    0.292705
  ],
  "train_top_cls_loss": [
    0.755711,
    0.473155,
    0.445388,
    0.409622,
    0.377086,
    0.375034,
    0.350665,
    0.350968,
    0.326009,
    0.31962,
    0.303982,
    0.292557,
    0.283146,
    0.271557,
    0.277285,
    0.262418,
    0.252969,
    0.259767,
    0.228854,
    0.227836,
    0.198556,
    0.181205,
    0.182324,
    0.171917,
    0.169793,
    0.152697,
    0.158171,
    0.163459,
    0.160299,
    0.153993,
    0.156902,
    0.148209,
    0.131679,
    0.143195,
    0.144487,
    0.133714,
    0.142477
  ],
  "train_total_loss": [
    2.814183,
    1.709198,
    1.488612,
    1.315164,
    1.187849,
    1.163047,
    1.09032,
    1.051248,
    0.980622,
    0.955874,
    0.909848,
    0.873569,
    0.843724,
    0.813906,
    0.813867,
    0.775787,
    0.753486,
    0.744028,
    0.686631,
    0.678982,
    0.585262,
    0.546863,
    0.53607,
    0.503123,
    0.493625,
    0.462072,
    0.460699,
    0.471248,
    0.459991,
    0.444711,
    0.444276,
    0.428161,
    0.391117,
    0.413944,
    0.415808,
    0.384661,
    0.392439
  ],
  "learning_rates": [
    0.001,
    0.001,
    0.001,
    0.001,
    0.001,
    0.001,
    0.001,
    0.001,
    0.001,
    0.001,
    0.001,
    0.001,
    0.001,
    0.001,
    0.001,
    0.001,
    0.001,
    0.001,
    0.001,
    0.001,
    0.0005,
    0.0005,
    0.0005,
    0.0005,
    0.0005,
    0.0005,
    0.0005,
    0.0005,
    0.0005,
    0.0005,
    0.0005,
    0.0005,
    0.0005,
    0.0005,
    0.0005,
    0.0005,
    0.0005
  ],
  "val_accuracy": [
    60.114943,
    65.057471,
    69.310345,
    74.712644,
    73.390805,
    74.482759,
    73.965517,
    77.011494,
    75.747126,
    77.701149,
    76.494253,
    78.275862,
    79.08046,
    79.08046,
    79.770115,
    78.16092,
    78.793103,
    79.022989,
    78.908046,
    79.54023,
    79.482759,
    80.057471,
    79.08046,
    79.655172,
    79.022989,
    79.367816,
    78.965517,
    79.482759,
    77.643678,
    79.597701,
    78.678161,
    78.793103,
    78.965517,
    79.252874,
    78.793103,
    77.931034,
    79.367816
  ],
  "model_info": {
    "model_class": "BaseClassifier",
    "hidden_size": 128,
    "num_classes": 23,
    "emb_size_audio": 1280,
    "emb_size_text": 512,
    "dropout": 0.1,
    "use_batch_norm": true,
    "mode": "both",
    "num_folds": 5,
    "fold_id": 0,
    "batch_size": 64,
    "random_seed": 1821
  }
}