{
  "train_cls_loss": [
    1.703087,
    1.089836,
    0.899645,
    0.823988,
    0.76358,
    0.729507,
    0.707777,
    0.683504,
    0.653227,
    0.634391,
    0.610594,
    0.604884,
    0.578381,
    0.561074,
    0.553809,
    0.536545,
    0.534331,
    0.527817,
    0.515912,
    0.510832,
    0.445114,
    0.432052,
    0.432283,
    0.413803,
    0.407172,
    0.406727,
    0.408801,
    0.406512,
    0.392486,
    0.383041,
    0.377091,
    0.372502,
    0.377469,
    0.369581,
    0.358423,
    0.357692,
    0.348511,
    0.343526,
    0.345022,
    0.344212,
    0.315655,
    0.295702,
    0.291194,
    0.2851,
    0.284217,
    0.287309,
    0.285301,
    0.271314,
    0.28402,
    0.266992,
    0.270341,
    0.265224,
    0.270323,
    0.257705,
    0.264731,
    0.261904,
    0.254864,
    0.255223
  ],
  "train_top_cls_loss": [
    0.846032,
    0.577914,
    0.516497,
    0.482723,
    0.469352,
    0.454063,
    0.434876,
    0.425026,
    0.419066,
    0.419472,
    0.396746,
    0.393124,
    0.378166,
    0.369763,
    0.357373,
    0.35045,
    0.350265,
    0.342924,
    0.337825,
    0.334269,
    0.290913,
    0.285215,
    0.274915,
    0.269815,
    0.274172,
    0.26257,
    0.263159,
    0.264714,
    0.254177,
    0.246425,
    0.23877,
    0.24906,
    0.244876,
    0.239397,
    0.235166,
    0.22777,
    0.222254,
    0.222495,
    0.213161,
    0.219305,
    0.201209,
    0.180839,
    0.179423,
    0.176433,
    0.178488,
    0.17982,
    0.184474,
    0.173025,
    0.18101,
    0.166266,
    0.172242,
    0.173416,
    0.167477,
    0.156537,
    0.167479,
    0.158068,
    0.15966,
    0.163489
  ],
  "train_total_loss": [
    2.295309,
    1.494376,
    1.261193,
    1.161894,
    1.092126,
    1.047351,
    1.01219,
    0.981022,
    0.946573,
    0.928021,
    0.888316,
    0.880071,
    0.843097,
    0.819908,
    0.803971,
    0.78186,
    0.779517,
    0.767864,
    0.75239,
    0.744821,
    0.648753,
    0.631703,
    0.624723,
    0.602674,
    0.599093,
    0.590526,
    0.593013,
    0.591812,
    0.57041,
    0.555539,
    0.54423,
    0.546844,
    0.548882,
    0.537159,
    0.523039,
    0.517131,
    0.504089,
    0.499272,
    0.494235,
    0.497725,
    0.456501,
    0.422289,
    0.41679,
    0.408603,
    0.409158,
    0.413183,
    0.414433,
    0.392431,
    0.410727,
    0.383378,
    0.390911,
    0.386616,
    0.387557,
    0.36728,
    0.381967,
    0.372551,
    0.366626,
    0.369665
  ],
  "learning_rates": [
    0.001,
    0.001,
    0.001,
    0.001,
    0.001,
    0.001,
    0.001,
    0.001,
    0.001,
    0.001,
    0.001,
    0.001,
    0.001,
    0.001,
    0.001,
    0.001,
    0.001,
    0.001,
    0.001,
    0.001,
    0.0005,
    0.0005,
    0.0005,
    0.0005,
    0.0005,
    0.0005,
    0.0005,
    0.0005,
    0.0005,
    0.0005,
    0.0005,
    0.0005,
    0.0005,
    0.0005,
    0.0005,
    0.0005,
    0.0005,
    0.0005,
    0.0005,
    0.0005,
    0.00025,
    0.00025,
    0.00025,
    0.00025,
    0.00025,
    0.00025,
    0.00025,
    0.00025,
    0.00025,
    0.00025,
    0.00025,
    0.00025,
    0.00025,
    0.00025,
    0.00025,
    0.00025,
    0.00025,
    0.00025
  ],
  "val_accuracy": [
    51.169424,
    63.205933,
    68.796349,
    70.165431,
    71.819738,
    73.245864,
    74.10154,
    72.846549,
    75.185396,
    74.957216,
    75.356532,
    76.839703,
    75.527667,
    76.440388,
    75.185396,
    75.527667,
    75.926982,
    77.181974,
    77.124929,
    76.041072,
    77.524244,
    77.181974,
    77.124929,
    77.695379,
    77.296064,
    76.782658,
    77.467199,
    77.410154,
    77.239019,
    77.866515,
    77.067884,
    77.524244,
    77.524244,
    76.953793,
    75.812892,
    77.695379,
    76.611523,
    76.326298,
    77.752424,
    77.067884,
    77.980605,
    77.467199,
    78.208785,
    77.353109,
    77.239019,
    77.638334,
    77.124929,
    77.296064,
    77.980605,
    78.03765,
    77.239019,
    77.124929,
    77.010839,
    77.638334,
    77.010839,
    77.467199,
    77.353109,
    77.638334
  ],
  "model_info": {
    "model_class": "BaseClassifier",
    "hidden_size": 128,
    "num_classes": 23,
    "emb_size_audio": 512,
    "emb_size_text": 0,
    "dropout": 0.1,
    "use_batch_norm": true,
    "mode": "audio",
    "num_folds": 5,
    "fold_id": 4,
    "batch_size": 64,
    "random_seed": 1821
  }
}