{
  "train_cls_loss": [
    1.791333,
    1.394748,
    1.288452,
    1.215105,
    1.159904,
    1.12154,
    1.091024,
    1.06569,
    1.032944,
    1.008684,
    0.996604
  ],
  "train_total_loss": [
    1.791333,
    1.394748,
    1.288452,
    1.215105,
    1.159904,
    1.12154,
    1.091024,
    1.06569,
    1.032944,
    1.008684,
    0.996604
  ],
  "learning_rates": [
    0.001,
    0.001,
    0.001,
    0.001,
    0.001,
    0.001,
    0.001,
    0.001,
    0.001,
    0.001,
    0.001
  ],
  "val_accuracy": [
    56.075299,
    61.551626,
    65.373645,
    67.997718,
    69.766115,
    70.222476,
    69.766115,
    71.705647,
    70.564746,
    70.792926,
    70.336566
  ]
}