{
  "attention_audio": [
    0.511276,
    0.517443,
    0.520155,
    0.524139,
    0.525633,
    0.534152,
    0.53206,
    0.531788,
    0.531495,
    0.531641,
    0.539848,
    0.538312,
    0.540278,
    0.543772,
    0.544611,
    0.541658,
    0.543651,
    0.542835,
    0.54656,
    0.543378,
    0.554423,
    0.548864,
    0.552537,
    0.551291,
    0.551016,
    0.553223,
    0.553475,
    0.554424,
    0.55297,
    0.555831,
    0.555227,
    0.554884,
    0.555724,
    0.554168,
    0.557948,
    0.558201,
    0.557884,
    0.55702,
    0.55778,
    0.560151,
    0.563532,
    0.561603,
    0.564064,
    0.562566,
    0.562036
  ],
  "attention_text": [
    0.488724,
    0.482557,
    0.479845,
    0.475861,
    0.474367,
    0.465848,
    0.46794,
    0.468212,
    0.468505,
    0.468359,
    0.460152,
    0.461688,
    0.459722,
    0.456228,
    0.455389,
    0.458343,
    0.456349,
    0.457165,
    0.45344,
    0.456622,
    0.445577,
    0.451136,
    0.447463,
    0.448709,
    0.448984,
    0.446777,
    0.446525,
    0.445576,
    0.447031,
    0.444169,
    0.444773,
    0.445116,
    0.444276,
    0.445832,
    0.442052,
    0.441799,
    0.442116,
    0.44298,
    0.44222,
    0.439849,
    0.436468,
    0.438397,
    0.435936,
    0.437434,
    0.437964
  ],
  "train_cls_loss": [
    2.221354,
    1.356635,
    1.123361,
    1.012689,
    0.939462,
    0.878559,
    0.816752,
    0.764346,
    0.748379,
    0.710364,
    0.689771,
    0.657311,
    0.65542,
    0.614993,
    0.591558,
    0.566846,
    0.569229,
    0.535735,
    0.512185,
    0.517439,
    0.420871,
    0.405038,
    0.377159,
    0.378804,
    0.358629,
    0.348231,
    0.343452,
    0.340642,
    0.327234,
    0.323096,
    0.304707,
    0.318534,
    0.294055,
    0.300778,
    0.301292,
    0.287228,
    0.281165,
    0.270222,
    0.273713,
    0.264204,
    0.225566,
    0.212711,
    0.207922,
    0.195144,
    0.207807
  ],
  "train_top_cls_loss": [
    0.771259,
    0.472536,
    0.433653,
    0.41038,
    0.380082,
    0.368287,
    0.345404,
    0.339775,
    0.330864,
    0.308377,
    0.303904,
    0.294542,
    0.287545,
    0.271677,
    0.262427,
    0.247064,
    0.254213,
    0.241766,
    0.221441,
    0.231981,
    0.185951,
    0.185318,
    0.165177,
    0.171297,
    0.162316,
    0.160734,
    0.155271,
    0.157318,
    0.146518,
    0.151,
    0.143837,
    0.14842,
    0.138479,
    0.144713,
    0.13562,
    0.134122,
    0.131961,
    0.128488,
    0.132292,
    0.127218,
    0.112599,
    0.104434,
    0.104665,
    0.099072,
    0.101624
  ],
  "train_total_loss": [
    2.761235,
    1.68741,
    1.426918,
    1.299955,
    1.20552,
    1.13636,
    1.058535,
    1.002189,
    0.979984,
    0.926228,
    0.902504,
    0.863491,
    0.856702,
    0.805167,
    0.775257,
    0.73979,
    0.747178,
    0.704971,
    0.667194,
    0.679825,
    0.551037,
    0.53476,
    0.492782,
    0.498712,
    0.47225,
    0.460745,
    0.452142,
    0.450765,
    0.429797,
    0.428796,
    0.405393,
    0.422428,
    0.39099,
    0.402078,
    0.396226,
    0.381113,
    0.373538,
    0.360164,
    0.366318,
    0.353257,
    0.304385,
    0.285815,
    0.281188,
    0.264494,
    0.278943
  ],
  "learning_rates": [
    0.001,
    0.001,
    0.001,
    0.001,
    0.001,
    0.001,
    0.001,
    0.001,
    0.001,
    0.001,
    0.001,
    0.001,
    0.001,
    0.001,
    0.001,
    0.001,
    0.001,
    0.001,
    0.001,
    0.001,
    0.0005,
    0.0005,
    0.0005,
    0.0005,
    0.0005,
    0.0005,
    0.0005,
    0.0005,
    0.0005,
    0.0005,
    0.0005,
    0.0005,
    0.0005,
    0.0005,
    0.0005,
    0.0005,
    0.0005,
    0.0005,
    0.0005,
    0.0005,
    0.00025,
    0.00025,
    0.00025,
    0.00025,
    0.00025
  ],
  "val_accuracy": [
    52.988506,
    65.91954,
    72.413793,
    75.689655,
    75.517241,
    76.206897,
    77.356322,
    78.735632,
    77.816092,
    78.045977,
    77.413793,
    77.931034,
    79.597701,
    79.195402,
    79.597701,
    78.735632,
    78.678161,
    79.022989,
    78.16092,
    79.367816,
    80.344828,
    80.229885,
    79.827586,
    79.425287,
    80.114943,
    79.482759,
    79.770115,
    80.057471,
    78.62069,
    81.149425,
    79.942529,
    79.310345,
    79.655172,
    79.367816,
    79.310345,
    78.965517,
    78.333333,
    78.505747,
    78.850575,
    78.390805,
    79.137931,
    79.482759,
    78.965517,
    79.195402,
    79.137931
  ],
  "model_info": {
    "model_class": "BaseClassifier",
    "hidden_size": 128,
    "num_classes": 23,
    "emb_size_audio": 1280,
    "emb_size_text": 512,
    "dropout": 0.1,
    "use_batch_norm": true,
    "mode": "both",
    "num_folds": 5,
    "fold_id": 2,
    "batch_size": 64,
    "random_seed": 1821
  }
}