{
  "train_cls_loss": [
    2.166239,
    1.407062,
    1.237147,
    1.095398,
    1.015572,
    0.962918,
    0.914854,
    0.865911,
    0.836242,
    0.781683,
    0.760085,
    0.74686,
    0.709672,
    0.678519,
    0.640437,
    0.633301,
    0.625027,
    0.583974,
    0.563346,
    0.568589,
    0.490773,
    0.454966,
    0.448829,
    0.426946,
    0.406412,
    0.397365,
    0.384471,
    0.380925,
    0.354595,
    0.365085,
    0.346166,
    0.329976,
    0.341394,
    0.317679,
    0.318812,
    0.302914,
    0.313454,
    0.298544,
    0.287269
  ],
  "train_top_cls_loss": [
    0.78062,
    0.540539,
    0.50636,
    0.45409,
    0.440202,
    0.431337,
    0.405677,
    0.39441,
    0.38854,
    0.366776,
    0.354449,
    0.348649,
    0.334393,
    0.318693,
    0.296326,
    0.304328,
    0.297704,
    0.279752,
    0.257532,
    0.260403,
    0.231911,
    0.218437,
    0.218074,
    0.205505,
    0.190644,
    0.191659,
    0.184963,
    0.184948,
    0.177474,
    0.183956,
    0.167404,
    0.156762,
    0.163325,
    0.161607,
    0.158062,
    0.144776,
    0.157974,
    0.146026,
    0.145001
  ],
  "train_total_loss": [
    2.400425,
    1.569224,
    1.389055,
    1.231625,
    1.147632,
    1.092319,
    1.036557,
    0.984234,
    0.952804,
    0.891716,
    0.86642,
    0.851455,
    0.80999,
    0.774127,
    0.729335,
    0.724599,
    0.714339,
    0.6679,
    0.640605,
    0.64671,
    0.560346,
    0.520497,
    0.514251,
    0.488597,
    0.463605,
    0.454863,
    0.43996,
    0.43641,
    0.407837,
    0.420272,
    0.396387,
    0.377005,
    0.390391,
    0.366161,
    0.366231,
    0.346347,
    0.360846,
    0.342351,
    0.330769
  ],
  "learning_rates": [
    0.001,
    0.001,
    0.001,
    0.001,
    0.001,
    0.001,
    0.001,
    0.001,
    0.001,
    0.001,
    0.001,
    0.001,
    0.001,
    0.001,
    0.001,
    0.001,
    0.001,
    0.001,
    0.001,
    0.001,
    0.0005,
    0.0005,
    0.0005,
    0.0005,
    0.0005,
    0.0005,
    0.0005,
    0.0005,
    0.0005,
    0.0005,
    0.0005,
    0.0005,
    0.0005,
    0.0005,
    0.0005,
    0.0005,
    0.0005,
    0.0005,
    0.0005
  ],
  "val_accuracy": [
    57.356322,
    64.712644,
    70.804598,
    71.551724,
    70.862069,
    73.333333,
    74.367816,
    75.574713,
    75.574713,
    75.91954,
    75.344828,
    74.597701,
    76.37931,
    77.298851,
    76.609195,
    75.862069,
    75.804598,
    74.367816,
    75.689655,
    75.344828,
    76.264368,
    76.83908,
    76.551724,
    77.356322,
    76.781609,
    76.034483,
    74.942529,
    75.45977,
    75.574713,
    75.91954,
    76.034483,
    76.666667,
    76.321839,
    75.91954,
    75.862069,
    76.321839,
    74.597701,
    75.91954,
    75.804598
  ],
  "model_info": {
    "model_class": "BaseClassifier",
    "hidden_size": 128,
    "num_classes": 23,
    "emb_size_audio": 1280,
    "emb_size_text": 0,
    "dropout": 0.1,
    "use_batch_norm": true,
    "mode": "audio",
    "num_folds": 5,
    "fold_id": 3,
    "batch_size": 64,
    "random_seed": 1821
  }
}