{
  "train_cls_loss": [
    2.313536,
    1.616582,
    1.441604,
    1.329499,
    1.258012,
    1.217991,
    1.162455,
    1.124281,
    1.105052,
    1.048591,
    1.020794,
    0.983394,
    0.976579,
    0.959673,
    0.913318,
    0.906282,
    0.882726,
    0.863834,
    0.855964,
    0.815955,
    0.731255,
    0.707246,
    0.678064,
    0.658807,
    0.669715,
    0.649165,
    0.625934,
    0.627676,
    0.60432,
    0.619731,
    0.575427,
    0.583361,
    0.558696,
    0.582765,
    0.556286,
    0.523035,
    0.527698,
    0.542268,
    0.516409,
    0.480643,
    0.445692,
    0.447978,
    0.422923,
    0.401375,
    0.410143,
    0.404334,
    0.398979,
    0.37548,
    0.3768,
    0.384131,
    0.363447,
    0.363178,
    0.371592,
    0.387922
  ],
  "train_top_cls_loss": [
    0.954557,
    0.698233,
    0.62379,
    0.584636,
    0.5675,
    0.550811,
    0.530773,
    0.512559,
    0.500427,
    0.489264,
    0.46285,
    0.451855,
    0.442774,
    0.447263,
    0.431225,
    0.424025,
    0.407851,
    0.408018,
    0.399817,
    0.374716,
    0.338514,
    0.334981,
    0.312448,
    0.308232,
    0.312377,
    0.306071,
    0.298459,
    0.287169,
    0.278542,
    0.295299,
    0.27036,
    0.276746,
    0.266872,
    0.270205,
    0.260317,
    0.24593,
    0.256774,
    0.256938,
    0.247851,
    0.22708,
    0.21138,
    0.212793,
    0.201407,
    0.192015,
    0.196257,
    0.188986,
    0.194084,
    0.174035,
    0.185112,
    0.184825,
    0.172019,
    0.177471,
    0.186874,
    0.182688
  ],
  "train_total_loss": [
    2.599903,
    1.826052,
    1.628741,
    1.50489,
    1.428262,
    1.383235,
    1.321687,
    1.278049,
    1.25518,
    1.19537,
    1.159649,
    1.11895,
    1.109411,
    1.093852,
    1.042685,
    1.03349,
    1.005082,
    0.986239,
    0.975909,
    0.92837,
    0.832809,
    0.80774,
    0.771798,
    0.751276,
    0.763428,
    0.740986,
    0.715471,
    0.713826,
    0.687882,
    0.708321,
    0.656535,
    0.666385,
    0.638758,
    0.663826,
    0.634381,
    0.596814,
    0.60473,
    0.61935,
    0.590765,
    0.548767,
    0.509106,
    0.511816,
    0.483345,
    0.45898,
    0.46902,
    0.46103,
    0.457204,
    0.427691,
    0.432334,
    0.439578,
    0.415053,
    0.416419,
    0.427654,
    0.442728
  ],
  "learning_rates": [
    0.001,
    0.001,
    0.001,
    0.001,
    0.001,
    0.001,
    0.001,
    0.001,
    0.001,
    0.001,
    0.001,
    0.001,
    0.001,
    0.001,
    0.001,
    0.001,
    0.001,
    0.001,
    0.001,
    0.001,
    0.0005,
    0.0005,
    0.0005,
    0.0005,
    0.0005,
    0.0005,
    0.0005,
    0.0005,
    0.0005,
    0.0005,
    0.0005,
    0.0005,
    0.0005,
    0.0005,
    0.0005,
    0.0005,
    0.0005,
    0.0005,
    0.0005,
    0.0005,
    0.00025,
    0.00025,
    0.00025,
    0.00025,
    0.00025,
    0.00025,
    0.00025,
    0.00025,
    0.00025,
    0.00025,
    0.00025,
    0.00025,
    0.00025,
    0.00025
  ],
  "val_accuracy": [
    53.333333,
    60.517241,
    66.091954,
    66.724138,
    69.08046,
    70.287356,
    69.54023,
    70.632184,
    71.494253,
    70.804598,
    72.988506,
    70.977011,
    71.83908,
    72.816092,
    73.448276,
    71.149425,
    74.08046,
    73.850575,
    74.942529,
    73.908046,
    74.425287,
    74.597701,
    75.0,
    74.712644,
    74.885057,
    75.114943,
    75.344828,
    74.827586,
    73.908046,
    74.08046,
    74.712644,
    75.229885,
    74.712644,
    74.310345,
    74.54023,
    74.137931,
    73.793103,
    74.482759,
    75.747126,
    74.597701,
    75.114943,
    74.827586,
    74.597701,
    75.114943,
    74.08046,
    74.712644,
    74.482759,
    75.057471,
    75.287356,
    74.942529,
    74.942529,
    75.45977,
    73.62069,
    74.08046
  ],
  "model_info": {
    "model_class": "BaseClassifier",
    "hidden_size": 128,
    "num_classes": 23,
    "emb_size_audio": 768,
    "emb_size_text": 0,
    "dropout": 0.1,
    "use_batch_norm": true,
    "mode": "audio",
    "num_folds": 5,
    "fold_id": 2,
    "batch_size": 64,
    "random_seed": 1821
  }
}