{
  "train_cls_loss": [
    2.362757,
    1.459476,
    1.210218,
    1.10949,
    1.074704,
    0.992716,
    0.934069,
    0.904979,
    0.889864,
    0.853454,
    0.816981,
    0.8086,
    0.789581,
    0.773476,
    0.753424,
    0.73854,
    0.720347,
    0.71872,
    0.694671,
    0.651912,
    0.603078,
    0.56562,
    0.562908,
    0.518319,
    0.521373,
    0.506385,
    0.511153,
    0.489941,
    0.472852,
    0.470319,
    0.474652,
    0.479774,
    0.453301,
    0.431823,
    0.441866,
    0.419257,
    0.420409,
    0.415569
  ],
  "train_total_loss": [
    2.362757,
    1.459476,
    1.210218,
    1.10949,
    1.074704,
    0.992716,
    0.934069,
    0.904979,
    0.889864,
    0.853454,
    0.816981,
    0.8086,
    0.789581,
    0.773476,
    0.753424,
    0.73854,
    0.720347,
    0.71872,
    0.694671,
    0.651912,
    0.603078,
    0.56562,
    0.562908,
    0.518319,
    0.521373,
    0.506385,
    0.511153,
    0.489941,
    0.472852,
    0.470319,
    0.474652,
    0.479774,
    0.453301,
    0.431823,
    0.441866,
    0.419257,
    0.420409,
    0.415569
  ],
  "learning_rates": [
    0.001,
    0.001,
    0.001,
    0.001,
    0.001,
    0.001,
    0.001,
    0.001,
    0.001,
    0.001,
    0.001,
    0.001,
    0.001,
    0.001,
    0.001,
    0.001,
    0.001,
    0.001,
    0.001,
    0.001,
    0.0005,
    0.0005,
    0.0005,
    0.0005,
    0.0005,
    0.0005,
    0.0005,
    0.0005,
    0.0005,
    0.0005,
    0.0005,
    0.0005,
    0.0005,
    0.0005,
    0.0005,
    0.0005,
    0.0005,
    0.0005
  ],
  "val_accuracy": [
    57.957787,
    67.427268,
    70.165431,
    70.450656,
    71.819738,
    74.10154,
    71.306332,
    74.786081,
    74.900171,
    74.957216,
    73.930405,
    74.843126,
    75.698802,
    75.869937,
    75.984027,
    76.269253,
    74.843126,
    75.698802,
    77.296064,
    74.843126,
    77.124929,
    76.155163,
    77.92356,
    76.668568,
    76.896748,
    77.410154,
    77.239019,
    76.668568,
    76.725613,
    74.900171,
    77.410154,
    75.984027,
    74.786081,
    76.725613,
    76.497433,
    75.812892,
    75.755847,
    75.584712
  ],
  "model_info": {
    "model_class": "BaseClassifier",
    "hidden_size": 128,
    "num_classes": 23,
    "emb_size_audio": 512,
    "emb_size_text": 0,
    "dropout": 0.1,
    "use_batch_norm": true,
    "mode": "audio",
    "num_folds": 5,
    "fold_id": 3,
    "batch_size": 64,
    "random_seed": 1821
  }
}