{
  "attention_audio": [
    0.384682,
    0.344695,
    0.320419,
    0.298673,
    0.296985,
    0.288323,
    0.283648,
    0.281435,
    0.282954,
    0.282857,
    0.279886,
    0.280868,
    0.284335,
    0.278686,
    0.275074,
    0.282637,
    0.280816,
    0.283521,
    0.275894,
    0.276136,
    0.27863,
    0.281139,
    0.277451,
    0.273472,
    0.269993,
    0.275159,
    0.272396,
    0.275192,
    0.271343,
    0.270361,
    0.269939,
    0.271827,
    0.271602,
    0.273885,
    0.278209,
    0.273756
  ],
  "attention_text": [
    0.615318,
    0.655305,
    0.679581,
    0.701327,
    0.703015,
    0.711677,
    0.716352,
    0.718565,
    0.717046,
    0.717143,
    0.720114,
    0.719132,
    0.715665,
    0.721314,
    0.724926,
    0.717363,
    0.719184,
    0.716479,
    0.724105,
    0.723864,
    0.72137,
    0.718861,
    0.722549,
    0.726528,
    0.730007,
    0.724841,
    0.727604,
    0.724808,
    0.728657,
    0.729639,
    0.730061,
    0.728173,
    0.728398,
    0.726115,
    0.721791,
    0.726244
  ],
  "train_cls_loss": [
    1.086633,
    0.719839,
    0.673748,
    0.61774,
    0.610486,
    0.562492,
    0.552798,
    0.5472,
    0.525538,
    0.520085,
    0.509797,
    0.507411,
    0.518182,
    0.467559,
    0.497217,
    0.503046,
    0.460789,
    0.481019,
    0.472762,
    0.455722,
    0.457615,
    0.443414,
    0.420445,
    0.408984,
    0.415642,
    0.408458,
    0.433222,
    0.435293,
    0.416521,
    0.404244,
    0.385081,
    0.393189,
    0.389275,
    0.390056,
    0.388879,
    0.400795
  ],
  "train_total_loss": [
    1.086633,
    0.719839,
    0.673748,
    0.61774,
    0.610486,
    0.562492,
    0.552798,
    0.5472,
    0.525538,
    0.520085,
    0.509797,
    0.507411,
    0.518182,
    0.467559,
    0.497217,
    0.503046,
    0.460789,
    0.481019,
    0.472762,
    0.455722,
    0.457615,
    0.443414,
    0.420445,
    0.408984,
    0.415642,
    0.408458,
    0.433222,
    0.435293,
    0.416521,
    0.404244,
    0.385081,
    0.393189,
    0.389275,
    0.390056,
    0.388879,
    0.400795
  ],
  "learning_rates": [
    0.001,
    0.001,
    0.001,
    0.001,
    0.001,
    0.001,
    0.001,
    0.001,
    0.001,
    0.001,
    0.001,
    0.001,
    0.001,
    0.001,
    0.001,
    0.001,
    0.001,
    0.001,
    0.001,
    0.001,
    0.0005,
    0.0005,
    0.0005,
    0.0005,
    0.0005,
    0.0005,
    0.0005,
    0.0005,
    0.0005,
    0.0005,
    0.0005,
    0.0005,
    0.0005,
    0.0005,
    0.0005,
    0.0005
  ],
  "val_accuracy": [
    66.685682,
    72.447233,
    73.188819,
    74.729036,
    75.812892,
    73.64518,
    76.611523,
    77.866515,
    78.6081,
    76.440388,
    78.094695,
    77.695379,
    79.691957,
    80.262407,
    80.319452,
    80.148317,
    79.577867,
    79.977182,
    79.634912,
    80.205362,
    81.232173,
    80.832858,
    80.946948,
    80.718768,
    80.034227,
    81.232173,
    79.977182,
    80.832858,
    80.433542,
    81.061038,
    80.661723,
    80.091272,
    78.208785,
    80.148317,
    80.319452,
    79.977182
  ],
  "model_info": {
    "model_class": "BaseClassifier",
    "hidden_size": 128,
    "num_classes": 23,
    "emb_size_audio": 512,
    "emb_size_text": 512,
    "dropout": 0.1,
    "use_batch_norm": true,
    "mode": "both",
    "num_folds": 5,
    "fold_id": 3,
    "batch_size": 64,
    "random_seed": 1821
  }
}