{
  "attention_audio": [
    0.467845,
    0.476949,
    0.478639,
    0.474162,
    0.47677,
    0.472183,
    0.472403,
    0.475703,
    0.478384,
    0.476132,
    0.475117,
    0.475086,
    0.478533,
    0.479366,
    0.483894,
    0.485352,
    0.484289,
    0.487578,
    0.489449,
    0.4878,
    0.489399,
    0.489327,
    0.489352,
    0.491057,
    0.490995,
    0.490431,
    0.495129,
    0.496105,
    0.496302,
    0.497773,
    0.497066,
    0.495852,
    0.49807,
    0.497371,
    0.499847,
    0.502338,
    0.502691,
    0.503819,
    0.503228,
    0.504563
  ],
  "attention_text": [
    0.532155,
    0.523052,
    0.521361,
    0.525838,
    0.52323,
    0.527817,
    0.527597,
    0.524297,
    0.521616,
    0.523868,
    0.524883,
    0.524914,
    0.521467,
    0.520634,
    0.516106,
    0.514648,
    0.515711,
    0.512422,
    0.510551,
    0.5122,
    0.510601,
    0.510673,
    0.510648,
    0.508943,
    0.509005,
    0.509569,
    0.504871,
    0.503895,
    0.503698,
    0.502227,
    0.502934,
    0.504148,
    0.50193,
    0.502629,
    0.500153,
    0.497662,
    0.497309,
    0.496181,
    0.496772,
    0.495437
  ],
  "train_cls_loss": [
    2.456391,
    1.615992,
    1.479266,
    1.31962,
    1.354869,
    1.350914,
    1.258151,
    1.275785,
    1.250999,
    1.125515,
    1.10044,
    1.061851,
    1.106326,
    1.071812,
    0.973934,
    1.063762,
    1.00213,
    0.950007,
    1.030836,
    1.015874,
    0.893434,
    0.901124,
    0.802517,
    0.894106,
    0.828527,
    0.854908,
    0.811203,
    0.772758,
    0.837787,
    0.746512,
    0.79518,
    0.801146,
    0.762945,
    0.801985,
    0.791876,
    0.788341,
    0.732935,
    0.77911,
    0.712718,
    0.722053
  ],
  "train_total_loss": [
    2.456391,
    1.615992,
    1.479266,
    1.31962,
    1.354869,
    1.350914,
    1.258151,
    1.275785,
    1.250999,
    1.125515,
    1.10044,
    1.061851,
    1.106326,
    1.071812,
    0.973934,
    1.063762,
    1.00213,
    0.950007,
    1.030836,
    1.015874,
    0.893434,
    0.901124,
    0.802517,
    0.894106,
    0.828527,
    0.854908,
    0.811203,
    0.772758,
    0.837787,
    0.746512,
    0.79518,
    0.801146,
    0.762945,
    0.801985,
    0.791876,
    0.788341,
    0.732935,
    0.77911,
    0.712718,
    0.722053
  ],
  "learning_rates": [
    0.001,
    0.001,
    0.001,
    0.001,
    0.001,
    0.001,
    0.001,
    0.001,
    0.001,
    0.001,
    0.001,
    0.001,
    0.001,
    0.001,
    0.001,
    0.001,
    0.001,
    0.001,
    0.001,
    0.001,
    0.0005,
    0.0005,
    0.0005,
    0.0005,
    0.0005,
    0.0005,
    0.0005,
    0.0005,
    0.0005,
    0.0005,
    0.0005,
    0.0005,
    0.0005,
    0.0005,
    0.0005,
    0.0005,
    0.0005,
    0.0005,
    0.0005,
    0.0005
  ],
  "val_accuracy": [
    58.756418,
    67.769538,
    71.648602,
    71.420422,
    75.984027,
    75.470622,
    78.208785,
    78.779236,
    76.725613,
    77.92356,
    77.92356,
    77.638334,
    77.296064,
    78.436965,
    79.806047,
    80.091272,
    79.121506,
    78.551055,
    79.292641,
    78.893326,
    80.319452,
    80.262407,
    80.604678,
    79.863092,
    80.832858,
    80.205362,
    79.577867,
    79.977182,
    80.832858,
    79.691957,
    80.091272,
    79.977182,
    79.064461,
    79.121506,
    79.406731,
    79.977182,
    79.577867,
    79.178551,
    77.980605,
    78.03765
  ],
  "model_info": {
    "model_class": "BaseClassifier",
    "hidden_size": 128,
    "num_classes": 23,
    "emb_size_audio": 768,
    "emb_size_text": 512,
    "dropout": 0.1,
    "use_batch_norm": true,
    "mode": "both",
    "num_folds": 5,
    "fold_id": 4,
    "batch_size": 64,
    "random_seed": 1821
  }
}