{
  "attention_audio": [
    0.514895,
    0.509213,
    0.511889,
    0.506334,
    0.505987,
    0.505284,
    0.505028,
    0.503811,
    0.50238,
    0.506828,
    0.505267,
    0.507602,
    0.507844,
    0.511167,
    0.512284,
    0.505636,
    0.506725,
    0.502223,
    0.505749,
    0.508885,
    0.506248,
    0.507467,
    0.50812,
    0.510094,
    0.507988,
    0.511485,
    0.511348,
    0.511792,
    0.51259,
    0.508562,
    0.507965,
    0.508214,
    0.507221,
    0.51128,
    0.507007,
    0.507844,
    0.508809,
    0.510862,
    0.508389,
    0.50769,
    0.507989,
    0.507208,
    0.509574,
    0.507918
  ],
  "attention_text": [
    0.485104,
    0.490787,
    0.488111,
    0.493666,
    0.494013,
    0.494716,
    0.494972,
    0.496189,
    0.49762,
    0.493172,
    0.494733,
    0.492398,
    0.492156,
    0.488833,
    0.487716,
    0.494364,
    0.493275,
    0.497777,
    0.494251,
    0.491115,
    0.493752,
    0.492533,
    0.49188,
    0.489906,
    0.492012,
    0.488515,
    0.488652,
    0.488208,
    0.48741,
    0.491438,
    0.492035,
    0.491786,
    0.492779,
    0.48872,
    0.492993,
    0.492156,
    0.491191,
    0.489138,
    0.49161,
    0.49231,
    0.492011,
    0.492792,
    0.490426,
    0.492082
  ],
  "train_cls_loss": [
    2.437644,
    1.728142,
    1.498195,
    1.470468,
    1.265757,
    1.284983,
    1.183525,
    1.257641,
    1.296637,
    1.208743,
    1.242846,
    1.234824,
    1.096861,
    1.082865,
    1.026061,
    1.096038,
    1.063845,
    0.979418,
    1.081618,
    1.011454,
    0.922502,
    0.994127,
    0.983621,
    0.899113,
    0.935822,
    0.82929,
    0.917027,
    0.872981,
    0.895248,
    0.872189,
    0.83188,
    0.886164,
    0.784281,
    0.8318,
    0.864407,
    0.805754,
    0.864342,
    0.857771,
    0.853814,
    0.787208,
    0.819163,
    0.735938,
    0.731574,
    0.696457
  ],
  "train_total_loss": [
    2.437644,
    1.728142,
    1.498195,
    1.470468,
    1.265757,
    1.284983,
    1.183525,
    1.257641,
    1.296637,
    1.208743,
    1.242846,
    1.234824,
    1.096861,
    1.082865,
    1.026061,
    1.096038,
    1.063845,
    0.979418,
    1.081618,
    1.011454,
    0.922502,
    0.994127,
    0.983621,
    0.899113,
    0.935822,
    0.82929,
    0.917027,
    0.872981,
    0.895248,
    0.872189,
    0.83188,
    0.886164,
    0.784281,
    0.8318,
    0.864407,
    0.805754,
    0.864342,
    0.857771,
    0.853814,
    0.787208,
    0.819163,
    0.735938,
    0.731574,
    0.696457
  ],
  "learning_rates": [
    0.001,
    0.001,
    0.001,
    0.001,
    0.001,
    0.001,
    0.001,
    0.001,
    0.001,
    0.001,
    0.001,
    0.001,
    0.001,
    0.001,
    0.001,
    0.001,
    0.001,
    0.001,
    0.001,
    0.001,
    0.0005,
    0.0005,
    0.0005,
    0.0005,
    0.0005,
    0.0005,
    0.0005,
    0.0005,
    0.0005,
    0.0005,
    0.0005,
    0.0005,
    0.0005,
    0.0005,
    0.0005,
    0.0005,
    0.0005,
    0.0005,
    0.0005,
    0.0005,
    0.00025,
    0.00025,
    0.00025,
    0.00025
  ],
  "val_accuracy": [
    59.440958,
    68.454079,
    72.846549,
    75.869937,
    75.413577,
    77.124929,
    78.49401,
    78.26583,
    78.779236,
    77.239019,
    77.524244,
    77.980605,
    79.235596,
    79.691957,
    78.6081,
    78.950371,
    79.749002,
    77.181974,
    79.806047,
    78.665145,
    80.376497,
    80.547633,
    80.091272,
    80.148317,
    80.490588,
    80.319452,
    80.604678,
    79.178551,
    80.775813,
    79.749002,
    80.490588,
    80.148317,
    80.319452,
    80.490588,
    79.463776,
    80.148317,
    79.977182,
    79.520821,
    79.863092,
    79.292641,
    79.292641,
    79.749002,
    79.749002,
    79.920137
  ],
  "model_info": {
    "model_class": "BaseClassifier",
    "hidden_size": 128,
    "num_classes": 23,
    "emb_size_audio": 512,
    "emb_size_text": 512,
    "dropout": 0.1,
    "use_batch_norm": true,
    "mode": "both",
    "num_folds": 5,
    "fold_id": 4,
    "batch_size": 64,
    "random_seed": 1821
  }
}