{
  "train_cls_loss": [
    2.251461,
    1.408832,
    1.186817,
    1.104225,
    1.008612,
    0.956273,
    0.901845,
    0.880077,
    0.829299,
    0.783581,
    0.790015,
    0.74749,
    0.723043,
    0.698829,
    0.685473,
    0.686227,
    0.623224,
    0.584517,
    0.612277,
    0.59225,
    0.498108,
    0.460449,
    0.446345,
    0.440426,
    0.413386,
    0.403989,
    0.380207,
    0.390456,
    0.374832,
    0.368118,
    0.358415,
    0.35503,
    0.332367,
    0.327536,
    0.337378,
    0.32836,
    0.309926,
    0.303537,
    0.305524,
    0.278457,
    0.255201,
    0.241803,
    0.231481
  ],
  "train_top_cls_loss": [
    0.808708,
    0.546694,
    0.49597,
    0.470728,
    0.438598,
    0.412336,
    0.393998,
    0.381561,
    0.370117,
    0.356101,
    0.354205,
    0.334271,
    0.32103,
    0.315469,
    0.308352,
    0.303742,
    0.290562,
    0.267716,
    0.272004,
    0.270287,
    0.226103,
    0.208715,
    0.207909,
    0.202721,
    0.188078,
    0.177466,
    0.180805,
    0.178542,
    0.181389,
    0.17461,
    0.163441,
    0.163905,
    0.15996,
    0.15496,
    0.166307,
    0.155852,
    0.151897,
    0.139409,
    0.145288,
    0.133485,
    0.12368,
    0.118005,
    0.119173
  ],
  "train_total_loss": [
    2.655815,
    1.682179,
    1.434802,
    1.339589,
    1.227911,
    1.162441,
    1.098845,
    1.070857,
    1.014357,
    0.961632,
    0.967118,
    0.914625,
    0.883558,
    0.856563,
    0.839649,
    0.838098,
    0.768505,
    0.718375,
    0.748279,
    0.727394,
    0.61116,
    0.564806,
    0.550299,
    0.541787,
    0.507425,
    0.492722,
    0.47061,
    0.479728,
    0.465527,
    0.455423,
    0.440136,
    0.436982,
    0.412347,
    0.405016,
    0.420532,
    0.406286,
    0.385874,
    0.373242,
    0.378168,
    0.345199,
    0.317041,
    0.300806,
    0.291067
  ],
  "learning_rates": [
    0.001,
    0.001,
    0.001,
    0.001,
    0.001,
    0.001,
    0.001,
    0.001,
    0.001,
    0.001,
    0.001,
    0.001,
    0.001,
    0.001,
    0.001,
    0.001,
    0.001,
    0.001,
    0.001,
    0.001,
    0.0005,
    0.0005,
    0.0005,
    0.0005,
    0.0005,
    0.0005,
    0.0005,
    0.0005,
    0.0005,
    0.0005,
    0.0005,
    0.0005,
    0.0005,
    0.0005,
    0.0005,
    0.0005,
    0.0005,
    0.0005,
    0.0005,
    0.0005,
    0.00025,
    0.00025,
    0.00025
  ],
  "val_accuracy": [
    56.494253,
    66.034483,
    72.241379,
    72.931034,
    73.275862,
    75.057471,
    76.321839,
    75.689655,
    76.551724,
    76.37931,
    77.528736,
    76.321839,
    77.758621,
    77.011494,
    77.471264,
    76.034483,
    77.471264,
    77.471264,
    77.758621,
    76.666667,
    77.241379,
    78.333333,
    77.471264,
    77.701149,
    77.356322,
    76.781609,
    76.666667,
    78.448276,
    77.701149,
    78.045977,
    76.436782,
    77.298851,
    76.436782,
    76.034483,
    76.954023,
    76.37931,
    76.494253,
    77.413793,
    76.609195,
    77.816092,
    77.068966,
    77.298851,
    77.298851
  ],
  "model_info": {
    "model_class": "BaseClassifier",
    "hidden_size": 128,
    "num_classes": 23,
    "emb_size_audio": 1280,
    "emb_size_text": 0,
    "dropout": 0.1,
    "use_batch_norm": true,
    "mode": "audio",
    "num_folds": 5,
    "fold_id": 4,
    "batch_size": 64,
    "random_seed": 1821
  }
}