{
  "attention_audio": [
    0.450845,
    0.4338,
    0.42609,
    0.419408,
    0.411606,
    0.405794,
    0.402612,
    0.399292,
    0.399763,
    0.399421,
    0.397094,
    0.394349,
    0.394867,
    0.395604,
    0.396347,
    0.394142,
    0.392567,
    0.401261,
    0.398059,
    0.399915,
    0.398363,
    0.399843,
    0.398501,
    0.401237,
    0.403386,
    0.403861,
    0.406606,
    0.407178,
    0.406403,
    0.403068,
    0.40569,
    0.408089,
    0.405161,
    0.405465,
    0.407938,
    0.403642,
    0.407093,
    0.404775,
    0.407202,
    0.404791,
    0.407815,
    0.408011,
    0.407212,
    0.410266,
    0.407811,
    0.408146,
    0.409275,
    0.407817
  ],
  "attention_text": [
    0.549155,
    0.5662,
    0.57391,
    0.580592,
    0.588394,
    0.594206,
    0.597388,
    0.600709,
    0.600237,
    0.600579,
    0.602906,
    0.605651,
    0.605133,
    0.604396,
    0.603653,
    0.605858,
    0.607433,
    0.598739,
    0.601941,
    0.600085,
    0.601637,
    0.600157,
    0.601499,
    0.598763,
    0.596614,
    0.596139,
    0.593394,
    0.592822,
    0.593597,
    0.596932,
    0.59431,
    0.591911,
    0.594839,
    0.594535,
    0.592062,
    0.596358,
    0.592907,
    0.595225,
    0.592798,
    0.595209,
    0.592185,
    0.591989,
    0.592788,
    0.589734,
    0.592189,
    0.591853,
    0.590725,
    0.592183
  ],
  "train_cls_loss": [
    1.626615,
    1.11239,
    0.986904,
    0.927037,
    0.853367,
    0.809881,
    0.774302,
    0.752124,
    0.721412,
    0.701412,
    0.67357,
    0.657349,
    0.628344,
    0.621099,
    0.593861,
    0.585356,
    0.570332,
    0.548664,
    0.532243,
    0.527185,
    0.460946,
    0.436286,
    0.423983,
    0.417348,
    0.396454,
    0.39696,
    0.382552,
    0.374107,
    0.36743,
    0.357151,
    0.344198,
    0.340973,
    0.338381,
    0.332021,
    0.321625,
    0.314324,
    0.307299,
    0.303908,
    0.301839,
    0.298279,
    0.275667,
    0.249901,
    0.249796,
    0.243208,
    0.233424,
    0.236079,
    0.230103,
    0.229561
  ],
  "train_total_loss": [
    1.626615,
    1.11239,
    0.986904,
    0.927037,
    0.853367,
    0.809881,
    0.774302,
    0.752124,
    0.721412,
    0.701412,
    0.67357,
    0.657349,
    0.628344,
    0.621099,
    0.593861,
    0.585356,
    0.570332,
    0.548664,
    0.532243,
    0.527185,
    0.460946,
    0.436286,
    0.423983,
    0.417348,
    0.396454,
    0.39696,
    0.382552,
    0.374107,
    0.36743,
    0.357151,
    0.344198,
    0.340973,
    0.338381,
    0.332021,
    0.321625,
    0.314324,
    0.307299,
    0.303908,
    0.301839,
    0.298279,
    0.275667,
    0.249901,
    0.249796,
    0.243208,
    0.233424,
    0.236079,
    0.230103,
    0.229561
  ],
  "learning_rates": [
    0.001,
    0.001,
    0.001,
    0.001,
    0.001,
    0.001,
    0.001,
    0.001,
    0.001,
    0.001,
    0.001,
    0.001,
    0.001,
    0.001,
    0.001,
    0.001,
    0.001,
    0.001,
    0.001,
    0.001,
    0.0005,
    0.0005,
    0.0005,
    0.0005,
    0.0005,
    0.0005,
    0.0005,
    0.0005,
    0.0005,
    0.0005,
    0.0005,
    0.0005,
    0.0005,
    0.0005,
    0.0005,
    0.0005,
    0.0005,
    0.0005,
    0.0005,
    0.0005,
    0.00025,
    0.00025,
    0.00025,
    0.00025,
    0.00025,
    0.00025,
    0.00025,
    0.00025
  ],
  "val_accuracy": [
    68.838133,
    75.213505,
    74.975174,
    78.311817,
    77.239325,
    78.490566,
    79.602781,
    80.139027,
    80.953327,
    81.767627,
    82.204568,
    81.767627,
    81.489573,
    82.681231,
    82.502483,
    82.66137,
    82.403178,
    82.701092,
    82.522344,
    82.879841,
    83.47567,
    83.813307,
    83.416087,
    83.733863,
    84.111221,
    84.051639,
    83.952334,
    83.733863,
    83.932473,
    84.011917,
    83.654419,
    84.131082,
    84.607746,
    84.031778,
    83.594836,
    84.111221,
    84.28997,
    83.813307,
    83.694141,
    83.555114,
    84.170804,
    84.190665,
    84.210526,
    83.714002,
    84.210526,
    84.428997,
    84.309831,
    84.011917
  ],
  "model_info": {
    "model_class": "BaseClassifier",
    "hidden_size": 128,
    "num_classes": 23,
    "emb_size_audio": 512,
    "emb_size_text": 512,
    "dropout": 0.1,
    "use_batch_norm": true,
    "mode": "both",
    "num_folds": 5,
    "fold_id": 1,
    "batch_size": 64,
    "random_seed": 1821
  }
}