{
  "attention_audio": [
    0.514405,
    0.516357,
    0.512432,
    0.510441,
    0.508657,
    0.511993,
    0.506644,
    0.505169,
    0.504775,
    0.505971,
    0.508948,
    0.509276,
    0.508414,
    0.507361,
    0.508451,
    0.508847,
    0.512193,
    0.51216,
    0.509521,
    0.510513,
    0.51319,
    0.513636,
    0.515121,
    0.51368,
    0.515355,
    0.512069,
    0.514446,
    0.514612,
    0.51634,
    0.51538,
    0.516725,
    0.518308,
    0.519625,
    0.519407,
    0.5181,
    0.515571,
    0.518922,
    0.51716,
    0.514599,
    0.51307,
    0.513883
  ],
  "attention_text": [
    0.485595,
    0.483643,
    0.487568,
    0.489559,
    0.491343,
    0.488007,
    0.493356,
    0.494831,
    0.495225,
    0.494029,
    0.491053,
    0.490724,
    0.491586,
    0.492639,
    0.491549,
    0.491153,
    0.487807,
    0.48784,
    0.490479,
    0.489487,
    0.48681,
    0.486364,
    0.484879,
    0.48632,
    0.484645,
    0.487931,
    0.485554,
    0.485388,
    0.48366,
    0.48462,
    0.483275,
    0.481692,
    0.480375,
    0.480593,
    0.4819,
    0.484429,
    0.481078,
    0.48284,
    0.485401,
    0.48693,
    0.486117
  ],
  "train_cls_loss": [
    2.589158,
    1.979322,
    1.77312,
    1.750213,
    1.606609,
    1.581079,
    1.591135,
    1.592722,
    1.512098,
    1.547028,
    1.473609,
    1.487958,
    1.438764,
    1.461882,
    1.462536,
    1.386515,
    1.371625,
    1.390343,
    1.367761,
    1.326654,
    1.260874,
    1.262888,
    1.336878,
    1.381627,
    1.370769,
    1.215017,
    1.206262,
    1.272203,
    1.244941,
    1.274,
    1.297975,
    1.203169,
    1.236598,
    1.222053,
    1.259678,
    1.258451,
    1.186935,
    1.217516,
    1.188764,
    1.176502,
    1.152523
  ],
  "train_total_loss": [
    2.589158,
    1.979322,
    1.77312,
    1.750213,
    1.606609,
    1.581079,
    1.591135,
    1.592722,
    1.512098,
    1.547028,
    1.473609,
    1.487958,
    1.438764,
    1.461882,
    1.462536,
    1.386515,
    1.371625,
    1.390343,
    1.367761,
    1.326654,
    1.260874,
    1.262888,
    1.336878,
    1.381627,
    1.370769,
    1.215017,
    1.206262,
    1.272203,
    1.244941,
    1.274,
    1.297975,
    1.203169,
    1.236598,
    1.222053,
    1.259678,
    1.258451,
    1.186935,
    1.217516,
    1.188764,
    1.176502,
    1.152523
  ],
  "learning_rates": [
    0.001,
    0.001,
    0.001,
    0.001,
    0.001,
    0.001,
    0.001,
    0.001,
    0.001,
    0.001,
    0.001,
    0.001,
    0.001,
    0.001,
    0.001,
    0.001,
    0.001,
    0.001,
    0.001,
    0.001,
    0.0005,
    0.0005,
    0.0005,
    0.0005,
    0.0005,
    0.0005,
    0.0005,
    0.0005,
    0.0005,
    0.0005,
    0.0005,
    0.0005,
    0.0005,
    0.0005,
    0.0005,
    0.0005,
    0.0005,
    0.0005,
    0.0005,
    0.0005,
    0.00025
  ],
  "val_accuracy": [
    53.051911,
    65.887051,
    72.675414,
    73.017684,
    73.588135,
    75.869937,
    76.611523,
    77.353109,
    78.49401,
    79.121506,
    79.691957,
    78.950371,
    78.208785,
    77.809469,
    77.524244,
    78.03765,
    79.178551,
    79.235596,
    78.893326,
    79.007416,
    79.121506,
    79.920137,
    79.406731,
    79.406731,
    79.691957,
    80.148317,
    79.121506,
    79.007416,
    79.920137,
    79.634912,
    78.722191,
    79.691957,
    78.322875,
    78.950371,
    79.064461,
    78.950371,
    78.49401,
    79.406731,
    79.121506,
    78.15174,
    78.836281
  ],
  "model_info": {
    "model_class": "BaseClassifier",
    "hidden_size": 128,
    "num_classes": 23,
    "emb_size_audio": 512,
    "emb_size_text": 512,
    "dropout": 0.1,
    "use_batch_norm": true,
    "mode": "both",
    "num_folds": 5,
    "fold_id": 1,
    "batch_size": 64,
    "random_seed": 1821
  }
}