{
  "attention_audio": [
    0.50191,
    0.48737,
    0.48659,
    0.492635,
    0.495212,
    0.497529,
    0.496296,
    0.497824,
    0.496466,
    0.498096,
    0.496718,
    0.495311,
    0.493362,
    0.495967,
    0.494079,
    0.499551,
    0.494912,
    0.498894,
    0.499515,
    0.501333,
    0.503089,
    0.501298,
    0.503228,
    0.504023,
    0.502817,
    0.50757,
    0.506274,
    0.506908,
    0.506686,
    0.505082,
    0.505784,
    0.506284,
    0.50591,
    0.505914
  ],
  "attention_text": [
    0.49809,
    0.51263,
    0.51341,
    0.507365,
    0.504788,
    0.502471,
    0.503704,
    0.502176,
    0.503534,
    0.501904,
    0.503282,
    0.504689,
    0.506638,
    0.504033,
    0.505921,
    0.500449,
    0.505088,
    0.501106,
    0.500485,
    0.498667,
    0.496911,
    0.498702,
    0.496772,
    0.495977,
    0.497183,
    0.49243,
    0.493726,
    0.493092,
    0.493314,
    0.494918,
    0.494216,
    0.493716,
    0.49409,
    0.494086
  ],
  "train_cls_loss": [
    2.329698,
    1.428401,
    1.155662,
    1.023114,
    0.945975,
    0.889822,
    0.854593,
    0.806382,
    0.776268,
    0.759349,
    0.747401,
    0.727608,
    0.683098,
    0.676283,
    0.656362,
    0.644081,
    0.629151,
    0.616423,
    0.614456,
    0.566791,
    0.508955,
    0.466416,
    0.475166,
    0.470028,
    0.45257,
    0.436076,
    0.424833,
    0.419045,
    0.421832,
    0.411745,
    0.385496,
    0.39604,
    0.412039,
    0.368706
  ],
  "train_top_cls_loss": [
    0.846137,
    0.50628,
    0.458424,
    0.420176,
    0.41186,
    0.392119,
    0.387828,
    0.357776,
    0.345171,
    0.344469,
    0.332202,
    0.332364,
    0.315393,
    0.308177,
    0.300563,
    0.306444,
    0.290791,
    0.283475,
    0.28512,
    0.266704,
    0.234594,
    0.21296,
    0.217494,
    0.216305,
    0.202129,
    0.202034,
    0.194088,
    0.201947,
    0.195536,
    0.184935,
    0.180924,
    0.18547,
    0.187868,
    0.17468
  ],
  "train_total_loss": [
    2.752767,
    1.681541,
    1.384874,
    1.233202,
    1.151905,
    1.085882,
    1.048508,
    0.98527,
    0.948854,
    0.931583,
    0.913502,
    0.89379,
    0.840795,
    0.830372,
    0.806643,
    0.797304,
    0.774547,
    0.758161,
    0.757016,
    0.700143,
    0.626252,
    0.572896,
    0.583913,
    0.578181,
    0.553635,
    0.537093,
    0.521877,
    0.520019,
    0.5196,
    0.504213,
    0.475958,
    0.488775,
    0.505973,
    0.456046
  ],
  "learning_rates": [
    0.001,
    0.001,
    0.001,
    0.001,
    0.001,
    0.001,
    0.001,
    0.001,
    0.001,
    0.001,
    0.001,
    0.001,
    0.001,
    0.001,
    0.001,
    0.001,
    0.001,
    0.001,
    0.001,
    0.001,
    0.0005,
    0.0005,
    0.0005,
    0.0005,
    0.0005,
    0.0005,
    0.0005,
    0.0005,
    0.0005,
    0.0005,
    0.0005,
    0.0005,
    0.0005,
    0.0005
  ],
  "val_accuracy": [
    56.988021,
    67.598403,
    72.504278,
    75.584712,
    77.124929,
    78.436965,
    77.410154,
    77.296064,
    78.436965,
    78.665145,
    77.809469,
    79.577867,
    76.782658,
    79.235596,
    78.15174,
    80.091272,
    79.007416,
    79.577867,
    80.376497,
    79.178551,
    80.262407,
    80.205362,
    80.262407,
    79.349686,
    80.091272,
    79.691957,
    79.806047,
    80.262407,
    80.034227,
    79.292641,
    79.007416,
    80.034227,
    79.634912,
    79.178551
  ],
  "model_info": {
    "model_class": "BaseClassifier",
    "hidden_size": 128,
    "num_classes": 23,
    "emb_size_audio": 512,
    "emb_size_text": 512,
    "dropout": 0.1,
    "use_batch_norm": true,
    "mode": "both",
    "num_folds": 5,
    "fold_id": 0,
    "batch_size": 64,
    "random_seed": 1821
  }
}