{
  "train_cls_loss": [
    2.425742,
    1.548515,
    1.265656,
    1.124714,
    1.057105,
    0.973998,
    0.961244,
    0.912554,
    0.8838,
    0.839089,
    0.832142,
    0.821444,
    0.797098,
    0.751289,
    0.735884,
    0.72209,
    0.687429,
    0.685307,
    0.663907,
    0.656056,
    0.572404,
    0.560728,
    0.533124,
    0.508022,
    0.495152,
    0.500702,
    0.509887,
    0.477772,
    0.473657,
    0.465891,
    0.447912,
    0.455947,
    0.441547,
    0.435853,
    0.427174,
    0.404154,
    0.404103,
    0.388798,
    0.390634,
    0.385135,
    0.358347,
    0.322378,
    0.303921,
    0.303813,
    0.308476,
    0.292652,
    0.283642,
    0.294116,
    0.281922,
    0.29792,
    0.27411,
    0.269862,
    0.251845,
    0.262625,
    0.2598
  ],
  "train_total_loss": [
    2.425742,
    1.548515,
    1.265656,
    1.124714,
    1.057105,
    0.973998,
    0.961244,
    0.912554,
    0.8838,
    0.839089,
    0.832142,
    0.821444,
    0.797098,
    0.751289,
    0.735884,
    0.72209,
    0.687429,
    0.685307,
    0.663907,
    0.656056,
    0.572404,
    0.560728,
    0.533124,
    0.508022,
    0.495152,
    0.500702,
    0.509887,
    0.477772,
    0.473657,
    0.465891,
    0.447912,
    0.455947,
    0.441547,
    0.435853,
    0.427174,
    0.404154,
    0.404103,
    0.388798,
    0.390634,
    0.385135,
    0.358347,
    0.322378,
    0.303921,
    0.303813,
    0.308476,
    0.292652,
    0.283642,
    0.294116,
    0.281922,
    0.29792,
    0.27411,
    0.269862,
    0.251845,
    0.262625,
    0.2598
  ],
  "learning_rates": [
    0.001,
    0.001,
    0.001,
    0.001,
    0.001,
    0.001,
    0.001,
    0.001,
    0.001,
    0.001,
    0.001,
    0.001,
    0.001,
    0.001,
    0.001,
    0.001,
    0.001,
    0.001,
    0.001,
    0.001,
    0.0005,
    0.0005,
    0.0005,
    0.0005,
    0.0005,
    0.0005,
    0.0005,
    0.0005,
    0.0005,
    0.0005,
    0.0005,
    0.0005,
    0.0005,
    0.0005,
    0.0005,
    0.0005,
    0.0005,
    0.0005,
    0.0005,
    0.0005,
    0.00025,
    0.00025,
    0.00025,
    0.00025,
    0.00025,
    0.00025,
    0.00025,
    0.00025,
    0.00025,
    0.00025,
    0.00025,
    0.00025,
    0.00025,
    0.00025,
    0.00025
  ],
  "val_accuracy": [
    54.135767,
    65.658871,
    71.306332,
    71.591557,
    73.188819,
    74.158585,
    74.158585,
    76.611523,
    76.554478,
    77.124929,
    75.356532,
    76.896748,
    75.755847,
    76.953793,
    75.299487,
    75.527667,
    77.866515,
    76.554478,
    77.239019,
    76.554478,
    78.03765,
    77.124929,
    77.410154,
    77.353109,
    77.92356,
    77.353109,
    77.581289,
    78.322875,
    78.665145,
    77.239019,
    77.124929,
    77.980605,
    78.322875,
    77.296064,
    77.695379,
    76.326298,
    77.410154,
    76.896748,
    76.269253,
    78.722191,
    78.03765,
    77.581289,
    77.695379,
    77.467199,
    76.326298,
    76.725613,
    76.953793,
    76.611523,
    77.296064,
    77.980605,
    77.124929,
    76.953793,
    76.212208,
    77.124929,
    77.581289
  ],
  "model_info": {
    "model_class": "BaseClassifier",
    "hidden_size": 128,
    "num_classes": 23,
    "emb_size_audio": 512,
    "emb_size_text": 0,
    "dropout": 0.1,
    "use_batch_norm": true,
    "mode": "audio",
    "num_folds": 5,
    "fold_id": 2,
    "batch_size": 64,
    "random_seed": 1821
  }
}