{
  "attention_audio": [
    0.478191,
    0.48432,
    0.489235,
    0.496039,
    0.499473,
    0.503239,
    0.498845,
    0.499233,
    0.500199,
    0.502295,
    0.500637,
    0.500645,
    0.500399,
    0.504003,
    0.504209,
    0.502875,
    0.502502,
    0.50612,
    0.504069,
    0.505199,
    0.503012,
    0.505397,
    0.503482,
    0.504489,
    0.506558,
    0.509424,
    0.507459,
    0.507735,
    0.507244,
    0.507269,
    0.511293,
    0.510801
  ],
  "attention_text": [
    0.521809,
    0.51568,
    0.510765,
    0.503961,
    0.500527,
    0.496761,
    0.501155,
    0.500767,
    0.499801,
    0.497705,
    0.499363,
    0.499355,
    0.499601,
    0.495997,
    0.495791,
    0.497125,
    0.497498,
    0.49388,
    0.495931,
    0.494801,
    0.496988,
    0.494603,
    0.496518,
    0.495511,
    0.493442,
    0.490576,
    0.492541,
    0.492265,
    0.492756,
    0.492731,
    0.488707,
    0.489199
  ],
  "train_cls_loss": [
    2.408011,
    1.675948,
    1.498714,
    1.400931,
    1.3449,
    1.311266,
    1.2814,
    1.248998,
    1.214286,
    1.189913,
    1.164118,
    1.166976,
    1.130588,
    1.123066,
    1.119934,
    1.089782,
    1.099268,
    1.069435,
    1.064563,
    1.05459,
    0.999963,
    0.976942,
    0.976718,
    0.939456,
    0.940792,
    0.942014,
    0.937278,
    0.939326,
    0.917677,
    0.921231,
    0.925154,
    0.90422
  ],
  "train_total_loss": [
    2.408011,
    1.675948,
    1.498714,
    1.400931,
    1.3449,
    1.311266,
    1.2814,
    1.248998,
    1.214286,
    1.189913,
    1.164118,
    1.166976,
    1.130588,
    1.123066,
    1.119934,
    1.089782,
    1.099268,
    1.069435,
    1.064563,
    1.05459,
    0.999963,
    0.976942,
    0.976718,
    0.939456,
    0.940792,
    0.942014,
    0.937278,
    0.939326,
    0.917677,
    0.921231,
    0.925154,
    0.90422
  ],
  "learning_rates": [
    0.001,
    0.001,
    0.001,
    0.001,
    0.001,
    0.001,
    0.001,
    0.001,
    0.001,
    0.001,
    0.001,
    0.001,
    0.001,
    0.001,
    0.001,
    0.001,
    0.001,
    0.001,
    0.001,
    0.001,
    0.0005,
    0.0005,
    0.0005,
    0.0005,
    0.0005,
    0.0005,
    0.0005,
    0.0005,
    0.0005,
    0.0005,
    0.0005,
    0.0005
  ],
  "val_accuracy": [
    61.722761,
    70.279521,
    72.903594,
    75.413577,
    74.957216,
    75.812892,
    76.155163,
    77.581289,
    77.353109,
    78.436965,
    78.665145,
    78.094695,
    77.866515,
    78.26583,
    77.980605,
    78.950371,
    79.406731,
    78.15174,
    78.779236,
    77.866515,
    78.836281,
    78.551055,
    78.836281,
    78.6081,
    78.208785,
    77.980605,
    78.436965,
    78.6081,
    78.49401,
    77.353109,
    78.950371,
    78.665145
  ],
  "model_info": {
    "model_class": "BaseClassifier",
    "hidden_size": 128,
    "num_classes": 23,
    "emb_size_audio": 512,
    "emb_size_text": 512,
    "dropout": 0.1,
    "use_batch_norm": true,
    "mode": "both",
    "num_folds": 5,
    "fold_id": 1,
    "batch_size": 64,
    "random_seed": 1821
  }
}