{
  "train_cls_loss": [
    2.321704,
    1.507796,
    1.280732,
    1.189572,
    1.07715,
    1.030322,
    0.978717,
    0.955617,
    0.880592,
    0.885999,
    0.833967,
    0.794059,
    0.777347,
    0.743478,
    0.725567,
    0.685436,
    0.691024,
    0.639836,
    0.626182,
    0.638287,
    0.539485,
    0.497571,
    0.500249,
    0.470762,
    0.470478,
    0.457196,
    0.446184,
    0.44112,
    0.420032,
    0.421863,
    0.390833,
    0.392091,
    0.374955,
    0.393816,
    0.380313,
    0.36322,
    0.342073,
    0.324259,
    0.340858,
    0.353329,
    0.304514,
    0.285671,
    0.27035
  ],
  "train_top_cls_loss": [
    0.719148,
    0.502082,
    0.450448,
    0.433937,
    0.40531,
    0.401539,
    0.379864,
    0.371324,
    0.342553,
    0.346577,
    0.330799,
    0.310781,
    0.309941,
    0.291483,
    0.291341,
    0.269445,
    0.27424,
    0.254556,
    0.242967,
    0.253128,
    0.207646,
    0.18502,
    0.192169,
    0.175304,
    0.181195,
    0.171309,
    0.171695,
    0.156408,
    0.155477,
    0.164627,
    0.153628,
    0.147962,
    0.14348,
    0.150954,
    0.153488,
    0.142914,
    0.13311,
    0.127293,
    0.1284,
    0.14558,
    0.120356,
    0.116904,
    0.110011
  ],
  "train_total_loss": [
    3.400427,
    2.260919,
    1.956403,
    1.840477,
    1.685115,
    1.632631,
    1.548514,
    1.512602,
    1.394421,
    1.405865,
    1.330165,
    1.260231,
    1.242259,
    1.180702,
    1.162578,
    1.089602,
    1.102383,
    1.02167,
    0.990632,
    1.017979,
    0.850954,
    0.775101,
    0.788503,
    0.733717,
    0.74227,
    0.714159,
    0.703727,
    0.675731,
    0.653248,
    0.668803,
    0.621276,
    0.614034,
    0.590175,
    0.620247,
    0.610545,
    0.577592,
    0.541738,
    0.515197,
    0.533458,
    0.571698,
    0.485048,
    0.461027,
    0.435366
  ],
  "learning_rates": [
    0.001,
    0.001,
    0.001,
    0.001,
    0.001,
    0.001,
    0.001,
    0.001,
    0.001,
    0.001,
    0.001,
    0.001,
    0.001,
    0.001,
    0.001,
    0.001,
    0.001,
    0.001,
    0.001,
    0.001,
    0.0005,
    0.0005,
    0.0005,
    0.0005,
    0.0005,
    0.0005,
    0.0005,
    0.0005,
    0.0005,
    0.0005,
    0.0005,
    0.0005,
    0.0005,
    0.0005,
    0.0005,
    0.0005,
    0.0005,
    0.0005,
    0.0005,
    0.0005,
    0.00025,
    0.00025,
    0.00025
  ],
  "val_accuracy": [
    52.011494,
    60.229885,
    65.804598,
    68.563218,
    70.057471,
    72.816092,
    72.241379,
    73.045977,
    73.735632,
    74.482759,
    75.402299,
    74.252874,
    74.827586,
    74.770115,
    74.195402,
    75.804598,
    74.597701,
    75.517241,
    75.114943,
    74.195402,
    76.034483,
    76.724138,
    76.206897,
    76.494253,
    75.689655,
    75.574713,
    75.114943,
    76.896552,
    76.206897,
    76.034483,
    76.091954,
    75.45977,
    75.344828,
    76.206897,
    75.862069,
    75.632184,
    75.172414,
    75.517241,
    76.321839,
    75.057471,
    75.344828,
    76.149425,
    76.206897
  ],
  "model_info": {
    "model_class": "BaseClassifier",
    "hidden_size": 128,
    "num_classes": 23,
    "emb_size_audio": 1280,
    "emb_size_text": 0,
    "dropout": 0.1,
    "use_batch_norm": true,
    "mode": "audio",
    "num_folds": 5,
    "fold_id": 3,
    "batch_size": 64,
    "random_seed": 1821
  }
}