{
  "attention_audio": [
    0.505719,
    0.491858,
    0.484073,
    0.475694,
    0.476775,
    0.475917,
    0.473418,
    0.466685,
    0.468887,
    0.467041,
    0.468907,
    0.464487,
    0.46656,
    0.465919,
    0.466619,
    0.463695,
    0.461908,
    0.462903,
    0.459954,
    0.460901,
    0.460265,
    0.46243,
    0.460555,
    0.460273,
    0.462646,
    0.464066,
    0.464548,
    0.464338,
    0.462463,
    0.460197,
    0.459884,
    0.464903,
    0.466066,
    0.464864,
    0.463578,
    0.466736
  ],
  "attention_text": [
    0.494281,
    0.508142,
    0.515927,
    0.524306,
    0.523225,
    0.524083,
    0.526582,
    0.533315,
    0.531113,
    0.532959,
    0.531093,
    0.535513,
    0.53344,
    0.534081,
    0.533381,
    0.536305,
    0.538092,
    0.537097,
    0.540046,
    0.539099,
    0.539735,
    0.53757,
    0.539445,
    0.539727,
    0.537355,
    0.535934,
    0.535452,
    0.535662,
    0.537537,
    0.539803,
    0.540116,
    0.535097,
    0.533934,
    0.535136,
    0.536422,
    0.533264
  ],
  "train_cls_loss": [
    2.345819,
    1.449774,
    1.255741,
    1.116371,
    1.054948,
    0.984508,
    0.915321,
    0.867775,
    0.835591,
    0.809407,
    0.770056,
    0.729022,
    0.728112,
    0.713955,
    0.676945,
    0.673983,
    0.646655,
    0.632516,
    0.6141,
    0.625657,
    0.542919,
    0.495389,
    0.49063,
    0.478701,
    0.47237,
    0.477362,
    0.463764,
    0.454726,
    0.454611,
    0.435132,
    0.42155,
    0.445452,
    0.416907,
    0.398149,
    0.39383,
    0.394085
  ],
  "train_top_cls_loss": [
    0.806882,
    0.504711,
    0.476427,
    0.428349,
    0.416799,
    0.40153,
    0.379745,
    0.369893,
    0.342242,
    0.342025,
    0.330639,
    0.31968,
    0.307207,
    0.309049,
    0.285169,
    0.292908,
    0.272338,
    0.272962,
    0.259063,
    0.271333,
    0.224948,
    0.207511,
    0.208531,
    0.206808,
    0.192188,
    0.20548,
    0.190172,
    0.190761,
    0.187499,
    0.18249,
    0.178245,
    0.1831,
    0.175702,
    0.161872,
    0.166651,
    0.163739
  ],
  "train_total_loss": [
    3.1527,
    1.954485,
    1.732169,
    1.54472,
    1.471747,
    1.386038,
    1.295066,
    1.237668,
    1.177833,
    1.151432,
    1.100695,
    1.048702,
    1.035319,
    1.023004,
    0.962114,
    0.96689,
    0.918993,
    0.905477,
    0.873163,
    0.89699,
    0.767867,
    0.702901,
    0.699162,
    0.685509,
    0.664558,
    0.682842,
    0.653936,
    0.645487,
    0.64211,
    0.617622,
    0.599795,
    0.628552,
    0.592609,
    0.560021,
    0.56048,
    0.557824
  ],
  "learning_rates": [
    0.001,
    0.001,
    0.001,
    0.001,
    0.001,
    0.001,
    0.001,
    0.001,
    0.001,
    0.001,
    0.001,
    0.001,
    0.001,
    0.001,
    0.001,
    0.001,
    0.001,
    0.001,
    0.001,
    0.001,
    0.0005,
    0.0005,
    0.0005,
    0.0005,
    0.0005,
    0.0005,
    0.0005,
    0.0005,
    0.0005,
    0.0005,
    0.0005,
    0.0005,
    0.0005,
    0.0005,
    0.0005,
    0.0005
  ],
  "val_accuracy": [
    52.356322,
    65.344828,
    68.908046,
    71.83908,
    71.436782,
    73.16092,
    73.275862,
    75.344828,
    76.609195,
    75.804598,
    76.954023,
    75.91954,
    78.045977,
    77.241379,
    76.494253,
    77.586207,
    76.666667,
    77.931034,
    76.896552,
    78.045977,
    79.137931,
    77.988506,
    78.62069,
    78.678161,
    77.701149,
    77.356322,
    77.471264,
    76.954023,
    77.126437,
    78.16092,
    78.045977,
    77.183908,
    78.218391,
    77.471264,
    76.896552,
    77.183908
  ],
  "model_info": {
    "model_class": "BaseClassifier",
    "hidden_size": 128,
    "num_classes": 23,
    "emb_size_audio": 768,
    "emb_size_text": 512,
    "dropout": 0.1,
    "use_batch_norm": true,
    "mode": "both",
    "num_folds": 5,
    "fold_id": 3,
    "batch_size": 64,
    "random_seed": 1821
  }
}