{
  "train_cls_loss": [
    1.76738,
    1.410034,
    1.286314,
    1.219086,
    1.167345,
    1.13135,
    1.095231,
    1.069182,
    1.040717,
    1.016319,
    0.99631,
    0.968553,
    0.952817,
    0.94332,
    0.922266,
    0.901961,
    0.889526,
    0.872751,
    0.867396,
    0.858888,
    0.79343,
    0.768833,
    0.751099,
    0.736485,
    0.734454,
    0.718157,
    0.708486,
    0.697368,
    0.692194,
    0.676056,
    0.671294,
    0.664211,
    0.655921,
    0.651207,
    0.645612,
    0.635268,
    0.628822,
    0.617049,
    0.614243,
    0.613372,
    0.572297,
    0.553935,
    0.544557,
    0.537556,
    0.53678,
    0.527529,
    0.524549,
    0.517853
  ],
  "train_total_loss": [
    1.76738,
    1.410034,
    1.286314,
    1.219086,
    1.167345,
    1.13135,
    1.095231,
    1.069182,
    1.040717,
    1.016319,
    0.99631,
    0.968553,
    0.952817,
    0.94332,
    0.922266,
    0.901961,
    0.889526,
    0.872751,
    0.867396,
    0.858888,
    0.79343,
    0.768833,
    0.751099,
    0.736485,
    0.734454,
    0.718157,
    0.708486,
    0.697368,
    0.692194,
    0.676056,
    0.671294,
    0.664211,
    0.655921,
    0.651207,
    0.645612,
    0.635268,
    0.628822,
    0.617049,
    0.614243,
    0.613372,
    0.572297,
    0.553935,
    0.544557,
    0.537556,
    0.53678,
    0.527529,
    0.524549,
    0.517853
  ],
  "learning_rates": [
    0.001,
    0.001,
    0.001,
    0.001,
    0.001,
    0.001,
    0.001,
    0.001,
    0.001,
    0.001,
    0.001,
    0.001,
    0.001,
    0.001,
    0.001,
    0.001,
    0.001,
    0.001,
    0.001,
    0.001,
    0.0005,
    0.0005,
    0.0005,
    0.0005,
    0.0005,
    0.0005,
    0.0005,
    0.0005,
    0.0005,
    0.0005,
    0.0005,
    0.0005,
    0.0005,
    0.0005,
    0.0005,
    0.0005,
    0.0005,
    0.0005,
    0.0005,
    0.0005,
    0.00025,
    0.00025,
    0.00025,
    0.00025,
    0.00025,
    0.00025,
    0.00025,
    0.00025
  ],
  "val_accuracy": [
    55.162578,
    61.893896,
    63.662293,
    66.343411,
    68.282944,
    68.054763,
    70.279521,
    69.195665,
    68.111808,
    69.537935,
    69.48089,
    68.111808,
    69.13862,
    69.48089,
    68.225898,
    69.423845,
    69.70907,
    70.964062,
    69.3668,
    70.678836,
    70.621791,
    71.534512,
    70.678836,
    70.393611,
    69.3668,
    71.306332,
    71.990873,
    71.021107,
    71.078152,
    71.192242,
    71.705647,
    70.964062,
    72.162008,
    70.678836,
    69.93725,
    71.135197,
    70.165431,
    70.678836,
    70.279521,
    70.792926,
    71.135197,
    71.648602,
    71.363377,
    70.849971,
    71.078152,
    70.222476,
    70.792926,
    70.222476
  ],
  "model_info": {
    "model_class": "BaseClassifier",
    "hidden_size": 128,
    "num_classes": 23,
    "emb_size_audio": 512,
    "emb_size_text": 0,
    "dropout": 0.1,
    "use_batch_norm": true,
    "mode": "audio",
    "num_folds": 5,
    "fold_id": 3,
    "batch_size": 64,
    "random_seed": 1821
  }
}