{
  "attention_audio": [
    0.489558,
    0.481344,
    0.480868,
    0.474749,
    0.47186,
    0.475702,
    0.478637,
    0.480987,
    0.477676,
    0.477446,
    0.479054,
    0.477612,
    0.481753,
    0.481267,
    0.482205,
    0.483551,
    0.484664,
    0.4853,
    0.486533,
    0.485603,
    0.487164,
    0.484191,
    0.484284,
    0.488011,
    0.486571,
    0.483256,
    0.483489,
    0.486901,
    0.487766,
    0.488054,
    0.490354,
    0.490519,
    0.49172,
    0.488629,
    0.491119,
    0.491987,
    0.494026,
    0.490602
  ],
  "attention_text": [
    0.510442,
    0.518656,
    0.519132,
    0.525251,
    0.52814,
    0.524298,
    0.521363,
    0.519013,
    0.522324,
    0.522554,
    0.520946,
    0.522388,
    0.518247,
    0.518733,
    0.517795,
    0.516449,
    0.515336,
    0.5147,
    0.513467,
    0.514397,
    0.512836,
    0.515809,
    0.515716,
    0.511989,
    0.513429,
    0.516744,
    0.516511,
    0.513099,
    0.512234,
    0.511945,
    0.509646,
    0.509481,
    0.50828,
    0.511371,
    0.508881,
    0.508013,
    0.505974,
    0.509398
  ],
  "train_cls_loss": [
    2.317353,
    1.672686,
    1.4783,
    1.433685,
    1.286344,
    1.287269,
    1.217667,
    1.187812,
    1.184713,
    1.115251,
    1.09582,
    1.090248,
    1.074847,
    1.02353,
    0.996039,
    0.997664,
    1.06407,
    1.120398,
    1.084207,
    0.890761,
    0.828218,
    0.89011,
    0.863469,
    0.885255,
    0.906374,
    0.785243,
    0.822776,
    0.81574,
    0.838444,
    0.865268,
    0.762652,
    0.813767,
    0.743063,
    0.74461,
    0.737242,
    0.793212,
    0.736586,
    0.799915
  ],
  "train_total_loss": [
    2.317353,
    1.672686,
    1.4783,
    1.433685,
    1.286344,
    1.287269,
    1.217667,
    1.187812,
    1.184713,
    1.115251,
    1.09582,
    1.090248,
    1.074847,
    1.02353,
    0.996039,
    0.997664,
    1.06407,
    1.120398,
    1.084207,
    0.890761,
    0.828218,
    0.89011,
    0.863469,
    0.885255,
    0.906374,
    0.785243,
    0.822776,
    0.81574,
    0.838444,
    0.865268,
    0.762652,
    0.813767,
    0.743063,
    0.74461,
    0.737242,
    0.793212,
    0.736586,
    0.799915
  ],
  "learning_rates": [
    0.001,
    0.001,
    0.001,
    0.001,
    0.001,
    0.001,
    0.001,
    0.001,
    0.001,
    0.001,
    0.001,
    0.001,
    0.001,
    0.001,
    0.001,
    0.001,
    0.001,
    0.001,
    0.001,
    0.001,
    0.0005,
    0.0005,
    0.0005,
    0.0005,
    0.0005,
    0.0005,
    0.0005,
    0.0005,
    0.0005,
    0.0005,
    0.0005,
    0.0005,
    0.0005,
    0.0005,
    0.0005,
    0.0005,
    0.0005,
    0.0005
  ],
  "val_accuracy": [
    62.122076,
    68.168853,
    73.302909,
    74.843126,
    76.269253,
    76.326298,
    76.269253,
    77.067884,
    77.239019,
    77.92356,
    78.208785,
    77.410154,
    77.296064,
    76.782658,
    77.124929,
    78.836281,
    78.893326,
    79.007416,
    78.6081,
    77.866515,
    78.6081,
    78.6081,
    79.691957,
    78.37992,
    78.722191,
    78.551055,
    78.208785,
    79.064461,
    78.665145,
    78.722191,
    77.752424,
    78.03765,
    76.896748,
    78.6081,
    79.064461,
    78.37992,
    78.15174,
    77.92356
  ],
  "model_info": {
    "model_class": "BaseClassifier",
    "hidden_size": 128,
    "num_classes": 23,
    "emb_size_audio": 768,
    "emb_size_text": 512,
    "dropout": 0.1,
    "use_batch_norm": true,
    "mode": "both",
    "num_folds": 5,
    "fold_id": 1,
    "batch_size": 64,
    "random_seed": 1821
  }
}