{
  "attention_audio": [
    0.490441,
    0.488725,
    0.487689,
    0.48992,
    0.489058,
    0.494098,
    0.4949,
    0.499091,
    0.502407,
    0.496473,
    0.50172,
    0.504799,
    0.500635,
    0.502706,
    0.502879,
    0.50323,
    0.503806,
    0.503315,
    0.503439,
    0.506611,
    0.507286,
    0.506792,
    0.504862,
    0.502992,
    0.50339,
    0.503118,
    0.505169,
    0.506855,
    0.506748,
    0.507509,
    0.50602,
    0.506209,
    0.50629,
    0.50983,
    0.508495,
    0.508054
  ],
  "attention_text": [
    0.509559,
    0.511275,
    0.512311,
    0.51008,
    0.510942,
    0.505902,
    0.5051,
    0.500909,
    0.497593,
    0.503527,
    0.49828,
    0.495201,
    0.499365,
    0.497294,
    0.497121,
    0.49677,
    0.496194,
    0.496685,
    0.496561,
    0.493389,
    0.492714,
    0.493208,
    0.495138,
    0.497008,
    0.49661,
    0.496882,
    0.494831,
    0.493145,
    0.493252,
    0.492491,
    0.49398,
    0.493791,
    0.49371,
    0.49017,
    0.491505,
    0.491946
  ],
  "train_cls_loss": [
    1.596145,
    0.924428,
    0.769028,
    0.676061,
    0.640901,
    0.595036,
    0.561619,
    0.535399,
    0.529606,
    0.505519,
    0.482168,
    0.485555,
    0.450728,
    0.451682,
    0.442138,
    0.434044,
    0.417678,
    0.414017,
    0.391188,
    0.39358,
    0.331845,
    0.320248,
    0.313245,
    0.314773,
    0.307661,
    0.294057,
    0.300243,
    0.282779,
    0.280323,
    0.277956,
    0.274855,
    0.272165,
    0.270446,
    0.265892,
    0.265121,
    0.24545
  ],
  "train_total_loss": [
    1.596145,
    0.924428,
    0.769028,
    0.676061,
    0.640901,
    0.595036,
    0.561619,
    0.535399,
    0.529606,
    0.505519,
    0.482168,
    0.485555,
    0.450728,
    0.451682,
    0.442138,
    0.434044,
    0.417678,
    0.414017,
    0.391188,
    0.39358,
    0.331845,
    0.320248,
    0.313245,
    0.314773,
    0.307661,
    0.294057,
    0.300243,
    0.282779,
    0.280323,
    0.277956,
    0.274855,
    0.272165,
    0.270446,
    0.265892,
    0.265121,
    0.24545
  ],
  "learning_rates": [
    0.001,
    0.001,
    0.001,
    0.001,
    0.001,
    0.001,
    0.001,
    0.001,
    0.001,
    0.001,
    0.001,
    0.001,
    0.001,
    0.001,
    0.001,
    0.001,
    0.001,
    0.001,
    0.001,
    0.001,
    0.0005,
    0.0005,
    0.0005,
    0.0005,
    0.0005,
    0.0005,
    0.0005,
    0.0005,
    0.0005,
    0.0005,
    0.0005,
    0.0005,
    0.0005,
    0.0005,
    0.0005,
    0.0005
  ],
  "val_accuracy": [
    62.578437,
    71.192242,
    70.964062,
    74.272675,
    75.356532,
    78.03765,
    76.440388,
    77.353109,
    78.779236,
    78.665145,
    79.235596,
    79.634912,
    79.235596,
    78.37992,
    78.836281,
    79.235596,
    79.920137,
    78.208785,
    79.064461,
    79.349686,
    80.718768,
    79.349686,
    80.205362,
    79.977182,
    80.148317,
    80.034227,
    80.205362,
    80.205362,
    80.091272,
    80.319452,
    79.406731,
    79.806047,
    79.920137,
    79.235596,
    79.007416,
    79.463776
  ],
  "model_info": {
    "model_class": "BaseClassifier",
    "hidden_size": 128,
    "num_classes": 23,
    "emb_size_audio": 512,
    "emb_size_text": 512,
    "dropout": 0.1,
    "use_batch_norm": true,
    "mode": "both",
    "num_folds": 5,
    "fold_id": 0,
    "batch_size": 64,
    "random_seed": 1821
  }
}