{
  "train_cls_loss": [
    2.314267,
    1.561838,
    1.326748,
    1.202797,
    1.123456,
    1.076044,
    0.987024,
    0.96296,
    0.921084,
    0.882014,
    0.833645,
    0.803885,
    0.780912,
    0.773153,
    0.748417,
    0.71087,
    0.686789,
    0.667439,
    0.648719,
    0.63889,
    0.56955,
    0.530337,
    0.520717,
    0.489112,
    0.481307,
    0.475521,
    0.461772,
    0.450341,
    0.446269,
    0.437075,
    0.406097,
    0.424767,
    0.412778,
    0.402912,
    0.399718,
    0.394188,
    0.375102,
    0.389491,
    0.367654,
    0.347355,
    0.320924,
    0.294766
  ],
  "train_top_cls_loss": [
    0.686366,
    0.5005,
    0.457638,
    0.427193,
    0.412322,
    0.401126,
    0.374779,
    0.372589,
    0.354206,
    0.342118,
    0.325531,
    0.30656,
    0.310438,
    0.307244,
    0.292618,
    0.277994,
    0.276133,
    0.256578,
    0.25644,
    0.248648,
    0.225929,
    0.202753,
    0.189854,
    0.182812,
    0.186727,
    0.182091,
    0.172138,
    0.170411,
    0.170948,
    0.167504,
    0.155448,
    0.168451,
    0.151482,
    0.147811,
    0.156502,
    0.150332,
    0.149738,
    0.151136,
    0.148253,
    0.142207,
    0.131977,
    0.115665
  ],
  "train_total_loss": [
    3.343816,
    2.312587,
    2.013205,
    1.843586,
    1.741939,
    1.677733,
    1.549192,
    1.521844,
    1.452393,
    1.395191,
    1.321942,
    1.263725,
    1.246568,
    1.234018,
    1.187343,
    1.12786,
    1.100989,
    1.052306,
    1.033379,
    1.011863,
    0.908443,
    0.834466,
    0.805499,
    0.763329,
    0.761397,
    0.748656,
    0.719979,
    0.705957,
    0.702691,
    0.688331,
    0.639268,
    0.677444,
    0.640001,
    0.624629,
    0.634471,
    0.619687,
    0.599709,
    0.616195,
    0.590033,
    0.560665,
    0.51889,
    0.468264
  ],
  "learning_rates": [
    0.001,
    0.001,
    0.001,
    0.001,
    0.001,
    0.001,
    0.001,
    0.001,
    0.001,
    0.001,
    0.001,
    0.001,
    0.001,
    0.001,
    0.001,
    0.001,
    0.001,
    0.001,
    0.001,
    0.001,
    0.0005,
    0.0005,
    0.0005,
    0.0005,
    0.0005,
    0.0005,
    0.0005,
    0.0005,
    0.0005,
    0.0005,
    0.0005,
    0.0005,
    0.0005,
    0.0005,
    0.0005,
    0.0005,
    0.0005,
    0.0005,
    0.0005,
    0.0005,
    0.00025,
    0.00025
  ],
  "val_accuracy": [
    47.298851,
    62.068966,
    66.666667,
    69.367816,
    71.264368,
    70.574713,
    74.08046,
    74.712644,
    75.0,
    74.942529,
    77.471264,
    74.942529,
    74.54023,
    75.287356,
    76.149425,
    76.264368,
    77.011494,
    78.103448,
    75.344828,
    75.229885,
    78.62069,
    78.103448,
    78.16092,
    77.701149,
    77.816092,
    77.241379,
    79.08046,
    78.390805,
    78.045977,
    78.103448,
    77.298851,
    77.528736,
    77.011494,
    77.011494,
    77.471264,
    76.436782,
    77.988506,
    76.896552,
    76.724138,
    77.586207,
    78.045977,
    78.218391
  ],
  "model_info": {
    "model_class": "BaseClassifier",
    "hidden_size": 128,
    "num_classes": 23,
    "emb_size_audio": 1280,
    "emb_size_text": 0,
    "dropout": 0.1,
    "use_batch_norm": true,
    "mode": "audio",
    "num_folds": 5,
    "fold_id": 1,
    "batch_size": 64,
    "random_seed": 1821
  }
}