{
  "train_cls_loss": [
    2.432057,
    1.638733,
    1.495963,
    1.468079,
    1.267139,
    1.236185,
    1.310975,
    1.226427,
    1.18327,
    1.224397,
    1.079224,
    1.178128,
    1.21843,
    1.175079,
    1.034979,
    1.049768,
    1.03811,
    0.987562,
    0.994215,
    1.016854,
    0.939248,
    0.953504,
    0.91822,
    0.859289,
    0.94227,
    0.964338,
    0.901439,
    0.826583,
    0.785237,
    0.879223,
    0.856295,
    0.834713,
    0.882613,
    0.832604,
    0.892648,
    0.770325,
    0.810696,
    0.805673,
    0.756712,
    0.819095,
    0.677862,
    0.704395,
    0.709108,
    0.744281
  ],
  "train_total_loss": [
    2.432057,
    1.638733,
    1.495963,
    1.468079,
    1.267139,
    1.236185,
    1.310975,
    1.226427,
    1.18327,
    1.224397,
    1.079224,
    1.178128,
    1.21843,
    1.175079,
    1.034979,
    1.049768,
    1.03811,
    0.987562,
    0.994215,
    1.016854,
    0.939248,
    0.953504,
    0.91822,
    0.859289,
    0.94227,
    0.964338,
    0.901439,
    0.826583,
    0.785237,
    0.879223,
    0.856295,
    0.834713,
    0.882613,
    0.832604,
    0.892648,
    0.770325,
    0.810696,
    0.805673,
    0.756712,
    0.819095,
    0.677862,
    0.704395,
    0.709108,
    0.744281
  ],
  "learning_rates": [
    0.001,
    0.001,
    0.001,
    0.001,
    0.001,
    0.001,
    0.001,
    0.001,
    0.001,
    0.001,
    0.001,
    0.001,
    0.001,
    0.001,
    0.001,
    0.001,
    0.001,
    0.001,
    0.001,
    0.001,
    0.0005,
    0.0005,
    0.0005,
    0.0005,
    0.0005,
    0.0005,
    0.0005,
    0.0005,
    0.0005,
    0.0005,
    0.0005,
    0.0005,
    0.0005,
    0.0005,
    0.0005,
    0.0005,
    0.0005,
    0.0005,
    0.0005,
    0.0005,
    0.00025,
    0.00025,
    0.00025,
    0.00025
  ],
  "val_accuracy": [
    59.269823,
    66.229321,
    68.339989,
    70.964062,
    72.504278,
    73.188819,
    74.272675,
    75.071306,
    76.269253,
    74.786081,
    74.671991,
    76.098118,
    75.128351,
    77.010839,
    76.497433,
    76.839703,
    75.584712,
    77.239019,
    75.926982,
    75.185396,
    77.124929,
    78.03765,
    77.809469,
    77.467199,
    76.782658,
    76.611523,
    78.03765,
    77.524244,
    78.094695,
    77.296064,
    76.497433,
    77.181974,
    76.611523,
    77.239019,
    77.410154,
    76.953793,
    77.410154,
    77.124929,
    77.067884,
    77.239019,
    77.752424,
    77.866515,
    77.581289,
    76.554478
  ],
  "model_info": {
    "model_class": "BaseClassifier",
    "hidden_size": 128,
    "num_classes": 23,
    "emb_size_audio": 512,
    "emb_size_text": 0,
    "dropout": 0.1,
    "use_batch_norm": true,
    "mode": "audio",
    "num_folds": 5,
    "fold_id": 4,
    "batch_size": 64,
    "random_seed": 1821
  }
}