{
  "attention_audio": [
    0.53165,
    0.520752,
    0.516569,
    0.513634,
    0.517112,
    0.517226,
    0.520685,
    0.519801,
    0.527538,
    0.531763,
    0.532382,
    0.532608,
    0.533848,
    0.53629,
    0.537198,
    0.538995,
    0.541328,
    0.542711,
    0.546987,
    0.546858,
    0.550162,
    0.550116,
    0.545755,
    0.549658,
    0.550019,
    0.550465,
    0.549797,
    0.551791,
    0.550658,
    0.556148,
    0.554614,
    0.556754,
    0.556895,
    0.556326,
    0.558924,
    0.562257,
    0.561146,
    0.564516,
    0.560471,
    0.561864,
    0.560208,
    0.560156,
    0.561351,
    0.559673,
    0.557681,
    0.558037
  ],
  "attention_text": [
    0.46835,
    0.479248,
    0.483431,
    0.486366,
    0.482888,
    0.482774,
    0.479315,
    0.480199,
    0.472462,
    0.468237,
    0.467618,
    0.467392,
    0.466152,
    0.46371,
    0.462802,
    0.461005,
    0.458672,
    0.457289,
    0.453013,
    0.453142,
    0.449838,
    0.449884,
    0.454245,
    0.450342,
    0.449981,
    0.449535,
    0.450203,
    0.448209,
    0.449342,
    0.443852,
    0.445386,
    0.443246,
    0.443105,
    0.443674,
    0.441076,
    0.437743,
    0.438854,
    0.435484,
    0.439529,
    0.438135,
    0.439792,
    0.439844,
    0.438649,
    0.440327,
    0.442319,
    0.441963
  ],
  "train_cls_loss": [
    2.371838,
    1.540478,
    1.314413,
    1.147905,
    1.038252,
    0.993531,
    0.931165,
    0.895606,
    0.833571,
    0.794221,
    0.742465,
    0.7352,
    0.731158,
    0.674616,
    0.647104,
    0.65748,
    0.632205,
    0.595087,
    0.578547,
    0.556869,
    0.497521,
    0.449857,
    0.434436,
    0.433399,
    0.430114,
    0.39937,
    0.383314,
    0.412552,
    0.382416,
    0.371509,
    0.365579,
    0.363549,
    0.338236,
    0.35614,
    0.341157,
    0.317699,
    0.326549,
    0.323539,
    0.312967,
    0.313708,
    0.282694,
    0.248606,
    0.249862,
    0.25263,
    0.227748,
    0.217852
  ],
  "train_top_cls_loss": [
    0.706691,
    0.466265,
    0.431165,
    0.388851,
    0.363035,
    0.351692,
    0.344669,
    0.335848,
    0.323002,
    0.303876,
    0.289249,
    0.289451,
    0.286689,
    0.268549,
    0.255975,
    0.263334,
    0.244122,
    0.239261,
    0.233959,
    0.215913,
    0.19406,
    0.17401,
    0.166457,
    0.171213,
    0.169804,
    0.153146,
    0.1489,
    0.167428,
    0.153687,
    0.146245,
    0.145991,
    0.144181,
    0.139557,
    0.139383,
    0.134301,
    0.124622,
    0.137042,
    0.127199,
    0.133735,
    0.126653,
    0.114994,
    0.10499,
    0.101159,
    0.107404,
    0.097052,
    0.093692
  ],
  "train_total_loss": [
    3.431874,
    2.239875,
    1.961161,
    1.731182,
    1.582804,
    1.521069,
    1.448168,
    1.399377,
    1.318074,
    1.250036,
    1.176339,
    1.169377,
    1.161191,
    1.07744,
    1.031066,
    1.052481,
    0.998388,
    0.953978,
    0.929486,
    0.880738,
    0.788611,
    0.710872,
    0.684121,
    0.690218,
    0.68482,
    0.629088,
    0.606664,
    0.663695,
    0.612947,
    0.590876,
    0.584565,
    0.579821,
    0.547572,
    0.565215,
    0.542607,
    0.504633,
    0.532112,
    0.514337,
    0.513569,
    0.503687,
    0.455184,
    0.40609,
    0.401601,
    0.413736,
    0.373326,
    0.358391
  ],
  "learning_rates": [
    0.001,
    0.001,
    0.001,
    0.001,
    0.001,
    0.001,
    0.001,
    0.001,
    0.001,
    0.001,
    0.001,
    0.001,
    0.001,
    0.001,
    0.001,
    0.001,
    0.001,
    0.001,
    0.001,
    0.001,
    0.0005,
    0.0005,
    0.0005,
    0.0005,
    0.0005,
    0.0005,
    0.0005,
    0.0005,
    0.0005,
    0.0005,
    0.0005,
    0.0005,
    0.0005,
    0.0005,
    0.0005,
    0.0005,
    0.0005,
    0.0005,
    0.0005,
    0.0005,
    0.00025,
    0.00025,
    0.00025,
    0.00025,
    0.00025,
    0.00025
  ],
  "val_accuracy": [
    47.988506,
    57.701149,
    65.517241,
    69.712644,
    71.724138,
    73.16092,
    75.114943,
    73.16092,
    74.252874,
    74.655172,
    74.367816,
    76.609195,
    77.298851,
    76.551724,
    77.528736,
    77.586207,
    78.045977,
    77.816092,
    77.586207,
    78.735632,
    79.08046,
    79.08046,
    78.390805,
    79.310345,
    78.793103,
    78.735632,
    78.735632,
    78.793103,
    78.333333,
    78.965517,
    79.712644,
    78.390805,
    78.62069,
    78.62069,
    78.62069,
    77.873563,
    79.655172,
    78.390805,
    78.275862,
    77.816092,
    79.252874,
    78.908046,
    78.563218,
    78.103448,
    78.735632,
    78.850575
  ],
  "model_info": {
    "model_class": "BaseClassifier",
    "hidden_size": 128,
    "num_classes": 23,
    "emb_size_audio": 1280,
    "emb_size_text": 512,
    "dropout": 0.1,
    "use_batch_norm": true,
    "mode": "both",
    "num_folds": 5,
    "fold_id": 0,
    "batch_size": 64,
    "random_seed": 1821
  }
}