{
  "attention_audio": [
    0.486312,
    0.49115,
    0.498748,
    0.504641,
    0.502066,
    0.50104,
    0.500394,
    0.498042,
    0.500938,
    0.50092,
    0.496736,
    0.497429,
    0.500069,
    0.502,
    0.500583,
    0.500507,
    0.500057,
    0.50089,
    0.500674,
    0.500422,
    0.502365,
    0.501368,
    0.503198,
    0.504831,
    0.507777,
    0.502755,
    0.503245
  ],
  "attention_text": [
    0.513688,
    0.50885,
    0.501252,
    0.495359,
    0.497934,
    0.49896,
    0.499606,
    0.501958,
    0.499062,
    0.49908,
    0.503264,
    0.502571,
    0.499931,
    0.498,
    0.499417,
    0.499493,
    0.499943,
    0.49911,
    0.499326,
    0.499579,
    0.497635,
    0.498632,
    0.496802,
    0.495169,
    0.492223,
    0.497245,
    0.496755
  ],
  "train_cls_loss": [
    2.484023,
    1.793001,
    1.671205,
    1.513337,
    1.428752,
    1.593807,
    1.411632,
    1.292648,
    1.309711,
    1.337252,
    1.321144,
    1.285837,
    1.268004,
    1.130429,
    1.260823,
    1.323695,
    1.229844,
    1.231039,
    1.269528,
    1.143813,
    1.076519,
    1.077106,
    1.106633,
    0.979853,
    1.047129,
    1.063262,
    1.033139
  ],
  "train_total_loss": [
    2.484023,
    1.793001,
    1.671205,
    1.513337,
    1.428752,
    1.593807,
    1.411632,
    1.292648,
    1.309711,
    1.337252,
    1.321144,
    1.285837,
    1.268004,
    1.130429,
    1.260823,
    1.323695,
    1.229844,
    1.231039,
    1.269528,
    1.143813,
    1.076519,
    1.077106,
    1.106633,
    0.979853,
    1.047129,
    1.063262,
    1.033139
  ],
  "learning_rates": [
    0.001,
    0.001,
    0.001,
    0.001,
    0.001,
    0.001,
    0.001,
    0.001,
    0.001,
    0.001,
    0.001,
    0.001,
    0.001,
    0.001,
    0.001,
    0.001,
    0.001,
    0.001,
    0.001,
    0.001,
    0.0005,
    0.0005,
    0.0005,
    0.0005,
    0.0005,
    0.0005,
    0.0005
  ],
  "val_accuracy": [
    58.813463,
    70.907017,
    73.75927,
    75.584712,
    76.668568,
    77.752424,
    78.37992,
    79.520821,
    78.779236,
    78.779236,
    79.463776,
    81.003993,
    79.691957,
    78.6081,
    79.235596,
    79.577867,
    80.205362,
    79.577867,
    79.691957,
    80.832858,
    80.718768,
    80.604678,
    80.433542,
    80.775813,
    80.490588,
    80.034227,
    79.691957
  ],
  "model_info": {
    "model_class": "BaseClassifier",
    "hidden_size": 128,
    "num_classes": 23,
    "emb_size_audio": 512,
    "emb_size_text": 512,
    "dropout": 0.1,
    "use_batch_norm": true,
    "mode": "both",
    "num_folds": 5,
    "fold_id": 3,
    "batch_size": 64,
    "random_seed": 1821
  }
}