{
  "attention_audio": [
    0.51666,
    0.502327,
    0.495651,
    0.495129,
    0.496617,
    0.497416,
    0.499085,
    0.497777,
    0.499626,
    0.500574,
    0.497541,
    0.494617,
    0.496749,
    0.502237,
    0.497853,
    0.501392,
    0.497925,
    0.50341,
    0.508272,
    0.505354,
    0.504013,
    0.504618,
    0.503098,
    0.504398,
    0.503089,
    0.504044,
    0.505948,
    0.510058,
    0.508365,
    0.507641,
    0.507947,
    0.508629,
    0.510523,
    0.506312,
    0.508294,
    0.509467
  ],
  "attention_text": [
    0.48334,
    0.497673,
    0.504349,
    0.504871,
    0.503383,
    0.502584,
    0.500915,
    0.502223,
    0.500374,
    0.499426,
    0.502459,
    0.505383,
    0.503251,
    0.497763,
    0.502147,
    0.498608,
    0.502075,
    0.49659,
    0.491728,
    0.494646,
    0.495987,
    0.495382,
    0.496902,
    0.495602,
    0.496911,
    0.495956,
    0.494052,
    0.489942,
    0.491635,
    0.492359,
    0.492053,
    0.491371,
    0.489477,
    0.493688,
    0.491706,
    0.490533
  ],
  "train_cls_loss": [
    1.674561,
    1.01946,
    0.846781,
    0.743217,
    0.691369,
    0.636678,
    0.602087,
    0.564866,
    0.551186,
    0.527307,
    0.515329,
    0.503979,
    0.480776,
    0.464877,
    0.460847,
    0.440642,
    0.431428,
    0.423741,
    0.414679,
    0.395777,
    0.346464,
    0.327901,
    0.324996,
    0.320529,
    0.31518,
    0.311584,
    0.302008,
    0.301873,
    0.298074,
    0.289569,
    0.288376,
    0.27418,
    0.271724,
    0.267879,
    0.271134,
    0.267953
  ],
  "train_top_cls_loss": [
    0.78161,
    0.481301,
    0.438134,
    0.410588,
    0.404631,
    0.384488,
    0.373326,
    0.357189,
    0.357499,
    0.342391,
    0.331632,
    0.322493,
    0.318888,
    0.304145,
    0.300726,
    0.2921,
    0.28627,
    0.27937,
    0.27138,
    0.267058,
    0.231706,
    0.213713,
    0.212328,
    0.213177,
    0.204671,
    0.209868,
    0.198245,
    0.201294,
    0.200389,
    0.186371,
    0.183486,
    0.181431,
    0.173302,
    0.17767,
    0.174183,
    0.171096
  ],
  "train_total_loss": [
    2.221688,
    1.35637,
    1.153475,
    1.030628,
    0.974611,
    0.905819,
    0.863415,
    0.814898,
    0.801435,
    0.766981,
    0.747472,
    0.729724,
    0.703997,
    0.677779,
    0.671355,
    0.645112,
    0.631818,
    0.6193,
    0.604645,
    0.582717,
    0.508658,
    0.4775,
    0.473626,
    0.469753,
    0.45845,
    0.458491,
    0.44078,
    0.442778,
    0.438347,
    0.420028,
    0.416816,
    0.401181,
    0.393036,
    0.392248,
    0.393062,
    0.387721
  ],
  "learning_rates": [
    0.001,
    0.001,
    0.001,
    0.001,
    0.001,
    0.001,
    0.001,
    0.001,
    0.001,
    0.001,
    0.001,
    0.001,
    0.001,
    0.001,
    0.001,
    0.001,
    0.001,
    0.001,
    0.001,
    0.001,
    0.0005,
    0.0005,
    0.0005,
    0.0005,
    0.0005,
    0.0005,
    0.0005,
    0.0005,
    0.0005,
    0.0005,
    0.0005,
    0.0005,
    0.0005,
    0.0005,
    0.0005,
    0.0005
  ],
  "val_accuracy": [
    53.793497,
    63.548203,
    68.682259,
    73.474044,
    75.755847,
    76.155163,
    77.124929,
    76.269253,
    76.554478,
    78.893326,
    78.436965,
    77.695379,
    79.349686,
    79.064461,
    78.37992,
    79.520821,
    78.722191,
    79.007416,
    78.094695,
    79.064461,
    80.832858,
    79.806047,
    79.977182,
    80.376497,
    79.634912,
    80.433542,
    80.262407,
    79.577867,
    80.034227,
    79.749002,
    79.806047,
    79.920137,
    80.319452,
    80.205362,
    79.920137,
    80.319452
  ],
  "model_info": {
    "model_class": "BaseClassifier",
    "hidden_size": 128,
    "num_classes": 23,
    "emb_size_audio": 512,
    "emb_size_text": 512,
    "dropout": 0.1,
    "use_batch_norm": true,
    "mode": "both",
    "num_folds": 5,
    "fold_id": 0,
    "batch_size": 64,
    "random_seed": 1821
  }
}