{
  "attention_audio": [
    0.46483,
    0.467397,
    0.476935,
    0.476328,
    0.478999,
    0.479126,
    0.4795,
    0.480642,
    0.481844,
    0.480243,
    0.482732,
    0.487599,
    0.490368,
    0.488088,
    0.487393,
    0.493304,
    0.494115,
    0.495925,
    0.495053,
    0.494171,
    0.490961,
    0.495436,
    0.495849,
    0.49816,
    0.49879,
    0.498515,
    0.49892,
    0.500403,
    0.50106,
    0.501824,
    0.499421,
    0.499577,
    0.499627,
    0.501765,
    0.505718,
    0.505787,
    0.505834,
    0.504258
  ],
  "attention_text": [
    0.53517,
    0.532603,
    0.523065,
    0.523672,
    0.521001,
    0.520874,
    0.5205,
    0.519358,
    0.518156,
    0.519757,
    0.517268,
    0.512401,
    0.509632,
    0.511912,
    0.512607,
    0.506696,
    0.505885,
    0.504075,
    0.504947,
    0.505829,
    0.509039,
    0.504564,
    0.504151,
    0.50184,
    0.501209,
    0.501485,
    0.50108,
    0.499597,
    0.49894,
    0.498176,
    0.500579,
    0.500423,
    0.500373,
    0.498235,
    0.494282,
    0.494213,
    0.494166,
    0.495742
  ],
  "train_cls_loss": [
    1.550753,
    0.885875,
    0.745365,
    0.68032,
    0.620796,
    0.58928,
    0.561394,
    0.533703,
    0.522953,
    0.496439,
    0.48305,
    0.461237,
    0.451107,
    0.441932,
    0.431158,
    0.412491,
    0.412091,
    0.398564,
    0.397716,
    0.375334,
    0.342905,
    0.32673,
    0.309783,
    0.31433,
    0.312386,
    0.30515,
    0.29392,
    0.290006,
    0.292308,
    0.279514,
    0.273388,
    0.273007,
    0.270586,
    0.26122,
    0.251363,
    0.262549,
    0.249799,
    0.251513
  ],
  "train_total_loss": [
    1.550753,
    0.885875,
    0.745365,
    0.68032,
    0.620796,
    0.58928,
    0.561394,
    0.533703,
    0.522953,
    0.496439,
    0.48305,
    0.461237,
    0.451107,
    0.441932,
    0.431158,
    0.412491,
    0.412091,
    0.398564,
    0.397716,
    0.375334,
    0.342905,
    0.32673,
    0.309783,
    0.31433,
    0.312386,
    0.30515,
    0.29392,
    0.290006,
    0.292308,
    0.279514,
    0.273388,
    0.273007,
    0.270586,
    0.26122,
    0.251363,
    0.262549,
    0.249799,
    0.251513
  ],
  "learning_rates": [
    0.001,
    0.001,
    0.001,
    0.001,
    0.001,
    0.001,
    0.001,
    0.001,
    0.001,
    0.001,
    0.001,
    0.001,
    0.001,
    0.001,
    0.001,
    0.001,
    0.001,
    0.001,
    0.001,
    0.001,
    0.0005,
    0.0005,
    0.0005,
    0.0005,
    0.0005,
    0.0005,
    0.0005,
    0.0005,
    0.0005,
    0.0005,
    0.0005,
    0.0005,
    0.0005,
    0.0005,
    0.0005,
    0.0005,
    0.0005,
    0.0005
  ],
  "val_accuracy": [
    65.145465,
    69.652025,
    72.333143,
    74.272675,
    75.926982,
    77.467199,
    76.611523,
    77.695379,
    77.809469,
    78.03765,
    79.064461,
    79.520821,
    79.178551,
    78.665145,
    79.577867,
    79.920137,
    80.832858,
    80.376497,
    79.292641,
    80.547633,
    81.118083,
    80.490588,
    81.175128,
    81.118083,
    79.691957,
    79.977182,
    80.148317,
    80.775813,
    80.604678,
    79.806047,
    79.520821,
    80.091272,
    80.946948,
    80.034227,
    79.977182,
    79.406731,
    79.863092,
    79.691957
  ],
  "model_info": {
    "model_class": "BaseClassifier",
    "hidden_size": 128,
    "num_classes": 23,
    "emb_size_audio": 512,
    "emb_size_text": 512,
    "dropout": 0.1,
    "use_batch_norm": true,
    "mode": "both",
    "num_folds": 5,
    "fold_id": 4,
    "batch_size": 64,
    "random_seed": 1821
  }
}