{
  "train_cls_loss": [
    2.217695,
    1.403606,
    1.182863,
    1.091154,
    1.012627,
    0.984206,
    0.926703,
    0.904153,
    0.861475,
    0.819508,
    0.82507,
    0.793313,
    0.752467,
    0.756004,
    0.719675,
    0.7351,
    0.704766,
    0.702018,
    0.68126,
    0.67124,
    0.607856,
    0.572562,
    0.557409,
    0.563132,
    0.552531,
    0.540815,
    0.538319,
    0.517774,
    0.504476,
    0.510673,
    0.509623,
    0.494032,
    0.463776,
    0.475968,
    0.472844,
    0.470474,
    0.46457,
    0.455153,
    0.43119
  ],
  "train_total_loss": [
    2.217695,
    1.403606,
    1.182863,
    1.091154,
    1.012627,
    0.984206,
    0.926703,
    0.904153,
    0.861475,
    0.819508,
    0.82507,
    0.793313,
    0.752467,
    0.756004,
    0.719675,
    0.7351,
    0.704766,
    0.702018,
    0.68126,
    0.67124,
    0.607856,
    0.572562,
    0.557409,
    0.563132,
    0.552531,
    0.540815,
    0.538319,
    0.517774,
    0.504476,
    0.510673,
    0.509623,
    0.494032,
    0.463776,
    0.475968,
    0.472844,
    0.470474,
    0.46457,
    0.455153,
    0.43119
  ],
  "learning_rates": [
    0.001,
    0.001,
    0.001,
    0.001,
    0.001,
    0.001,
    0.001,
    0.001,
    0.001,
    0.001,
    0.001,
    0.001,
    0.001,
    0.001,
    0.001,
    0.001,
    0.001,
    0.001,
    0.001,
    0.001,
    0.0005,
    0.0005,
    0.0005,
    0.0005,
    0.0005,
    0.0005,
    0.0005,
    0.0005,
    0.0005,
    0.0005,
    0.0005,
    0.0005,
    0.0005,
    0.0005,
    0.0005,
    0.0005,
    0.0005,
    0.0005,
    0.0005
  ],
  "val_accuracy": [
    54.934398,
    65.3166,
    69.880205,
    70.507701,
    73.131774,
    72.846549,
    74.671991,
    75.527667,
    75.128351,
    74.614946,
    76.041072,
    76.782658,
    75.527667,
    75.470622,
    76.383343,
    75.755847,
    75.356532,
    76.611523,
    76.326298,
    75.812892,
    76.839703,
    76.440388,
    76.269253,
    77.239019,
    77.010839,
    76.326298,
    76.839703,
    76.668568,
    76.269253,
    76.098118,
    76.668568,
    76.725613,
    76.725613,
    77.010839,
    76.098118,
    76.668568,
    76.326298,
    76.554478,
    76.554478
  ],
  "model_info": {
    "model_class": "BaseClassifier",
    "hidden_size": 128,
    "num_classes": 23,
    "emb_size_audio": 512,
    "emb_size_text": 0,
    "dropout": 0.1,
    "use_batch_norm": true,
    "mode": "audio",
    "num_folds": 5,
    "fold_id": 1,
    "batch_size": 64,
    "random_seed": 1821
  }
}