{
  "train_cls_loss": [
    2.471457,
    1.7686,
    1.579291,
    1.548771,
    1.517704,
    1.522219,
    1.412916,
    1.371369,
    1.395396,
    1.289465,
    1.200328,
    1.316563,
    1.28294,
    1.226284,
    1.166068,
    1.22094,
    1.11114,
    1.213769,
    1.175791,
    1.207944,
    1.063594,
    1.059729,
    1.085486,
    1.112463,
    1.078072,
    1.061254,
    1.054593,
    1.050159,
    1.164495,
    1.0297,
    1.058621,
    0.967853,
    1.017075,
    0.969055,
    1.058261,
    1.02779,
    1.007468,
    0.923238,
    0.948777,
    0.92793,
    0.86555,
    0.839467
  ],
  "train_total_loss": [
    2.471457,
    1.7686,
    1.579291,
    1.548771,
    1.517704,
    1.522219,
    1.412916,
    1.371369,
    1.395396,
    1.289465,
    1.200328,
    1.316563,
    1.28294,
    1.226284,
    1.166068,
    1.22094,
    1.11114,
    1.213769,
    1.175791,
    1.207944,
    1.063594,
    1.059729,
    1.085486,
    1.112463,
    1.078072,
    1.061254,
    1.054593,
    1.050159,
    1.164495,
    1.0297,
    1.058621,
    0.967853,
    1.017075,
    0.969055,
    1.058261,
    1.02779,
    1.007468,
    0.923238,
    0.948777,
    0.92793,
    0.86555,
    0.839467
  ],
  "learning_rates": [
    0.001,
    0.001,
    0.001,
    0.001,
    0.001,
    0.001,
    0.001,
    0.001,
    0.001,
    0.001,
    0.001,
    0.001,
    0.001,
    0.001,
    0.001,
    0.001,
    0.001,
    0.001,
    0.001,
    0.001,
    0.0005,
    0.0005,
    0.0005,
    0.0005,
    0.0005,
    0.0005,
    0.0005,
    0.0005,
    0.0005,
    0.0005,
    0.0005,
    0.0005,
    0.0005,
    0.0005,
    0.0005,
    0.0005,
    0.0005,
    0.0005,
    0.0005,
    0.0005,
    0.00025,
    0.00025
  ],
  "val_accuracy": [
    60.981175,
    68.168853,
    70.222476,
    72.846549,
    72.846549,
    74.557901,
    75.869937,
    74.786081,
    75.185396,
    76.155163,
    76.041072,
    76.896748,
    76.611523,
    77.239019,
    78.836281,
    77.866515,
    77.752424,
    77.181974,
    77.467199,
    76.611523,
    78.836281,
    78.49401,
    78.03765,
    78.49401,
    78.551055,
    78.37992,
    79.235596,
    78.6081,
    77.638334,
    77.695379,
    77.581289,
    78.49401,
    76.611523,
    78.15174,
    77.467199,
    77.239019,
    76.611523,
    77.353109,
    77.524244,
    78.03765,
    77.524244,
    78.26583
  ],
  "model_info": {
    "model_class": "BaseClassifier",
    "hidden_size": 128,
    "num_classes": 23,
    "emb_size_audio": 512,
    "emb_size_text": 0,
    "dropout": 0.1,
    "use_batch_norm": true,
    "mode": "audio",
    "num_folds": 5,
    "fold_id": 2,
    "batch_size": 64,
    "random_seed": 1821
  }
}