{
  "train_cls_loss": [
    2.325659,
    1.618521,
    1.433767,
    1.339732,
    1.283326,
    1.203573,
    1.170762,
    1.106797,
    1.083442,
    1.052735,
    0.998889,
    0.977468,
    0.970612,
    0.910461,
    0.914892,
    0.913094,
    0.874031,
    0.850361,
    0.816209,
    0.810956,
    0.731378,
    0.695784,
    0.670718,
    0.656323,
    0.659072,
    0.625383,
    0.620145,
    0.608096,
    0.587674,
    0.594762,
    0.578627,
    0.56302,
    0.548088,
    0.533384,
    0.535426,
    0.532628,
    0.51282,
    0.504896,
    0.496987,
    0.491214,
    0.436232,
    0.418344,
    0.417679,
    0.41376,
    0.399588,
    0.398313,
    0.379103,
    0.39016,
    0.380382,
    0.381772,
    0.381217
  ],
  "train_total_loss": [
    2.325659,
    1.618521,
    1.433767,
    1.339732,
    1.283326,
    1.203573,
    1.170762,
    1.106797,
    1.083442,
    1.052735,
    0.998889,
    0.977468,
    0.970612,
    0.910461,
    0.914892,
    0.913094,
    0.874031,
    0.850361,
    0.816209,
    0.810956,
    0.731378,
    0.695784,
    0.670718,
    0.656323,
    0.659072,
    0.625383,
    0.620145,
    0.608096,
    0.587674,
    0.594762,
    0.578627,
    0.56302,
    0.548088,
    0.533384,
    0.535426,
    0.532628,
    0.51282,
    0.504896,
    0.496987,
    0.491214,
    0.436232,
    0.418344,
    0.417679,
    0.41376,
    0.399588,
    0.398313,
    0.379103,
    0.39016,
    0.380382,
    0.381772,
    0.381217
  ],
  "learning_rates": [
    0.001,
    0.001,
    0.001,
    0.001,
    0.001,
    0.001,
    0.001,
    0.001,
    0.001,
    0.001,
    0.001,
    0.001,
    0.001,
    0.001,
    0.001,
    0.001,
    0.001,
    0.001,
    0.001,
    0.001,
    0.0005,
    0.0005,
    0.0005,
    0.0005,
    0.0005,
    0.0005,
    0.0005,
    0.0005,
    0.0005,
    0.0005,
    0.0005,
    0.0005,
    0.0005,
    0.0005,
    0.0005,
    0.0005,
    0.0005,
    0.0005,
    0.0005,
    0.0005,
    0.00025,
    0.00025,
    0.00025,
    0.00025,
    0.00025,
    0.00025,
    0.00025,
    0.00025,
    0.00025,
    0.00025,
    0.00025
  ],
  "val_accuracy": [
    56.724138,
    62.471264,
    66.436782,
    65.862069,
    68.103448,
    68.965517,
    68.965517,
    71.436782,
    71.436782,
    72.816092,
    71.896552,
    72.873563,
    71.551724,
    72.988506,
    73.045977,
    73.735632,
    74.252874,
    74.137931,
    73.563218,
    73.448276,
    75.402299,
    75.057471,
    75.402299,
    74.425287,
    75.287356,
    74.712644,
    74.195402,
    74.655172,
    74.942529,
    74.54023,
    74.54023,
    74.770115,
    73.793103,
    74.08046,
    74.425287,
    75.91954,
    74.08046,
    75.114943,
    74.597701,
    74.195402,
    74.770115,
    74.482759,
    75.229885,
    74.367816,
    74.195402,
    73.735632,
    74.367816,
    74.137931,
    74.482759,
    74.712644,
    74.712644
  ],
  "model_info": {
    "model_class": "BaseClassifier",
    "hidden_size": 128,
    "num_classes": 23,
    "emb_size_audio": 768,
    "emb_size_text": 0,
    "dropout": 0.1,
    "use_batch_norm": true,
    "mode": "audio",
    "num_folds": 5,
    "fold_id": 2,
    "batch_size": 64,
    "random_seed": 1821
  }
}