{
  "attention_audio": [
    0.503863,
    0.507277,
    0.504242,
    0.506557,
    0.508873,
    0.496504,
    0.505244,
    0.503437,
    0.509447,
    0.506558,
    0.504823,
    0.5067,
    0.50844,
    0.51298,
    0.511114,
    0.508035,
    0.509104,
    0.512651,
    0.509827,
    0.509704,
    0.51214,
    0.513384,
    0.514309,
    0.516342,
    0.515697,
    0.511209,
    0.511028,
    0.51242,
    0.511973,
    0.512758,
    0.5146,
    0.512983,
    0.51443,
    0.513748,
    0.517364,
    0.517267,
    0.516815,
    0.513128,
    0.511929,
    0.517452,
    0.514591,
    0.515193,
    0.515708
  ],
  "attention_text": [
    0.496137,
    0.492723,
    0.495758,
    0.493443,
    0.491127,
    0.503496,
    0.494756,
    0.496563,
    0.490553,
    0.493442,
    0.495177,
    0.4933,
    0.49156,
    0.48702,
    0.488886,
    0.491965,
    0.490896,
    0.487349,
    0.490173,
    0.490296,
    0.48786,
    0.486616,
    0.485691,
    0.483658,
    0.484303,
    0.488791,
    0.488971,
    0.48758,
    0.488027,
    0.487242,
    0.4854,
    0.487017,
    0.48557,
    0.486252,
    0.482636,
    0.482734,
    0.483185,
    0.486872,
    0.488071,
    0.482548,
    0.485409,
    0.484807,
    0.484292
  ],
  "train_cls_loss": [
    2.439519,
    1.687615,
    1.52212,
    1.446444,
    1.363514,
    1.328775,
    1.295168,
    1.24819,
    1.220896,
    1.19567,
    1.209295,
    1.168664,
    1.153323,
    1.134561,
    1.130121,
    1.102826,
    1.088727,
    1.086851,
    1.069007,
    1.050432,
    0.99756,
    0.976649,
    0.974928,
    0.955606,
    0.949692,
    0.942161,
    0.942052,
    0.934799,
    0.929662,
    0.909855,
    0.9132,
    0.910308,
    0.903457,
    0.903241,
    0.907112,
    0.891942,
    0.883971,
    0.867009,
    0.879214,
    0.867782,
    0.834732,
    0.820964,
    0.808778
  ],
  "train_total_loss": [
    2.439519,
    1.687615,
    1.52212,
    1.446444,
    1.363514,
    1.328775,
    1.295168,
    1.24819,
    1.220896,
    1.19567,
    1.209295,
    1.168664,
    1.153323,
    1.134561,
    1.130121,
    1.102826,
    1.088727,
    1.086851,
    1.069007,
    1.050432,
    0.99756,
    0.976649,
    0.974928,
    0.955606,
    0.949692,
    0.942161,
    0.942052,
    0.934799,
    0.929662,
    0.909855,
    0.9132,
    0.910308,
    0.903457,
    0.903241,
    0.907112,
    0.891942,
    0.883971,
    0.867009,
    0.879214,
    0.867782,
    0.834732,
    0.820964,
    0.808778
  ],
  "learning_rates": [
    0.001,
    0.001,
    0.001,
    0.001,
    0.001,
    0.001,
    0.001,
    0.001,
    0.001,
    0.001,
    0.001,
    0.001,
    0.001,
    0.001,
    0.001,
    0.001,
    0.001,
    0.001,
    0.001,
    0.001,
    0.0005,
    0.0005,
    0.0005,
    0.0005,
    0.0005,
    0.0005,
    0.0005,
    0.0005,
    0.0005,
    0.0005,
    0.0005,
    0.0005,
    0.0005,
    0.0005,
    0.0005,
    0.0005,
    0.0005,
    0.0005,
    0.0005,
    0.0005,
    0.00025,
    0.00025,
    0.00025
  ],
  "val_accuracy": [
    61.779806,
    72.504278,
    73.75927,
    76.611523,
    76.839703,
    75.869937,
    77.067884,
    79.520821,
    79.691957,
    79.349686,
    79.806047,
    78.779236,
    79.121506,
    79.463776,
    79.292641,
    80.262407,
    79.520821,
    78.722191,
    80.148317,
    80.832858,
    80.205362,
    80.148317,
    80.319452,
    80.547633,
    79.806047,
    79.007416,
    79.691957,
    81.061038,
    80.148317,
    80.433542,
    79.977182,
    79.406731,
    79.235596,
    80.091272,
    79.235596,
    79.977182,
    79.920137,
    79.749002,
    80.091272,
    79.691957,
    80.034227,
    80.262407,
    80.205362
  ],
  "model_info": {
    "model_class": "BaseClassifier",
    "hidden_size": 128,
    "num_classes": 23,
    "emb_size_audio": 512,
    "emb_size_text": 512,
    "dropout": 0.1,
    "use_batch_norm": true,
    "mode": "both",
    "num_folds": 5,
    "fold_id": 3,
    "batch_size": 64,
    "random_seed": 1821
  }
}