{
  "attention_audio": [
    0.488286,
    0.484557,
    0.483247,
    0.486954,
    0.486577,
    0.485055,
    0.485481,
    0.488184,
    0.488782,
    0.48656,
    0.491327,
    0.492439,
    0.494307,
    0.498101,
    0.496579,
    0.496028,
    0.499998,
    0.497365,
    0.500757,
    0.500213,
    0.499473,
    0.498384,
    0.498079,
    0.501949,
    0.500777,
    0.496602,
    0.500558,
    0.502012,
    0.504268,
    0.501991,
    0.503018,
    0.504221,
    0.503967,
    0.501491,
    0.50253,
    0.501616,
    0.503003,
    0.501129,
    0.501531,
    0.503272,
    0.502856,
    0.503856,
    0.503727,
    0.504489,
    0.50311,
    0.504522,
    0.505778,
    0.505541,
    0.507248,
    0.505061,
    0.504563,
    0.502218,
    0.505714,
    0.506351,
    0.505997,
    0.505478,
    0.506817,
    0.506377
  ],
  "attention_text": [
    0.511714,
    0.515443,
    0.516753,
    0.513046,
    0.513423,
    0.514945,
    0.514519,
    0.511816,
    0.511218,
    0.51344,
    0.508673,
    0.507561,
    0.505693,
    0.501899,
    0.503421,
    0.503972,
    0.500002,
    0.502635,
    0.499243,
    0.499787,
    0.500527,
    0.501616,
    0.501921,
    0.498051,
    0.499223,
    0.503398,
    0.499441,
    0.497988,
    0.495732,
    0.498009,
    0.496982,
    0.495779,
    0.496033,
    0.498509,
    0.49747,
    0.498384,
    0.496997,
    0.498871,
    0.498469,
    0.496728,
    0.497144,
    0.496144,
    0.496273,
    0.495511,
    0.49689,
    0.495478,
    0.494222,
    0.494459,
    0.492752,
    0.494939,
    0.495437,
    0.497782,
    0.494286,
    0.493649,
    0.494003,
    0.494522,
    0.493183,
    0.493623
  ],
  "train_cls_loss": [
    2.257743,
    1.477191,
    1.244718,
    1.136427,
    1.02183,
    0.956738,
    0.929254,
    0.85321,
    0.833935,
    0.799644,
    0.751811,
    0.741438,
    0.727049,
    0.698194,
    0.673679,
    0.658571,
    0.642096,
    0.638958,
    0.611004,
    0.61281,
    0.514326,
    0.501876,
    0.475176,
    0.462288,
    0.4713,
    0.451588,
    0.451129,
    0.435821,
    0.426913,
    0.421128,
    0.394254,
    0.399658,
    0.371711,
    0.381833,
    0.367798,
    0.361452,
    0.353688,
    0.358563,
    0.338512,
    0.338268,
    0.289774,
    0.271702,
    0.274335,
    0.259907,
    0.246892,
    0.252624,
    0.247598,
    0.240669,
    0.241224,
    0.23918,
    0.242758,
    0.230837,
    0.226423,
    0.219162,
    0.213622,
    0.213424,
    0.211259,
    0.207193
  ],
  "train_contrastive_loss": [
    3.773968,
    3.553221,
    3.498608,
    3.473032,
    3.439917,
    3.431026,
    3.429079,
    3.401872,
    3.386874,
    3.386255,
    3.370536,
    3.357902,
    3.354433,
    3.34097,
    3.335716,
    3.323648,
    3.31831,
    3.318949,
    3.315202,
    3.31783,
    3.270431,
    3.262563,
    3.263134,
    3.245562,
    3.249805,
    3.23989,
    3.240464,
    3.239307,
    3.223495,
    3.22487,
    3.219785,
    3.2209,
    3.205016,
    3.21447,
    3.204871,
    3.199576,
    3.195514,
    3.19962,
    3.186784,
    3.182702,
    3.170562,
    3.158445,
    3.159876,
    3.15859,
    3.147396,
    3.152888,
    3.15307,
    3.151098,
    3.156884,
    3.140248,
    3.150871,
    3.143,
    3.137943,
    3.140202,
    3.132376,
    3.133227,
    3.130226,
    3.132616
  ],
  "train_total_loss": [
    6.031711,
    5.030413,
    4.743327,
    4.609459,
    4.461747,
    4.387764,
    4.358333,
    4.255082,
    4.220809,
    4.185899,
    4.122347,
    4.099341,
    4.081482,
    4.039165,
    4.009396,
    3.982219,
    3.960405,
    3.957908,
    3.926206,
    3.93064,
    3.784757,
    3.764438,
    3.738311,
    3.70785,
    3.721104,
    3.691478,
    3.691592,
    3.675128,
    3.650408,
    3.645999,
    3.614039,
    3.620558,
    3.576726,
    3.596303,
    3.572669,
    3.561028,
    3.549202,
    3.558183,
    3.525297,
    3.52097,
    3.460337,
    3.430147,
    3.434211,
    3.418497,
    3.394288,
    3.405512,
    3.400667,
    3.391767,
    3.398108,
    3.379428,
    3.393629,
    3.373836,
    3.364366,
    3.359364,
    3.345998,
    3.346652,
    3.341485,
    3.339809
  ],
  "learning_rates": [
    0.001,
    0.001,
    0.001,
    0.001,
    0.001,
    0.001,
    0.001,
    0.001,
    0.001,
    0.001,
    0.001,
    0.001,
    0.001,
    0.001,
    0.001,
    0.001,
    0.001,
    0.001,
    0.001,
    0.001,
    0.0005,
    0.0005,
    0.0005,
    0.0005,
    0.0005,
    0.0005,
    0.0005,
    0.0005,
    0.0005,
    0.0005,
    0.0005,
    0.0005,
    0.0005,
    0.0005,
    0.0005,
    0.0005,
    0.0005,
    0.0005,
    0.0005,
    0.0005,
    0.00025,
    0.00025,
    0.00025,
    0.00025,
    0.00025,
    0.00025,
    0.00025,
    0.00025,
    0.00025,
    0.00025,
    0.00025,
    0.00025,
    0.00025,
    0.00025,
    0.00025,
    0.00025,
    0.00025,
    0.00025
  ],
  "val_accuracy": [
    52.25328,
    62.920707,
    67.826583,
    69.423845,
    74.10154,
    73.131774,
    73.416999,
    75.470622,
    76.041072,
    76.896748,
    75.926982,
    77.181974,
    76.611523,
    77.239019,
    78.722191,
    78.322875,
    78.950371,
    77.124929,
    78.37992,
    77.809469,
    79.007416,
    79.634912,
    79.634912,
    79.007416,
    79.577867,
    79.235596,
    78.551055,
    79.178551,
    79.920137,
    79.691957,
    79.977182,
    79.520821,
    79.064461,
    80.262407,
    79.520821,
    79.121506,
    78.836281,
    78.836281,
    79.691957,
    79.406731,
    79.977182,
    79.691957,
    80.319452,
    80.034227,
    79.577867,
    79.749002,
    79.463776,
    79.863092,
    79.634912,
    79.463776,
    79.691957,
    79.007416,
    79.349686,
    79.863092,
    79.520821,
    79.121506,
    78.893326,
    79.463776
  ],
  "model_info": {
    "model_class": "BaseClassifier",
    "hidden_size": 128,
    "num_classes": 23,
    "emb_size_audio": 512,
    "emb_size_text": 512,
    "dropout": 0.1,
    "use_batch_norm": true,
    "mode": "both",
    "num_folds": 5,
    "fold_id": 4,
    "batch_size": 64,
    "random_seed": 1821
  }
}