{
  "attention_audio": [
    0.340951,
    0.340276,
    0.345196,
    0.350158,
    0.348161,
    0.348311,
    0.34689,
    0.350475,
    0.355822,
    0.350983,
    0.353794,
    0.352853,
    0.354553,
    0.35525,
    0.355311,
    0.354883,
    0.356472,
    0.355427,
    0.356203,
    0.359808,
    0.35917,
    0.361701,
    0.358757,
    0.362151,
    0.363038,
    0.363742,
    0.363703,
    0.366143,
    0.365361,
    0.366895,
    0.368196,
    0.368386,
    0.36879,
    0.369457,
    0.367041,
    0.368353,
    0.371283,
    0.370689,
    0.370444,
    0.373403,
    0.374875,
    0.373991,
    0.374384,
    0.374153,
    0.377143,
    0.378212,
    0.376465,
    0.376061,
    0.375316
  ],
  "attention_text": [
    0.345651,
    0.376187,
    0.375059,
    0.37525,
    0.380912,
    0.381196,
    0.383939,
    0.385221,
    0.382707,
    0.38454,
    0.384752,
    0.385138,
    0.387729,
    0.385974,
    0.38829,
    0.383204,
    0.383505,
    0.384779,
    0.38681,
    0.380921,
    0.386496,
    0.386503,
    0.387593,
    0.383294,
    0.382108,
    0.384068,
    0.384491,
    0.382916,
    0.380389,
    0.381213,
    0.378511,
    0.378845,
    0.380619,
    0.382716,
    0.382689,
    0.384041,
    0.376936,
    0.379597,
    0.382336,
    0.383988,
    0.37827,
    0.379769,
    0.380783,
    0.381838,
    0.379693,
    0.378792,
    0.37902,
    0.379222,
    0.377213
  ],
  "train_cls_loss": [
    2.335082,
    1.381767,
    1.1693,
    1.056067,
    0.988503,
    0.915913,
    0.898088,
    0.841287,
    0.806688,
    0.775762,
    0.745006,
    0.719833,
    0.717503,
    0.703117,
    0.686732,
    0.648352,
    0.643434,
    0.654462,
    0.601262,
    0.60328,
    0.527772,
    0.508635,
    0.495975,
    0.494678,
    0.464933,
    0.465049,
    0.449751,
    0.448092,
    0.447703,
    0.438761,
    0.432408,
    0.410441,
    0.40261,
    0.414795,
    0.410008,
    0.396493,
    0.394367,
    0.368971,
    0.381455,
    0.396013,
    0.33495,
    0.319047,
    0.310704,
    0.300286,
    0.313302,
    0.290842,
    0.293739,
    0.281769,
    0.268645
  ],
  "train_top_cls_loss": [
    0.787602,
    0.49422,
    0.462728,
    0.416375,
    0.404755,
    0.385619,
    0.382463,
    0.360803,
    0.349471,
    0.340245,
    0.326306,
    0.315371,
    0.317752,
    0.307546,
    0.304219,
    0.28978,
    0.285121,
    0.290512,
    0.265134,
    0.265465,
    0.234195,
    0.221623,
    0.218844,
    0.215775,
    0.205851,
    0.200877,
    0.198988,
    0.193771,
    0.201051,
    0.199981,
    0.195777,
    0.181599,
    0.178151,
    0.18459,
    0.183506,
    0.176332,
    0.176992,
    0.16694,
    0.167476,
    0.179795,
    0.15384,
    0.147293,
    0.139736,
    0.136538,
    0.137478,
    0.130847,
    0.135298,
    0.133554,
    0.121148
  ],
  "train_total_loss": [
    2.886404,
    1.72772,
    1.493209,
    1.347529,
    1.271832,
    1.185846,
    1.165812,
    1.09385,
    1.051318,
    1.013933,
    0.97342,
    0.940593,
    0.93993,
    0.918399,
    0.899685,
    0.851198,
    0.843018,
    0.857821,
    0.786856,
    0.789106,
    0.691708,
    0.663771,
    0.649166,
    0.64572,
    0.609028,
    0.605663,
    0.589042,
    0.583732,
    0.588438,
    0.578748,
    0.569452,
    0.53756,
    0.527315,
    0.544008,
    0.538462,
    0.519925,
    0.518261,
    0.485829,
    0.498688,
    0.52187,
    0.442638,
    0.422152,
    0.408519,
    0.395863,
    0.409536,
    0.382435,
    0.388448,
    0.375257,
    0.353448
  ],
  "learning_rates": [
    0.001,
    0.001,
    0.001,
    0.001,
    0.001,
    0.001,
    0.001,
    0.001,
    0.001,
    0.001,
    0.001,
    0.001,
    0.001,
    0.001,
    0.001,
    0.001,
    0.001,
    0.001,
    0.001,
    0.001,
    0.0005,
    0.0005,
    0.0005,
    0.0005,
    0.0005,
    0.0005,
    0.0005,
    0.0005,
    0.0005,
    0.0005,
    0.0005,
    0.0005,
    0.0005,
    0.0005,
    0.0005,
    0.0005,
    0.0005,
    0.0005,
    0.0005,
    0.0005,
    0.00025,
    0.00025,
    0.00025,
    0.00025,
    0.00025,
    0.00025,
    0.00025,
    0.00025,
    0.00025
  ],
  "val_accuracy": [
    58.071877,
    66.856817,
    71.135197,
    73.75927,
    73.87336,
    74.786081,
    76.896748,
    77.010839,
    75.128351,
    77.410154,
    77.296064,
    77.010839,
    77.239019,
    78.950371,
    77.524244,
    78.03765,
    78.722191,
    78.322875,
    79.235596,
    79.806047,
    79.920137,
    79.349686,
    79.121506,
    79.863092,
    79.178551,
    79.691957,
    78.665145,
    79.463776,
    79.178551,
    79.007416,
    79.064461,
    79.920137,
    79.349686,
    79.977182,
    79.634912,
    79.691957,
    79.178551,
    79.007416,
    78.893326,
    79.463776,
    79.349686,
    78.665145,
    79.178551,
    78.893326,
    78.950371,
    78.436965,
    79.007416,
    79.634912,
    78.551055
  ],
  "model_info": {
    "model_class": "BaseClassifier",
    "hidden_size": 128,
    "num_classes": 23,
    "emb_size_audio": 512,
    "emb_size_text": 512,
    "dropout": 0.1,
    "use_batch_norm": true,
    "mode": "both",
    "num_folds": 5,
    "fold_id": 1,
    "batch_size": 64,
    "random_seed": 1821
  }
}