{
  "attention_audio": [
    0.495907,
    0.498638,
    0.496007,
    0.496092,
    0.499506,
    0.496155,
    0.499192,
    0.499987,
    0.50504,
    0.504577,
    0.5037,
    0.502231,
    0.499715,
    0.503418,
    0.504205,
    0.501535,
    0.500159,
    0.50069,
    0.503511,
    0.500345,
    0.500781,
    0.501033,
    0.501847,
    0.501659,
    0.498362,
    0.50215,
    0.500824,
    0.502521,
    0.502109,
    0.499275,
    0.500126,
    0.4995,
    0.500829,
    0.5015,
    0.496885,
    0.499528,
    0.496716
  ],
  "attention_text": [
    0.504093,
    0.501362,
    0.503993,
    0.503908,
    0.500494,
    0.503845,
    0.500808,
    0.500013,
    0.49496,
    0.495423,
    0.4963,
    0.497769,
    0.500285,
    0.496582,
    0.495795,
    0.498465,
    0.499841,
    0.49931,
    0.496489,
    0.499655,
    0.499219,
    0.498967,
    0.498153,
    0.498341,
    0.501638,
    0.49785,
    0.499176,
    0.497479,
    0.497891,
    0.500725,
    0.499874,
    0.5005,
    0.499171,
    0.4985,
    0.503115,
    0.500472,
    0.503284
  ],
  "train_cls_loss": [
    2.475189,
    1.791559,
    1.544254,
    1.472817,
    1.366144,
    1.312068,
    1.265766,
    1.276343,
    1.200891,
    1.229191,
    1.157114,
    1.127173,
    1.088058,
    1.17284,
    1.101609,
    1.081533,
    1.06111,
    1.133193,
    1.007854,
    1.043601,
    0.954876,
    0.948146,
    0.975106,
    0.950782,
    0.919396,
    0.827755,
    0.908781,
    0.906863,
    0.956184,
    0.870551,
    0.933398,
    0.902742,
    0.87865,
    0.824149,
    0.841612,
    0.813077,
    0.888398
  ],
  "train_top_cls_loss": [
    1.004005,
    0.737534,
    0.652404,
    0.649103,
    0.625459,
    0.611622,
    0.600057,
    0.622361,
    0.577768,
    0.602522,
    0.569277,
    0.56219,
    0.53833,
    0.589298,
    0.553331,
    0.534026,
    0.537126,
    0.570299,
    0.504194,
    0.529895,
    0.481044,
    0.483325,
    0.50398,
    0.494678,
    0.468803,
    0.419301,
    0.468266,
    0.459163,
    0.494856,
    0.446644,
    0.492354,
    0.469149,
    0.464821,
    0.428172,
    0.436796,
    0.41564,
    0.456827
  ],
  "train_total_loss": [
    3.177992,
    2.307833,
    2.000937,
    1.927189,
    1.803965,
    1.740203,
    1.685806,
    1.711995,
    1.605328,
    1.650956,
    1.555608,
    1.520706,
    1.464889,
    1.585349,
    1.488941,
    1.455351,
    1.437099,
    1.532402,
    1.36079,
    1.414527,
    1.291607,
    1.286474,
    1.327891,
    1.297056,
    1.247558,
    1.121266,
    1.236567,
    1.228277,
    1.302583,
    1.183202,
    1.278045,
    1.231146,
    1.204025,
    1.12387,
    1.147369,
    1.104025,
    1.208177
  ],
  "learning_rates": [
    0.001,
    0.001,
    0.001,
    0.001,
    0.001,
    0.001,
    0.001,
    0.001,
    0.001,
    0.001,
    0.001,
    0.001,
    0.001,
    0.001,
    0.001,
    0.001,
    0.001,
    0.001,
    0.001,
    0.001,
    0.0005,
    0.0005,
    0.0005,
    0.0005,
    0.0005,
    0.0005,
    0.0005,
    0.0005,
    0.0005,
    0.0005,
    0.0005,
    0.0005,
    0.0005,
    0.0005,
    0.0005,
    0.0005,
    0.0005
  ],
  "val_accuracy": [
    55.790074,
    63.548203,
    70.964062,
    73.188819,
    75.128351,
    75.812892,
    78.26583,
    78.49401,
    79.121506,
    79.178551,
    79.977182,
    76.782658,
    79.406731,
    80.319452,
    79.863092,
    80.547633,
    79.178551,
    80.604678,
    80.376497,
    78.836281,
    81.118083,
    81.346264,
    81.061038,
    80.889903,
    80.946948,
    80.547633,
    80.148317,
    80.661723,
    79.920137,
    81.289218,
    80.832858,
    81.346264,
    80.604678,
    79.863092,
    80.547633,
    80.661723,
    81.289218
  ],
  "model_info": {
    "model_class": "BaseClassifier",
    "hidden_size": 128,
    "num_classes": 23,
    "emb_size_audio": 512,
    "emb_size_text": 512,
    "dropout": 0.1,
    "use_batch_norm": true,
    "mode": "both",
    "num_folds": 5,
    "fold_id": 2,
    "batch_size": 64,
    "random_seed": 1821
  }
}