{
  "attention_audio": [
    0.499235,
    0.498384,
    0.497459,
    0.497806,
    0.49796,
    0.496493,
    0.499369,
    0.502944,
    0.502285,
    0.501761,
    0.502736,
    0.504512,
    0.505904,
    0.502413,
    0.506173,
    0.504461,
    0.505688,
    0.50602,
    0.505562,
    0.504454,
    0.506627,
    0.508883,
    0.507692,
    0.510075,
    0.508074,
    0.511029,
    0.5108,
    0.50988,
    0.510172,
    0.512506,
    0.509937,
    0.507787,
    0.511662,
    0.510937,
    0.510206,
    0.511879,
    0.511448,
    0.510781,
    0.510723,
    0.511283,
    0.513084,
    0.51366,
    0.512026,
    0.51407,
    0.512157,
    0.510259,
    0.510909,
    0.509298,
    0.510422,
    0.510902,
    0.511723,
    0.512341,
    0.512558,
    0.512912,
    0.512954,
    0.514606,
    0.512745,
    0.512214,
    0.510781,
    0.511649
  ],
  "attention_text": [
    0.500765,
    0.501616,
    0.502541,
    0.502194,
    0.50204,
    0.503507,
    0.500631,
    0.497056,
    0.497715,
    0.498239,
    0.497264,
    0.495488,
    0.494096,
    0.497587,
    0.493827,
    0.495539,
    0.494312,
    0.49398,
    0.494438,
    0.495546,
    0.493373,
    0.491117,
    0.492308,
    0.489925,
    0.491926,
    0.488971,
    0.4892,
    0.49012,
    0.489828,
    0.487494,
    0.490063,
    0.492213,
    0.488338,
    0.489063,
    0.489794,
    0.488121,
    0.488552,
    0.489219,
    0.489277,
    0.488717,
    0.486916,
    0.48634,
    0.487973,
    0.48593,
    0.487843,
    0.489741,
    0.489091,
    0.490702,
    0.489578,
    0.489098,
    0.488277,
    0.487659,
    0.487442,
    0.487088,
    0.487046,
    0.485394,
    0.487255,
    0.487786,
    0.489219,
    0.488351
  ],
  "train_cls_loss": [
    2.405256,
    1.542282,
    1.290539,
    1.23306,
    1.167422,
    1.130138,
    1.108377,
    1.103713,
    1.066573,
    0.976443,
    0.95797,
    1.015983,
    1.002568,
    1.085104,
    0.939279,
    0.896858,
    0.887505,
    0.905427,
    0.892173,
    0.882836,
    0.8298,
    0.78975,
    0.698048,
    0.71342,
    0.750205,
    0.688396,
    0.711596,
    0.759871,
    0.799132,
    0.721072,
    0.626098,
    0.671183,
    0.700302,
    0.682784,
    0.610996,
    0.732304,
    0.649511,
    0.60991,
    0.677819,
    0.67768,
    0.622148,
    0.66425,
    0.656132,
    0.674346,
    0.545253,
    0.54826,
    0.640375,
    0.585216,
    0.511318,
    0.559488,
    0.524851,
    0.590341,
    0.459746,
    0.502091,
    0.484261,
    0.553756,
    0.626011,
    0.630467,
    0.503748,
    0.478461
  ],
  "train_total_loss": [
    2.405256,
    1.542282,
    1.290539,
    1.23306,
    1.167422,
    1.130138,
    1.108377,
    1.103713,
    1.066573,
    0.976443,
    0.95797,
    1.015983,
    1.002568,
    1.085104,
    0.939279,
    0.896858,
    0.887505,
    0.905427,
    0.892173,
    0.882836,
    0.8298,
    0.78975,
    0.698048,
    0.71342,
    0.750205,
    0.688396,
    0.711596,
    0.759871,
    0.799132,
    0.721072,
    0.626098,
    0.671183,
    0.700302,
    0.682784,
    0.610996,
    0.732304,
    0.649511,
    0.60991,
    0.677819,
    0.67768,
    0.622148,
    0.66425,
    0.656132,
    0.674346,
    0.545253,
    0.54826,
    0.640375,
    0.585216,
    0.511318,
    0.559488,
    0.524851,
    0.590341,
    0.459746,
    0.502091,
    0.484261,
    0.553756,
    0.626011,
    0.630467,
    0.503748,
    0.478461
  ],
  "learning_rates": [
    0.001,
    0.001,
    0.001,
    0.001,
    0.001,
    0.001,
    0.001,
    0.001,
    0.001,
    0.001,
    0.001,
    0.001,
    0.001,
    0.001,
    0.001,
    0.001,
    0.001,
    0.001,
    0.001,
    0.001,
    0.0005,
    0.0005,
    0.0005,
    0.0005,
    0.0005,
    0.0005,
    0.0005,
    0.0005,
    0.0005,
    0.0005,
    0.0005,
    0.0005,
    0.0005,
    0.0005,
    0.0005,
    0.0005,
    0.0005,
    0.0005,
    0.0005,
    0.0005,
    0.00025,
    0.00025,
    0.00025,
    0.00025,
    0.00025,
    0.00025,
    0.00025,
    0.00025,
    0.00025,
    0.00025,
    0.00025,
    0.00025,
    0.00025,
    0.00025,
    0.00025,
    0.00025,
    0.00025,
    0.00025,
    0.00025,
    0.00025
  ],
  "val_accuracy": [
    62.293212,
    69.195665,
    72.789504,
    74.272675,
    75.413577,
    75.984027,
    77.181974,
    76.839703,
    76.155163,
    78.15174,
    77.92356,
    78.26583,
    78.722191,
    78.37992,
    78.26583,
    78.836281,
    79.863092,
    79.806047,
    78.722191,
    78.551055,
    79.463776,
    79.806047,
    78.6081,
    78.779236,
    78.950371,
    79.235596,
    79.121506,
    80.148317,
    79.634912,
    79.920137,
    77.581289,
    79.463776,
    79.463776,
    79.806047,
    80.034227,
    79.691957,
    79.920137,
    78.49401,
    79.349686,
    79.977182,
    80.148317,
    79.863092,
    80.319452,
    80.205362,
    80.433542,
    78.6081,
    79.064461,
    78.779236,
    79.064461,
    79.406731,
    78.836281,
    79.064461,
    78.6081,
    78.893326,
    78.49401,
    79.007416,
    78.551055,
    79.178551,
    78.836281,
    78.37992
  ],
  "model_info": {
    "model_class": "BaseClassifier",
    "hidden_size": 128,
    "num_classes": 23,
    "emb_size_audio": 512,
    "emb_size_text": 512,
    "dropout": 0.1,
    "use_batch_norm": true,
    "mode": "both",
    "num_folds": 5,
    "fold_id": 0,
    "batch_size": 64,
    "random_seed": 1821
  }
}