{
  "train_cls_loss": [
    0.950064,
    0.749251,
    0.683373,
    0.644414,
    0.623169,
    0.601619,
    0.584948,
    0.567001,
    0.554103,
    0.541973,
    0.529728,
    0.521212,
    0.511773,
    0.501953,
    0.494846,
    0.48869,
    0.479394,
    0.472033,
    0.466749,
    0.462327,
    0.426453,
    0.417795,
    0.40868,
    0.403865,
    0.395927,
    0.391252,
    0.385676,
    0.380952,
    0.374198,
    0.372202,
    0.367522,
    0.36094,
    0.36405,
    0.355674
  ],
  "train_total_loss": [
    0.950064,
    0.749251,
    0.683373,
    0.644414,
    0.623169,
    0.601619,
    0.584948,
    0.567001,
    0.554103,
    0.541973,
    0.529728,
    0.521212,
    0.511773,
    0.501953,
    0.494846,
    0.48869,
    0.479394,
    0.472033,
    0.466749,
    0.462327,
    0.426453,
    0.417795,
    0.40868,
    0.403865,
    0.395927,
    0.391252,
    0.385676,
    0.380952,
    0.374198,
    0.372202,
    0.367522,
    0.36094,
    0.36405,
    0.355674
  ],
  "learning_rates": [
    0.001,
    0.001,
    0.001,
    0.001,
    0.001,
    0.001,
    0.001,
    0.001,
    0.001,
    0.001,
    0.001,
    0.001,
    0.001,
    0.001,
    0.001,
    0.001,
    0.001,
    0.001,
    0.001,
    0.001,
    0.0005,
    0.0005,
    0.0005,
    0.0005,
    0.0005,
    0.0005,
    0.0005,
    0.0005,
    0.0005,
    0.0005,
    0.0005,
    0.0005,
    0.0005,
    0.0005
  ],
  "val_accuracy": [
    54.249857,
    64.917285,
    66.514546,
    68.568169,
    69.82316,
    72.390188,
    70.564746,
    71.762693,
    69.48089,
    72.846549,
    70.165431,
    71.306332,
    71.591557,
    71.534512,
    72.561323,
    72.219053,
    71.762693,
    70.792926,
    73.474044,
    71.819738,
    72.333143,
    71.477467,
    71.249287,
    73.074729,
    72.047918,
    71.192242,
    72.504278,
    72.276098,
    71.990873,
    71.819738,
    72.504278,
    71.762693,
    71.876783,
    71.933828
  ],
  "model_info": {
    "model_class": "BaseClassifier",
    "hidden_size": 128,
    "num_classes": 23,
    "emb_size_audio": 512,
    "emb_size_text": 0,
    "dropout": 0.1,
    "use_batch_norm": true,
    "mode": "audio",
    "num_folds": 5,
    "fold_id": 1,
    "batch_size": 64,
    "random_seed": 1821
  }
}