{
  "attention_audio": [
    0.564722,
    0.561013,
    0.553247,
    0.554568,
    0.555487,
    0.555614,
    0.561507,
    0.557928,
    0.556695,
    0.560902,
    0.556013,
    0.560303,
    0.557369,
    0.563084,
    0.560315,
    0.564757,
    0.567143,
    0.566739,
    0.570229,
    0.571292,
    0.575353,
    0.573441,
    0.572731,
    0.572733,
    0.576948,
    0.577489,
    0.576931,
    0.576641,
    0.576362,
    0.575211,
    0.576555,
    0.575396,
    0.57596,
    0.576971,
    0.579768
  ],
  "attention_text": [
    0.435278,
    0.438987,
    0.446753,
    0.445432,
    0.444513,
    0.444386,
    0.438493,
    0.442073,
    0.443305,
    0.439098,
    0.443987,
    0.439697,
    0.442631,
    0.436916,
    0.439685,
    0.435243,
    0.432857,
    0.433261,
    0.429771,
    0.428708,
    0.424647,
    0.426559,
    0.427269,
    0.427267,
    0.423052,
    0.422511,
    0.423069,
    0.423359,
    0.423638,
    0.424789,
    0.423445,
    0.424604,
    0.42404,
    0.423029,
    0.420232
  ],
  "train_cls_loss": [
    2.160008,
    1.32238,
    1.107477,
    1.004152,
    0.92558,
    0.859151,
    0.83657,
    0.770111,
    0.746014,
    0.714369,
    0.700215,
    0.673872,
    0.644791,
    0.607533,
    0.580928,
    0.581369,
    0.553848,
    0.53909,
    0.513942,
    0.502411,
    0.4182,
    0.399762,
    0.376112,
    0.37822,
    0.356517,
    0.337238,
    0.334632,
    0.316042,
    0.334669,
    0.325964,
    0.31303,
    0.312586,
    0.308792,
    0.296818,
    0.291085
  ],
  "train_top_cls_loss": [
    0.771751,
    0.501459,
    0.440954,
    0.418997,
    0.395539,
    0.370631,
    0.358556,
    0.342442,
    0.339537,
    0.325465,
    0.311692,
    0.299779,
    0.293413,
    0.283577,
    0.265237,
    0.265945,
    0.25892,
    0.247363,
    0.233037,
    0.238616,
    0.189386,
    0.187077,
    0.17248,
    0.182362,
    0.165291,
    0.158034,
    0.155273,
    0.158598,
    0.161704,
    0.155027,
    0.155579,
    0.145297,
    0.148617,
    0.147824,
    0.140761
  ],
  "train_total_loss": [
    2.545883,
    1.573109,
    1.327954,
    1.21365,
    1.12335,
    1.044466,
    1.015848,
    0.941332,
    0.915783,
    0.877102,
    0.856061,
    0.823762,
    0.791498,
    0.749322,
    0.713546,
    0.714341,
    0.683308,
    0.662772,
    0.63046,
    0.621719,
    0.512893,
    0.493301,
    0.462351,
    0.469401,
    0.439162,
    0.416255,
    0.412268,
    0.395341,
    0.415522,
    0.403478,
    0.39082,
    0.385235,
    0.3831,
    0.37073,
    0.361465
  ],
  "learning_rates": [
    0.001,
    0.001,
    0.001,
    0.001,
    0.001,
    0.001,
    0.001,
    0.001,
    0.001,
    0.001,
    0.001,
    0.001,
    0.001,
    0.001,
    0.001,
    0.001,
    0.001,
    0.001,
    0.001,
    0.001,
    0.0005,
    0.0005,
    0.0005,
    0.0005,
    0.0005,
    0.0005,
    0.0005,
    0.0005,
    0.0005,
    0.0005,
    0.0005,
    0.0005,
    0.0005,
    0.0005,
    0.0005
  ],
  "val_accuracy": [
    62.298851,
    67.068966,
    70.862069,
    74.482759,
    76.321839,
    76.321839,
    78.103448,
    78.62069,
    78.333333,
    78.965517,
    79.54023,
    79.885057,
    78.793103,
    80.45977,
    80.804598,
    78.793103,
    78.505747,
    79.367816,
    79.425287,
    80.977011,
    80.632184,
    80.114943,
    80.977011,
    80.804598,
    80.747126,
    80.229885,
    80.0,
    79.942529,
    79.252874,
    80.517241,
    79.942529,
    80.91954,
    79.597701,
    79.137931,
    80.0
  ],
  "model_info": {
    "model_class": "BaseClassifier",
    "hidden_size": 128,
    "num_classes": 23,
    "emb_size_audio": 1280,
    "emb_size_text": 512,
    "dropout": 0.1,
    "use_batch_norm": true,
    "mode": "both",
    "num_folds": 5,
    "fold_id": 4,
    "batch_size": 64,
    "random_seed": 1821
  }
}