{
  "attention_audio": [
    0.480522,
    0.468868,
    0.465409,
    0.466319,
    0.466439,
    0.467383,
    0.466326,
    0.466514,
    0.464503,
    0.468287,
    0.468781,
    0.470617,
    0.470795,
    0.474122,
    0.47009,
    0.473275,
    0.472433,
    0.474558,
    0.472154,
    0.477587,
    0.473972,
    0.476638,
    0.476287,
    0.476912,
    0.475323,
    0.478278,
    0.478444,
    0.479014,
    0.474214,
    0.476386,
    0.480251,
    0.481602,
    0.477452,
    0.474678,
    0.479654,
    0.482168,
    0.482816,
    0.479375
  ],
  "attention_text": [
    0.519478,
    0.531132,
    0.534591,
    0.533681,
    0.533561,
    0.532617,
    0.533674,
    0.533486,
    0.535497,
    0.531713,
    0.531219,
    0.529383,
    0.529205,
    0.525878,
    0.52991,
    0.526725,
    0.527567,
    0.525442,
    0.527846,
    0.522413,
    0.526028,
    0.523362,
    0.523713,
    0.523088,
    0.524677,
    0.521722,
    0.521556,
    0.520986,
    0.525786,
    0.523614,
    0.519749,
    0.518398,
    0.522548,
    0.525322,
    0.520346,
    0.517832,
    0.517184,
    0.520625
  ],
  "train_cls_loss": [
    2.196522,
    1.377395,
    1.162505,
    1.048288,
    0.982593,
    0.905779,
    0.87423,
    0.823952,
    0.817382,
    0.7811,
    0.76501,
    0.724965,
    0.713629,
    0.671746,
    0.648179,
    0.647677,
    0.634018,
    0.617175,
    0.613607,
    0.598817,
    0.503208,
    0.47517,
    0.47114,
    0.459612,
    0.449803,
    0.431502,
    0.424508,
    0.422654,
    0.414512,
    0.405621,
    0.395585,
    0.396137,
    0.389422,
    0.375539,
    0.376941,
    0.35395,
    0.368255,
    0.353894
  ],
  "train_top_cls_loss": [
    0.844722,
    0.551311,
    0.494073,
    0.446771,
    0.440711,
    0.402288,
    0.39018,
    0.376149,
    0.380765,
    0.369185,
    0.358242,
    0.341151,
    0.341551,
    0.326475,
    0.31028,
    0.30999,
    0.303386,
    0.300752,
    0.290235,
    0.287825,
    0.236265,
    0.237176,
    0.222543,
    0.228794,
    0.213772,
    0.211972,
    0.206216,
    0.210835,
    0.205509,
    0.19711,
    0.192256,
    0.197414,
    0.18898,
    0.190681,
    0.185818,
    0.171769,
    0.185465,
    0.175113
  ],
  "train_total_loss": [
    2.449939,
    1.542788,
    1.310727,
    1.182319,
    1.114806,
    1.026465,
    0.991283,
    0.936796,
    0.931611,
    0.891855,
    0.872483,
    0.827311,
    0.816094,
    0.769688,
    0.741263,
    0.740674,
    0.725033,
    0.7074,
    0.700678,
    0.685164,
    0.574087,
    0.546323,
    0.537903,
    0.52825,
    0.513935,
    0.495094,
    0.486372,
    0.485905,
    0.476165,
    0.464754,
    0.453262,
    0.455361,
    0.446116,
    0.432743,
    0.432687,
    0.405481,
    0.423894,
    0.406428
  ],
  "learning_rates": [
    0.001,
    0.001,
    0.001,
    0.001,
    0.001,
    0.001,
    0.001,
    0.001,
    0.001,
    0.001,
    0.001,
    0.001,
    0.001,
    0.001,
    0.001,
    0.001,
    0.001,
    0.001,
    0.001,
    0.001,
    0.0005,
    0.0005,
    0.0005,
    0.0005,
    0.0005,
    0.0005,
    0.0005,
    0.0005,
    0.0005,
    0.0005,
    0.0005,
    0.0005,
    0.0005,
    0.0005,
    0.0005,
    0.0005,
    0.0005,
    0.0005
  ],
  "val_accuracy": [
    59.310345,
    67.758621,
    71.83908,
    75.977011,
    75.114943,
    77.413793,
    76.091954,
    77.011494,
    77.068966,
    77.068966,
    78.275862,
    77.701149,
    78.275862,
    77.471264,
    79.022989,
    78.103448,
    78.218391,
    77.758621,
    79.310345,
    78.965517,
    78.850575,
    79.08046,
    79.655172,
    79.195402,
    79.367816,
    78.62069,
    78.965517,
    79.022989,
    78.275862,
    79.310345,
    79.310345,
    79.482759,
    79.252874,
    79.195402,
    79.08046,
    79.195402,
    78.850575,
    78.390805
  ],
  "model_info": {
    "model_class": "BaseClassifier",
    "hidden_size": 128,
    "num_classes": 23,
    "emb_size_audio": 768,
    "emb_size_text": 512,
    "dropout": 0.1,
    "use_batch_norm": true,
    "mode": "both",
    "num_folds": 5,
    "fold_id": 1,
    "batch_size": 64,
    "random_seed": 1821
  }
}