{
  "train_cls_loss": [
    2.252661,
    1.57673,
    1.418215,
    1.317474,
    1.252765,
    1.188414,
    1.126786,
    1.104551,
    1.076353,
    1.032747,
    1.019644,
    0.979824,
    0.947859,
    0.925595,
    0.910174,
    0.879267,
    0.874462,
    0.832846,
    0.816038,
    0.807736,
    0.725746,
    0.676049,
    0.679259,
    0.641894,
    0.641772,
    0.635809,
    0.618077,
    0.610702,
    0.594345,
    0.587044,
    0.574214,
    0.53361,
    0.560551
  ],
  "train_total_loss": [
    2.252661,
    1.57673,
    1.418215,
    1.317474,
    1.252765,
    1.188414,
    1.126786,
    1.104551,
    1.076353,
    1.032747,
    1.019644,
    0.979824,
    0.947859,
    0.925595,
    0.910174,
    0.879267,
    0.874462,
    0.832846,
    0.816038,
    0.807736,
    0.725746,
    0.676049,
    0.679259,
    0.641894,
    0.641772,
    0.635809,
    0.618077,
    0.610702,
    0.594345,
    0.587044,
    0.574214,
    0.53361,
    0.560551
  ],
  "learning_rates": [
    0.001,
    0.001,
    0.001,
    0.001,
    0.001,
    0.001,
    0.001,
    0.001,
    0.001,
    0.001,
    0.001,
    0.001,
    0.001,
    0.001,
    0.001,
    0.001,
    0.001,
    0.001,
    0.001,
    0.001,
    0.0005,
    0.0005,
    0.0005,
    0.0005,
    0.0005,
    0.0005,
    0.0005,
    0.0005,
    0.0005,
    0.0005,
    0.0005,
    0.0005,
    0.0005
  ],
  "val_accuracy": [
    55.0,
    58.505747,
    60.862069,
    66.436782,
    64.770115,
    68.390805,
    67.298851,
    69.08046,
    70.057471,
    70.287356,
    70.344828,
    69.885057,
    70.689655,
    70.804598,
    71.321839,
    72.298851,
    71.896552,
    73.16092,
    71.321839,
    71.83908,
    72.471264,
    72.241379,
    72.126437,
    71.609195,
    71.724138,
    72.643678,
    72.126437,
    72.068966,
    72.241379,
    72.126437,
    71.781609,
    71.896552,
    72.643678
  ],
  "model_info": {
    "model_class": "BaseClassifier",
    "hidden_size": 128,
    "num_classes": 23,
    "emb_size_audio": 768,
    "emb_size_text": 0,
    "dropout": 0.1,
    "use_batch_norm": true,
    "mode": "audio",
    "num_folds": 5,
    "fold_id": 3,
    "batch_size": 64,
    "random_seed": 1821
  }
}