{
  "train_cls_loss": [
    1.33437,
    1.057745,
    0.966394,
    0.921094,
    0.877919,
    0.848541,
    0.823231,
    0.804068,
    0.783736,
    0.768821,
    0.747647,
    0.740611,
    0.726451,
    0.710406,
    0.694974,
    0.690411,
    0.674845,
    0.670375,
    0.66152,
    0.651722,
    0.607528,
    0.588391,
    0.576342,
    0.566068,
    0.562884,
    0.549908,
    0.541894,
    0.537927,
    0.530054,
    0.530211,
    0.516321,
    0.507327,
    0.508581,
    0.502823,
    0.492696,
    0.488777,
    0.484886
  ],
  "train_total_loss": [
    1.33437,
    1.057745,
    0.966394,
    0.921094,
    0.877919,
    0.848541,
    0.823231,
    0.804068,
    0.783736,
    0.768821,
    0.747647,
    0.740611,
    0.726451,
    0.710406,
    0.694974,
    0.690411,
    0.674845,
    0.670375,
    0.66152,
    0.651722,
    0.607528,
    0.588391,
    0.576342,
    0.566068,
    0.562884,
    0.549908,
    0.541894,
    0.537927,
    0.530054,
    0.530211,
    0.516321,
    0.507327,
    0.508581,
    0.502823,
    0.492696,
    0.488777,
    0.484886
  ],
  "learning_rates": [
    0.001,
    0.001,
    0.001,
    0.001,
    0.001,
    0.001,
    0.001,
    0.001,
    0.001,
    0.001,
    0.001,
    0.001,
    0.001,
    0.001,
    0.001,
    0.001,
    0.001,
    0.001,
    0.001,
    0.001,
    0.0005,
    0.0005,
    0.0005,
    0.0005,
    0.0005,
    0.0005,
    0.0005,
    0.0005,
    0.0005,
    0.0005,
    0.0005,
    0.0005,
    0.0005,
    0.0005,
    0.0005,
    0.0005,
    0.0005
  ],
  "val_accuracy": [
    56.588705,
    67.940673,
    69.423845,
    69.081574,
    67.712493,
    72.732459,
    71.192242,
    71.876783,
    71.306332,
    71.990873,
    71.363377,
    73.474044,
    73.53109,
    73.75927,
    74.158585,
    73.588135,
    73.474044,
    72.504278,
    72.789504,
    74.10154,
    74.500856,
    75.698802,
    75.014261,
    75.299487,
    74.729036,
    75.128351,
    75.185396,
    74.500856,
    74.443811,
    73.75927,
    74.500856,
    74.272675,
    74.671991,
    74.158585,
    72.846549,
    73.359954,
    74.158585
  ],
  "model_info": {
    "model_class": "BaseClassifier",
    "hidden_size": 128,
    "num_classes": 23,
    "emb_size_audio": 512,
    "emb_size_text": 0,
    "dropout": 0.1,
    "use_batch_norm": true,
    "mode": "audio",
    "num_folds": 5,
    "fold_id": 4,
    "batch_size": 64,
    "random_seed": 1821
  }
}