{
  "attention_audio": [
    0.32864,
    0.348159,
    0.35141,
    0.347216,
    0.34416,
    0.346243,
    0.346765,
    0.353183,
    0.357602,
    0.360455,
    0.361159,
    0.356533,
    0.357262,
    0.361964,
    0.359784,
    0.3618,
    0.365209,
    0.364443,
    0.364861,
    0.365698,
    0.369175,
    0.369564,
    0.3666,
    0.367864,
    0.368508,
    0.367911,
    0.366875,
    0.370546,
    0.366638,
    0.369699,
    0.370077,
    0.373372,
    0.373129,
    0.370965,
    0.369325,
    0.374735
  ],
  "attention_text": [
    0.347874,
    0.353089,
    0.363243,
    0.36877,
    0.374002,
    0.373497,
    0.372974,
    0.375945,
    0.374675,
    0.375341,
    0.374414,
    0.379142,
    0.381102,
    0.377887,
    0.380607,
    0.38085,
    0.380065,
    0.381898,
    0.382519,
    0.383543,
    0.383932,
    0.383592,
    0.385,
    0.384369,
    0.381356,
    0.381721,
    0.379197,
    0.37795,
    0.381743,
    0.380154,
    0.381623,
    0.380824,
    0.378905,
    0.380348,
    0.379709,
    0.374553
  ],
  "train_cls_loss": [
    2.364283,
    1.482379,
    1.262456,
    1.104803,
    1.031152,
    0.942071,
    0.909522,
    0.857116,
    0.819775,
    0.795832,
    0.756248,
    0.734927,
    0.726151,
    0.685478,
    0.671791,
    0.653426,
    0.656139,
    0.641855,
    0.6407,
    0.598236,
    0.525637,
    0.498561,
    0.488558,
    0.463859,
    0.461999,
    0.451814,
    0.441872,
    0.434796,
    0.431281,
    0.420539,
    0.428139,
    0.413707,
    0.401921,
    0.422078,
    0.396257,
    0.385939
  ],
  "train_top_cls_loss": [
    0.79648,
    0.486395,
    0.457905,
    0.428665,
    0.405757,
    0.384877,
    0.378465,
    0.362913,
    0.355526,
    0.348489,
    0.325465,
    0.322196,
    0.306173,
    0.308999,
    0.294635,
    0.277672,
    0.289322,
    0.28422,
    0.283376,
    0.268535,
    0.232127,
    0.215118,
    0.211586,
    0.204449,
    0.203407,
    0.195905,
    0.200336,
    0.190935,
    0.194613,
    0.187978,
    0.194711,
    0.180486,
    0.18039,
    0.193236,
    0.177555,
    0.172341
  ],
  "train_total_loss": [
    2.92182,
    1.822855,
    1.582989,
    1.404868,
    1.315182,
    1.211485,
    1.174447,
    1.111156,
    1.068643,
    1.039774,
    0.984074,
    0.960464,
    0.940472,
    0.901778,
    0.878036,
    0.847797,
    0.858665,
    0.840809,
    0.839064,
    0.78621,
    0.688126,
    0.649144,
    0.636668,
    0.606973,
    0.604384,
    0.588948,
    0.582107,
    0.568451,
    0.56751,
    0.552123,
    0.564437,
    0.540048,
    0.528194,
    0.557343,
    0.520545,
    0.506577
  ],
  "learning_rates": [
    0.001,
    0.001,
    0.001,
    0.001,
    0.001,
    0.001,
    0.001,
    0.001,
    0.001,
    0.001,
    0.001,
    0.001,
    0.001,
    0.001,
    0.001,
    0.001,
    0.001,
    0.001,
    0.001,
    0.001,
    0.0005,
    0.0005,
    0.0005,
    0.0005,
    0.0005,
    0.0005,
    0.0005,
    0.0005,
    0.0005,
    0.0005,
    0.0005,
    0.0005,
    0.0005,
    0.0005,
    0.0005,
    0.0005
  ],
  "val_accuracy": [
    52.538505,
    65.259555,
    71.192242,
    73.188819,
    74.21563,
    76.326298,
    77.524244,
    78.665145,
    77.866515,
    79.406731,
    79.806047,
    79.007416,
    79.235596,
    78.26583,
    80.433542,
    79.749002,
    78.208785,
    78.893326,
    80.034227,
    80.889903,
    81.289218,
    80.319452,
    81.003993,
    80.205362,
    80.433542,
    80.661723,
    81.118083,
    80.604678,
    80.376497,
    81.061038,
    80.205362,
    79.634912,
    79.577867,
    79.634912,
    79.007416,
    80.205362
  ],
  "model_info": {
    "model_class": "BaseClassifier",
    "hidden_size": 128,
    "num_classes": 23,
    "emb_size_audio": 512,
    "emb_size_text": 512,
    "dropout": 0.1,
    "use_batch_norm": true,
    "mode": "both",
    "num_folds": 5,
    "fold_id": 3,
    "batch_size": 64,
    "random_seed": 1821
  }
}