{
  "attention_audio": [
    0.49372,
    0.484061,
    0.480813,
    0.481912,
    0.480252,
    0.478094,
    0.473823,
    0.479185,
    0.47494,
    0.478566,
    0.480626,
    0.479888,
    0.478009,
    0.478382,
    0.482722,
    0.484435,
    0.484659,
    0.487992,
    0.482835,
    0.486633,
    0.492639,
    0.491251,
    0.490489,
    0.490473,
    0.492458,
    0.493535,
    0.491544,
    0.491471,
    0.490787,
    0.494158,
    0.495533,
    0.495074,
    0.499373,
    0.498492,
    0.497918,
    0.49684,
    0.499046,
    0.499381
  ],
  "attention_text": [
    0.50628,
    0.515939,
    0.519187,
    0.518088,
    0.519748,
    0.521906,
    0.526177,
    0.520815,
    0.52506,
    0.521434,
    0.519374,
    0.520112,
    0.521991,
    0.521618,
    0.517278,
    0.515566,
    0.515341,
    0.512008,
    0.517165,
    0.513367,
    0.507361,
    0.508749,
    0.509511,
    0.509527,
    0.507542,
    0.506465,
    0.508456,
    0.508529,
    0.509213,
    0.505842,
    0.504467,
    0.504926,
    0.500627,
    0.501508,
    0.502082,
    0.50316,
    0.500954,
    0.500619
  ],
  "train_cls_loss": [
    2.41074,
    1.647604,
    1.434247,
    1.434676,
    1.29881,
    1.251562,
    1.193008,
    1.249509,
    1.100137,
    1.144631,
    1.078057,
    1.074006,
    1.096728,
    1.053512,
    1.01861,
    0.930161,
    1.018413,
    0.993263,
    1.016328,
    0.947281,
    0.941173,
    0.879013,
    0.869576,
    0.773183,
    0.802403,
    0.786356,
    0.86121,
    0.767406,
    0.833454,
    0.81255,
    0.7903,
    0.842837,
    0.738156,
    0.742058,
    0.72302,
    0.779678,
    0.785025,
    0.788816
  ],
  "train_total_loss": [
    2.41074,
    1.647604,
    1.434247,
    1.434676,
    1.29881,
    1.251562,
    1.193008,
    1.249509,
    1.100137,
    1.144631,
    1.078057,
    1.074006,
    1.096728,
    1.053512,
    1.01861,
    0.930161,
    1.018413,
    0.993263,
    1.016328,
    0.947281,
    0.941173,
    0.879013,
    0.869576,
    0.773183,
    0.802403,
    0.786356,
    0.86121,
    0.767406,
    0.833454,
    0.81255,
    0.7903,
    0.842837,
    0.738156,
    0.742058,
    0.72302,
    0.779678,
    0.785025,
    0.788816
  ],
  "learning_rates": [
    0.001,
    0.001,
    0.001,
    0.001,
    0.001,
    0.001,
    0.001,
    0.001,
    0.001,
    0.001,
    0.001,
    0.001,
    0.001,
    0.001,
    0.001,
    0.001,
    0.001,
    0.001,
    0.001,
    0.001,
    0.0005,
    0.0005,
    0.0005,
    0.0005,
    0.0005,
    0.0005,
    0.0005,
    0.0005,
    0.0005,
    0.0005,
    0.0005,
    0.0005,
    0.0005,
    0.0005,
    0.0005,
    0.0005,
    0.0005,
    0.0005
  ],
  "val_accuracy": [
    61.494581,
    66.514546,
    73.302909,
    74.386766,
    75.242442,
    75.299487,
    77.581289,
    76.896748,
    78.094695,
    77.524244,
    76.782658,
    79.520821,
    79.178551,
    78.094695,
    78.37992,
    79.977182,
    79.007416,
    78.15174,
    79.121506,
    79.520821,
    78.779236,
    79.863092,
    80.490588,
    78.37992,
    79.292641,
    79.806047,
    79.977182,
    79.977182,
    79.235596,
    79.406731,
    79.691957,
    78.950371,
    79.577867,
    79.520821,
    79.634912,
    79.007416,
    79.691957,
    79.577867
  ],
  "model_info": {
    "model_class": "BaseClassifier",
    "hidden_size": 128,
    "num_classes": 23,
    "emb_size_audio": 768,
    "emb_size_text": 512,
    "dropout": 0.1,
    "use_batch_norm": true,
    "mode": "both",
    "num_folds": 5,
    "fold_id": 2,
    "batch_size": 64,
    "random_seed": 1821
  }
}