{
  "train_cls_loss": [
    2.254179,
    1.647549,
    1.473527,
    1.389176,
    1.360841,
    1.248172,
    1.287052,
    1.273546,
    1.229774,
    1.192642,
    1.178739,
    1.182776,
    1.108525,
    1.14709,
    1.095032,
    1.031639,
    1.095002,
    1.080331,
    1.001633,
    1.035703,
    0.9624,
    0.975426,
    0.979885,
    0.925494,
    0.961075,
    0.925381,
    0.996211,
    0.93979,
    0.887005,
    0.906195,
    0.941707,
    0.926528,
    0.90385,
    0.819428,
    0.943724,
    0.94597,
    0.908417,
    0.876785,
    0.860274,
    0.931647,
    0.787704,
    0.741757,
    0.785888,
    0.77084,
    0.702443,
    0.801857,
    0.7002,
    0.691927,
    0.776444,
    0.85506,
    0.703314,
    0.788323,
    0.773363,
    0.869589,
    0.70279,
    0.723004,
    0.738912,
    0.807524,
    0.774625,
    0.685061,
    0.751133
  ],
  "train_total_loss": [
    2.254179,
    1.647549,
    1.473527,
    1.389176,
    1.360841,
    1.248172,
    1.287052,
    1.273546,
    1.229774,
    1.192642,
    1.178739,
    1.182776,
    1.108525,
    1.14709,
    1.095032,
    1.031639,
    1.095002,
    1.080331,
    1.001633,
    1.035703,
    0.9624,
    0.975426,
    0.979885,
    0.925494,
    0.961075,
    0.925381,
    0.996211,
    0.93979,
    0.887005,
    0.906195,
    0.941707,
    0.926528,
    0.90385,
    0.819428,
    0.943724,
    0.94597,
    0.908417,
    0.876785,
    0.860274,
    0.931647,
    0.787704,
    0.741757,
    0.785888,
    0.77084,
    0.702443,
    0.801857,
    0.7002,
    0.691927,
    0.776444,
    0.85506,
    0.703314,
    0.788323,
    0.773363,
    0.869589,
    0.70279,
    0.723004,
    0.738912,
    0.807524,
    0.774625,
    0.685061,
    0.751133
  ],
  "learning_rates": [
    0.001,
    0.001,
    0.001,
    0.001,
    0.001,
    0.001,
    0.001,
    0.001,
    0.001,
    0.001,
    0.001,
    0.001,
    0.001,
    0.001,
    0.001,
    0.001,
    0.001,
    0.001,
    0.001,
    0.001,
    0.0005,
    0.0005,
    0.0005,
    0.0005,
    0.0005,
    0.0005,
    0.0005,
    0.0005,
    0.0005,
    0.0005,
    0.0005,
    0.0005,
    0.0005,
    0.0005,
    0.0005,
    0.0005,
    0.0005,
    0.0005,
    0.0005,
    0.0005,
    0.00025,
    0.00025,
    0.00025,
    0.00025,
    0.00025,
    0.00025,
    0.00025,
    0.00025,
    0.00025,
    0.00025,
    0.00025,
    0.00025,
    0.00025,
    0.00025,
    0.00025,
    0.00025,
    0.00025,
    0.00025,
    0.00025,
    0.00025,
    0.000125
  ],
  "val_accuracy": [
    60.638905,
    67.313177,
    69.13862,
    70.108386,
    71.420422,
    71.249287,
    71.819738,
    72.276098,
    73.816315,
    74.729036,
    75.869937,
    73.816315,
    73.702225,
    75.984027,
    75.698802,
    74.900171,
    75.812892,
    76.782658,
    76.896748,
    75.926982,
    76.725613,
    76.383343,
    76.782658,
    76.668568,
    75.812892,
    76.896748,
    76.041072,
    76.497433,
    76.725613,
    77.124929,
    76.668568,
    76.155163,
    76.497433,
    75.299487,
    77.410154,
    76.098118,
    76.383343,
    77.010839,
    76.896748,
    76.725613,
    75.755847,
    77.581289,
    77.638334,
    76.782658,
    77.010839,
    77.866515,
    76.269253,
    77.239019,
    77.239019,
    77.410154,
    77.581289,
    77.067884,
    77.010839,
    77.410154,
    77.752424,
    77.353109,
    76.953793,
    76.668568,
    76.668568,
    76.668568,
    77.524244
  ],
  "model_info": {
    "model_class": "BaseClassifier",
    "hidden_size": 128,
    "num_classes": 23,
    "emb_size_audio": 512,
    "emb_size_text": 0,
    "dropout": 0.1,
    "use_batch_norm": true,
    "mode": "audio",
    "num_folds": 5,
    "fold_id": 4,
    "batch_size": 64,
    "random_seed": 1821
  }
}