{
  "attention_audio": [
    0.482126,
    0.490821,
    0.49749,
    0.49376,
    0.493607,
    0.49852,
    0.498568,
    0.498318,
    0.497662,
    0.497763,
    0.502996,
    0.501722,
    0.501961,
    0.501901,
    0.502429,
    0.501855,
    0.510523,
    0.511109,
    0.508525,
    0.510285,
    0.513486,
    0.513861,
    0.513156,
    0.51502,
    0.513232,
    0.512564,
    0.515282,
    0.514486,
    0.515518,
    0.513792,
    0.519129,
    0.516362,
    0.517647,
    0.517694,
    0.517455,
    0.518565
  ],
  "attention_text": [
    0.517874,
    0.509179,
    0.50251,
    0.50624,
    0.506393,
    0.50148,
    0.501432,
    0.501682,
    0.502338,
    0.502237,
    0.497004,
    0.498278,
    0.498039,
    0.498099,
    0.497571,
    0.498145,
    0.489477,
    0.488891,
    0.491475,
    0.489715,
    0.486514,
    0.486139,
    0.486844,
    0.48498,
    0.486768,
    0.487435,
    0.484718,
    0.485514,
    0.484482,
    0.486208,
    0.480871,
    0.483638,
    0.482353,
    0.482306,
    0.482545,
    0.481435
  ],
  "train_cls_loss": [
    2.245557,
    1.298121,
    1.01709,
    0.916456,
    0.834688,
    0.77817,
    0.725629,
    0.711493,
    0.679866,
    0.636867,
    0.616386,
    0.610589,
    0.571957,
    0.583175,
    0.542474,
    0.493335,
    0.503299,
    0.529713,
    0.486889,
    0.480941,
    0.411504,
    0.377287,
    0.365683,
    0.36375,
    0.358658,
    0.343196,
    0.332532,
    0.33105,
    0.326742,
    0.316579,
    0.319157,
    0.307127,
    0.330498,
    0.293977,
    0.297864,
    0.287503
  ],
  "train_total_loss": [
    2.245557,
    1.298121,
    1.01709,
    0.916456,
    0.834688,
    0.77817,
    0.725629,
    0.711493,
    0.679866,
    0.636867,
    0.616386,
    0.610589,
    0.571957,
    0.583175,
    0.542474,
    0.493335,
    0.503299,
    0.529713,
    0.486889,
    0.480941,
    0.411504,
    0.377287,
    0.365683,
    0.36375,
    0.358658,
    0.343196,
    0.332532,
    0.33105,
    0.326742,
    0.316579,
    0.319157,
    0.307127,
    0.330498,
    0.293977,
    0.297864,
    0.287503
  ],
  "learning_rates": [
    0.001,
    0.001,
    0.001,
    0.001,
    0.001,
    0.001,
    0.001,
    0.001,
    0.001,
    0.001,
    0.001,
    0.001,
    0.001,
    0.001,
    0.001,
    0.001,
    0.001,
    0.001,
    0.001,
    0.001,
    0.0005,
    0.0005,
    0.0005,
    0.0005,
    0.0005,
    0.0005,
    0.0005,
    0.0005,
    0.0005,
    0.0005,
    0.0005,
    0.0005,
    0.0005,
    0.0005,
    0.0005,
    0.0005
  ],
  "val_accuracy": [
    57.045066,
    66.514546,
    73.245864,
    75.014261,
    77.524244,
    76.554478,
    76.953793,
    77.980605,
    76.725613,
    78.26583,
    78.208785,
    78.950371,
    77.181974,
    78.37992,
    79.064461,
    78.893326,
    78.551055,
    78.49401,
    78.722191,
    78.322875,
    79.749002,
    79.520821,
    78.836281,
    78.322875,
    79.691957,
    78.49401,
    77.581289,
    78.836281,
    79.577867,
    79.064461,
    79.463776,
    78.322875,
    79.235596,
    78.551055,
    79.121506,
    78.836281
  ],
  "model_info": {
    "model_class": "BaseClassifier",
    "hidden_size": 128,
    "num_classes": 23,
    "emb_size_audio": 512,
    "emb_size_text": 512,
    "dropout": 0.1,
    "use_batch_norm": true,
    "mode": "both",
    "num_folds": 5,
    "fold_id": 0,
    "batch_size": 64,
    "random_seed": 1821
  }
}