{
  "attention_audio": [
    0.541872,
    0.534277,
    0.526284,
    0.519228,
    0.518792,
    0.518607,
    0.516323,
    0.514094,
    0.512806,
    0.515536,
    0.513785,
    0.517809,
    0.516408,
    0.51261,
    0.514865,
    0.515298,
    0.518175,
    0.517133,
    0.51536,
    0.517336,
    0.517818,
    0.518474,
    0.520844,
    0.519738,
    0.518276,
    0.518296,
    0.518521,
    0.519722,
    0.521091,
    0.52182,
    0.521025,
    0.522991,
    0.521901,
    0.518755,
    0.521392,
    0.51812
  ],
  "attention_text": [
    0.458128,
    0.465723,
    0.473716,
    0.480772,
    0.481208,
    0.481393,
    0.483677,
    0.485906,
    0.487194,
    0.484464,
    0.486215,
    0.482191,
    0.483592,
    0.48739,
    0.485135,
    0.484702,
    0.481825,
    0.482867,
    0.48464,
    0.482664,
    0.482182,
    0.481526,
    0.479156,
    0.480262,
    0.481724,
    0.481704,
    0.481479,
    0.480278,
    0.478909,
    0.478181,
    0.478975,
    0.477009,
    0.478099,
    0.481245,
    0.478608,
    0.48188
  ],
  "train_cls_loss": [
    2.190183,
    1.493643,
    1.310543,
    1.307509,
    1.180145,
    1.156799,
    1.131513,
    1.173583,
    1.027152,
    1.072922,
    0.995798,
    1.004777,
    1.042976,
    1.002744,
    1.003451,
    0.906046,
    0.955753,
    0.938931,
    0.983676,
    0.906893,
    0.913189,
    0.85309,
    0.847671,
    0.784427,
    0.792287,
    0.764828,
    0.82064,
    0.741152,
    0.821131,
    0.818491,
    0.779474,
    0.822565,
    0.742321,
    0.745416,
    0.739241,
    0.791454
  ],
  "train_total_loss": [
    2.190183,
    1.493643,
    1.310543,
    1.307509,
    1.180145,
    1.156799,
    1.131513,
    1.173583,
    1.027152,
    1.072922,
    0.995798,
    1.004777,
    1.042976,
    1.002744,
    1.003451,
    0.906046,
    0.955753,
    0.938931,
    0.983676,
    0.906893,
    0.913189,
    0.85309,
    0.847671,
    0.784427,
    0.792287,
    0.764828,
    0.82064,
    0.741152,
    0.821131,
    0.818491,
    0.779474,
    0.822565,
    0.742321,
    0.745416,
    0.739241,
    0.791454
  ],
  "learning_rates": [
    0.001,
    0.001,
    0.001,
    0.001,
    0.001,
    0.001,
    0.001,
    0.001,
    0.001,
    0.001,
    0.001,
    0.001,
    0.001,
    0.001,
    0.001,
    0.001,
    0.001,
    0.001,
    0.001,
    0.001,
    0.0005,
    0.0005,
    0.0005,
    0.0005,
    0.0005,
    0.0005,
    0.0005,
    0.0005,
    0.0005,
    0.0005,
    0.0005,
    0.0005,
    0.0005,
    0.0005,
    0.0005,
    0.0005
  ],
  "val_accuracy": [
    63.377068,
    67.370222,
    73.87336,
    76.554478,
    76.440388,
    76.155163,
    78.436965,
    78.15174,
    80.034227,
    79.178551,
    78.322875,
    79.007416,
    79.577867,
    80.148317,
    79.235596,
    79.463776,
    77.752424,
    79.178551,
    79.121506,
    80.205362,
    80.718768,
    80.433542,
    80.091272,
    80.319452,
    79.064461,
    79.349686,
    80.547633,
    79.691957,
    79.749002,
    79.691957,
    79.292641,
    80.661723,
    78.836281,
    78.779236,
    80.319452,
    79.806047
  ],
  "model_info": {
    "model_class": "BaseClassifier",
    "hidden_size": 128,
    "num_classes": 23,
    "emb_size_audio": 512,
    "emb_size_text": 512,
    "dropout": 0.1,
    "use_batch_norm": true,
    "mode": "both",
    "num_folds": 5,
    "fold_id": 2,
    "batch_size": 64,
    "random_seed": 1821
  }
}