{
  "attention_audio": [
    0.477645,
    0.467572,
    0.466081,
    0.461987,
    0.464267,
    0.465974,
    0.464721,
    0.465659,
    0.4637,
    0.465278,
    0.464252,
    0.460865,
    0.462367,
    0.464223,
    0.466628,
    0.465811,
    0.464947,
    0.464908,
    0.465739,
    0.468225,
    0.468057,
    0.468877,
    0.467324,
    0.469244,
    0.46675,
    0.468928,
    0.470731,
    0.471821,
    0.47412,
    0.473506,
    0.474855,
    0.4753
  ],
  "attention_text": [
    0.522355,
    0.532428,
    0.533919,
    0.538013,
    0.535733,
    0.534026,
    0.535279,
    0.534341,
    0.5363,
    0.534722,
    0.535748,
    0.539135,
    0.537633,
    0.535777,
    0.533372,
    0.534189,
    0.535053,
    0.535092,
    0.534261,
    0.531775,
    0.531943,
    0.531123,
    0.532676,
    0.530756,
    0.53325,
    0.531072,
    0.529269,
    0.528179,
    0.52588,
    0.526494,
    0.525145,
    0.5247
  ],
  "train_cls_loss": [
    2.311672,
    1.562852,
    1.308546,
    1.151029,
    1.053804,
    0.997394,
    0.941206,
    0.919684,
    0.88698,
    0.827739,
    0.789368,
    0.777204,
    0.746988,
    0.713328,
    0.690393,
    0.700137,
    0.65167,
    0.643415,
    0.615005,
    0.609498,
    0.543996,
    0.50189,
    0.5062,
    0.47291,
    0.476328,
    0.452181,
    0.450621,
    0.445489,
    0.437975,
    0.423383,
    0.422804,
    0.413172
  ],
  "train_top_cls_loss": [
    0.810776,
    0.536232,
    0.492247,
    0.448616,
    0.418336,
    0.410569,
    0.39217,
    0.390644,
    0.372745,
    0.360003,
    0.343984,
    0.338505,
    0.333029,
    0.315969,
    0.307064,
    0.313386,
    0.287127,
    0.284641,
    0.273408,
    0.277427,
    0.23986,
    0.224258,
    0.222567,
    0.211783,
    0.213207,
    0.196858,
    0.193236,
    0.199713,
    0.200988,
    0.190091,
    0.187571,
    0.18093
  ],
  "train_total_loss": [
    2.879215,
    1.938214,
    1.653119,
    1.46506,
    1.346639,
    1.284792,
    1.215725,
    1.193135,
    1.147901,
    1.079741,
    1.030156,
    1.014158,
    0.980108,
    0.934507,
    0.905338,
    0.919507,
    0.852659,
    0.842663,
    0.806391,
    0.803697,
    0.711898,
    0.65887,
    0.661997,
    0.621158,
    0.625573,
    0.589982,
    0.585886,
    0.585288,
    0.578667,
    0.556446,
    0.554104,
    0.539823
  ],
  "learning_rates": [
    0.001,
    0.001,
    0.001,
    0.001,
    0.001,
    0.001,
    0.001,
    0.001,
    0.001,
    0.001,
    0.001,
    0.001,
    0.001,
    0.001,
    0.001,
    0.001,
    0.001,
    0.001,
    0.001,
    0.001,
    0.0005,
    0.0005,
    0.0005,
    0.0005,
    0.0005,
    0.0005,
    0.0005,
    0.0005,
    0.0005,
    0.0005,
    0.0005,
    0.0005
  ],
  "val_accuracy": [
    48.908046,
    61.896552,
    70.172414,
    72.816092,
    71.264368,
    74.597701,
    75.804598,
    76.551724,
    76.724138,
    76.896552,
    78.103448,
    79.022989,
    78.333333,
    79.712644,
    78.793103,
    78.793103,
    79.885057,
    78.850575,
    79.425287,
    79.482759,
    79.597701,
    79.137931,
    79.597701,
    79.252874,
    79.597701,
    79.770115,
    78.908046,
    79.712644,
    78.678161,
    79.597701,
    78.505747,
    79.770115
  ],
  "model_info": {
    "model_class": "BaseClassifier",
    "hidden_size": 128,
    "num_classes": 23,
    "emb_size_audio": 768,
    "emb_size_text": 512,
    "dropout": 0.1,
    "use_batch_norm": true,
    "mode": "both",
    "num_folds": 5,
    "fold_id": 4,
    "batch_size": 64,
    "random_seed": 1821
  }
}