{
  "train_cls_loss": [
    1.535706,
    0.980138,
    0.829727,
    0.755997,
    0.697786,
    0.661363,
    0.631659,
    0.594697,
    0.593741,
    0.56515,
    0.571672,
    0.533083,
    0.533851,
    0.513366,
    0.502456,
    0.490197,
    0.487454,
    0.469561,
    0.467464,
    0.452243,
    0.424084,
    0.396172,
    0.392406,
    0.387118,
    0.381488,
    0.372008,
    0.369304,
    0.356766,
    0.353605,
    0.346225,
    0.342006,
    0.345665,
    0.332922,
    0.328387,
    0.328967,
    0.322876,
    0.310357,
    0.304923
  ],
  "train_total_loss": [
    1.535706,
    0.980138,
    0.829727,
    0.755997,
    0.697786,
    0.661363,
    0.631659,
    0.594697,
    0.593741,
    0.56515,
    0.571672,
    0.533083,
    0.533851,
    0.513366,
    0.502456,
    0.490197,
    0.487454,
    0.469561,
    0.467464,
    0.452243,
    0.424084,
    0.396172,
    0.392406,
    0.387118,
    0.381488,
    0.372008,
    0.369304,
    0.356766,
    0.353605,
    0.346225,
    0.342006,
    0.345665,
    0.332922,
    0.328387,
    0.328967,
    0.322876,
    0.310357,
    0.304923
  ],
  "learning_rates": [
    0.001,
    0.001,
    0.001,
    0.001,
    0.001,
    0.001,
    0.001,
    0.001,
    0.001,
    0.001,
    0.001,
    0.001,
    0.001,
    0.001,
    0.001,
    0.001,
    0.001,
    0.001,
    0.001,
    0.001,
    0.0005,
    0.0005,
    0.0005,
    0.0005,
    0.0005,
    0.0005,
    0.0005,
    0.0005,
    0.0005,
    0.0005,
    0.0005,
    0.0005,
    0.0005,
    0.0005,
    0.0005,
    0.0005,
    0.0005,
    0.0005
  ],
  "val_accuracy": [
    53.736452,
    65.373645,
    66.799772,
    70.907017,
    72.219053,
    72.276098,
    74.614946,
    73.188819,
    75.071306,
    75.527667,
    75.413577,
    75.071306,
    75.128351,
    75.812892,
    75.869937,
    75.185396,
    74.957216,
    75.812892,
    75.641757,
    74.32972,
    76.098118,
    76.098118,
    77.124929,
    76.326298,
    75.869937,
    76.041072,
    76.554478,
    76.326298,
    75.641757,
    76.440388,
    75.299487,
    76.269253,
    75.641757,
    76.383343,
    76.440388,
    76.440388,
    76.041072,
    75.869937
  ],
  "model_info": {
    "model_class": "BaseClassifier",
    "hidden_size": 128,
    "num_classes": 23,
    "emb_size_audio": 512,
    "emb_size_text": 0,
    "dropout": 0.1,
    "use_batch_norm": true,
    "mode": "audio",
    "num_folds": 5,
    "fold_id": 3,
    "batch_size": 64,
    "random_seed": 1821
  }
}