{
  "attention_audio": [
    0.499736,
    0.488053,
    0.488428,
    0.496441,
    0.495478,
    0.494954,
    0.498969,
    0.497812,
    0.501935,
    0.500236,
    0.496713,
    0.497126,
    0.497311,
    0.500784,
    0.503203,
    0.50641,
    0.511769,
    0.50624,
    0.504473,
    0.506546,
    0.5063,
    0.506154,
    0.508828,
    0.509411,
    0.508384,
    0.509862,
    0.509673,
    0.511608,
    0.511524,
    0.506954,
    0.512588,
    0.514161,
    0.509777,
    0.509666,
    0.508642,
    0.511173,
    0.509757
  ],
  "attention_text": [
    0.500264,
    0.511947,
    0.511572,
    0.503559,
    0.504523,
    0.505046,
    0.501031,
    0.502188,
    0.498065,
    0.499764,
    0.503287,
    0.502874,
    0.502689,
    0.499216,
    0.496797,
    0.49359,
    0.488231,
    0.49376,
    0.495527,
    0.493454,
    0.4937,
    0.493846,
    0.491172,
    0.490589,
    0.491616,
    0.490138,
    0.490327,
    0.488392,
    0.488476,
    0.493046,
    0.487412,
    0.485839,
    0.490223,
    0.490334,
    0.491358,
    0.488827,
    0.490243
  ],
  "train_cls_loss": [
    2.350974,
    1.628146,
    1.464895,
    1.370552,
    1.318137,
    1.284874,
    1.242158,
    1.21013,
    1.202484,
    1.164993,
    1.152779,
    1.152572,
    1.129484,
    1.110497,
    1.108446,
    1.073387,
    1.068985,
    1.062982,
    1.049411,
    1.049964,
    0.97999,
    0.951007,
    0.951655,
    0.948908,
    0.936713,
    0.920363,
    0.926361,
    0.911619,
    0.897385,
    0.909047,
    0.903726,
    0.888768,
    0.893265,
    0.89507,
    0.879235,
    0.866882,
    0.861121
  ],
  "train_total_loss": [
    2.350974,
    1.628146,
    1.464895,
    1.370552,
    1.318137,
    1.284874,
    1.242158,
    1.21013,
    1.202484,
    1.164993,
    1.152779,
    1.152572,
    1.129484,
    1.110497,
    1.108446,
    1.073387,
    1.068985,
    1.062982,
    1.049411,
    1.049964,
    0.97999,
    0.951007,
    0.951655,
    0.948908,
    0.936713,
    0.920363,
    0.926361,
    0.911619,
    0.897385,
    0.909047,
    0.903726,
    0.888768,
    0.893265,
    0.89507,
    0.879235,
    0.866882,
    0.861121
  ],
  "learning_rates": [
    0.001,
    0.001,
    0.001,
    0.001,
    0.001,
    0.001,
    0.001,
    0.001,
    0.001,
    0.001,
    0.001,
    0.001,
    0.001,
    0.001,
    0.001,
    0.001,
    0.001,
    0.001,
    0.001,
    0.001,
    0.0005,
    0.0005,
    0.0005,
    0.0005,
    0.0005,
    0.0005,
    0.0005,
    0.0005,
    0.0005,
    0.0005,
    0.0005,
    0.0005,
    0.0005,
    0.0005,
    0.0005,
    0.0005,
    0.0005
  ],
  "val_accuracy": [
    63.148888,
    70.279521,
    71.876783,
    74.158585,
    74.671991,
    77.353109,
    76.668568,
    78.26583,
    77.524244,
    77.92356,
    77.524244,
    79.749002,
    78.779236,
    79.463776,
    79.292641,
    80.034227,
    79.406731,
    77.866515,
    79.634912,
    80.376497,
    80.433542,
    81.061038,
    80.718768,
    80.091272,
    80.262407,
    80.205362,
    79.349686,
    80.148317,
    79.977182,
    80.433542,
    79.920137,
    79.349686,
    79.920137,
    79.520821,
    79.406731,
    79.007416,
    79.349686
  ],
  "model_info": {
    "model_class": "BaseClassifier",
    "hidden_size": 128,
    "num_classes": 23,
    "emb_size_audio": 512,
    "emb_size_text": 512,
    "dropout": 0.1,
    "use_batch_norm": true,
    "mode": "both",
    "num_folds": 5,
    "fold_id": 0,
    "batch_size": 64,
    "random_seed": 1821
  }
}