{
  "train_cls_loss": [
    2.455283,
    1.805114,
    1.716564,
    1.62847,
    1.490892,
    1.541227,
    1.527111,
    1.405024,
    1.418748,
    1.383834,
    1.386818,
    1.360665,
    1.28513,
    1.237579,
    1.244634,
    1.248171,
    1.189255,
    1.16092,
    1.194712,
    1.225026,
    1.148585,
    1.162712,
    1.129381,
    1.213971,
    1.026002,
    1.028448,
    1.044376,
    1.06314,
    1.119308,
    1.12369,
    1.090318,
    1.029224,
    0.984044,
    1.049911,
    1.048506,
    0.996627
  ],
  "train_total_loss": [
    2.455283,
    1.805114,
    1.716564,
    1.62847,
    1.490892,
    1.541227,
    1.527111,
    1.405024,
    1.418748,
    1.383834,
    1.386818,
    1.360665,
    1.28513,
    1.237579,
    1.244634,
    1.248171,
    1.189255,
    1.16092,
    1.194712,
    1.225026,
    1.148585,
    1.162712,
    1.129381,
    1.213971,
    1.026002,
    1.028448,
    1.044376,
    1.06314,
    1.119308,
    1.12369,
    1.090318,
    1.029224,
    0.984044,
    1.049911,
    1.048506,
    0.996627
  ],
  "learning_rates": [
    0.001,
    0.001,
    0.001,
    0.001,
    0.001,
    0.001,
    0.001,
    0.001,
    0.001,
    0.001,
    0.001,
    0.001,
    0.001,
    0.001,
    0.001,
    0.001,
    0.001,
    0.001,
    0.001,
    0.001,
    0.0005,
    0.0005,
    0.0005,
    0.0005,
    0.0005,
    0.0005,
    0.0005,
    0.0005,
    0.0005,
    0.0005,
    0.0005,
    0.0005,
    0.0005,
    0.0005,
    0.0005,
    0.0005
  ],
  "val_accuracy": [
    56.18939,
    64.575014,
    68.511124,
    70.279521,
    73.245864,
    72.675414,
    73.64518,
    74.614946,
    74.557901,
    74.900171,
    74.614946,
    76.155163,
    76.953793,
    75.984027,
    76.611523,
    76.896748,
    75.698802,
    76.098118,
    76.497433,
    75.413577,
    77.353109,
    76.668568,
    77.296064,
    76.839703,
    76.212208,
    76.098118,
    76.155163,
    76.497433,
    75.869937,
    76.269253,
    75.869937,
    76.383343,
    76.155163,
    75.926982,
    76.554478,
    75.869937
  ],
  "model_info": {
    "model_class": "BaseClassifier",
    "hidden_size": 128,
    "num_classes": 23,
    "emb_size_audio": 512,
    "emb_size_text": 0,
    "dropout": 0.1,
    "use_batch_norm": true,
    "mode": "audio",
    "num_folds": 5,
    "fold_id": 1,
    "batch_size": 64,
    "random_seed": 1821
  }
}