{
  "attention_audio": [
    0.490433,
    0.485311,
    0.486082,
    0.492958,
    0.502502,
    0.508106,
    0.517451,
    0.518121,
    0.519048,
    0.529698,
    0.530407,
    0.535459,
    0.531802,
    0.533698,
    0.536972,
    0.534802,
    0.538425,
    0.543409,
    0.541359,
    0.541139,
    0.546505,
    0.549671,
    0.551217,
    0.552164,
    0.553381,
    0.554777,
    0.554005,
    0.557452,
    0.561526,
    0.563882,
    0.566083,
    0.564636,
    0.565991,
    0.562632,
    0.5632,
    0.563726,
    0.560634,
    0.559447,
    0.563908,
    0.566606,
    0.567299
  ],
  "attention_text": [
    0.509567,
    0.514689,
    0.513918,
    0.507042,
    0.497498,
    0.491894,
    0.482549,
    0.481879,
    0.480952,
    0.470302,
    0.469593,
    0.464541,
    0.468198,
    0.466302,
    0.463028,
    0.465198,
    0.461575,
    0.456591,
    0.458641,
    0.458861,
    0.453495,
    0.450329,
    0.448783,
    0.447836,
    0.446619,
    0.445223,
    0.445995,
    0.442548,
    0.438474,
    0.436118,
    0.433917,
    0.435364,
    0.434009,
    0.437368,
    0.4368,
    0.436274,
    0.439366,
    0.440553,
    0.436092,
    0.433394,
    0.432701
  ],
  "train_cls_loss": [
    2.278325,
    1.352502,
    1.052473,
    0.915037,
    0.813441,
    0.754336,
    0.704299,
    0.66324,
    0.627566,
    0.586954,
    0.585146,
    0.53435,
    0.512843,
    0.487129,
    0.45361,
    0.453718,
    0.419104,
    0.412796,
    0.394688,
    0.354474,
    0.279553,
    0.243351,
    0.238363,
    0.231506,
    0.203237,
    0.202661,
    0.202448,
    0.191393,
    0.194699,
    0.180418,
    0.18148,
    0.175566,
    0.166966,
    0.153979,
    0.164321,
    0.148255,
    0.143136,
    0.148395,
    0.15268,
    0.139733,
    0.1116
  ],
  "train_total_loss": [
    2.278325,
    1.352502,
    1.052473,
    0.915037,
    0.813441,
    0.754336,
    0.704299,
    0.66324,
    0.627566,
    0.586954,
    0.585146,
    0.53435,
    0.512843,
    0.487129,
    0.45361,
    0.453718,
    0.419104,
    0.412796,
    0.394688,
    0.354474,
    0.279553,
    0.243351,
    0.238363,
    0.231506,
    0.203237,
    0.202661,
    0.202448,
    0.191393,
    0.194699,
    0.180418,
    0.18148,
    0.175566,
    0.166966,
    0.153979,
    0.164321,
    0.148255,
    0.143136,
    0.148395,
    0.15268,
    0.139733,
    0.1116
  ],
  "learning_rates": [
    0.001,
    0.001,
    0.001,
    0.001,
    0.001,
    0.001,
    0.001,
    0.001,
    0.001,
    0.001,
    0.001,
    0.001,
    0.001,
    0.001,
    0.001,
    0.001,
    0.001,
    0.001,
    0.001,
    0.001,
    0.0005,
    0.0005,
    0.0005,
    0.0005,
    0.0005,
    0.0005,
    0.0005,
    0.0005,
    0.0005,
    0.0005,
    0.0005,
    0.0005,
    0.0005,
    0.0005,
    0.0005,
    0.0005,
    0.0005,
    0.0005,
    0.0005,
    0.0005,
    0.00025
  ],
  "val_accuracy": [
    54.820308,
    66.685682,
    74.500856,
    76.782658,
    77.92356,
    75.299487,
    78.208785,
    76.668568,
    77.181974,
    77.92356,
    77.353109,
    76.953793,
    77.353109,
    75.413577,
    78.37992,
    78.49401,
    78.836281,
    77.92356,
    77.980605,
    78.03765,
    78.950371,
    77.467199,
    78.950371,
    78.893326,
    78.26583,
    79.349686,
    79.007416,
    78.722191,
    78.893326,
    77.809469,
    77.638334,
    77.410154,
    77.067884,
    77.467199,
    77.353109,
    76.725613,
    77.410154,
    78.722191,
    76.668568,
    77.181974,
    77.181974
  ],
  "model_info": {
    "model_class": "BaseClassifier",
    "hidden_size": 128,
    "num_classes": 23,
    "emb_size_audio": 3840,
    "emb_size_text": 512,
    "dropout": 0.1,
    "use_batch_norm": true,
    "mode": "both",
    "num_folds": 5,
    "fold_id": 1,
    "batch_size": 64,
    "random_seed": 1821
  }
}