{
  "attention_audio": [
    0.36134,
    0.357482,
    0.354977,
    0.363883,
    0.363666,
    0.365903,
    0.369063,
    0.367616,
    0.367355,
    0.371407,
    0.368351,
    0.367667,
    0.369709,
    0.365163,
    0.367162,
    0.366372,
    0.364984,
    0.364386,
    0.364611,
    0.370653,
    0.373184,
    0.374933,
    0.373984,
    0.373897,
    0.372619,
    0.372598,
    0.37246,
    0.376432,
    0.376252,
    0.374207,
    0.372442,
    0.374137,
    0.37697,
    0.376272,
    0.377127,
    0.374159,
    0.376178,
    0.381652,
    0.382592
  ],
  "attention_text": [
    0.357132,
    0.378354,
    0.372146,
    0.367832,
    0.376924,
    0.368828,
    0.362732,
    0.364856,
    0.369429,
    0.364316,
    0.365105,
    0.37006,
    0.368592,
    0.37143,
    0.371209,
    0.374861,
    0.378443,
    0.37725,
    0.376757,
    0.37105,
    0.367753,
    0.370355,
    0.36921,
    0.372497,
    0.373969,
    0.374084,
    0.373408,
    0.371801,
    0.374169,
    0.376816,
    0.378517,
    0.378555,
    0.378275,
    0.377867,
    0.376296,
    0.381134,
    0.381861,
    0.377394,
    0.374622
  ],
  "train_cls_loss": [
    2.467445,
    1.678551,
    1.512532,
    1.478651,
    1.367715,
    1.268258,
    1.298958,
    1.20592,
    1.168245,
    1.310062,
    1.250502,
    1.113164,
    1.107446,
    1.069899,
    1.107446,
    1.127281,
    1.144182,
    1.016833,
    1.073822,
    1.051916,
    0.967616,
    0.811614,
    0.902083,
    0.933464,
    0.936791,
    0.895743,
    0.908616,
    0.901667,
    0.822729,
    0.880937,
    0.991761,
    0.940505,
    0.903483,
    0.824882,
    0.839925,
    0.84951,
    0.934607,
    0.79293,
    0.83103
  ],
  "train_total_loss": [
    2.467445,
    1.678551,
    1.512532,
    1.478651,
    1.367715,
    1.268258,
    1.298958,
    1.20592,
    1.168245,
    1.310062,
    1.250502,
    1.113164,
    1.107446,
    1.069899,
    1.107446,
    1.127281,
    1.144182,
    1.016833,
    1.073822,
    1.051916,
    0.967616,
    0.811614,
    0.902083,
    0.933464,
    0.936791,
    0.895743,
    0.908616,
    0.901667,
    0.822729,
    0.880937,
    0.991761,
    0.940505,
    0.903483,
    0.824882,
    0.839925,
    0.84951,
    0.934607,
    0.79293,
    0.83103
  ],
  "learning_rates": [
    0.001,
    0.001,
    0.001,
    0.001,
    0.001,
    0.001,
    0.001,
    0.001,
    0.001,
    0.001,
    0.001,
    0.001,
    0.001,
    0.001,
    0.001,
    0.001,
    0.001,
    0.001,
    0.001,
    0.001,
    0.0005,
    0.0005,
    0.0005,
    0.0005,
    0.0005,
    0.0005,
    0.0005,
    0.0005,
    0.0005,
    0.0005,
    0.0005,
    0.0005,
    0.0005,
    0.0005,
    0.0005,
    0.0005,
    0.0005,
    0.0005,
    0.0005
  ],
  "val_accuracy": [
    58.471192,
    69.024529,
    73.245864,
    75.926982,
    77.524244,
    76.041072,
    78.094695,
    77.809469,
    78.49401,
    79.806047,
    80.490588,
    79.691957,
    79.235596,
    79.863092,
    79.634912,
    80.490588,
    79.406731,
    79.806047,
    80.433542,
    80.490588,
    81.003993,
    81.346264,
    81.061038,
    81.574444,
    80.775813,
    81.232173,
    80.661723,
    81.346264,
    79.863092,
    80.091272,
    80.547633,
    80.661723,
    80.034227,
    80.262407,
    81.118083,
    79.749002,
    80.034227,
    80.091272,
    79.749002
  ],
  "model_info": {
    "model_class": "BaseClassifier",
    "hidden_size": 128,
    "num_classes": 23,
    "emb_size_audio": 512,
    "emb_size_text": 512,
    "dropout": 0.1,
    "use_batch_norm": true,
    "mode": "both",
    "num_folds": 5,
    "fold_id": 3,
    "batch_size": 64,
    "random_seed": 1821
  }
}