{
  "attention_audio": [
    0.368826,
    0.364297,
    0.372633,
    0.369297,
    0.370759,
    0.375412,
    0.369995,
    0.371299,
    0.36774,
    0.36942,
    0.369214,
    0.366912,
    0.377568,
    0.371662,
    0.372823,
    0.374878,
    0.37625,
    0.376398,
    0.377436,
    0.374616,
    0.378316,
    0.376539,
    0.379075,
    0.378394,
    0.378776,
    0.379876,
    0.383105,
    0.380094,
    0.380415,
    0.383734,
    0.385612,
    0.384406,
    0.38135,
    0.384301,
    0.385762,
    0.384958,
    0.387392
  ],
  "attention_text": [
    0.349017,
    0.38421,
    0.38317,
    0.38674,
    0.384118,
    0.382943,
    0.382273,
    0.387024,
    0.387116,
    0.388864,
    0.384465,
    0.384503,
    0.377859,
    0.384073,
    0.384723,
    0.385223,
    0.382308,
    0.381187,
    0.381136,
    0.38051,
    0.37763,
    0.374542,
    0.375085,
    0.37916,
    0.376093,
    0.374677,
    0.3723,
    0.375391,
    0.375355,
    0.37359,
    0.371816,
    0.373443,
    0.376973,
    0.374777,
    0.373647,
    0.374705,
    0.373406
  ],
  "train_cls_loss": [
    2.319428,
    1.350189,
    1.132431,
    1.006207,
    0.927215,
    0.887284,
    0.840648,
    0.819783,
    0.787456,
    0.753681,
    0.723356,
    0.697943,
    0.692666,
    0.678141,
    0.643189,
    0.640583,
    0.620209,
    0.604867,
    0.590497,
    0.578694,
    0.519969,
    0.479838,
    0.482459,
    0.458769,
    0.451256,
    0.441464,
    0.428786,
    0.427006,
    0.423905,
    0.421124,
    0.41364,
    0.395189,
    0.397273,
    0.391623,
    0.378661,
    0.365091,
    0.3664
  ],
  "train_total_loss": [
    2.319428,
    1.350189,
    1.132431,
    1.006207,
    0.927215,
    0.887284,
    0.840648,
    0.819783,
    0.787456,
    0.753681,
    0.723356,
    0.697943,
    0.692666,
    0.678141,
    0.643189,
    0.640583,
    0.620209,
    0.604867,
    0.590497,
    0.578694,
    0.519969,
    0.479838,
    0.482459,
    0.458769,
    0.451256,
    0.441464,
    0.428786,
    0.427006,
    0.423905,
    0.421124,
    0.41364,
    0.395189,
    0.397273,
    0.391623,
    0.378661,
    0.365091,
    0.3664
  ],
  "learning_rates": [
    0.001,
    0.001,
    0.001,
    0.001,
    0.001,
    0.001,
    0.001,
    0.001,
    0.001,
    0.001,
    0.001,
    0.001,
    0.001,
    0.001,
    0.001,
    0.001,
    0.001,
    0.001,
    0.001,
    0.001,
    0.0005,
    0.0005,
    0.0005,
    0.0005,
    0.0005,
    0.0005,
    0.0005,
    0.0005,
    0.0005,
    0.0005,
    0.0005,
    0.0005,
    0.0005,
    0.0005,
    0.0005,
    0.0005,
    0.0005
  ],
  "val_accuracy": [
    58.642327,
    70.108386,
    73.588135,
    76.554478,
    77.467199,
    76.497433,
    77.695379,
    77.92356,
    77.239019,
    77.752424,
    78.722191,
    76.953793,
    78.893326,
    79.121506,
    77.980605,
    78.436965,
    78.665145,
    79.007416,
    79.634912,
    79.349686,
    79.235596,
    79.977182,
    78.893326,
    79.007416,
    79.577867,
    79.064461,
    79.349686,
    78.722191,
    79.292641,
    79.634912,
    78.950371,
    79.292641,
    77.980605,
    79.007416,
    78.322875,
    78.836281,
    77.353109
  ],
  "model_info": {
    "model_class": "BaseClassifier",
    "hidden_size": 128,
    "num_classes": 23,
    "emb_size_audio": 512,
    "emb_size_text": 512,
    "dropout": 0.1,
    "use_batch_norm": true,
    "mode": "both",
    "num_folds": 5,
    "fold_id": 1,
    "batch_size": 64,
    "random_seed": 1821
  }
}