{
  "train_cls_loss": [
    2.412458,
    1.696254,
    1.451081,
    1.280889,
    1.179666,
    1.119017,
    1.060042,
    1.031079,
    1.006881,
    0.96626,
    0.912481,
    0.89618,
    0.894957,
    0.844365,
    0.834776,
    0.831511,
    0.804699,
    0.797938,
    0.786046,
    0.752646,
    0.694591,
    0.669543,
    0.647583,
    0.635039,
    0.62864,
    0.59517,
    0.615289,
    0.589334,
    0.592083,
    0.573822,
    0.570064,
    0.550922,
    0.573595,
    0.546225,
    0.528358,
    0.5248,
    0.538284
  ],
  "train_top_cls_loss": [
    0.876623,
    0.59176,
    0.530157,
    0.494045,
    0.474059,
    0.457523,
    0.445469,
    0.440341,
    0.426705,
    0.418501,
    0.389976,
    0.385139,
    0.389788,
    0.366494,
    0.356423,
    0.362173,
    0.357572,
    0.35526,
    0.34749,
    0.330905,
    0.30191,
    0.290737,
    0.287178,
    0.270112,
    0.281642,
    0.255008,
    0.265551,
    0.261619,
    0.252529,
    0.256879,
    0.246649,
    0.243548,
    0.257539,
    0.24066,
    0.233203,
    0.220005,
    0.239424
  ],
  "train_total_loss": [
    3.026094,
    2.110485,
    1.822191,
    1.62672,
    1.511507,
    1.439282,
    1.371871,
    1.339317,
    1.305574,
    1.259211,
    1.185464,
    1.165778,
    1.167809,
    1.100911,
    1.084272,
    1.085033,
    1.055,
    1.04662,
    1.029289,
    0.984279,
    0.905928,
    0.873059,
    0.848608,
    0.824117,
    0.82579,
    0.773676,
    0.801175,
    0.772467,
    0.768853,
    0.753638,
    0.742718,
    0.721406,
    0.753873,
    0.714687,
    0.6916,
    0.678803,
    0.705881
  ],
  "learning_rates": [
    0.001,
    0.001,
    0.001,
    0.001,
    0.001,
    0.001,
    0.001,
    0.001,
    0.001,
    0.001,
    0.001,
    0.001,
    0.001,
    0.001,
    0.001,
    0.001,
    0.001,
    0.001,
    0.001,
    0.001,
    0.0005,
    0.0005,
    0.0005,
    0.0005,
    0.0005,
    0.0005,
    0.0005,
    0.0005,
    0.0005,
    0.0005,
    0.0005,
    0.0005,
    0.0005,
    0.0005,
    0.0005,
    0.0005,
    0.0005
  ],
  "val_accuracy": [
    46.491728,
    59.383913,
    63.719338,
    69.82316,
    72.732459,
    73.245864,
    73.53109,
    74.272675,
    73.416999,
    75.242442,
    75.926982,
    74.843126,
    76.212208,
    75.584712,
    75.071306,
    75.755847,
    76.782658,
    76.725613,
    76.896748,
    74.729036,
    77.181974,
    77.809469,
    76.269253,
    76.953793,
    76.839703,
    77.010839,
    76.611523,
    76.497433,
    76.326298,
    75.698802,
    77.010839,
    76.212208,
    76.383343,
    76.326298,
    76.725613,
    77.010839,
    76.212208
  ],
  "model_info": {
    "model_class": "BaseClassifier",
    "hidden_size": 128,
    "num_classes": 23,
    "emb_size_audio": 512,
    "emb_size_text": 0,
    "dropout": 0.1,
    "use_batch_norm": true,
    "mode": "audio",
    "num_folds": 5,
    "fold_id": 3,
    "batch_size": 64,
    "random_seed": 1821
  }
}