{
  "train_cls_loss": [
    2.401181,
    1.786493,
    1.591826,
    1.492333,
    1.382987,
    1.350307,
    1.292654,
    1.23465,
    1.218143,
    1.148742,
    1.124972,
    1.106373,
    1.073775,
    1.046729,
    1.012147,
    0.998747,
    0.966931,
    0.96678,
    0.926722,
    0.921413,
    0.832698,
    0.780607,
    0.765173,
    0.747292,
    0.724815,
    0.720879,
    0.70701,
    0.718114,
    0.665858,
    0.666357,
    0.656126,
    0.652189,
    0.630997,
    0.635317,
    0.619455,
    0.606131,
    0.604127,
    0.590012,
    0.57386,
    0.572605,
    0.521129,
    0.512986,
    0.482398,
    0.485367,
    0.463048
  ],
  "train_top_cls_loss": [
    0.834139,
    0.643771,
    0.57817,
    0.568622,
    0.528367,
    0.527132,
    0.499928,
    0.481062,
    0.483173,
    0.459156,
    0.4506,
    0.444319,
    0.42765,
    0.414356,
    0.405744,
    0.396979,
    0.390137,
    0.38717,
    0.364247,
    0.369617,
    0.326332,
    0.302295,
    0.286041,
    0.283454,
    0.276477,
    0.277037,
    0.272802,
    0.270446,
    0.250924,
    0.260659,
    0.242054,
    0.251276,
    0.229917,
    0.251516,
    0.233255,
    0.231323,
    0.237081,
    0.222904,
    0.218116,
    0.212778,
    0.203463,
    0.190217,
    0.178451,
    0.175804,
    0.170766
  ],
  "train_total_loss": [
    3.652389,
    2.752149,
    2.459081,
    2.345266,
    2.175537,
    2.141005,
    2.042547,
    1.956243,
    1.942902,
    1.837477,
    1.800872,
    1.772851,
    1.71525,
    1.668262,
    1.620762,
    1.594216,
    1.552136,
    1.547536,
    1.473092,
    1.475838,
    1.322196,
    1.23405,
    1.194235,
    1.172473,
    1.13953,
    1.136435,
    1.116213,
    1.123783,
    1.042244,
    1.057346,
    1.019207,
    1.029104,
    0.975872,
    1.01259,
    0.969337,
    0.953116,
    0.959748,
    0.924367,
    0.901033,
    0.891771,
    0.826323,
    0.798311,
    0.750074,
    0.749073,
    0.719197
  ],
  "learning_rates": [
    0.001,
    0.001,
    0.001,
    0.001,
    0.001,
    0.001,
    0.001,
    0.001,
    0.001,
    0.001,
    0.001,
    0.001,
    0.001,
    0.001,
    0.001,
    0.001,
    0.001,
    0.001,
    0.001,
    0.001,
    0.0005,
    0.0005,
    0.0005,
    0.0005,
    0.0005,
    0.0005,
    0.0005,
    0.0005,
    0.0005,
    0.0005,
    0.0005,
    0.0005,
    0.0005,
    0.0005,
    0.0005,
    0.0005,
    0.0005,
    0.0005,
    0.0005,
    0.0005,
    0.00025,
    0.00025,
    0.00025,
    0.00025,
    0.00025
  ],
  "val_accuracy": [
    43.16092,
    52.126437,
    57.068966,
    59.712644,
    62.701149,
    63.850575,
    66.149425,
    65.344828,
    67.298851,
    67.298851,
    67.183908,
    67.931034,
    68.16092,
    68.333333,
    68.045977,
    69.137931,
    68.390805,
    70.344828,
    70.45977,
    67.988506,
    70.804598,
    70.574713,
    69.827586,
    70.91954,
    70.229885,
    70.689655,
    70.747126,
    70.632184,
    70.747126,
    71.666667,
    70.229885,
    70.45977,
    71.436782,
    70.804598,
    71.436782,
    69.54023,
    70.689655,
    71.551724,
    71.091954,
    70.689655,
    70.344828,
    70.747126,
    71.149425,
    70.229885,
    70.862069
  ],
  "model_info": {
    "model_class": "BaseClassifier",
    "hidden_size": 128,
    "num_classes": 23,
    "emb_size_audio": 768,
    "emb_size_text": 0,
    "dropout": 0.1,
    "use_batch_norm": true,
    "mode": "audio",
    "num_folds": 5,
    "fold_id": 0,
    "batch_size": 64,
    "random_seed": 1821
  }
}