{
  "attention_audio": [
    0.491661,
    0.495869,
    0.499971,
    0.49965,
    0.503163,
    0.503523,
    0.501029,
    0.502423,
    0.505933,
    0.502791,
    0.503093,
    0.506374,
    0.506034,
    0.507165,
    0.508194,
    0.506794,
    0.50635,
    0.509818,
    0.510886,
    0.510743,
    0.509647,
    0.511878,
    0.512532,
    0.510895,
    0.510305,
    0.513805,
    0.511392,
    0.511408,
    0.509887,
    0.510483,
    0.508696,
    0.508904,
    0.51382,
    0.512744,
    0.512013,
    0.512697,
    0.515331,
    0.513131,
    0.513456,
    0.513134,
    0.510385,
    0.513192,
    0.514161,
    0.513389,
    0.511274,
    0.512764,
    0.511282
  ],
  "attention_text": [
    0.508339,
    0.504131,
    0.500029,
    0.50035,
    0.496837,
    0.496477,
    0.498971,
    0.497577,
    0.494067,
    0.497209,
    0.496907,
    0.493626,
    0.493966,
    0.492835,
    0.491805,
    0.493206,
    0.49365,
    0.490182,
    0.489114,
    0.489257,
    0.490353,
    0.488122,
    0.487468,
    0.489105,
    0.489695,
    0.486195,
    0.488608,
    0.488592,
    0.490113,
    0.489517,
    0.491304,
    0.491096,
    0.48618,
    0.487256,
    0.487987,
    0.487303,
    0.484669,
    0.486869,
    0.486544,
    0.486866,
    0.489615,
    0.486808,
    0.485839,
    0.486611,
    0.488726,
    0.487236,
    0.488718
  ],
  "train_cls_loss": [
    2.326266,
    1.552957,
    1.291521,
    1.15301,
    1.093605,
    1.013241,
    0.959138,
    0.917319,
    0.870712,
    0.836105,
    0.835497,
    0.775514,
    0.766094,
    0.750935,
    0.708544,
    0.704038,
    0.690601,
    0.688002,
    0.646492,
    0.632169,
    0.559547,
    0.535128,
    0.509922,
    0.505466,
    0.491388,
    0.491056,
    0.487552,
    0.477202,
    0.452831,
    0.453902,
    0.448466,
    0.433045,
    0.439765,
    0.440667,
    0.417681,
    0.424329,
    0.416325,
    0.388502,
    0.393197,
    0.380163,
    0.348082,
    0.340362,
    0.322011,
    0.333043,
    0.313918,
    0.308645,
    0.309946
  ],
  "train_top_cls_loss": [
    0.771568,
    0.498564,
    0.45301,
    0.412512,
    0.41287,
    0.389199,
    0.366687,
    0.36284,
    0.354649,
    0.347962,
    0.351625,
    0.328115,
    0.325011,
    0.312692,
    0.304471,
    0.305315,
    0.293728,
    0.296176,
    0.271489,
    0.266039,
    0.232875,
    0.223183,
    0.215954,
    0.21214,
    0.206704,
    0.210166,
    0.2004,
    0.203008,
    0.191054,
    0.192344,
    0.188441,
    0.180838,
    0.182457,
    0.185695,
    0.18732,
    0.178906,
    0.174202,
    0.169327,
    0.170623,
    0.163706,
    0.1448,
    0.139061,
    0.13659,
    0.138478,
    0.14121,
    0.127916,
    0.13527
  ],
  "train_total_loss": [
    3.097835,
    2.051521,
    1.74453,
    1.565522,
    1.506475,
    1.40244,
    1.325825,
    1.280159,
    1.225361,
    1.184067,
    1.187122,
    1.103629,
    1.091105,
    1.063628,
    1.013015,
    1.009353,
    0.984329,
    0.984177,
    0.91798,
    0.898207,
    0.792423,
    0.758311,
    0.725875,
    0.717606,
    0.698093,
    0.701222,
    0.687953,
    0.68021,
    0.643885,
    0.646246,
    0.636907,
    0.613883,
    0.622222,
    0.626362,
    0.605001,
    0.603235,
    0.590528,
    0.557828,
    0.56382,
    0.54387,
    0.492883,
    0.479423,
    0.4586,
    0.471522,
    0.455128,
    0.436561,
    0.445215
  ],
  "learning_rates": [
    0.001,
    0.001,
    0.001,
    0.001,
    0.001,
    0.001,
    0.001,
    0.001,
    0.001,
    0.001,
    0.001,
    0.001,
    0.001,
    0.001,
    0.001,
    0.001,
    0.001,
    0.001,
    0.001,
    0.001,
    0.0005,
    0.0005,
    0.0005,
    0.0005,
    0.0005,
    0.0005,
    0.0005,
    0.0005,
    0.0005,
    0.0005,
    0.0005,
    0.0005,
    0.0005,
    0.0005,
    0.0005,
    0.0005,
    0.0005,
    0.0005,
    0.0005,
    0.0005,
    0.00025,
    0.00025,
    0.00025,
    0.00025,
    0.00025,
    0.00025,
    0.00025
  ],
  "val_accuracy": [
    52.424415,
    62.977752,
    68.967484,
    69.82316,
    71.363377,
    75.584712,
    76.212208,
    76.839703,
    78.26583,
    78.49401,
    77.980605,
    77.524244,
    78.950371,
    79.691957,
    79.349686,
    78.49401,
    78.15174,
    78.950371,
    78.722191,
    80.091272,
    80.262407,
    80.091272,
    80.775813,
    79.406731,
    80.889903,
    79.749002,
    79.920137,
    80.091272,
    80.148317,
    80.661723,
    80.091272,
    80.946948,
    80.091272,
    80.490588,
    79.977182,
    78.26583,
    80.262407,
    79.349686,
    79.749002,
    79.749002,
    80.604678,
    79.235596,
    79.349686,
    79.806047,
    79.406731,
    79.235596,
    80.319452
  ],
  "model_info": {
    "model_class": "BaseClassifier",
    "hidden_size": 128,
    "num_classes": 23,
    "emb_size_audio": 512,
    "emb_size_text": 512,
    "dropout": 0.1,
    "use_batch_norm": true,
    "mode": "both",
    "num_folds": 5,
    "fold_id": 3,
    "batch_size": 64,
    "random_seed": 1821
  }
}