{
  "attention_audio": [
    0.454899,
    0.43023,
    0.419539,
    0.41452,
    0.407196,
    0.404801,
    0.398697,
    0.402231,
    0.405086,
    0.403838,
    0.408587,
    0.406754,
    0.402602,
    0.406668,
    0.406423,
    0.410599,
    0.409526,
    0.413512,
    0.416798,
    0.419181,
    0.419423,
    0.417308,
    0.421656,
    0.421694,
    0.421649,
    0.426586,
    0.42812,
    0.429186,
    0.428243,
    0.430089,
    0.431963,
    0.432491,
    0.432229,
    0.434375,
    0.437458,
    0.438656,
    0.437799,
    0.437687,
    0.435751,
    0.435578
  ],
  "attention_text": [
    0.545101,
    0.56977,
    0.580461,
    0.58548,
    0.592804,
    0.595199,
    0.601303,
    0.597769,
    0.594914,
    0.596162,
    0.591413,
    0.593246,
    0.597398,
    0.593332,
    0.593577,
    0.589401,
    0.590474,
    0.586488,
    0.583202,
    0.580819,
    0.580577,
    0.582692,
    0.578344,
    0.578306,
    0.578351,
    0.573414,
    0.57188,
    0.570814,
    0.571756,
    0.569911,
    0.568037,
    0.567509,
    0.567771,
    0.565625,
    0.562542,
    0.561344,
    0.562201,
    0.562313,
    0.564249,
    0.564422
  ],
  "train_cls_loss": [
    1.137031,
    0.808718,
    0.726659,
    0.671053,
    0.637945,
    0.609264,
    0.58147,
    0.566068,
    0.548865,
    0.536704,
    0.515167,
    0.509693,
    0.490853,
    0.479689,
    0.470758,
    0.458515,
    0.453085,
    0.441171,
    0.432158,
    0.421911,
    0.380864,
    0.363096,
    0.356634,
    0.344321,
    0.340091,
    0.33208,
    0.325523,
    0.322731,
    0.315903,
    0.313066,
    0.303844,
    0.301311,
    0.296672,
    0.291343,
    0.286026,
    0.283066,
    0.27779,
    0.276174,
    0.273299,
    0.26758
  ],
  "train_total_loss": [
    1.137031,
    0.808718,
    0.726659,
    0.671053,
    0.637945,
    0.609264,
    0.58147,
    0.566068,
    0.548865,
    0.536704,
    0.515167,
    0.509693,
    0.490853,
    0.479689,
    0.470758,
    0.458515,
    0.453085,
    0.441171,
    0.432158,
    0.421911,
    0.380864,
    0.363096,
    0.356634,
    0.344321,
    0.340091,
    0.33208,
    0.325523,
    0.322731,
    0.315903,
    0.313066,
    0.303844,
    0.301311,
    0.296672,
    0.291343,
    0.286026,
    0.283066,
    0.27779,
    0.276174,
    0.273299,
    0.26758
  ],
  "learning_rates": [
    0.001,
    0.001,
    0.001,
    0.001,
    0.001,
    0.001,
    0.001,
    0.001,
    0.001,
    0.001,
    0.001,
    0.001,
    0.001,
    0.001,
    0.001,
    0.001,
    0.001,
    0.001,
    0.001,
    0.001,
    0.0005,
    0.0005,
    0.0005,
    0.0005,
    0.0005,
    0.0005,
    0.0005,
    0.0005,
    0.0005,
    0.0005,
    0.0005,
    0.0005,
    0.0005,
    0.0005,
    0.0005,
    0.0005,
    0.0005,
    0.0005,
    0.0005,
    0.0005
  ],
  "val_accuracy": [
    63.491158,
    70.108386,
    73.017684,
    73.98745,
    74.843126,
    73.87336,
    75.413577,
    75.584712,
    75.812892,
    75.185396,
    75.527667,
    75.071306,
    76.440388,
    76.098118,
    77.010839,
    76.326298,
    76.953793,
    77.067884,
    77.467199,
    75.413577,
    77.752424,
    77.524244,
    76.611523,
    77.124929,
    78.208785,
    76.839703,
    76.725613,
    76.782658,
    76.896748,
    76.725613,
    76.041072,
    76.326298,
    76.098118,
    77.124929,
    77.067884,
    76.041072,
    76.896748,
    76.155163,
    75.869937,
    75.584712
  ],
  "model_info": {
    "model_class": "BaseClassifier",
    "hidden_size": 128,
    "num_classes": 23,
    "emb_size_audio": 512,
    "emb_size_text": 512,
    "dropout": 0.1,
    "use_batch_norm": true,
    "mode": "both",
    "num_folds": 5,
    "fold_id": 0,
    "batch_size": 64,
    "random_seed": 1821
  }
}