{
  "attention_audio": [
    0.500229,
    0.48704,
    0.487133,
    0.490105,
    0.489968,
    0.492959,
    0.496884,
    0.497375,
    0.498805,
    0.496347,
    0.495739,
    0.496111,
    0.497411,
    0.49684,
    0.499458,
    0.504533,
    0.503191,
    0.501327,
    0.501423,
    0.502007,
    0.50129,
    0.502408,
    0.5019,
    0.505631,
    0.508297,
    0.508735,
    0.503595,
    0.502302,
    0.503618,
    0.503872,
    0.506433,
    0.505779,
    0.504547,
    0.504789,
    0.504594,
    0.502625,
    0.502361,
    0.50433,
    0.503382,
    0.505776
  ],
  "attention_text": [
    0.499771,
    0.512959,
    0.512866,
    0.509895,
    0.510032,
    0.507041,
    0.503116,
    0.502625,
    0.501195,
    0.503653,
    0.504261,
    0.503889,
    0.502589,
    0.503161,
    0.500542,
    0.495467,
    0.496809,
    0.498673,
    0.498577,
    0.497993,
    0.49871,
    0.497592,
    0.4981,
    0.494369,
    0.491703,
    0.491265,
    0.496405,
    0.497698,
    0.496382,
    0.496128,
    0.493567,
    0.494221,
    0.495453,
    0.49521,
    0.495406,
    0.497375,
    0.497639,
    0.49567,
    0.496618,
    0.494224
  ],
  "train_cls_loss": [
    2.530301,
    1.862367,
    1.60498,
    1.53567,
    1.394734,
    1.421215,
    1.386799,
    1.334023,
    1.280017,
    1.25601,
    1.276076,
    1.202924,
    1.143425,
    1.235906,
    1.201702,
    1.14192,
    1.159541,
    1.16628,
    1.217038,
    1.120108,
    1.044817,
    1.036941,
    1.112548,
    0.976103,
    0.968085,
    1.017474,
    1.05698,
    0.944727,
    1.004403,
    0.954441,
    1.00322,
    0.939659,
    0.929699,
    0.994571,
    1.027573,
    0.899364,
    0.938389,
    0.922168,
    0.987323,
    0.921541
  ],
  "train_total_loss": [
    2.530301,
    1.862367,
    1.60498,
    1.53567,
    1.394734,
    1.421215,
    1.386799,
    1.334023,
    1.280017,
    1.25601,
    1.276076,
    1.202924,
    1.143425,
    1.235906,
    1.201702,
    1.14192,
    1.159541,
    1.16628,
    1.217038,
    1.120108,
    1.044817,
    1.036941,
    1.112548,
    0.976103,
    0.968085,
    1.017474,
    1.05698,
    0.944727,
    1.004403,
    0.954441,
    1.00322,
    0.939659,
    0.929699,
    0.994571,
    1.027573,
    0.899364,
    0.938389,
    0.922168,
    0.987323,
    0.921541
  ],
  "learning_rates": [
    0.001,
    0.001,
    0.001,
    0.001,
    0.001,
    0.001,
    0.001,
    0.001,
    0.001,
    0.001,
    0.001,
    0.001,
    0.001,
    0.001,
    0.001,
    0.001,
    0.001,
    0.001,
    0.001,
    0.001,
    0.0005,
    0.0005,
    0.0005,
    0.0005,
    0.0005,
    0.0005,
    0.0005,
    0.0005,
    0.0005,
    0.0005,
    0.0005,
    0.0005,
    0.0005,
    0.0005,
    0.0005,
    0.0005,
    0.0005,
    0.0005,
    0.0005,
    0.0005
  ],
  "val_accuracy": [
    59.498003,
    69.423845,
    74.158585,
    73.245864,
    75.869937,
    77.181974,
    76.896748,
    76.839703,
    78.322875,
    78.49401,
    78.15174,
    78.49401,
    79.064461,
    78.49401,
    79.863092,
    79.178551,
    79.178551,
    79.292641,
    79.349686,
    79.406731,
    80.148317,
    80.889903,
    79.691957,
    79.806047,
    81.289218,
    80.262407,
    80.034227,
    80.091272,
    79.634912,
    80.205362,
    80.490588,
    79.806047,
    80.034227,
    79.806047,
    79.577867,
    79.977182,
    78.722191,
    80.262407,
    79.691957,
    80.376497
  ],
  "model_info": {
    "model_class": "BaseClassifier",
    "hidden_size": 128,
    "num_classes": 23,
    "emb_size_audio": 512,
    "emb_size_text": 512,
    "dropout": 0.1,
    "use_batch_norm": true,
    "mode": "both",
    "num_folds": 5,
    "fold_id": 4,
    "batch_size": 64,
    "random_seed": 1821
  }
}