{
  "attention_audio": [
    0.472744,
    0.464947,
    0.46297,
    0.462737,
    0.465764,
    0.465135,
    0.462446,
    0.465429,
    0.467742,
    0.463783,
    0.464916,
    0.464671,
    0.462115,
    0.46535,
    0.467598,
    0.466805,
    0.464656,
    0.467112,
    0.467249,
    0.465756,
    0.464483,
    0.467567,
    0.465564,
    0.470253,
    0.466784,
    0.469331,
    0.469633,
    0.468361,
    0.464103,
    0.467142,
    0.465588,
    0.467574,
    0.467062,
    0.46864,
    0.47002,
    0.469583,
    0.4713,
    0.469456,
    0.468844,
    0.471851
  ],
  "attention_text": [
    0.527256,
    0.535053,
    0.53703,
    0.537263,
    0.534236,
    0.534865,
    0.537554,
    0.534571,
    0.532258,
    0.536217,
    0.535084,
    0.535329,
    0.537885,
    0.53465,
    0.532402,
    0.533196,
    0.535344,
    0.532888,
    0.532751,
    0.534244,
    0.535517,
    0.532433,
    0.534436,
    0.529746,
    0.533216,
    0.530669,
    0.530367,
    0.531639,
    0.535897,
    0.532858,
    0.534412,
    0.532426,
    0.532938,
    0.53136,
    0.52998,
    0.530417,
    0.5287,
    0.530544,
    0.531156,
    0.528149
  ],
  "train_cls_loss": [
    2.347038,
    1.577972,
    1.343938,
    1.211465,
    1.115681,
    1.055371,
    0.99989,
    0.955396,
    0.893829,
    0.876669,
    0.83302,
    0.796188,
    0.781842,
    0.764805,
    0.753317,
    0.711286,
    0.689184,
    0.685087,
    0.683817,
    0.664331,
    0.585194,
    0.543005,
    0.537016,
    0.530002,
    0.507895,
    0.519178,
    0.505132,
    0.507218,
    0.47952,
    0.478934,
    0.459904,
    0.447554,
    0.459199,
    0.443109,
    0.447155,
    0.423223,
    0.414741,
    0.424927,
    0.403868,
    0.400222
  ],
  "train_top_cls_loss": [
    0.743345,
    0.492212,
    0.455624,
    0.424111,
    0.406963,
    0.395494,
    0.374219,
    0.371105,
    0.33937,
    0.344054,
    0.325661,
    0.315457,
    0.317756,
    0.306129,
    0.302918,
    0.27159,
    0.277954,
    0.280435,
    0.267629,
    0.267677,
    0.226571,
    0.212221,
    0.21094,
    0.206858,
    0.197566,
    0.201353,
    0.195553,
    0.195275,
    0.183899,
    0.182632,
    0.165971,
    0.176874,
    0.178307,
    0.172781,
    0.175896,
    0.1705,
    0.161179,
    0.164104,
    0.162213,
    0.15049
  ],
  "train_total_loss": [
    3.462056,
    2.316289,
    2.027374,
    1.847633,
    1.726125,
    1.648611,
    1.561218,
    1.512054,
    1.402885,
    1.392751,
    1.321511,
    1.269373,
    1.258476,
    1.223998,
    1.207694,
    1.118671,
    1.106115,
    1.10574,
    1.08526,
    1.065847,
    0.925051,
    0.861337,
    0.853426,
    0.840289,
    0.804245,
    0.821207,
    0.798462,
    0.80013,
    0.755368,
    0.752883,
    0.70886,
    0.712866,
    0.72666,
    0.70228,
    0.710999,
    0.678974,
    0.65651,
    0.671082,
    0.647188,
    0.625957
  ],
  "learning_rates": [
    0.001,
    0.001,
    0.001,
    0.001,
    0.001,
    0.001,
    0.001,
    0.001,
    0.001,
    0.001,
    0.001,
    0.001,
    0.001,
    0.001,
    0.001,
    0.001,
    0.001,
    0.001,
    0.001,
    0.001,
    0.0005,
    0.0005,
    0.0005,
    0.0005,
    0.0005,
    0.0005,
    0.0005,
    0.0005,
    0.0005,
    0.0005,
    0.0005,
    0.0005,
    0.0005,
    0.0005,
    0.0005,
    0.0005,
    0.0005,
    0.0005,
    0.0005,
    0.0005
  ],
  "val_accuracy": [
    54.252874,
    62.471264,
    67.643678,
    68.218391,
    70.287356,
    73.850575,
    73.563218,
    76.37931,
    75.517241,
    76.321839,
    76.896552,
    77.011494,
    77.471264,
    78.965517,
    78.333333,
    79.022989,
    77.643678,
    77.931034,
    77.931034,
    78.045977,
    78.390805,
    78.333333,
    78.678161,
    78.793103,
    79.942529,
    78.735632,
    79.367816,
    78.850575,
    79.655172,
    79.482759,
    78.793103,
    78.505747,
    79.482759,
    79.367816,
    79.367816,
    79.022989,
    78.793103,
    79.482759,
    78.965517,
    78.678161
  ],
  "model_info": {
    "model_class": "BaseClassifier",
    "hidden_size": 128,
    "num_classes": 23,
    "emb_size_audio": 768,
    "emb_size_text": 512,
    "dropout": 0.1,
    "use_batch_norm": true,
    "mode": "both",
    "num_folds": 5,
    "fold_id": 1,
    "batch_size": 64,
    "random_seed": 1821
  }
}