{
  "train_cls_loss": [
    2.266528,
    1.488146,
    1.335192,
    1.20498,
    1.099137,
    1.030679,
    0.964015,
    0.92871,
    0.894206,
    0.849825,
    0.81148,
    0.802239,
    0.762762,
    0.74306,
    0.697501,
    0.683115,
    0.676359,
    0.633868,
    0.634775,
    0.566943,
    0.517237,
    0.499338,
    0.463354,
    0.465076,
    0.464101,
    0.410004,
    0.428721,
    0.398049,
    0.392981,
    0.385316,
    0.373224,
    0.387276,
    0.347737,
    0.352316,
    0.344843,
    0.332778,
    0.332496
  ],
  "train_top_cls_loss": [
    0.720167,
    0.530134,
    0.49533,
    0.443649,
    0.427587,
    0.405975,
    0.384281,
    0.380932,
    0.362897,
    0.342366,
    0.331798,
    0.330116,
    0.307389,
    0.304688,
    0.284833,
    0.281235,
    0.276959,
    0.263811,
    0.270114,
    0.227484,
    0.213627,
    0.206962,
    0.184661,
    0.189732,
    0.185431,
    0.170469,
    0.170679,
    0.16944,
    0.16757,
    0.159414,
    0.159644,
    0.165655,
    0.140061,
    0.155356,
    0.149042,
    0.144411,
    0.1418
  ],
  "train_total_loss": [
    2.986695,
    2.01828,
    1.830521,
    1.648629,
    1.526724,
    1.436654,
    1.348296,
    1.309642,
    1.257102,
    1.192191,
    1.143277,
    1.132355,
    1.070151,
    1.047748,
    0.982334,
    0.964349,
    0.953317,
    0.89768,
    0.904889,
    0.794427,
    0.730865,
    0.7063,
    0.648015,
    0.654808,
    0.649533,
    0.580473,
    0.5994,
    0.567489,
    0.560552,
    0.544729,
    0.532869,
    0.552931,
    0.487797,
    0.507672,
    0.493886,
    0.477189,
    0.474296
  ],
  "learning_rates": [
    0.001,
    0.001,
    0.001,
    0.001,
    0.001,
    0.001,
    0.001,
    0.001,
    0.001,
    0.001,
    0.001,
    0.001,
    0.001,
    0.001,
    0.001,
    0.001,
    0.001,
    0.001,
    0.001,
    0.001,
    0.0005,
    0.0005,
    0.0005,
    0.0005,
    0.0005,
    0.0005,
    0.0005,
    0.0005,
    0.0005,
    0.0005,
    0.0005,
    0.0005,
    0.0005,
    0.0005,
    0.0005,
    0.0005,
    0.0005
  ],
  "val_accuracy": [
    53.62069,
    63.448276,
    66.091954,
    69.367816,
    72.183908,
    71.83908,
    74.885057,
    74.942529,
    76.034483,
    75.114943,
    77.183908,
    77.126437,
    77.528736,
    77.011494,
    76.37931,
    76.551724,
    78.218391,
    77.758621,
    77.643678,
    77.011494,
    76.954023,
    78.505747,
    77.183908,
    77.701149,
    77.931034,
    77.586207,
    77.413793,
    77.528736,
    77.356322,
    77.643678,
    76.781609,
    77.413793,
    76.091954,
    77.126437,
    77.931034,
    77.471264,
    77.471264
  ],
  "model_info": {
    "model_class": "BaseClassifier",
    "hidden_size": 128,
    "num_classes": 23,
    "emb_size_audio": 1280,
    "emb_size_text": 0,
    "dropout": 0.1,
    "use_batch_norm": true,
    "mode": "audio",
    "num_folds": 5,
    "fold_id": 2,
    "batch_size": 64,
    "random_seed": 1821
  }
}