{
  "attention_audio": [
    0.451727,
    0.429018,
    0.419388,
    0.415249,
    0.410156,
    0.409251,
    0.408516,
    0.407288,
    0.401676,
    0.405068,
    0.406754,
    0.408433,
    0.409034,
    0.409741,
    0.408038,
    0.411809,
    0.411837,
    0.414389,
    0.41568,
    0.415758,
    0.418766,
    0.419821,
    0.421818,
    0.422145,
    0.422653,
    0.423728,
    0.423994,
    0.423666,
    0.426762
  ],
  "attention_text": [
    0.548273,
    0.570982,
    0.580612,
    0.584751,
    0.589844,
    0.590749,
    0.591484,
    0.592712,
    0.598323,
    0.594932,
    0.593246,
    0.591567,
    0.590966,
    0.590259,
    0.591962,
    0.588191,
    0.588163,
    0.585611,
    0.58432,
    0.584242,
    0.581234,
    0.580179,
    0.578182,
    0.577855,
    0.577347,
    0.576272,
    0.576006,
    0.576334,
    0.573238
  ],
  "train_cls_loss": [
    1.512042,
    1.05441,
    0.937681,
    0.863969,
    0.815202,
    0.784427,
    0.756892,
    0.734049,
    0.71089,
    0.687142,
    0.674946,
    0.649053,
    0.634789,
    0.621727,
    0.610369,
    0.596774,
    0.575154,
    0.570182,
    0.558716,
    0.550853,
    0.493339,
    0.472311,
    0.460034,
    0.449093,
    0.434035,
    0.42736,
    0.424261,
    0.412747,
    0.407412
  ],
  "train_total_loss": [
    1.512042,
    1.05441,
    0.937681,
    0.863969,
    0.815202,
    0.784427,
    0.756892,
    0.734049,
    0.71089,
    0.687142,
    0.674946,
    0.649053,
    0.634789,
    0.621727,
    0.610369,
    0.596774,
    0.575154,
    0.570182,
    0.558716,
    0.550853,
    0.493339,
    0.472311,
    0.460034,
    0.449093,
    0.434035,
    0.42736,
    0.424261,
    0.412747,
    0.407412
  ],
  "learning_rates": [
    0.001,
    0.001,
    0.001,
    0.001,
    0.001,
    0.001,
    0.001,
    0.001,
    0.001,
    0.001,
    0.001,
    0.001,
    0.001,
    0.001,
    0.001,
    0.001,
    0.001,
    0.001,
    0.001,
    0.001,
    0.0005,
    0.0005,
    0.0005,
    0.0005,
    0.0005,
    0.0005,
    0.0005,
    0.0005,
    0.0005
  ],
  "val_accuracy": [
    61.893896,
    68.967484,
    72.903594,
    73.98745,
    72.675414,
    73.930405,
    75.755847,
    75.185396,
    74.557901,
    76.041072,
    74.443811,
    74.900171,
    75.698802,
    77.581289,
    76.896748,
    75.869937,
    76.326298,
    76.269253,
    76.725613,
    75.470622,
    76.041072,
    76.953793,
    75.698802,
    76.953793,
    76.554478,
    75.470622,
    77.410154,
    75.185396,
    75.812892
  ],
  "model_info": {
    "model_class": "BaseClassifier",
    "hidden_size": 128,
    "num_classes": 23,
    "emb_size_audio": 512,
    "emb_size_text": 512,
    "dropout": 0.1,
    "use_batch_norm": true,
    "mode": "both",
    "num_folds": 5,
    "fold_id": 2,
    "batch_size": 64,
    "random_seed": 1821
  }
}