{
  "attention_audio": [
    0.498294,
    0.50178,
    0.498688,
    0.500392,
    0.500687,
    0.499894,
    0.496542,
    0.499621,
    0.497132,
    0.496112,
    0.499115,
    0.492874,
    0.494536,
    0.496617,
    0.494784,
    0.499731,
    0.502412,
    0.496575,
    0.500865,
    0.500287,
    0.499696,
    0.501169,
    0.505618,
    0.502671,
    0.501919,
    0.504669,
    0.504513,
    0.503564,
    0.504584,
    0.500072,
    0.503411,
    0.501324,
    0.501754,
    0.501277,
    0.503423,
    0.502383,
    0.508153
  ],
  "attention_text": [
    0.501706,
    0.49822,
    0.501312,
    0.499608,
    0.499313,
    0.500106,
    0.503458,
    0.500379,
    0.502868,
    0.503888,
    0.500885,
    0.507126,
    0.505464,
    0.503383,
    0.505216,
    0.500269,
    0.497588,
    0.503425,
    0.499135,
    0.499713,
    0.500304,
    0.498831,
    0.494382,
    0.497329,
    0.498081,
    0.495331,
    0.495487,
    0.496436,
    0.495416,
    0.499928,
    0.496589,
    0.498676,
    0.498246,
    0.498723,
    0.496577,
    0.497617,
    0.491847
  ],
  "train_cls_loss": [
    2.353768,
    1.386029,
    1.105433,
    0.968108,
    0.901465,
    0.865406,
    0.826889,
    0.782012,
    0.74122,
    0.714772,
    0.671107,
    0.670335,
    0.636153,
    0.616809,
    0.598383,
    0.596999,
    0.58407,
    0.567675,
    0.56752,
    0.528655,
    0.461314,
    0.453009,
    0.419018,
    0.422832,
    0.396483,
    0.377542,
    0.407502,
    0.391724,
    0.381906,
    0.379206,
    0.376107,
    0.360185,
    0.368655,
    0.350657,
    0.351392,
    0.341022,
    0.343063
  ],
  "train_total_loss": [
    2.353768,
    1.386029,
    1.105433,
    0.968108,
    0.901465,
    0.865406,
    0.826889,
    0.782012,
    0.74122,
    0.714772,
    0.671107,
    0.670335,
    0.636153,
    0.616809,
    0.598383,
    0.596999,
    0.58407,
    0.567675,
    0.56752,
    0.528655,
    0.461314,
    0.453009,
    0.419018,
    0.422832,
    0.396483,
    0.377542,
    0.407502,
    0.391724,
    0.381906,
    0.379206,
    0.376107,
    0.360185,
    0.368655,
    0.350657,
    0.351392,
    0.341022,
    0.343063
  ],
  "learning_rates": [
    0.001,
    0.001,
    0.001,
    0.001,
    0.001,
    0.001,
    0.001,
    0.001,
    0.001,
    0.001,
    0.001,
    0.001,
    0.001,
    0.001,
    0.001,
    0.001,
    0.001,
    0.001,
    0.001,
    0.001,
    0.0005,
    0.0005,
    0.0005,
    0.0005,
    0.0005,
    0.0005,
    0.0005,
    0.0005,
    0.0005,
    0.0005,
    0.0005,
    0.0005,
    0.0005,
    0.0005,
    0.0005,
    0.0005,
    0.0005
  ],
  "val_accuracy": [
    61.977887,
    70.823096,
    73.280098,
    77.395577,
    77.149877,
    78.132678,
    79.054054,
    80.651106,
    79.176904,
    79.72973,
    81.633907,
    79.791155,
    81.203931,
    81.572482,
    82.862408,
    82.493857,
    82.063882,
    82.555283,
    80.835381,
    80.036855,
    82.432432,
    83.783784,
    82.985258,
    82.493857,
    82.493857,
    82.371007,
    83.353808,
    83.046683,
    82.739558,
    82.800983,
    82.371007,
    81.695332,
    82.125307,
    81.941032,
    81.449631,
    81.388206,
    82.125307
  ],
  "model_info": {
    "model_class": "BaseClassifier",
    "hidden_size": 128,
    "num_classes": 23,
    "emb_size_audio": 512,
    "emb_size_text": 512,
    "dropout": 0.1,
    "use_batch_norm": true,
    "mode": "both",
    "num_folds": 5,
    "fold_id": 2,
    "batch_size": 64,
    "random_seed": 1821
  }
}