{
  "train_cls_loss": [
    2.581214,
    1.969866,
    1.906163,
    1.813928,
    1.666285,
    1.635893,
    1.605336,
    1.544921,
    1.542544,
    1.546198,
    1.542764,
    1.434954,
    1.416701,
    1.367659,
    1.346723,
    1.429081,
    1.419873,
    1.325477,
    1.395519,
    1.348525,
    1.376869,
    1.330311,
    1.317635,
    1.262632,
    1.277566,
    1.319971,
    1.271026,
    1.293684,
    1.287875,
    1.182712,
    1.265726,
    1.217252,
    1.249783,
    1.247308,
    1.268575,
    1.162879,
    1.20839,
    1.259441,
    1.199552,
    1.228182,
    1.251031,
    1.187466,
    1.108803
  ],
  "train_total_loss": [
    2.581214,
    1.969866,
    1.906163,
    1.813928,
    1.666285,
    1.635893,
    1.605336,
    1.544921,
    1.542544,
    1.546198,
    1.542764,
    1.434954,
    1.416701,
    1.367659,
    1.346723,
    1.429081,
    1.419873,
    1.325477,
    1.395519,
    1.348525,
    1.376869,
    1.330311,
    1.317635,
    1.262632,
    1.277566,
    1.319971,
    1.271026,
    1.293684,
    1.287875,
    1.182712,
    1.265726,
    1.217252,
    1.249783,
    1.247308,
    1.268575,
    1.162879,
    1.20839,
    1.259441,
    1.199552,
    1.228182,
    1.251031,
    1.187466,
    1.108803
  ],
  "learning_rates": [
    0.001,
    0.001,
    0.001,
    0.001,
    0.001,
    0.001,
    0.001,
    0.001,
    0.001,
    0.001,
    0.001,
    0.001,
    0.001,
    0.001,
    0.001,
    0.001,
    0.001,
    0.001,
    0.001,
    0.001,
    0.0005,
    0.0005,
    0.0005,
    0.0005,
    0.0005,
    0.0005,
    0.0005,
    0.0005,
    0.0005,
    0.0005,
    0.0005,
    0.0005,
    0.0005,
    0.0005,
    0.0005,
    0.0005,
    0.0005,
    0.0005,
    0.0005,
    0.0005,
    0.00025,
    0.00025,
    0.00025
  ],
  "val_accuracy": [
    60.296634,
    66.286366,
    72.447233,
    72.960639,
    73.074729,
    75.128351,
    73.702225,
    76.782658,
    76.326298,
    76.326298,
    76.383343,
    76.440388,
    77.581289,
    75.869937,
    77.124929,
    77.809469,
    78.15174,
    76.839703,
    77.809469,
    77.638334,
    78.436965,
    78.15174,
    78.436965,
    77.695379,
    78.37992,
    78.37992,
    78.03765,
    78.836281,
    77.92356,
    78.37992,
    77.809469,
    77.92356,
    77.695379,
    77.695379,
    78.26583,
    77.181974,
    77.695379,
    78.322875,
    78.208785,
    77.866515,
    77.695379,
    77.866515,
    77.695379
  ],
  "model_info": {
    "model_class": "BaseClassifier",
    "hidden_size": 128,
    "num_classes": 23,
    "emb_size_audio": 512,
    "emb_size_text": 0,
    "dropout": 0.1,
    "use_batch_norm": true,
    "mode": "audio",
    "num_folds": 5,
    "fold_id": 2,
    "batch_size": 64,
    "random_seed": 1821
  }
}