{
  "train_cls_loss": [
    1.073952,
    0.847907,
    0.770019,
    0.72422,
    0.693036,
    0.669884,
    0.647004,
    0.634275,
    0.617262,
    0.604175,
    0.593036,
    0.579143,
    0.566456,
    0.557144,
    0.55291,
    0.538571,
    0.528849,
    0.524631,
    0.516837,
    0.510972,
    0.478079,
    0.463728,
    0.454368,
    0.447621,
    0.440216,
    0.431029,
    0.428081,
    0.427604,
    0.420291,
    0.41466,
    0.40947,
    0.402507,
    0.400927,
    0.394414,
    0.391954,
    0.38549,
    0.380889,
    0.37741,
    0.376925,
    0.367377,
    0.350462,
    0.342348,
    0.331513,
    0.325972,
    0.327239,
    0.320236,
    0.31456,
    0.31316
  ],
  "train_total_loss": [
    1.073952,
    0.847907,
    0.770019,
    0.72422,
    0.693036,
    0.669884,
    0.647004,
    0.634275,
    0.617262,
    0.604175,
    0.593036,
    0.579143,
    0.566456,
    0.557144,
    0.55291,
    0.538571,
    0.528849,
    0.524631,
    0.516837,
    0.510972,
    0.478079,
    0.463728,
    0.454368,
    0.447621,
    0.440216,
    0.431029,
    0.428081,
    0.427604,
    0.420291,
    0.41466,
    0.40947,
    0.402507,
    0.400927,
    0.394414,
    0.391954,
    0.38549,
    0.380889,
    0.37741,
    0.376925,
    0.367377,
    0.350462,
    0.342348,
    0.331513,
    0.325972,
    0.327239,
    0.320236,
    0.31456,
    0.31316
  ],
  "learning_rates": [
    0.001,
    0.001,
    0.001,
    0.001,
    0.001,
    0.001,
    0.001,
    0.001,
    0.001,
    0.001,
    0.001,
    0.001,
    0.001,
    0.001,
    0.001,
    0.001,
    0.001,
    0.001,
    0.001,
    0.001,
    0.0005,
    0.0005,
    0.0005,
    0.0005,
    0.0005,
    0.0005,
    0.0005,
    0.0005,
    0.0005,
    0.0005,
    0.0005,
    0.0005,
    0.0005,
    0.0005,
    0.0005,
    0.0005,
    0.0005,
    0.0005,
    0.0005,
    0.0005,
    0.00025,
    0.00025,
    0.00025,
    0.00025,
    0.00025,
    0.00025,
    0.00025,
    0.00025
  ],
  "val_accuracy": [
    59.669139,
    63.548203,
    69.48089,
    70.564746,
    71.477467,
    70.621791,
    70.393611,
    71.819738,
    71.819738,
    71.363377,
    72.618369,
    70.621791,
    72.219053,
    71.534512,
    71.648602,
    72.618369,
    71.819738,
    71.021107,
    71.477467,
    72.618369,
    72.333143,
    71.705647,
    71.534512,
    72.447233,
    72.903594,
    70.849971,
    73.074729,
    72.732459,
    71.876783,
    73.188819,
    71.990873,
    73.302909,
    73.816315,
    70.792926,
    72.219053,
    71.021107,
    71.420422,
    71.990873,
    73.188819,
    71.078152,
    72.789504,
    71.477467,
    71.363377,
    71.990873,
    71.477467,
    70.792926,
    71.306332,
    71.648602
  ],
  "model_info": {
    "model_class": "BaseClassifier",
    "hidden_size": 128,
    "num_classes": 23,
    "emb_size_audio": 512,
    "emb_size_text": 0,
    "dropout": 0.1,
    "use_batch_norm": true,
    "mode": "audio",
    "num_folds": 5,
    "fold_id": 2,
    "batch_size": 64,
    "random_seed": 1821
  }
}