{
  "attention_audio": [
    0.503457,
    0.51205,
    0.518993,
    0.525166,
    0.522714,
    0.526415,
    0.53353,
    0.541678,
    0.542581,
    0.545663,
    0.548824,
    0.55183,
    0.55479,
    0.553644,
    0.553873,
    0.555209,
    0.55874,
    0.561486,
    0.564118,
    0.565603,
    0.571254,
    0.570672,
    0.572884,
    0.570349,
    0.571845,
    0.569958,
    0.572156,
    0.574033,
    0.575718,
    0.572044,
    0.574948,
    0.577728,
    0.578707,
    0.576191,
    0.580441,
    0.580273,
    0.578167,
    0.578599,
    0.581658,
    0.582238,
    0.582747,
    0.585448,
    0.584911,
    0.583778,
    0.581389,
    0.581645
  ],
  "attention_text": [
    0.496543,
    0.48795,
    0.481007,
    0.474834,
    0.477286,
    0.473585,
    0.46647,
    0.458322,
    0.457419,
    0.454337,
    0.451176,
    0.44817,
    0.44521,
    0.446356,
    0.446127,
    0.444791,
    0.44126,
    0.438514,
    0.435882,
    0.434397,
    0.428746,
    0.429328,
    0.427116,
    0.429651,
    0.428155,
    0.430042,
    0.427844,
    0.425967,
    0.424282,
    0.427956,
    0.425052,
    0.422272,
    0.421293,
    0.423809,
    0.419558,
    0.419727,
    0.421833,
    0.421401,
    0.418342,
    0.417762,
    0.417254,
    0.414552,
    0.415089,
    0.416222,
    0.418611,
    0.418355
  ],
  "train_cls_loss": [
    2.215337,
    1.304206,
    1.084143,
    0.97445,
    0.901061,
    0.862809,
    0.785836,
    0.752604,
    0.714455,
    0.685727,
    0.672678,
    0.65003,
    0.640721,
    0.577741,
    0.571764,
    0.558432,
    0.54236,
    0.520457,
    0.51175,
    0.506351,
    0.435378,
    0.394899,
    0.376714,
    0.361624,
    0.357697,
    0.349024,
    0.350706,
    0.326911,
    0.322186,
    0.317049,
    0.304136,
    0.306399,
    0.292721,
    0.284211,
    0.278117,
    0.273825,
    0.282205,
    0.255412,
    0.254855,
    0.261957,
    0.236801,
    0.210494,
    0.203039,
    0.213272,
    0.206244,
    0.189358
  ],
  "train_total_loss": [
    2.215337,
    1.304206,
    1.084143,
    0.97445,
    0.901061,
    0.862809,
    0.785836,
    0.752604,
    0.714455,
    0.685727,
    0.672678,
    0.65003,
    0.640721,
    0.577741,
    0.571764,
    0.558432,
    0.54236,
    0.520457,
    0.51175,
    0.506351,
    0.435378,
    0.394899,
    0.376714,
    0.361624,
    0.357697,
    0.349024,
    0.350706,
    0.326911,
    0.322186,
    0.317049,
    0.304136,
    0.306399,
    0.292721,
    0.284211,
    0.278117,
    0.273825,
    0.282205,
    0.255412,
    0.254855,
    0.261957,
    0.236801,
    0.210494,
    0.203039,
    0.213272,
    0.206244,
    0.189358
  ],
  "learning_rates": [
    0.001,
    0.001,
    0.001,
    0.001,
    0.001,
    0.001,
    0.001,
    0.001,
    0.001,
    0.001,
    0.001,
    0.001,
    0.001,
    0.001,
    0.001,
    0.001,
    0.001,
    0.001,
    0.001,
    0.001,
    0.0005,
    0.0005,
    0.0005,
    0.0005,
    0.0005,
    0.0005,
    0.0005,
    0.0005,
    0.0005,
    0.0005,
    0.0005,
    0.0005,
    0.0005,
    0.0005,
    0.0005,
    0.0005,
    0.0005,
    0.0005,
    0.0005,
    0.0005,
    0.00025,
    0.00025,
    0.00025,
    0.00025,
    0.00025,
    0.00025
  ],
  "val_accuracy": [
    60.977011,
    73.16092,
    75.402299,
    76.436782,
    76.954023,
    77.643678,
    79.54023,
    78.908046,
    77.816092,
    77.988506,
    77.643678,
    79.655172,
    79.827586,
    78.678161,
    80.287356,
    79.310345,
    79.08046,
    79.367816,
    79.137931,
    79.195402,
    80.45977,
    80.402299,
    80.632184,
    80.517241,
    79.885057,
    79.655172,
    79.827586,
    80.172414,
    79.54023,
    79.08046,
    80.747126,
    79.942529,
    80.114943,
    78.850575,
    79.655172,
    79.827586,
    79.022989,
    79.252874,
    79.54023,
    79.54023,
    79.367816,
    79.942529,
    79.770115,
    80.172414,
    80.114943,
    80.402299
  ],
  "model_info": {
    "model_class": "BaseClassifier",
    "hidden_size": 128,
    "num_classes": 23,
    "emb_size_audio": 1280,
    "emb_size_text": 512,
    "dropout": 0.1,
    "use_batch_norm": true,
    "mode": "both",
    "num_folds": 5,
    "fold_id": 1,
    "batch_size": 64,
    "random_seed": 1821
  }
}