{
  "attention_audio": [
    0.497941,
    0.458838,
    0.444533,
    0.428827,
    0.43119,
    0.431694,
    0.426706,
    0.426389,
    0.424908,
    0.419403,
    0.417938,
    0.41682,
    0.41546,
    0.414749,
    0.414378,
    0.409615,
    0.411328,
    0.410792,
    0.410476,
    0.409184,
    0.407805,
    0.41237,
    0.412766,
    0.413696,
    0.415797,
    0.416028,
    0.415228,
    0.413876,
    0.416101,
    0.415496,
    0.416891,
    0.416685,
    0.419176,
    0.417495,
    0.41746,
    0.419945,
    0.421051,
    0.421151,
    0.421802,
    0.417869,
    0.41807,
    0.422122,
    0.420583,
    0.420912,
    0.421025,
    0.42098,
    0.421214,
    0.422061,
    0.422836,
    0.423124,
    0.422033,
    0.422985,
    0.420767,
    0.419513,
    0.420355,
    0.42224,
    0.425477,
    0.423714,
    0.423113,
    0.423647,
    0.423734,
    0.425665,
    0.426359,
    0.427911,
    0.428293,
    0.425201,
    0.424775,
    0.424742,
    0.425059,
    0.423194,
    0.423854,
    0.424898,
    0.426639,
    0.425559,
    0.424798,
    0.426468,
    0.427767,
    0.426178,
    0.426228,
    0.424766,
    0.424096,
    0.424359,
    0.425058,
    0.425508,
    0.427113,
    0.428412,
    0.428186,
    0.427873,
    0.428519,
    0.427746,
    0.427354,
    0.426141,
    0.426968,
    0.427005,
    0.427967,
    0.427377,
    0.427344,
    0.426257,
    0.426023,
    0.427088
  ],
  "attention_text": [
    0.502059,
    0.541162,
    0.555467,
    0.571173,
    0.56881,
    0.568306,
    0.573294,
    0.573611,
    0.575092,
    0.580597,
    0.582062,
    0.58318,
    0.58454,
    0.585251,
    0.585622,
    0.590385,
    0.588672,
    0.589207,
    0.589524,
    0.590815,
    0.592195,
    0.587631,
    0.587234,
    0.586304,
    0.584203,
    0.583972,
    0.584772,
    0.586124,
    0.583899,
    0.584504,
    0.583108,
    0.583315,
    0.580824,
    0.582505,
    0.58254,
    0.580055,
    0.578949,
    0.578849,
    0.578198,
    0.582131,
    0.58193,
    0.577878,
    0.579417,
    0.579088,
    0.578975,
    0.57902,
    0.578786,
    0.577939,
    0.577164,
    0.576876,
    0.577967,
    0.577015,
    0.579233,
    0.580487,
    0.579645,
    0.57776,
    0.574523,
    0.576286,
    0.576887,
    0.576353,
    0.576266,
    0.574335,
    0.573641,
    0.572089,
    0.571707,
    0.574798,
    0.575225,
    0.575258,
    0.574941,
    0.576806,
    0.576146,
    0.575102,
    0.573361,
    0.574441,
    0.575202,
    0.573532,
    0.572233,
    0.573822,
    0.573772,
    0.575234,
    0.575904,
    0.575641,
    0.574942,
    0.574492,
    0.572887,
    0.571588,
    0.571814,
    0.572127,
    0.571481,
    0.572254,
    0.572646,
    0.573859,
    0.573032,
    0.572995,
    0.572033,
    0.572623,
    0.572656,
    0.573743,
    0.573977,
    0.572912
  ],
  "train_cls_loss": [
    1.636282,
    1.120767,
    0.989247,
    0.909363,
    0.854888,
    0.813373,
    0.775252,
    0.733725,
    0.709203,
    0.690478,
    0.672655,
    0.64904,
    0.625546,
    0.606145,
    0.589143,
    0.576209,
    0.556563,
    0.547077,
    0.536947,
    0.516966,
    0.451475,
    0.423421,
    0.409686,
    0.397297,
    0.386535,
    0.376969,
    0.374495,
    0.356504,
    0.35495,
    0.352928,
    0.343531,
    0.328409,
    0.328138,
    0.324056,
    0.309593,
    0.314097,
    0.300425,
    0.29323,
    0.291518,
    0.289329,
    0.261527,
    0.243759,
    0.242532,
    0.235673,
    0.229004,
    0.224524,
    0.226266,
    0.218615,
    0.220508,
    0.215863,
    0.214059,
    0.212989,
    0.211738,
    0.204865,
    0.202262,
    0.200302,
    0.200083,
    0.20075,
    0.196289,
    0.207714,
    0.18368,
    0.177976,
    0.177952,
    0.178814,
    0.172786,
    0.171393,
    0.164911,
    0.170037,
    0.164841,
    0.170392,
    0.166197,
    0.163337,
    0.161681,
    0.160815,
    0.163337,
    0.161455,
    0.157917,
    0.158238,
    0.159046,
    0.159666,
    0.157057,
    0.152559,
    0.154411,
    0.151142,
    0.145528,
    0.147886,
    0.147294,
    0.147963,
    0.144718,
    0.145653,
    0.143651,
    0.145319,
    0.146514,
    0.14357,
    0.143132,
    0.143679,
    0.143339,
    0.141192,
    0.143215,
    0.14113
  ],
  "train_total_loss": [
    1.636282,
    1.120767,
    0.989247,
    0.909363,
    0.854888,
    0.813373,
    0.775252,
    0.733725,
    0.709203,
    0.690478,
    0.672655,
    0.64904,
    0.625546,
    0.606145,
    0.589143,
    0.576209,
    0.556563,
    0.547077,
    0.536947,
    0.516966,
    0.451475,
    0.423421,
    0.409686,
    0.397297,
    0.386535,
    0.376969,
    0.374495,
    0.356504,
    0.35495,
    0.352928,
    0.343531,
    0.328409,
    0.328138,
    0.324056,
    0.309593,
    0.314097,
    0.300425,
    0.29323,
    0.291518,
    0.289329,
    0.261527,
    0.243759,
    0.242532,
    0.235673,
    0.229004,
    0.224524,
    0.226266,
    0.218615,
    0.220508,
    0.215863,
    0.214059,
    0.212989,
    0.211738,
    0.204865,
    0.202262,
    0.200302,
    0.200083,
    0.20075,
    0.196289,
    0.207714,
    0.18368,
    0.177976,
    0.177952,
    0.178814,
    0.172786,
    0.171393,
    0.164911,
    0.170037,
    0.164841,
    0.170392,
    0.166197,
    0.163337,
    0.161681,
    0.160815,
    0.163337,
    0.161455,
    0.157917,
    0.158238,
    0.159046,
    0.159666,
    0.157057,
    0.152559,
    0.154411,
    0.151142,
    0.145528,
    0.147886,
    0.147294,
    0.147963,
    0.144718,
    0.145653,
    0.143651,
    0.145319,
    0.146514,
    0.14357,
    0.143132,
    0.143679,
    0.143339,
    0.141192,
    0.143215,
    0.14113
  ],
  "learning_rates": [
    0.001,
    0.001,
    0.001,
    0.001,
    0.001,
    0.001,
    0.001,
    0.001,
    0.001,
    0.001,
    0.001,
    0.001,
    0.001,
    0.001,
    0.001,
    0.001,
    0.001,
    0.001,
    0.001,
    0.001,
    0.0005,
    0.0005,
    0.0005,
    0.0005,
    0.0005,
    0.0005,
    0.0005,
    0.0005,
    0.0005,
    0.0005,
    0.0005,
    0.0005,
    0.0005,
    0.0005,
    0.0005,
    0.0005,
    0.0005,
    0.0005,
    0.0005,
    0.0005,
    0.00025,
    0.00025,
    0.00025,
    0.00025,
    0.00025,
    0.00025,
    0.00025,
    0.00025,
    0.00025,
    0.00025,
    0.00025,
    0.00025,
    0.00025,
    0.00025,
    0.00025,
    0.00025,
    0.00025,
    0.00025,
    0.00025,
    0.00025,
    0.000125,
    0.000125,
    0.000125,
    0.000125,
    0.000125,
    0.000125,
    0.000125,
    0.000125,
    0.000125,
    0.000125,
    0.000125,
    0.000125,
    0.000125,
    0.000125,
    0.000125,
    0.000125,
    0.000125,
    0.000125,
    0.000125,
    0.000125,
    6.3e-05,
    6.3e-05,
    6.3e-05,
    6.3e-05,
    6.3e-05,
    6.3e-05,
    6.3e-05,
    6.3e-05,
    6.3e-05,
    6.3e-05,
    6.3e-05,
    6.3e-05,
    6.3e-05,
    6.3e-05,
    6.3e-05,
    6.3e-05,
    6.3e-05,
    6.3e-05,
    6.3e-05,
    6.3e-05
  ],