{
  "train_cls_loss": [
    1.671316,
    1.071608,
    0.868974,
    0.797405,
    0.743736,
    0.710411,
    0.665554,
    0.664183,
    0.625081,
    0.615061,
    0.58917,
    0.567776,
    0.557411,
    0.548622,
    0.526158,
    0.523371,
    0.505028,
    0.490854,
    0.493984,
    0.477903,
    0.429341,
    0.412179,
    0.415844,
    0.404368,
    0.390387,
    0.388442,
    0.37111,
    0.374638,
    0.3698,
    0.351979,
    0.346056,
    0.357456,
    0.35558,
    0.345577,
    0.337513,
    0.335196,
    0.339354
  ],
  "train_total_loss": [
    1.671316,
    1.071608,
    0.868974,
    0.797405,
    0.743736,
    0.710411,
    0.665554,
    0.664183,
    0.625081,
    0.615061,
    0.58917,
    0.567776,
    0.557411,
    0.548622,
    0.526158,
    0.523371,
    0.505028,
    0.490854,
    0.493984,
    0.477903,
    0.429341,
    0.412179,
    0.415844,
    0.404368,
    0.390387,
    0.388442,
    0.37111,
    0.374638,
    0.3698,
    0.351979,
    0.346056,
    0.357456,
    0.35558,
    0.345577,
    0.337513,
    0.335196,
    0.339354
  ],
  "learning_rates": [
    0.001,
    0.001,
    0.001,
    0.001,
    0.001,
    0.001,
    0.001,
    0.001,
    0.001,
    0.001,
    0.001,
    0.001,
    0.001,
    0.001,
    0.001,
    0.001,
    0.001,
    0.001,
    0.001,
    0.001,
    0.0005,
    0.0005,
    0.0005,
    0.0005,
    0.0005,
    0.0005,
    0.0005,
    0.0005,
    0.0005,
    0.0005,
    0.0005,
    0.0005,
    0.0005,
    0.0005,
    0.0005,
    0.0005,
    0.0005
  ],
  "val_accuracy": [
    56.018254,
    66.913862,
    68.853394,
    72.162008,
    73.75927,
    73.359954,
    74.158585,
    75.470622,
    74.10154,
    75.185396,
    75.698802,
    76.212208,
    76.440388,
    75.584712,
    77.181974,
    76.668568,
    76.554478,
    76.212208,
    76.155163,
    77.353109,
    77.581289,
    78.26583,
    76.668568,
    77.524244,
    76.668568,
    77.410154,
    77.010839,
    76.668568,
    76.896748,
    75.812892,
    76.782658,
    76.839703,
    76.611523,
    76.554478,
    77.010839,
    76.326298,
    76.440388
  ],
  "model_info": {
    "model_class": "BaseClassifier",
    "hidden_size": 128,
    "num_classes": 23,
    "emb_size_audio": 512,
    "emb_size_text": 0,
    "dropout": 0.1,
    "use_batch_norm": true,
    "mode": "audio",
    "num_folds": 5,
    "fold_id": 0,
    "batch_size": 64,
    "random_seed": 1821
  }
}