{
  "attention_audio": [
    0.494216,
    0.506524,
    0.503459,
    0.505574,
    0.508024,
    0.504129,
    0.502548,
    0.505343,
    0.505168,
    0.507194,
    0.505378,
    0.507891,
    0.506975,
    0.50723,
    0.502028,
    0.506028,
    0.50873,
    0.511559,
    0.507266,
    0.506648,
    0.50466,
    0.506855,
    0.507109,
    0.505946,
    0.51079,
    0.510872,
    0.510808,
    0.507217,
    0.504729,
    0.507571,
    0.508686,
    0.509966,
    0.50743,
    0.509252,
    0.512215,
    0.510576,
    0.510335
  ],
  "attention_text": [
    0.505784,
    0.493476,
    0.496541,
    0.494426,
    0.491976,
    0.495871,
    0.497452,
    0.494657,
    0.494831,
    0.492806,
    0.494622,
    0.492109,
    0.493025,
    0.49277,
    0.497972,
    0.493972,
    0.49127,
    0.488441,
    0.492734,
    0.493352,
    0.49534,
    0.493145,
    0.492891,
    0.494054,
    0.48921,
    0.489128,
    0.489192,
    0.492783,
    0.495271,
    0.492429,
    0.491314,
    0.490034,
    0.49257,
    0.490748,
    0.487785,
    0.489424,
    0.489665
  ],
  "train_cls_loss": [
    2.348545,
    1.533717,
    1.340596,
    1.280997,
    1.199907,
    1.121958,
    1.068825,
    1.067644,
    1.05985,
    0.968895,
    0.993621,
    0.980295,
    0.89273,
    0.928919,
    0.967054,
    0.864896,
    0.916942,
    0.830046,
    0.815949,
    0.786617,
    0.800268,
    0.763037,
    0.782733,
    0.727196,
    0.718319,
    0.800027,
    0.721375,
    0.752745,
    0.682587,
    0.744463,
    0.705638,
    0.746925,
    0.738122,
    0.644991,
    0.693304,
    0.66271,
    0.684225
  ],
  "train_total_loss": [
    2.348545,
    1.533717,
    1.340596,
    1.280997,
    1.199907,
    1.121958,
    1.068825,
    1.067644,
    1.05985,
    0.968895,
    0.993621,
    0.980295,
    0.89273,
    0.928919,
    0.967054,
    0.864896,
    0.916942,
    0.830046,
    0.815949,
    0.786617,
    0.800268,
    0.763037,
    0.782733,
    0.727196,
    0.718319,
    0.800027,
    0.721375,
    0.752745,
    0.682587,
    0.744463,
    0.705638,
    0.746925,
    0.738122,
    0.644991,
    0.693304,
    0.66271,
    0.684225
  ],
  "learning_rates": [
    0.001,
    0.001,
    0.001,
    0.001,
    0.001,
    0.001,
    0.001,
    0.001,
    0.001,
    0.001,
    0.001,
    0.001,
    0.001,
    0.001,
    0.001,
    0.001,
    0.001,
    0.001,
    0.001,
    0.001,
    0.0005,
    0.0005,
    0.0005,
    0.0005,
    0.0005,
    0.0005,
    0.0005,
    0.0005,
    0.0005,
    0.0005,
    0.0005,
    0.0005,
    0.0005,
    0.0005,
    0.0005,
    0.0005,
    0.0005
  ],
  "val_accuracy": [
    59.269823,
    71.249287,
    74.843126,
    75.641757,
    76.155163,
    77.410154,
    78.094695,
    78.37992,
    79.178551,
    79.349686,
    79.463776,
    79.634912,
    79.349686,
    79.406731,
    79.349686,
    77.809469,
    78.208785,
    79.121506,
    78.551055,
    78.779236,
    79.520821,
    80.376497,
    79.406731,
    79.121506,
    78.49401,
    79.178551,
    79.121506,
    79.007416,
    79.007416,
    78.551055,
    79.178551,
    78.893326,
    79.406731,
    79.178551,
    78.208785,
    79.749002,
    78.779236
  ],
  "model_info": {
    "model_class": "BaseClassifier",
    "hidden_size": 128,
    "num_classes": 23,
    "emb_size_audio": 512,
    "emb_size_text": 512,
    "dropout": 0.1,
    "use_batch_norm": true,
    "mode": "both",
    "num_folds": 5,
    "fold_id": 1,
    "batch_size": 64,
    "random_seed": 1821
  }
}