{
  "attention_audio": [
    0.469892,
    0.473487,
    0.479405,
    0.482877,
    0.485539,
    0.484594,
    0.484499,
    0.483593,
    0.485579,
    0.485355,
    0.482575,
    0.491422,
    0.493047,
    0.492569,
    0.493326,
    0.494776,
    0.498853,
    0.497855,
    0.497626,
    0.501776,
    0.495335,
    0.500076,
    0.501244,
    0.500652,
    0.499085,
    0.502196,
    0.500098,
    0.502572
  ],
  "attention_text": [
    0.530108,
    0.526513,
    0.520595,
    0.517123,
    0.514461,
    0.515406,
    0.515501,
    0.516407,
    0.514421,
    0.514645,
    0.517425,
    0.508578,
    0.506953,
    0.507431,
    0.506674,
    0.505224,
    0.501147,
    0.502145,
    0.502374,
    0.498224,
    0.504665,
    0.499924,
    0.498756,
    0.499348,
    0.500915,
    0.497804,
    0.499902,
    0.497428
  ],
  "train_cls_loss": [
    2.355639,
    1.431143,
    1.164998,
    1.025158,
    0.934229,
    0.872522,
    0.844581,
    0.786169,
    0.777629,
    0.728723,
    0.701127,
    0.712486,
    0.67173,
    0.666033,
    0.626099,
    0.626966,
    0.614785,
    0.59707,
    0.593299,
    0.563265,
    0.495338,
    0.469853,
    0.461284,
    0.438496,
    0.444824,
    0.424436,
    0.433454,
    0.417345
  ],
  "train_total_loss": [
    2.355639,
    1.431143,
    1.164998,
    1.025158,
    0.934229,
    0.872522,
    0.844581,
    0.786169,
    0.777629,
    0.728723,
    0.701127,
    0.712486,
    0.67173,
    0.666033,
    0.626099,
    0.626966,
    0.614785,
    0.59707,
    0.593299,
    0.563265,
    0.495338,
    0.469853,
    0.461284,
    0.438496,
    0.444824,
    0.424436,
    0.433454,
    0.417345
  ],
  "learning_rates": [
    0.001,
    0.001,
    0.001,
    0.001,
    0.001,
    0.001,
    0.001,
    0.001,
    0.001,
    0.001,
    0.001,
    0.001,
    0.001,
    0.001,
    0.001,
    0.001,
    0.001,
    0.001,
    0.001,
    0.001,
    0.0005,
    0.0005,
    0.0005,
    0.0005,
    0.0005,
    0.0005,
    0.0005,
    0.0005
  ],
  "val_accuracy": [
    56.131261,
    66.954519,
    71.099597,
    75.474957,
    77.374784,
    78.123201,
    78.814047,
    78.00806,
    79.274611,
    79.907887,
    79.15947,
    81.750144,
    81.922855,
    79.850317,
    80.656304,
    79.447323,
    79.907887,
    80.656304,
    81.001727,
    80.656304,
    81.28958,
    81.865285,
    81.28958,
    81.001727,
    81.404721,
    80.656304,
    80.138169,
    81.462291
  ],
  "model_info": {
    "model_class": "BaseClassifier",
    "hidden_size": 128,
    "num_classes": 23,
    "emb_size_audio": 512,
    "emb_size_text": 512,
    "dropout": 0.1,
    "use_batch_norm": true,
    "mode": "both",
    "num_folds": 5,
    "fold_id": 2,
    "batch_size": 64,
    "random_seed": 1821
  }
}