{
  "train_cls_loss": [
    2.329795,
    1.43651,
    1.222768,
    1.144026,
    1.062021,
    0.999576,
    0.95163,
    0.92111,
    0.886313,
    0.867735,
    0.838324,
    0.802405,
    0.809581,
    0.764202,
    0.732923,
    0.72781,
    0.705735,
    0.708283,
    0.667965,
    0.655416,
    0.582589,
    0.549509,
    0.532037,
    0.526616,
    0.517155,
    0.509872,
    0.501303,
    0.481317,
    0.486458,
    0.45806,
    0.477694,
    0.468609,
    0.452784,
    0.447297,
    0.439185,
    0.436507
  ],
  "train_total_loss": [
    2.329795,
    1.43651,
    1.222768,
    1.144026,
    1.062021,
    0.999576,
    0.95163,
    0.92111,
    0.886313,
    0.867735,
    0.838324,
    0.802405,
    0.809581,
    0.764202,
    0.732923,
    0.72781,
    0.705735,
    0.708283,
    0.667965,
    0.655416,
    0.582589,
    0.549509,
    0.532037,
    0.526616,
    0.517155,
    0.509872,
    0.501303,
    0.481317,
    0.486458,
    0.45806,
    0.477694,
    0.468609,
    0.452784,
    0.447297,
    0.439185,
    0.436507
  ],
  "learning_rates": [
    0.001,
    0.001,
    0.001,
    0.001,
    0.001,
    0.001,
    0.001,
    0.001,
    0.001,
    0.001,
    0.001,
    0.001,
    0.001,
    0.001,
    0.001,
    0.001,
    0.001,
    0.001,
    0.001,
    0.001,
    0.0005,
    0.0005,
    0.0005,
    0.0005,
    0.0005,
    0.0005,
    0.0005,
    0.0005,
    0.0005,
    0.0005,
    0.0005,
    0.0005,
    0.0005,
    0.0005,
    0.0005,
    0.0005
  ],
  "val_accuracy": [
    61.836851,
    68.282944,
    70.450656,
    72.219053,
    72.333143,
    74.10154,
    74.10154,
    75.128351,
    74.729036,
    75.984027,
    75.470622,
    75.812892,
    75.185396,
    75.356532,
    76.041072,
    75.984027,
    75.527667,
    76.326298,
    75.356532,
    75.812892,
    77.239019,
    76.839703,
    75.641757,
    76.554478,
    77.067884,
    76.155163,
    76.839703,
    76.326298,
    77.010839,
    75.926982,
    76.839703,
    76.896748,
    76.440388,
    76.155163,
    76.554478,
    76.440388
  ],
  "model_info": {
    "model_class": "BaseClassifier",
    "hidden_size": 128,
    "num_classes": 23,
    "emb_size_audio": 512,
    "emb_size_text": 0,
    "dropout": 0.1,
    "use_batch_norm": true,
    "mode": "audio",
    "num_folds": 5,
    "fold_id": 1,
    "batch_size": 64,
    "random_seed": 1821
  }
}