{
  "attention_audio": [
    0.506268,
    0.52307,
    0.522955,
    0.516457,
    0.513866,
    0.511472,
    0.504191,
    0.500962,
    0.499119,
    0.500371,
    0.500713,
    0.503979,
    0.499016,
    0.503679,
    0.501907,
    0.499883,
    0.50029,
    0.503644,
    0.499753,
    0.501663,
    0.502501,
    0.501374,
    0.501612,
    0.501293,
    0.501755,
    0.501823,
    0.50276,
    0.50329,
    0.504385,
    0.505246,
    0.502265,
    0.507043,
    0.505285,
    0.506016,
    0.508619
  ],
  "attention_text": [
    0.493732,
    0.47693,
    0.477045,
    0.483543,
    0.486134,
    0.488528,
    0.495809,
    0.499038,
    0.500881,
    0.499629,
    0.499287,
    0.496021,
    0.500984,
    0.496321,
    0.498093,
    0.500117,
    0.49971,
    0.496356,
    0.500247,
    0.498337,
    0.497498,
    0.498626,
    0.498388,
    0.498707,
    0.498245,
    0.498177,
    0.49724,
    0.49671,
    0.495615,
    0.494754,
    0.497735,
    0.492957,
    0.494715,
    0.493984,
    0.491381
  ],
  "train_cls_loss": [
    2.38367,
    1.483148,
    1.226677,
    1.08285,
    1.021552,
    0.951213,
    0.915158,
    0.860406,
    0.816688,
    0.798744,
    0.78594,
    0.753435,
    0.735101,
    0.707487,
    0.701885,
    0.668955,
    0.656418,
    0.647432,
    0.627444,
    0.626529,
    0.526649,
    0.514089,
    0.483024,
    0.481431,
    0.468614,
    0.442343,
    0.449088,
    0.44393,
    0.429499,
    0.425243,
    0.415046,
    0.40805,
    0.388563,
    0.390497,
    0.394094
  ],
  "train_total_loss": [
    2.38367,
    1.483148,
    1.226677,
    1.08285,
    1.021552,
    0.951213,
    0.915158,
    0.860406,
    0.816688,
    0.798744,
    0.78594,
    0.753435,
    0.735101,
    0.707487,
    0.701885,
    0.668955,
    0.656418,
    0.647432,
    0.627444,
    0.626529,
    0.526649,
    0.514089,
    0.483024,
    0.481431,
    0.468614,
    0.442343,
    0.449088,
    0.44393,
    0.429499,
    0.425243,
    0.415046,
    0.40805,
    0.388563,
    0.390497,
    0.394094
  ],
  "learning_rates": [
    0.001,
    0.001,
    0.001,
    0.001,
    0.001,
    0.001,
    0.001,
    0.001,
    0.001,
    0.001,
    0.001,
    0.001,
    0.001,
    0.001,
    0.001,
    0.001,
    0.001,
    0.001,
    0.001,
    0.001,
    0.0005,
    0.0005,
    0.0005,
    0.0005,
    0.0005,
    0.0005,
    0.0005,
    0.0005,
    0.0005,
    0.0005,
    0.0005,
    0.0005,
    0.0005,
    0.0005,
    0.0005
  ],
  "val_accuracy": [
    61.608671,
    66.970907,
    75.470622,
    74.671991,
    75.755847,
    76.098118,
    77.010839,
    78.15174,
    78.6081,
    78.322875,
    78.322875,
    79.691957,
    78.15174,
    78.436965,
    78.950371,
    79.634912,
    77.410154,
    79.691957,
    78.37992,
    80.376497,
    79.064461,
    80.376497,
    79.577867,
    79.349686,
    79.406731,
    79.634912,
    78.665145,
    79.121506,
    79.007416,
    79.520821,
    79.406731,
    78.836281,
    78.322875,
    79.349686,
    78.551055
  ],
  "model_info": {
    "model_class": "BaseClassifier",
    "hidden_size": 128,
    "num_classes": 23,
    "emb_size_audio": 512,
    "emb_size_text": 512,
    "dropout": 0.1,
    "use_batch_norm": true,
    "mode": "both",
    "num_folds": 5,
    "fold_id": 2,
    "batch_size": 64,
    "random_seed": 1821
  }
}