{
  "attention_audio": [
    0.462953,
    0.435219,
    0.423924,
    0.421945,
    0.420067,
    0.419108,
    0.417158,
    0.412899,
    0.41011,
    0.410047,
    0.409955,
    0.410595,
    0.411815,
    0.408635,
    0.409304,
    0.41172,
    0.41401,
    0.417506,
    0.417313,
    0.422901,
    0.422009,
    0.423016,
    0.426432,
    0.427926,
    0.429245,
    0.427222,
    0.429198,
    0.431106,
    0.428831,
    0.430587,
    0.433167,
    0.428874,
    0.430802,
    0.432973,
    0.432481,
    0.432683,
    0.433088
  ],
  "attention_text": [
    0.537047,
    0.564781,
    0.576076,
    0.578055,
    0.579933,
    0.580892,
    0.582842,
    0.587101,
    0.58989,
    0.589953,
    0.590045,
    0.589405,
    0.588185,
    0.591365,
    0.590696,
    0.58828,
    0.58599,
    0.582494,
    0.582687,
    0.577099,
    0.577991,
    0.576984,
    0.573568,
    0.572074,
    0.570755,
    0.572778,
    0.570802,
    0.568894,
    0.571169,
    0.569413,
    0.566833,
    0.571126,
    0.569198,
    0.567027,
    0.567519,
    0.567317,
    0.566912
  ],
  "train_cls_loss": [
    1.200397,
    0.827833,
    0.733953,
    0.680322,
    0.643917,
    0.616058,
    0.595511,
    0.571028,
    0.553662,
    0.538009,
    0.51862,
    0.508036,
    0.497341,
    0.486547,
    0.476546,
    0.463328,
    0.458792,
    0.442992,
    0.436404,
    0.427341,
    0.384527,
    0.3671,
    0.363803,
    0.356459,
    0.347716,
    0.339209,
    0.338084,
    0.329943,
    0.321107,
    0.314057,
    0.310572,
    0.307573,
    0.302435,
    0.294538,
    0.294069,
    0.290326,
    0.287363
  ],
  "train_total_loss": [
    1.200397,
    0.827833,
    0.733953,
    0.680322,
    0.643917,
    0.616058,
    0.595511,
    0.571028,
    0.553662,
    0.538009,
    0.51862,
    0.508036,
    0.497341,
    0.486547,
    0.476546,
    0.463328,
    0.458792,
    0.442992,
    0.436404,
    0.427341,
    0.384527,
    0.3671,
    0.363803,
    0.356459,
    0.347716,
    0.339209,
    0.338084,
    0.329943,
    0.321107,
    0.314057,
    0.310572,
    0.307573,
    0.302435,
    0.294538,
    0.294069,
    0.290326,
    0.287363
  ],
  "learning_rates": [
    0.001,
    0.001,
    0.001,
    0.001,
    0.001,
    0.001,
    0.001,
    0.001,
    0.001,
    0.001,
    0.001,
    0.001,
    0.001,
    0.001,
    0.001,
    0.001,
    0.001,
    0.001,
    0.001,
    0.001,
    0.0005,
    0.0005,
    0.0005,
    0.0005,
    0.0005,
    0.0005,
    0.0005,
    0.0005,
    0.0005,
    0.0005,
    0.0005,
    0.0005,
    0.0005,
    0.0005,
    0.0005,
    0.0005,
    0.0005
  ],
  "val_accuracy": [
    60.125499,
    72.561323,
    76.440388,
    74.158585,
    76.497433,
    76.725613,
    75.926982,
    75.984027,
    75.242442,
    76.839703,
    76.383343,
    76.611523,
    76.725613,
    76.953793,
    77.181974,
    77.296064,
    76.896748,
    77.581289,
    77.524244,
    76.497433,
    77.410154,
    77.980605,
    77.638334,
    75.926982,
    77.695379,
    76.554478,
    76.668568,
    75.984027,
    76.440388,
    77.067884,
    77.581289,
    77.124929,
    76.953793,
    76.896748,
    77.695379,
    76.725613,
    76.725613
  ],
  "model_info": {
    "model_class": "BaseClassifier",
    "hidden_size": 128,
    "num_classes": 23,
    "emb_size_audio": 512,
    "emb_size_text": 512,
    "dropout": 0.1,
    "use_batch_norm": true,
    "mode": "both",
    "num_folds": 5,
    "fold_id": 3,
    "batch_size": 64,
    "random_seed": 1821
  }
}