{
  "train_cls_loss": [
    2.433983,
    1.653425,
    1.390623,
    1.237694,
    1.172219,
    1.082182,
    1.057127,
    1.005871,
    0.969462,
    0.92762,
    0.916724,
    0.891262,
    0.877831,
    0.877975,
    0.8447,
    0.819011,
    0.812975,
    0.796131,
    0.778881,
    0.766128,
    0.697746,
    0.687327,
    0.658183,
    0.649263,
    0.648188,
    0.642485,
    0.605885
  ],
  "train_top_cls_loss": [
    0.816976,
    0.553091,
    0.515881,
    0.483386,
    0.466115,
    0.451642,
    0.425846,
    0.421763,
    0.410196,
    0.402604,
    0.383395,
    0.376585,
    0.374884,
    0.370202,
    0.355992,
    0.3478,
    0.348401,
    0.336138,
    0.331169,
    0.332069,
    0.298227,
    0.288499,
    0.275861,
    0.269892,
    0.273027,
    0.269042,
    0.250421
  ],
  "train_total_loss": [
    3.250959,
    2.206517,
    1.906504,
    1.721081,
    1.638334,
    1.533824,
    1.482973,
    1.427635,
    1.379658,
    1.330224,
    1.300119,
    1.267848,
    1.252715,
    1.248177,
    1.200691,
    1.166811,
    1.161377,
    1.132268,
    1.110051,
    1.098197,
    0.995973,
    0.975826,
    0.934043,
    0.919156,
    0.921215,
    0.911527,
    0.856306
  ],
  "learning_rates": [
    0.001,
    0.001,
    0.001,
    0.001,
    0.001,
    0.001,
    0.001,
    0.001,
    0.001,
    0.001,
    0.001,
    0.001,
    0.001,
    0.001,
    0.001,
    0.001,
    0.001,
    0.001,
    0.001,
    0.001,
    0.0005,
    0.0005,
    0.0005,
    0.0005,
    0.0005,
    0.0005,
    0.0005
  ],
  "val_accuracy": [
    45.921278,
    56.18939,
    66.229321,
    69.024529,
    73.074729,
    74.10154,
    72.219053,
    74.729036,
    74.557901,
    74.900171,
    71.876783,
    76.668568,
    74.386766,
    75.128351,
    75.014261,
    75.299487,
    75.128351,
    75.527667,
    75.356532,
    75.869937,
    76.440388,
    76.440388,
    76.611523,
    75.755847,
    75.242442,
    76.326298,
    75.584712
  ],
  "model_info": {
    "model_class": "BaseClassifier",
    "hidden_size": 128,
    "num_classes": 23,
    "emb_size_audio": 512,
    "emb_size_text": 0,
    "dropout": 0.1,
    "use_batch_norm": true,
    "mode": "audio",
    "num_folds": 5,
    "fold_id": 3,
    "batch_size": 64,
    "random_seed": 1821
  }
}