{
  "attention_audio": [
    0.442467,
    0.42962,
    0.426134,
    0.426429,
    0.417864,
    0.416593,
    0.413746,
    0.410295,
    0.407965,
    0.410684,
    0.409823,
    0.408198,
    0.409086,
    0.407271,
    0.408509,
    0.406186,
    0.407637,
    0.412263,
    0.414437,
    0.417194,
    0.417143,
    0.41493,
    0.418379,
    0.419604,
    0.417751,
    0.41804,
    0.41691,
    0.423573,
    0.422566,
    0.423442,
    0.423934,
    0.417139,
    0.420315,
    0.42478,
    0.422492,
    0.420584,
    0.422799,
    0.427271,
    0.424568,
    0.425518,
    0.425805,
    0.426379,
    0.426511,
    0.429056,
    0.429849,
    0.427564,
    0.427847,
    0.42938,
    0.430753,
    0.428719,
    0.429327,
    0.435805,
    0.432099
  ],
  "attention_text": [
    0.557533,
    0.57038,
    0.573866,
    0.573571,
    0.582136,
    0.583407,
    0.586254,
    0.589705,
    0.592035,
    0.589316,
    0.590177,
    0.591802,
    0.590914,
    0.592729,
    0.591491,
    0.593814,
    0.592363,
    0.587737,
    0.585563,
    0.582806,
    0.582857,
    0.58507,
    0.581621,
    0.580396,
    0.582249,
    0.58196,
    0.58309,
    0.576427,
    0.577434,
    0.576558,
    0.576066,
    0.582861,
    0.579685,
    0.57522,
    0.577508,
    0.579416,
    0.577201,
    0.572729,
    0.575432,
    0.574482,
    0.574195,
    0.57362,
    0.573489,
    0.570944,
    0.570151,
    0.572436,
    0.572153,
    0.57062,
    0.569247,
    0.571281,
    0.570673,
    0.564195,
    0.567901
  ],
  "train_cls_loss": [
    0.729314,
    0.491063,
    0.431375,
    0.402041,
    0.382342,
    0.364723,
    0.353605,
    0.342833,
    0.332256,
    0.324256,
    0.314797,
    0.309517,
    0.298731,
    0.294529,
    0.28718,
    0.285155,
    0.274581,
    0.267785,
    0.264534,
    0.259356,
    0.235318,
    0.224939,
    0.217912,
    0.215735,
    0.210295,
    0.20532,
    0.201298,
    0.197641,
    0.19699,
    0.190192,
    0.191423,
    0.189998,
    0.184749,
    0.184084,
    0.181471,
    0.18099,
    0.173229,
    0.176176,
    0.171954,
    0.171293,
    0.156866,
    0.152586,
    0.150558,
    0.146989,
    0.144277,
    0.142995,
    0.13983,
    0.13741,
    0.136803,
    0.137267,
    0.13486,
    0.130607,
    0.13334
  ],
  "train_total_loss": [
    0.729314,
    0.491063,
    0.431375,
    0.402041,
    0.382342,
    0.364723,
    0.353605,
    0.342833,
    0.332256,
    0.324256,
    0.314797,
    0.309517,
    0.298731,
    0.294529,
    0.28718,
    0.285155,
    0.274581,
    0.267785,
    0.264534,
    0.259356,
    0.235318,
    0.224939,
    0.217912,
    0.215735,
    0.210295,
    0.20532,
    0.201298,
    0.197641,
    0.19699,
    0.190192,
    0.191423,
    0.189998,
    0.184749,
    0.184084,
    0.181471,
    0.18099,
    0.173229,
    0.176176,
    0.171954,
    0.171293,
    0.156866,
    0.152586,
    0.150558,
    0.146989,
    0.144277,
    0.142995,
    0.13983,
    0.13741,
    0.136803,
    0.137267,
    0.13486,
    0.130607,
    0.13334
  ],
  "learning_rates": [
    0.001,
    0.001,
    0.001,
    0.001,
    0.001,
    0.001,
    0.001,
    0.001,
    0.001,
    0.001,
    0.001,
    0.001,
    0.001,
    0.001,
    0.001,
    0.001,
    0.001,
    0.001,
    0.001,
    0.001,
    0.0005,
    0.0005,
    0.0005,
    0.0005,
    0.0005,
    0.0005,
    0.0005,
    0.0005,
    0.0005,
    0.0005,
    0.0005,
    0.0005,
    0.0005,
    0.0005,
    0.0005,
    0.0005,
    0.0005,
    0.0005,
    0.0005,
    0.0005,
    0.00025,
    0.00025,
    0.00025,
    0.00025,
    0.00025,
    0.00025,
    0.00025,
    0.00025,
    0.00025,
    0.00025,
    0.00025,
    0.00025,
    0.00025
  ],
  "val_accuracy": [
    66.856817,
    74.044495,
    76.269253,
    77.181974,
    78.6081,
    76.041072,
    76.212208,
    78.322875,
    77.239019,
    77.467199,
    76.839703,
    75.984027,
    78.094695,
    77.638334,
    77.239019,
    79.064461,
    78.665145,
    78.722191,
    78.094695,
    78.37992,
    78.779236,
    78.893326,
    79.349686,
    78.26583,
    78.436965,
    78.03765,
    78.37992,
    78.722191,
    78.094695,
    78.03765,
    78.551055,
    78.37992,
    76.839703,
    78.436965,
    78.094695,
    77.695379,
    77.752424,
    79.406731,
    77.980605,
    77.752424,
    77.92356,
    78.15174,
    77.239019,
    77.467199,
    77.524244,
    77.866515,
    77.524244,
    77.410154,
    78.094695,
    78.208785,
    77.239019,
    77.752424,
    76.896748
  ],
  "model_info": {
    "model_class": "BaseClassifier",
    "hidden_size": 128,
    "num_classes": 23,
    "emb_size_audio": 512,
    "emb_size_text": 512,
    "dropout": 0.1,
    "use_batch_norm": true,
    "mode": "both",
    "num_folds": 5,
    "fold_id": 2,
    "batch_size": 64,
    "random_seed": 1821
  }
}