{
  "attention_audio": [
    0.507833,
    0.498083,
    0.490175,
    0.483459,
    0.486674,
    0.48419,
    0.481126,
    0.475161,
    0.476241,
    0.473051,
    0.474457,
    0.470468,
    0.469854,
    0.470396,
    0.471281,
    0.469699,
    0.473167,
    0.472985,
    0.472402,
    0.470423,
    0.469204,
    0.46897,
    0.474088,
    0.474707,
    0.476685,
    0.478065,
    0.474678,
    0.476864,
    0.474498,
    0.47344,
    0.476493,
    0.47928,
    0.480283,
    0.474309,
    0.476667,
    0.477347,
    0.476967,
    0.478737,
    0.481007
  ],
  "attention_text": [
    0.492167,
    0.501917,
    0.509825,
    0.516541,
    0.513326,
    0.51581,
    0.518874,
    0.524839,
    0.523759,
    0.526949,
    0.525543,
    0.529532,
    0.530146,
    0.529604,
    0.528719,
    0.530301,
    0.526833,
    0.527015,
    0.527598,
    0.529577,
    0.530796,
    0.53103,
    0.525912,
    0.525293,
    0.523315,
    0.521935,
    0.525322,
    0.523136,
    0.525502,
    0.52656,
    0.523507,
    0.52072,
    0.519717,
    0.525692,
    0.523333,
    0.522653,
    0.523033,
    0.521263,
    0.518993
  ],
  "train_cls_loss": [
    2.326261,
    1.491949,
    1.281803,
    1.164115,
    1.045641,
    0.991558,
    0.94801,
    0.881488,
    0.842467,
    0.825214,
    0.796094,
    0.770768,
    0.734777,
    0.713281,
    0.705471,
    0.669166,
    0.663879,
    0.650158,
    0.63692,
    0.633134,
    0.560236,
    0.52311,
    0.496763,
    0.485918,
    0.476094,
    0.487145,
    0.464126,
    0.465799,
    0.455626,
    0.443127,
    0.422682,
    0.418164,
    0.397563,
    0.410979,
    0.390316,
    0.39514,
    0.402809,
    0.369916,
    0.392668
  ],
  "train_top_cls_loss": [
    0.767627,
    0.506476,
    0.469681,
    0.450359,
    0.41919,
    0.394785,
    0.38096,
    0.358162,
    0.348541,
    0.341695,
    0.340019,
    0.327836,
    0.310251,
    0.296871,
    0.305425,
    0.289339,
    0.280854,
    0.276451,
    0.273088,
    0.276789,
    0.231277,
    0.218307,
    0.202316,
    0.20097,
    0.202329,
    0.2002,
    0.193138,
    0.197068,
    0.190601,
    0.177391,
    0.173776,
    0.172992,
    0.168249,
    0.171153,
    0.16443,
    0.169692,
    0.171922,
    0.153246,
    0.165542
  ],
  "train_total_loss": [
    3.093888,
    1.998426,
    1.751484,
    1.614474,
    1.464831,
    1.386344,
    1.32897,
    1.23965,
    1.191008,
    1.166909,
    1.136113,
    1.098604,
    1.045027,
    1.010152,
    1.010895,
    0.958504,
    0.944732,
    0.926609,
    0.910007,
    0.909923,
    0.791514,
    0.741417,
    0.699079,
    0.686888,
    0.678424,
    0.687345,
    0.657264,
    0.662866,
    0.646227,
    0.620518,
    0.596458,
    0.591155,
    0.565813,
    0.582132,
    0.554746,
    0.564833,
    0.574731,
    0.523163,
    0.55821
  ],
  "learning_rates": [
    0.001,
    0.001,
    0.001,
    0.001,
    0.001,
    0.001,
    0.001,
    0.001,
    0.001,
    0.001,
    0.001,
    0.001,
    0.001,
    0.001,
    0.001,
    0.001,
    0.001,
    0.001,
    0.001,
    0.001,
    0.0005,
    0.0005,
    0.0005,
    0.0005,
    0.0005,
    0.0005,
    0.0005,
    0.0005,
    0.0005,
    0.0005,
    0.0005,
    0.0005,
    0.0005,
    0.0005,
    0.0005,
    0.0005,
    0.0005,
    0.0005,
    0.0005
  ],
  "val_accuracy": [
    55.45977,
    64.137931,
    67.931034,
    67.356322,
    73.333333,
    75.91954,
    74.137931,
    77.241379,
    76.551724,
    75.632184,
    77.413793,
    78.793103,
    77.241379,
    77.241379,
    77.413793,
    78.218391,
    78.045977,
    77.758621,
    78.333333,
    78.275862,
    78.850575,
    79.022989,
    79.195402,
    79.770115,
    79.022989,
    78.850575,
    78.793103,
    79.08046,
    79.08046,
    78.850575,
    79.022989,
    79.022989,
    79.022989,
    78.678161,
    78.218391,
    78.850575,
    78.62069,
    78.735632,
    78.448276
  ],
  "model_info": {
    "model_class": "BaseClassifier",
    "hidden_size": 128,
    "num_classes": 23,
    "emb_size_audio": 768,
    "emb_size_text": 512,
    "dropout": 0.1,
    "use_batch_norm": true,
    "mode": "both",
    "num_folds": 5,
    "fold_id": 2,
    "batch_size": 64,
    "random_seed": 1821
  }
}