{
  "attention_audio": [
    0.477918,
    0.41606,
    0.402209,
    0.394836,
    0.393425,
    0.392751,
    0.388604,
    0.387175,
    0.392872,
    0.389981,
    0.386848,
    0.385899,
    0.386748,
    0.382786,
    0.38057,
    0.37759,
    0.382283,
    0.377668,
    0.377207,
    0.376417,
    0.373113,
    0.372226,
    0.377116,
    0.378522,
    0.376069,
    0.377226,
    0.376618,
    0.373792,
    0.37724,
    0.378459,
    0.376787,
    0.378584,
    0.374743,
    0.377951,
    0.376641,
    0.377345,
    0.373219,
    0.374713,
    0.371589,
    0.374703,
    0.372694,
    0.373494,
    0.371523,
    0.372446,
    0.372592,
    0.374349,
    0.375084,
    0.375157,
    0.375854,
    0.377704,
    0.377903,
    0.375076,
    0.37743,
    0.37397,
    0.373183,
    0.372999,
    0.377001,
    0.37273,
    0.371984
  ],
  "attention_text": [
    0.522082,
    0.58394,
    0.597791,
    0.605164,
    0.606575,
    0.607249,
    0.611395,
    0.612825,
    0.607128,
    0.610019,
    0.613152,
    0.614101,
    0.613252,
    0.617214,
    0.61943,
    0.62241,
    0.617717,
    0.622332,
    0.622793,
    0.623583,
    0.626887,
    0.627774,
    0.622884,
    0.621478,
    0.623931,
    0.622774,
    0.623382,
    0.626208,
    0.62276,
    0.621541,
    0.623213,
    0.621416,
    0.625257,
    0.622049,
    0.623359,
    0.622655,
    0.626781,
    0.625287,
    0.628411,
    0.625297,
    0.627306,
    0.626506,
    0.628477,
    0.627554,
    0.627408,
    0.625651,
    0.624916,
    0.624843,
    0.624146,
    0.622296,
    0.622097,
    0.624924,
    0.62257,
    0.62603,
    0.626817,
    0.627001,
    0.622999,
    0.62727,
    0.628016
  ],
  "train_cls_loss": [
    2.35973,
    1.477669,
    1.259173,
    1.106165,
    1.039759,
    0.984557,
    0.921668,
    0.904347,
    0.905711,
    0.838347,
    0.842279,
    0.829653,
    0.79081,
    0.775481,
    0.774205,
    0.721335,
    0.733131,
    0.711959,
    0.703751,
    0.691696,
    0.62831,
    0.606831,
    0.577399,
    0.590753,
    0.577085,
    0.570602,
    0.566825,
    0.558814,
    0.56156,
    0.551644,
    0.55182,
    0.533273,
    0.532055,
    0.532602,
    0.521415,
    0.511876,
    0.498191,
    0.500367,
    0.479375,
    0.481228,
    0.449716,
    0.430637,
    0.419095,
    0.429752,
    0.423088,
    0.400086,
    0.415063,
    0.39985,
    0.403228,
    0.402816,
    0.383491,
    0.39237,
    0.384841,
    0.383129,
    0.367875,
    0.37561,
    0.380432,
    0.368721,
    0.357234
  ],
  "train_total_loss": [
    2.35973,
    1.477669,
    1.259173,
    1.106165,
    1.039759,
    0.984557,
    0.921668,
    0.904347,
    0.905711,
    0.838347,
    0.842279,
    0.829653,
    0.79081,
    0.775481,
    0.774205,
    0.721335,
    0.733131,
    0.711959,
    0.703751,
    0.691696,
    0.62831,
    0.606831,
    0.577399,
    0.590753,
    0.577085,
    0.570602,
    0.566825,
    0.558814,
    0.56156,
    0.551644,
    0.55182,
    0.533273,
    0.532055,
    0.532602,
    0.521415,
    0.511876,
    0.498191,
    0.500367,
    0.479375,
    0.481228,
    0.449716,
    0.430637,
    0.419095,
    0.429752,
    0.423088,
    0.400086,
    0.415063,
    0.39985,
    0.403228,
    0.402816,
    0.383491,
    0.39237,
    0.384841,
    0.383129,
    0.367875,
    0.37561,
    0.380432,
    0.368721,
    0.357234
  ],
  "learning_rates": [
    0.001,
    0.001,
    0.001,
    0.001,
    0.001,
    0.001,
    0.001,
    0.001,
    0.001,
    0.001,
    0.001,
    0.001,
    0.001,
    0.001,
    0.001,
    0.001,
    0.001,
    0.001,
    0.001,
    0.001,
    0.0005,
    0.0005,
    0.0005,
    0.0005,
    0.0005,
    0.0005,
    0.0005,
    0.0005,
    0.0005,
    0.0005,
    0.0005,
    0.0005,
    0.0005,
    0.0005,
    0.0005,
    0.0005,
    0.0005,
    0.0005,
    0.0005,
    0.0005,
    0.00025,
    0.00025,
    0.00025,
    0.00025,
    0.00025,
    0.00025,
    0.00025,
    0.00025,
    0.00025,
    0.00025,
    0.00025,
    0.00025,
    0.00025,
    0.00025,
    0.00025,
    0.00025,
    0.00025,
    0.00025,
    0.00025
  ],
  "val_accuracy": [
    55.276669,
    67.427268,
    69.024529,
    72.675414,
    75.584712,
    74.614946,
    73.75927,
    75.869937,
    76.668568,
    76.611523,
    76.896748,
    76.440388,
    76.554478,
    76.326298,
    76.269253,
    76.725613,
    78.779236,
    76.440388,
    77.410154,
    78.03765,
    78.436965,
    78.950371,
    78.722191,
    78.436965,
    78.722191,
    78.15174,
    78.37992,
    78.26583,
    79.292641,
    78.322875,
    78.322875,
    77.809469,
    78.779236,
    78.665145,
    78.37992,
    78.26583,
    78.49401,
    78.03765,
    78.893326,
    78.15174,
    78.722191,
    78.722191,
    78.6081,
    79.349686,
    78.836281,
    78.208785,
    78.551055,
    78.665145,
    78.26583,
    79.178551,
    79.064461,
    78.49401,
    78.665145,
    77.695379,
    79.178551,
    78.26583,
    78.03765,
    78.722191,
    78.26583
  ],
  "model_info": {
    "model_class": "BaseClassifier",
    "hidden_size": 128,
    "num_classes": 23,
    "emb_size_audio": 512,
    "emb_size_text": 512,
    "dropout": 0.1,
    "use_batch_norm": true,
    "mode": "both",
    "num_folds": 5,
    "fold_id": 0,
    "batch_size": 64,
    "random_seed": 1821
  }
}