{
  "attention_audio": [
    0.511733,
    0.516256,
    0.512571,
    0.510225,
    0.507433,
    0.502799,
    0.502977,
    0.502714,
    0.499961,
    0.497802,
    0.505518,
    0.502805,
    0.502038,
    0.50385,
    0.502753,
    0.502737,
    0.501049,
    0.5045,
    0.505614,
    0.503319,
    0.504058,
    0.504088,
    0.504049,
    0.504206,
    0.506584,
    0.506612,
    0.509823,
    0.509318,
    0.509595,
    0.511533,
    0.510582,
    0.509485,
    0.510139,
    0.508434,
    0.510337,
    0.511169,
    0.515173
  ],
  "attention_text": [
    0.488267,
    0.483744,
    0.487429,
    0.489775,
    0.492567,
    0.497201,
    0.497023,
    0.497286,
    0.500039,
    0.502198,
    0.494482,
    0.497195,
    0.497962,
    0.49615,
    0.497247,
    0.497263,
    0.498951,
    0.4955,
    0.494386,
    0.496681,
    0.495942,
    0.495912,
    0.495951,
    0.495794,
    0.493416,
    0.493388,
    0.490177,
    0.490682,
    0.490405,
    0.488467,
    0.489418,
    0.490515,
    0.489861,
    0.491566,
    0.489663,
    0.488831,
    0.484827
  ],
  "train_cls_loss": [
    2.291694,
    1.372058,
    1.123881,
    0.989099,
    0.939784,
    0.881581,
    0.843488,
    0.806918,
    0.743999,
    0.729585,
    0.702793,
    0.669683,
    0.676056,
    0.647894,
    0.639745,
    0.608002,
    0.588281,
    0.560526,
    0.562427,
    0.552826,
    0.485492,
    0.460633,
    0.44689,
    0.434597,
    0.416745,
    0.41902,
    0.402774,
    0.42294,
    0.402438,
    0.395644,
    0.379931,
    0.387619,
    0.375596,
    0.370647,
    0.3695,
    0.361797,
    0.353966
  ],
  "train_total_loss": [
    2.291694,
    1.372058,
    1.123881,
    0.989099,
    0.939784,
    0.881581,
    0.843488,
    0.806918,
    0.743999,
    0.729585,
    0.702793,
    0.669683,
    0.676056,
    0.647894,
    0.639745,
    0.608002,
    0.588281,
    0.560526,
    0.562427,
    0.552826,
    0.485492,
    0.460633,
    0.44689,
    0.434597,
    0.416745,
    0.41902,
    0.402774,
    0.42294,
    0.402438,
    0.395644,
    0.379931,
    0.387619,
    0.375596,
    0.370647,
    0.3695,
    0.361797,
    0.353966
  ],
  "learning_rates": [
    0.001,
    0.001,
    0.001,
    0.001,
    0.001,
    0.001,
    0.001,
    0.001,
    0.001,
    0.001,
    0.001,
    0.001,
    0.001,
    0.001,
    0.001,
    0.001,
    0.001,
    0.001,
    0.001,
    0.001,
    0.0005,
    0.0005,
    0.0005,
    0.0005,
    0.0005,
    0.0005,
    0.0005,
    0.0005,
    0.0005,
    0.0005,
    0.0005,
    0.0005,
    0.0005,
    0.0005,
    0.0005,
    0.0005,
    0.0005
  ],
  "val_accuracy": [
    61.581223,
    70.352069,
    73.193329,
    78.011118,
    78.875849,
    79.061149,
    79.555281,
    80.11118,
    80.667078,
    80.975911,
    81.161211,
    79.184682,
    81.840642,
    81.778876,
    82.087708,
    81.964175,
    81.593576,
    82.273008,
    81.902409,
    81.037678,
    82.643607,
    82.890673,
    82.705374,
    82.211242,
    82.273008,
    82.458308,
    81.53181,
    82.334775,
    82.087708,
    82.149475,
    81.593576,
    80.790611,
    81.099444,
    81.964175,
    80.975911,
    81.593576,
    80.728845
  ],
  "model_info": {
    "model_class": "BaseClassifier",
    "hidden_size": 128,
    "num_classes": 23,
    "emb_size_audio": 512,
    "emb_size_text": 512,
    "dropout": 0.1,
    "use_batch_norm": true,
    "mode": "both",
    "num_folds": 5,
    "fold_id": 3,
    "batch_size": 64,
    "random_seed": 1821
  }
}