{
  "attention_audio": [
    0.459287,
    0.458343,
    0.472763,
    0.476577,
    0.478755,
    0.485479,
    0.485776,
    0.486131,
    0.48383,
    0.48647,
    0.492667,
    0.495236,
    0.498198,
    0.495825,
    0.496444,
    0.499828,
    0.500542,
    0.500508,
    0.501459,
    0.500245,
    0.499695,
    0.501069,
    0.5028,
    0.50218,
    0.50675,
    0.504323,
    0.503942,
    0.506184,
    0.507339,
    0.508416,
    0.503909,
    0.5056,
    0.509012,
    0.508099,
    0.508799,
    0.509263,
    0.508892,
    0.509326
  ],
  "attention_text": [
    0.540713,
    0.541657,
    0.527237,
    0.523423,
    0.521245,
    0.514521,
    0.514224,
    0.513869,
    0.51617,
    0.51353,
    0.507333,
    0.504764,
    0.501802,
    0.504175,
    0.503556,
    0.500172,
    0.499458,
    0.499492,
    0.498541,
    0.499755,
    0.500305,
    0.498931,
    0.4972,
    0.49782,
    0.49325,
    0.495677,
    0.496058,
    0.493816,
    0.492661,
    0.491584,
    0.496091,
    0.4944,
    0.490988,
    0.491901,
    0.491201,
    0.490737,
    0.491108,
    0.490674
  ],
  "train_cls_loss": [
    2.273735,
    1.35825,
    1.112051,
    1.015458,
    0.913645,
    0.895136,
    0.841445,
    0.802064,
    0.779611,
    0.751509,
    0.748794,
    0.698826,
    0.68954,
    0.686917,
    0.648636,
    0.645696,
    0.619779,
    0.612155,
    0.599836,
    0.572782,
    0.493027,
    0.482159,
    0.478446,
    0.471537,
    0.437021,
    0.443804,
    0.425763,
    0.426917,
    0.402024,
    0.416404,
    0.398526,
    0.38532,
    0.388119,
    0.386028,
    0.388462,
    0.371657,
    0.353948,
    0.341089
  ],
  "train_total_loss": [
    2.273735,
    1.35825,
    1.112051,
    1.015458,
    0.913645,
    0.895136,
    0.841445,
    0.802064,
    0.779611,
    0.751509,
    0.748794,
    0.698826,
    0.68954,
    0.686917,
    0.648636,
    0.645696,
    0.619779,
    0.612155,
    0.599836,
    0.572782,
    0.493027,
    0.482159,
    0.478446,
    0.471537,
    0.437021,
    0.443804,
    0.425763,
    0.426917,
    0.402024,
    0.416404,
    0.398526,
    0.38532,
    0.388119,
    0.386028,
    0.388462,
    0.371657,
    0.353948,
    0.341089
  ],
  "learning_rates": [
    0.001,
    0.001,
    0.001,
    0.001,
    0.001,
    0.001,
    0.001,
    0.001,
    0.001,
    0.001,
    0.001,
    0.001,
    0.001,
    0.001,
    0.001,
    0.001,
    0.001,
    0.001,
    0.001,
    0.001,
    0.0005,
    0.0005,
    0.0005,
    0.0005,
    0.0005,
    0.0005,
    0.0005,
    0.0005,
    0.0005,
    0.0005,
    0.0005,
    0.0005,
    0.0005,
    0.0005,
    0.0005,
    0.0005,
    0.0005,
    0.0005
  ],
  "val_accuracy": [
    60.909614,
    71.157168,
    73.459988,
    75.647668,
    77.547496,
    76.453656,
    76.856649,
    78.526195,
    77.720207,
    77.777778,
    79.1019,
    79.217041,
    79.15947,
    78.641336,
    77.950489,
    79.217041,
    79.735176,
    78.986759,
    79.907887,
    79.504893,
    79.792746,
    79.15947,
    80.080599,
    79.907887,
    79.850317,
    79.562464,
    79.447323,
    78.641336,
    80.080599,
    80.080599,
    79.735176,
    80.080599,
    79.389752,
    78.526195,
    79.907887,
    79.677605,
    78.929188,
    78.583765
  ],
  "model_info": {
    "model_class": "BaseClassifier",
    "hidden_size": 128,
    "num_classes": 23,
    "emb_size_audio": 512,
    "emb_size_text": 512,
    "dropout": 0.1,
    "use_batch_norm": true,
    "mode": "both",
    "num_folds": 5,
    "fold_id": 3,
    "batch_size": 64,
    "random_seed": 1821
  }
}