{
  "attention_audio": [
    0.507398,
    0.508586,
    0.511991,
    0.512119,
    0.510473,
    0.507474,
    0.506353,
    0.507442,
    0.507864,
    0.505569,
    0.505565,
    0.504836,
    0.503287,
    0.505184,
    0.508594,
    0.505739,
    0.508234,
    0.505641,
    0.506779,
    0.506712,
    0.508368,
    0.512025,
    0.512428,
    0.509725,
    0.507594,
    0.508439,
    0.507284,
    0.507981,
    0.509572,
    0.505297,
    0.507768,
    0.505915,
    0.509414,
    0.509916,
    0.51118,
    0.510681,
    0.511741,
    0.509454
  ],
  "attention_text": [
    0.492602,
    0.491414,
    0.488009,
    0.487881,
    0.489527,
    0.492526,
    0.493647,
    0.492558,
    0.492136,
    0.494431,
    0.494435,
    0.495164,
    0.496713,
    0.494816,
    0.491406,
    0.494261,
    0.491766,
    0.494359,
    0.493221,
    0.493288,
    0.491632,
    0.487975,
    0.487572,
    0.490275,
    0.492406,
    0.491561,
    0.492716,
    0.492019,
    0.490428,
    0.494703,
    0.492232,
    0.494085,
    0.490586,
    0.490084,
    0.48882,
    0.489319,
    0.488259,
    0.490546
  ],
  "train_cls_loss": [
    2.441312,
    1.768494,
    1.55578,
    1.437703,
    1.415123,
    1.285378,
    1.270076,
    1.220648,
    1.240673,
    1.223531,
    1.216663,
    1.171437,
    1.088922,
    1.1234,
    1.171631,
    1.114518,
    1.049744,
    1.128198,
    1.030669,
    1.015871,
    1.108262,
    1.066437,
    0.936002,
    0.945032,
    0.916905,
    0.937067,
    0.977344,
    1.012283,
    0.892086,
    0.939514,
    0.918012,
    0.898658,
    0.762966,
    0.879438,
    0.894492,
    0.88552,
    0.868367,
    0.863044
  ],
  "train_top_cls_loss": [
    0.917041,
    0.729099,
    0.682784,
    0.645582,
    0.6609,
    0.603011,
    0.605775,
    0.583033,
    0.596056,
    0.600016,
    0.599635,
    0.5885,
    0.53132,
    0.56111,
    0.58877,
    0.557811,
    0.520491,
    0.567109,
    0.525257,
    0.514863,
    0.567949,
    0.550202,
    0.485555,
    0.484281,
    0.465718,
    0.483853,
    0.509475,
    0.528933,
    0.463748,
    0.485373,
    0.477475,
    0.460642,
    0.390204,
    0.458684,
    0.465548,
    0.469612,
    0.453476,
    0.453265
  ],
  "train_total_loss": [
    3.083241,
    2.278864,
    2.033729,
    1.88961,
    1.877753,
    1.707486,
    1.694118,
    1.628771,
    1.657912,
    1.643542,
    1.636407,
    1.583387,
    1.460846,
    1.516177,
    1.58377,
    1.504986,
    1.414088,
    1.525175,
    1.398349,
    1.376275,
    1.505826,
    1.451578,
    1.27589,
    1.284028,
    1.242908,
    1.275765,
    1.333976,
    1.382536,
    1.216709,
    1.279275,
    1.252245,
    1.221107,
    1.036108,
    1.200518,
    1.220375,
    1.214248,
    1.1858,
    1.180329
  ],
  "learning_rates": [
    0.001,
    0.001,
    0.001,
    0.001,
    0.001,
    0.001,
    0.001,
    0.001,
    0.001,
    0.001,
    0.001,
    0.001,
    0.001,
    0.001,
    0.001,
    0.001,
    0.001,
    0.001,
    0.001,
    0.001,
    0.0005,
    0.0005,
    0.0005,
    0.0005,
    0.0005,
    0.0005,
    0.0005,
    0.0005,
    0.0005,
    0.0005,
    0.0005,
    0.0005,
    0.0005,
    0.0005,
    0.0005,
    0.0005,
    0.0005,
    0.0005
  ],
  "val_accuracy": [
    56.53166,
    68.967484,
    72.675414,
    73.188819,
    76.269253,
    76.668568,
    77.010839,
    78.950371,
    77.809469,
    78.49401,
    79.520821,
    80.604678,
    80.262407,
    78.208785,
    80.376497,
    80.661723,
    80.661723,
    81.061038,
    80.205362,
    80.148317,
    80.319452,
    81.061038,
    81.118083,
    81.061038,
    80.319452,
    80.034227,
    80.490588,
    80.262407,
    79.806047,
    79.806047,
    80.775813,
    79.806047,
    80.661723,
    80.433542,
    79.920137,
    80.889903,
    80.433542,
    80.946948
  ],
  "model_info": {
    "model_class": "BaseClassifier",
    "hidden_size": 128,
    "num_classes": 23,
    "emb_size_audio": 512,
    "emb_size_text": 512,
    "dropout": 0.1,
    "use_batch_norm": true,
    "mode": "both",
    "num_folds": 5,
    "fold_id": 3,
    "batch_size": 64,
    "random_seed": 1821
  }
}