{
  "train_cls_loss": [
    2.431303,
    1.509263,
    1.307334,
    1.185386,
    1.104622,
    1.033295,
    0.988533,
    0.951733,
    0.929774,
    0.889015,
    0.882756,
    0.846831,
    0.8496,
    0.812686,
    0.804982,
    0.771187,
    0.774637,
    0.752996,
    0.722253,
    0.717708,
    0.655241,
    0.614702,
    0.610162,
    0.612583,
    0.595513,
    0.576521,
    0.579456,
    0.577585,
    0.563169
  ],
  "train_total_loss": [
    2.431303,
    1.509263,
    1.307334,
    1.185386,
    1.104622,
    1.033295,
    0.988533,
    0.951733,
    0.929774,
    0.889015,
    0.882756,
    0.846831,
    0.8496,
    0.812686,
    0.804982,
    0.771187,
    0.774637,
    0.752996,
    0.722253,
    0.717708,
    0.655241,
    0.614702,
    0.610162,
    0.612583,
    0.595513,
    0.576521,
    0.579456,
    0.577585,
    0.563169
  ],
  "learning_rates": [
    0.001,
    0.001,
    0.001,
    0.001,
    0.001,
    0.001,
    0.001,
    0.001,
    0.001,
    0.001,
    0.001,
    0.001,
    0.001,
    0.001,
    0.001,
    0.001,
    0.001,
    0.001,
    0.001,
    0.001,
    0.0005,
    0.0005,
    0.0005,
    0.0005,
    0.0005,
    0.0005,
    0.0005,
    0.0005,
    0.0005
  ],
  "val_accuracy": [
    57.505774,
    66.859122,
    69.861432,
    72.863741,
    73.325635,
    75.461894,
    74.884527,
    75.808314,
    74.249423,
    75.34642,
    75.808314,
    76.443418,
    75.635104,
    77.540416,
    76.905312,
    75.923788,
    76.732102,
    76.212471,
    76.039261,
    75.981524,
    76.905312,
    76.385681,
    76.847575,
    76.385681,
    76.674365,
    76.789838,
    76.443418,
    76.732102,
    76.847575
  ],
  "model_info": {
    "model_class": "BaseClassifier",
    "hidden_size": 128,
    "num_classes": 23,
    "emb_size_audio": 512,
    "emb_size_text": 0,
    "dropout": 0.1,
    "use_batch_norm": true,
    "mode": "audio",
    "num_folds": 5,
    "fold_id": 1,
    "batch_size": 64,
    "random_seed": 1821
  }
}