{
  "train_cls_loss": [
    2.422896,
    1.729508,
    1.517461,
    1.411335,
    1.314367,
    1.260548,
    1.202991,
    1.174589,
    1.137313,
    1.109258,
    1.069681,
    1.030122,
    1.019222,
    0.99951,
    0.983877,
    0.911758,
    0.914751,
    0.892691,
    0.901499,
    0.839345,
    0.77357,
    0.75772,
    0.735272,
    0.688523,
    0.683922,
    0.669807,
    0.649073,
    0.659057,
    0.643078,
    0.622048,
    0.617735,
    0.601869,
    0.590542,
    0.594297,
    0.582169,
    0.577716,
    0.529713,
    0.546244,
    0.534875,
    0.514316,
    0.496388,
    0.455386,
    0.44438
  ],
  "train_top_cls_loss": [
    0.883819,
    0.660455,
    0.59292,
    0.576505,
    0.539975,
    0.524272,
    0.498451,
    0.495288,
    0.476202,
    0.474827,
    0.455504,
    0.437785,
    0.432969,
    0.433167,
    0.413697,
    0.383377,
    0.384964,
    0.386842,
    0.389922,
    0.353364,
    0.319075,
    0.313094,
    0.305475,
    0.293143,
    0.277326,
    0.284278,
    0.272814,
    0.276172,
    0.271756,
    0.255759,
    0.252166,
    0.245956,
    0.245679,
    0.244878,
    0.240187,
    0.236382,
    0.222769,
    0.226353,
    0.226096,
    0.212878,
    0.201971,
    0.191658,
    0.187061
  ],
  "train_total_loss": [
    3.306715,
    2.389964,
    2.110381,
    1.98784,
    1.854342,
    1.784821,
    1.701443,
    1.669877,
    1.613515,
    1.584085,
    1.525185,
    1.467906,
    1.452191,
    1.432677,
    1.397574,
    1.295135,
    1.299715,
    1.279533,
    1.291421,
    1.192708,
    1.092645,
    1.070815,
    1.040747,
    0.981666,
    0.961248,
    0.954085,
    0.921887,
    0.935229,
    0.914833,
    0.877806,
    0.869901,
    0.847824,
    0.836221,
    0.839175,
    0.822356,
    0.814098,
    0.752482,
    0.772597,
    0.76097,
    0.727194,
    0.698359,
    0.647044,
    0.631441
  ],
  "learning_rates": [
    0.001,
    0.001,
    0.001,
    0.001,
    0.001,
    0.001,
    0.001,
    0.001,
    0.001,
    0.001,
    0.001,
    0.001,
    0.001,
    0.001,
    0.001,
    0.001,
    0.001,
    0.001,
    0.001,
    0.001,
    0.0005,
    0.0005,
    0.0005,
    0.0005,
    0.0005,
    0.0005,
    0.0005,
    0.0005,
    0.0005,
    0.0005,
    0.0005,
    0.0005,
    0.0005,
    0.0005,
    0.0005,
    0.0005,
    0.0005,
    0.0005,
    0.0005,
    0.0005,
    0.00025,
    0.00025,
    0.00025
  ],
  "val_accuracy": [
    41.494253,
    56.264368,
    60.977011,
    62.931034,
    64.597701,
    65.402299,
    66.609195,
    65.574713,
    67.183908,
    67.931034,
    68.218391,
    69.022989,
    69.827586,
    70.229885,
    68.965517,
    69.367816,
    69.425287,
    70.114943,
    68.735632,
    69.310345,
    70.057471,
    70.402299,
    71.034483,
    70.747126,
    70.172414,
    71.034483,
    70.344828,
    71.091954,
    69.827586,
    68.793103,
    69.597701,
    70.45977,
    70.574713,
    69.885057,
    70.057471,
    70.804598,
    69.482759,
    70.0,
    70.632184,
    69.54023,
    69.827586,
    69.770115,
    70.862069
  ],
  "model_info": {
    "model_class": "BaseClassifier",
    "hidden_size": 128,
    "num_classes": 23,
    "emb_size_audio": 768,
    "emb_size_text": 0,
    "dropout": 0.1,
    "use_batch_norm": true,
    "mode": "audio",
    "num_folds": 5,
    "fold_id": 0,
    "batch_size": 64,
    "random_seed": 1821
  }
}