{
  "attention_audio": [
    0.484111,
    0.462064,
    0.468739,
    0.462371,
    0.464057,
    0.464488,
    0.462381,
    0.463449,
    0.463963,
    0.464003,
    0.463323,
    0.466271,
    0.465592,
    0.467733,
    0.470387,
    0.469673,
    0.468583,
    0.467924,
    0.469825,
    0.468257,
    0.471191,
    0.468644,
    0.471209,
    0.472838,
    0.474351,
    0.474183,
    0.473197,
    0.471088,
    0.47134,
    0.473653,
    0.475093,
    0.478831,
    0.477837,
    0.47909,
    0.480178,
    0.478962,
    0.478328,
    0.477089,
    0.477022,
    0.478749,
    0.479307,
    0.479838,
    0.478457
  ],
  "attention_text": [
    0.515889,
    0.537936,
    0.531261,
    0.537629,
    0.535943,
    0.535512,
    0.537619,
    0.536551,
    0.536037,
    0.535997,
    0.536677,
    0.533729,
    0.534408,
    0.532267,
    0.529613,
    0.530327,
    0.531417,
    0.532076,
    0.530176,
    0.531744,
    0.528809,
    0.531356,
    0.528791,
    0.527162,
    0.525649,
    0.525817,
    0.526803,
    0.528912,
    0.52866,
    0.526347,
    0.524907,
    0.521169,
    0.522163,
    0.52091,
    0.519822,
    0.521038,
    0.521672,
    0.522911,
    0.522978,
    0.521251,
    0.520693,
    0.520162,
    0.521543
  ],
  "train_cls_loss": [
    2.225582,
    1.423784,
    1.188451,
    1.051748,
    0.986022,
    0.9254,
    0.875678,
    0.833795,
    0.801778,
    0.77601,
    0.751039,
    0.741645,
    0.697498,
    0.695436,
    0.657394,
    0.656447,
    0.644961,
    0.633268,
    0.605033,
    0.577088,
    0.50867,
    0.485764,
    0.446626,
    0.448766,
    0.428026,
    0.43417,
    0.427747,
    0.409675,
    0.404392,
    0.399115,
    0.38987,
    0.37976,
    0.379971,
    0.373849,
    0.36705,
    0.359281,
    0.348924,
    0.335872,
    0.32413,
    0.33409,
    0.305181,
    0.276389,
    0.264439
  ],
  "train_top_cls_loss": [
    0.908507,
    0.586853,
    0.50288,
    0.457138,
    0.444873,
    0.417321,
    0.401021,
    0.375872,
    0.369318,
    0.365403,
    0.354261,
    0.349155,
    0.325475,
    0.33535,
    0.309343,
    0.314316,
    0.303556,
    0.297323,
    0.291131,
    0.271185,
    0.239262,
    0.230736,
    0.216715,
    0.209033,
    0.201126,
    0.209313,
    0.213845,
    0.20126,
    0.196821,
    0.193871,
    0.19375,
    0.177715,
    0.188354,
    0.178642,
    0.179684,
    0.18044,
    0.174898,
    0.1646,
    0.164753,
    0.16679,
    0.157184,
    0.145368,
    0.133547
  ],
  "train_total_loss": [
    2.498134,
    1.59984,
    1.339315,
    1.188889,
    1.119484,
    1.050596,
    0.995985,
    0.946557,
    0.912573,
    0.885631,
    0.857318,
    0.846391,
    0.795141,
    0.796041,
    0.750197,
    0.750741,
    0.736028,
    0.722465,
    0.692373,
    0.658444,
    0.580448,
    0.554985,
    0.51164,
    0.511476,
    0.488364,
    0.496964,
    0.4919,
    0.470053,
    0.463439,
    0.457277,
    0.447995,
    0.433075,
    0.436477,
    0.427442,
    0.420955,
    0.413413,
    0.401394,
    0.385252,
    0.373556,
    0.384127,
    0.352336,
    0.319999,
    0.304503
  ],
  "learning_rates": [
    0.001,
    0.001,
    0.001,
    0.001,
    0.001,
    0.001,
    0.001,
    0.001,
    0.001,
    0.001,
    0.001,
    0.001,
    0.001,
    0.001,
    0.001,
    0.001,
    0.001,
    0.001,
    0.001,
    0.001,
    0.0005,
    0.0005,
    0.0005,
    0.0005,
    0.0005,
    0.0005,
    0.0005,
    0.0005,
    0.0005,
    0.0005,
    0.0005,
    0.0005,
    0.0005,
    0.0005,
    0.0005,
    0.0005,
    0.0005,
    0.0005,
    0.0005,
    0.0005,
    0.00025,
    0.00025,
    0.00025
  ],
  "val_accuracy": [
    60.45977,
    66.37931,
    70.402299,
    73.448276,
    75.172414,
    76.034483,
    76.091954,
    77.758621,
    75.977011,
    78.735632,
    76.264368,
    78.390805,
    76.609195,
    78.62069,
    78.678161,
    77.758621,
    79.022989,
    77.413793,
    79.54023,
    79.08046,
    79.770115,
    79.425287,
    79.310345,
    79.252874,
    78.390805,
    79.54023,
    79.597701,
    79.942529,
    79.195402,
    79.425287,
    79.54023,
    78.045977,
    77.988506,
    78.448276,
    79.712644,
    79.252874,
    79.425287,
    79.885057,
    78.965517,
    79.08046,
    79.712644,
    79.137931,
    79.08046
  ],
  "model_info": {
    "model_class": "BaseClassifier",
    "hidden_size": 128,
    "num_classes": 23,
    "emb_size_audio": 768,
    "emb_size_text": 512,
    "dropout": 0.1,
    "use_batch_norm": true,
    "mode": "both",
    "num_folds": 5,
    "fold_id": 2,
    "batch_size": 64,
    "random_seed": 1821
  }
}