{
  "attention_audio": [
    0.48916,
    0.486641,
    0.497262,
    0.493056,
    0.496065,
    0.495774,
    0.493893,
    0.495796,
    0.49758,
    0.498072,
    0.500757,
    0.50104,
    0.497735,
    0.501771,
    0.497144,
    0.500855,
    0.504219,
    0.503623,
    0.501464,
    0.499179,
    0.497047,
    0.502462,
    0.502649,
    0.501379,
    0.50383,
    0.500375,
    0.501153
  ],
  "attention_text": [
    0.51084,
    0.513359,
    0.502738,
    0.506944,
    0.503935,
    0.504226,
    0.506107,
    0.504204,
    0.50242,
    0.501928,
    0.499243,
    0.49896,
    0.502264,
    0.498229,
    0.502856,
    0.499145,
    0.495781,
    0.496377,
    0.498536,
    0.500821,
    0.502953,
    0.497538,
    0.497351,
    0.498621,
    0.49617,
    0.499625,
    0.498847
  ],
  "train_cls_loss": [
    2.320931,
    1.375276,
    1.134343,
    0.987675,
    0.89595,
    0.845534,
    0.812867,
    0.769251,
    0.740963,
    0.701619,
    0.677595,
    0.656286,
    0.642445,
    0.651913,
    0.602752,
    0.603756,
    0.595568,
    0.568203,
    0.559194,
    0.546504,
    0.47925,
    0.46165,
    0.448198,
    0.445416,
    0.42033,
    0.420976,
    0.40252
  ],
  "train_total_loss": [
    2.320931,
    1.375276,
    1.134343,
    0.987675,
    0.89595,
    0.845534,
    0.812867,
    0.769251,
    0.740963,
    0.701619,
    0.677595,
    0.656286,
    0.642445,
    0.651913,
    0.602752,
    0.603756,
    0.595568,
    0.568203,
    0.559194,
    0.546504,
    0.47925,
    0.46165,
    0.448198,
    0.445416,
    0.42033,
    0.420976,
    0.40252
  ],
  "learning_rates": [
    0.001,
    0.001,
    0.001,
    0.001,
    0.001,
    0.001,
    0.001,
    0.001,
    0.001,
    0.001,
    0.001,
    0.001,
    0.001,
    0.001,
    0.001,
    0.001,
    0.001,
    0.001,
    0.001,
    0.001,
    0.0005,
    0.0005,
    0.0005,
    0.0005,
    0.0005,
    0.0005,
    0.0005
  ],
  "val_accuracy": [
    61.220715,
    70.900123,
    74.229346,
    76.633785,
    76.202219,
    78.606658,
    78.976572,
    79.161529,
    78.976572,
    79.46979,
    79.531443,
    81.504316,
    80.332922,
    80.024661,
    80.456227,
    80.826141,
    79.839704,
    81.07275,
    80.887793,
    81.442663,
    81.134402,
    80.949445,
    80.579531,
    80.641184,
    81.504316,
    80.27127,
    80.887793
  ],
  "model_info": {
    "model_class": "BaseClassifier",
    "hidden_size": 128,
    "num_classes": 23,
    "emb_size_audio": 512,
    "emb_size_text": 512,
    "dropout": 0.1,
    "use_batch_norm": true,
    "mode": "both",
    "num_folds": 5,
    "fold_id": 1,
    "batch_size": 64,
    "random_seed": 1821
  }
}