{
  "attention_audio": [
    0.31858,
    0.310162,
    0.306856,
    0.301031,
    0.299894,
    0.29967,
    0.296208,
    0.298519,
    0.296494,
    0.297817,
    0.303587,
    0.301514,
    0.302198,
    0.298071,
    0.299174,
    0.299294,
    0.298336,
    0.299745,
    0.301768,
    0.299091,
    0.303626,
    0.301978,
    0.298287,
    0.296632,
    0.299178,
    0.302651,
    0.302908,
    0.301844,
    0.295931,
    0.299633,
    0.296498,
    0.300833,
    0.297688,
    0.294773
  ],
  "attention_text": [
    0.419505,
    0.440847,
    0.448568,
    0.457971,
    0.465426,
    0.468954,
    0.464925,
    0.46531,
    0.467275,
    0.459417,
    0.45619,
    0.457654,
    0.455537,
    0.448566,
    0.440533,
    0.43994,
    0.430797,
    0.434367,
    0.425013,
    0.422375,
    0.415674,
    0.409335,
    0.406787,
    0.406906,
    0.405337,
    0.404244,
    0.40465,
    0.404943,
    0.39988,
    0.39792,
    0.395316,
    0.400782,
    0.393553,
    0.390241
  ],
  "train_cls_loss": [
    1.839968,
    1.450393,
    1.293455,
    1.23256,
    1.195109,
    1.15887,
    1.134104,
    1.099779,
    1.054312,
    1.084908,
    1.016558,
    1.007976,
    1.007155,
    1.009446,
    1.013284,
    0.975526,
    1.007373,
    0.92201,
    0.972592,
    0.951429,
    0.866795,
    0.878577,
    0.877944,
    0.853293,
    0.825594,
    0.818561,
    0.834683,
    0.833776,
    0.825653,
    0.795795,
    0.848014,
    0.767284,
    0.796674,
    0.828441
  ],
  "train_total_loss": [
    1.839968,
    1.450393,
    1.293455,
    1.23256,
    1.195109,
    1.15887,
    1.134104,
    1.099779,
    1.054312,
    1.084908,
    1.016558,
    1.007976,
    1.007155,
    1.009446,
    1.013284,
    0.975526,
    1.007373,
    0.92201,
    0.972592,
    0.951429,
    0.866795,
    0.878577,
    0.877944,
    0.853293,
    0.825594,
    0.818561,
    0.834683,
    0.833776,
    0.825653,
    0.795795,
    0.848014,
    0.767284,
    0.796674,
    0.828441
  ],
  "learning_rates": [
    0.001,
    0.001,
    0.001,
    0.001,
    0.001,
    0.001,
    0.001,
    0.001,
    0.001,
    0.001,
    0.001,
    0.001,
    0.001,
    0.001,
    0.001,
    0.001,
    0.001,
    0.001,
    0.001,
    0.001,
    0.0005,
    0.0005,
    0.0005,
    0.0005,
    0.0005,
    0.0005,
    0.0005,
    0.0005,
    0.0005,
    0.0005,
    0.0005,
    0.0005,
    0.0005,
    0.0005
  ],
  "val_accuracy": [
    60.353679,
    66.457501,
    73.131774,
    74.10154,
    73.474044,
    75.128351,
    74.671991,
    74.557901,
    74.614946,
    75.641757,
    75.356532,
    76.497433,
    77.067884,
    76.326298,
    76.326298,
    76.269253,
    76.554478,
    78.03765,
    78.436965,
    77.752424,
    77.866515,
    78.094695,
    78.094695,
    77.296064,
    76.269253,
    75.984027,
    77.638334,
    77.239019,
    76.953793,
    75.755847,
    77.067884,
    76.269253,
    77.067884,
    76.725613
  ],
  "model_info": {
    "model_class": "BaseClassifier",
    "hidden_size": 128,
    "num_classes": 23,
    "emb_size_audio": 512,
    "emb_size_text": 512,
    "dropout": 0.1,
    "use_batch_norm": true,
    "mode": "both",
    "num_folds": 5,
    "fold_id": 4,
    "batch_size": 64,
    "random_seed": 1821
  }
}