{
  "attention_audio": [
    0.482318,
    0.477092,
    0.482141,
    0.486104,
    0.490846,
    0.489923,
    0.490994,
    0.490984,
    0.492153,
    0.490419,
    0.49586,
    0.497146,
    0.493275,
    0.498301,
    0.498956,
    0.500015,
    0.501461,
    0.499469,
    0.498451,
    0.500793,
    0.502508,
    0.502889,
    0.505478,
    0.504766,
    0.503482,
    0.505183,
    0.507481,
    0.509021,
    0.508896,
    0.506714,
    0.508785,
    0.506336,
    0.505192,
    0.509162,
    0.505179,
    0.506916,
    0.507501,
    0.508502,
    0.510996,
    0.512119,
    0.5095,
    0.509808,
    0.509566,
    0.510941,
    0.512767,
    0.513916,
    0.514744,
    0.515002,
    0.514176,
    0.51327,
    0.513821,
    0.513489,
    0.512256,
    0.511784,
    0.511691,
    0.512568
  ],
  "attention_text": [
    0.517682,
    0.522908,
    0.517859,
    0.513896,
    0.509154,
    0.510077,
    0.509006,
    0.509016,
    0.507847,
    0.509581,
    0.50414,
    0.502854,
    0.506725,
    0.501699,
    0.501044,
    0.499985,
    0.498539,
    0.500531,
    0.501549,
    0.499207,
    0.497492,
    0.497111,
    0.494522,
    0.495234,
    0.496518,
    0.494817,
    0.492519,
    0.490979,
    0.491104,
    0.493286,
    0.491215,
    0.493664,
    0.494808,
    0.490838,
    0.49482,
    0.493084,
    0.492499,
    0.491498,
    0.489004,
    0.487882,
    0.4905,
    0.490192,
    0.490434,
    0.489059,
    0.487233,
    0.486084,
    0.485256,
    0.484999,
    0.485824,
    0.48673,
    0.48618,
    0.486511,
    0.487744,
    0.488216,
    0.488309,
    0.487432
  ],
  "train_cls_loss": [
    2.101656,
    1.294252,
    1.038146,
    0.949323,
    0.885376,
    0.834234,
    0.794141,
    0.752217,
    0.733698,
    0.713064,
    0.700532,
    0.660375,
    0.65009,
    0.62582,
    0.620223,
    0.605831,
    0.601547,
    0.572788,
    0.56131,
    0.552383,
    0.493349,
    0.445231,
    0.450843,
    0.42525,
    0.424531,
    0.415528,
    0.403263,
    0.390062,
    0.400241,
    0.392763,
    0.394163,
    0.373793,
    0.365463,
    0.363365,
    0.354991,
    0.36796,
    0.33918,
    0.329276,
    0.330224,
    0.325509,
    0.285124,
    0.278132,
    0.276176,
    0.273986,
    0.277174,
    0.243641,
    0.261713,
    0.260782,
    0.244595,
    0.245324,
    0.250287,
    0.243668,
    0.23584,
    0.235184,
    0.233578,
    0.233283
  ],
  "train_total_loss": [
    2.101656,
    1.294252,
    1.038146,
    0.949323,
    0.885376,
    0.834234,
    0.794141,
    0.752217,
    0.733698,
    0.713064,
    0.700532,
    0.660375,
    0.65009,
    0.62582,
    0.620223,
    0.605831,
    0.601547,
    0.572788,
    0.56131,
    0.552383,
    0.493349,
    0.445231,
    0.450843,
    0.42525,
    0.424531,
    0.415528,
    0.403263,
    0.390062,
    0.400241,
    0.392763,
    0.394163,
    0.373793,
    0.365463,
    0.363365,
    0.354991,
    0.36796,
    0.33918,
    0.329276,
    0.330224,
    0.325509,
    0.285124,
    0.278132,
    0.276176,
    0.273986,
    0.277174,
    0.243641,
    0.261713,
    0.260782,
    0.244595,
    0.245324,
    0.250287,
    0.243668,
    0.23584,
    0.235184,
    0.233578,
    0.233283
  ],
  "learning_rates": [
    0.001,
    0.001,
    0.001,
    0.001,
    0.001,
    0.001,
    0.001,
    0.001,
    0.001,
    0.001,
    0.001,
    0.001,
    0.001,
    0.001,
    0.001,
    0.001,
    0.001,
    0.001,
    0.001,
    0.001,
    0.0005,
    0.0005,
    0.0005,
    0.0005,
    0.0005,
    0.0005,
    0.0005,
    0.0005,
    0.0005,
    0.0005,
    0.0005,
    0.0005,
    0.0005,
    0.0005,
    0.0005,
    0.0005,
    0.0005,
    0.0005,
    0.0005,
    0.0005,
    0.00025,
    0.00025,
    0.00025,
    0.00025,
    0.00025,
    0.00025,
    0.00025,
    0.00025,
    0.00025,
    0.00025,
    0.00025,
    0.00025,
    0.00025,
    0.00025,
    0.00025,
    0.00025
  ],
  "val_accuracy": [
    59.840274,
    69.59498,
    74.21563,
    75.755847,
    76.383343,
    77.695379,
    76.497433,
    77.353109,
    78.49401,
    77.980605,
    78.6081,
    77.581289,
    79.463776,
    79.977182,
    78.208785,
    79.121506,
    77.695379,
    78.26583,
    78.49401,
    79.007416,
    79.749002,
    78.436965,
    79.064461,
    80.034227,
    79.292641,
    78.950371,
    79.292641,
    79.806047,
    79.520821,
    79.863092,
    79.292641,
    80.091272,
    80.148317,
    79.520821,
    79.463776,
    80.034227,
    79.463776,
    78.950371,
    79.406731,
    78.49401,
    80.718768,
    79.806047,
    79.577867,
    79.577867,
    79.292641,
    79.577867,
    79.235596,
    79.577867,
    79.349686,
    80.034227,
    79.121506,
    80.034227,
    79.920137,
    80.490588,
    80.319452,
    79.920137
  ],
  "model_info": {
    "model_class": "BaseClassifier",
    "hidden_size": 128,
    "num_classes": 23,
    "emb_size_audio": 512,
    "emb_size_text": 512,
    "dropout": 0.1,
    "use_batch_norm": true,
    "mode": "both",
    "num_folds": 5,
    "fold_id": 3,
    "batch_size": 64,
    "random_seed": 1821
  }
}