{
  "attention_audio": [
    0.488988,
    0.485994,
    0.497677,
    0.498143,
    0.498028,
    0.501167,
    0.50295,
    0.504203,
    0.499315,
    0.504587,
    0.500525,
    0.500658,
    0.500529,
    0.504133,
    0.504727,
    0.504821,
    0.507358,
    0.507889,
    0.504816,
    0.508034,
    0.507871,
    0.507826,
    0.50821,
    0.510605,
    0.508078,
    0.511299,
    0.511719,
    0.510855,
    0.509752,
    0.51106,
    0.510408,
    0.509779,
    0.5115,
    0.509677,
    0.51276,
    0.511021,
    0.514076,
    0.511331,
    0.5136,
    0.513158,
    0.513681,
    0.514101,
    0.51381,
    0.512329,
    0.512859,
    0.515061,
    0.513014,
    0.513602,
    0.515132,
    0.516529
  ],
  "attention_text": [
    0.511012,
    0.514006,
    0.502323,
    0.501857,
    0.501972,
    0.498833,
    0.49705,
    0.495797,
    0.500685,
    0.495412,
    0.499475,
    0.499342,
    0.499471,
    0.495867,
    0.495273,
    0.495179,
    0.492642,
    0.492111,
    0.495184,
    0.491966,
    0.492129,
    0.492174,
    0.49179,
    0.489395,
    0.491922,
    0.488701,
    0.488281,
    0.489145,
    0.490248,
    0.48894,
    0.489592,
    0.490221,
    0.4885,
    0.490323,
    0.48724,
    0.488979,
    0.485924,
    0.488669,
    0.4864,
    0.486842,
    0.486319,
    0.485899,
    0.486191,
    0.487671,
    0.487141,
    0.484939,
    0.486986,
    0.486398,
    0.484868,
    0.483471
  ],
  "train_cls_loss": [
    2.330759,
    1.344497,
    1.136767,
    0.987335,
    0.882831,
    0.840621,
    0.798529,
    0.748563,
    0.71871,
    0.694524,
    0.664424,
    0.651975,
    0.63121,
    0.604384,
    0.618007,
    0.604562,
    0.585924,
    0.551455,
    0.54717,
    0.527415,
    0.468119,
    0.448213,
    0.417571,
    0.406435,
    0.407937,
    0.409152,
    0.389606,
    0.380755,
    0.378897,
    0.365846,
    0.368181,
    0.369778,
    0.360309,
    0.334009,
    0.335651,
    0.343636,
    0.334423,
    0.341896,
    0.33234,
    0.308116,
    0.276465,
    0.268468,
    0.253429,
    0.265039,
    0.253522,
    0.266416,
    0.254169,
    0.240152,
    0.246601,
    0.238457
  ],
  "train_total_loss": [
    2.330759,
    1.344497,
    1.136767,
    0.987335,
    0.882831,
    0.840621,
    0.798529,
    0.748563,
    0.71871,
    0.694524,
    0.664424,
    0.651975,
    0.63121,
    0.604384,
    0.618007,
    0.604562,
    0.585924,
    0.551455,
    0.54717,
    0.527415,
    0.468119,
    0.448213,
    0.417571,
    0.406435,
    0.407937,
    0.409152,
    0.389606,
    0.380755,
    0.378897,
    0.365846,
    0.368181,
    0.369778,
    0.360309,
    0.334009,
    0.335651,
    0.343636,
    0.334423,
    0.341896,
    0.33234,
    0.308116,
    0.276465,
    0.268468,
    0.253429,
    0.265039,
    0.253522,
    0.266416,
    0.254169,
    0.240152,
    0.246601,
    0.238457
  ],
  "learning_rates": [
    0.001,
    0.001,
    0.001,
    0.001,
    0.001,
    0.001,
    0.001,
    0.001,
    0.001,
    0.001,
    0.001,
    0.001,
    0.001,
    0.001,
    0.001,
    0.001,
    0.001,
    0.001,
    0.001,
    0.001,
    0.0005,
    0.0005,
    0.0005,
    0.0005,
    0.0005,
    0.0005,
    0.0005,
    0.0005,
    0.0005,
    0.0005,
    0.0005,
    0.0005,
    0.0005,
    0.0005,
    0.0005,
    0.0005,
    0.0005,
    0.0005,
    0.0005,
    0.0005,
    0.00025,
    0.00025,
    0.00025,
    0.00025,
    0.00025,
    0.00025,
    0.00025,
    0.00025,
    0.00025,
    0.00025
  ],
  "val_accuracy": [
    57.855823,
    67.775724,
    70.671596,
    73.629082,
    77.264325,
    77.818854,
    77.264325,
    78.496611,
    79.48244,
    79.297597,
    79.728897,
    79.605669,
    79.112754,
    81.146026,
    80.036969,
    80.591497,
    79.359211,
    80.283426,
    81.392483,
    80.468269,
    81.392483,
    81.762169,
    80.899569,
    80.406654,
    80.961183,
    81.330869,
    80.529883,
    80.468269,
    81.454097,
    81.330869,
    81.577326,
    81.146026,
    80.961183,
    80.529883,
    81.823783,
    80.591497,
    81.392483,
    80.34504,
    81.330869,
    80.714726,
    80.714726,
    80.468269,
    80.961183,
    81.392483,
    80.591497,
    81.022797,
    81.392483,
    81.084412,
    81.146026,
    81.20764
  ],
  "model_info": {
    "model_class": "BaseClassifier",
    "hidden_size": 128,
    "num_classes": 23,
    "emb_size_audio": 512,
    "emb_size_text": 512,
    "dropout": 0.1,
    "use_batch_norm": true,
    "mode": "both",
    "num_folds": 5,
    "fold_id": 0,
    "batch_size": 64,
    "random_seed": 1821
  }
}