{
  "attention_audio": [
    0.499235,
    0.506675,
    0.504428,
    0.511965,
    0.517521,
    0.522045,
    0.527463,
    0.531272,
    0.531228,
    0.533205,
    0.539119,
    0.53453,
    0.540564,
    0.544309,
    0.547278,
    0.546063,
    0.552174,
    0.548566,
    0.549164,
    0.555346,
    0.553362,
    0.55476,
    0.559086,
    0.557056,
    0.558037,
    0.558506,
    0.560138,
    0.559468,
    0.559985,
    0.563164,
    0.564425
  ],
  "attention_text": [
    0.500765,
    0.493325,
    0.495572,
    0.488035,
    0.482479,
    0.477955,
    0.472537,
    0.468728,
    0.468772,
    0.466795,
    0.460881,
    0.46547,
    0.459436,
    0.455691,
    0.452722,
    0.453937,
    0.447826,
    0.451434,
    0.450836,
    0.444654,
    0.446638,
    0.44524,
    0.440914,
    0.442944,
    0.441963,
    0.441494,
    0.439862,
    0.440532,
    0.440016,
    0.436836,
    0.435575
  ],
  "train_cls_loss": [
    2.350668,
    1.516754,
    1.248914,
    1.105784,
    1.007097,
    0.925162,
    0.88352,
    0.829352,
    0.792876,
    0.760931,
    0.714349,
    0.677136,
    0.659782,
    0.633127,
    0.646717,
    0.600122,
    0.571387,
    0.541308,
    0.556679,
    0.512873,
    0.454527,
    0.426989,
    0.395194,
    0.395562,
    0.380225,
    0.372737,
    0.367041,
    0.347625,
    0.336167,
    0.349385,
    0.331021
  ],
  "train_top_cls_loss": [
    0.772206,
    0.475298,
    0.421433,
    0.407388,
    0.376754,
    0.359195,
    0.356859,
    0.33826,
    0.329171,
    0.309548,
    0.297353,
    0.287478,
    0.280961,
    0.259082,
    0.281824,
    0.255713,
    0.243484,
    0.229155,
    0.238798,
    0.219642,
    0.188614,
    0.178075,
    0.163325,
    0.168294,
    0.161764,
    0.159816,
    0.14969,
    0.147404,
    0.143904,
    0.15799,
    0.142638
  ],
  "train_total_loss": [
    3.122875,
    1.992052,
    1.670347,
    1.513172,
    1.383851,
    1.284357,
    1.240379,
    1.167612,
    1.122047,
    1.070479,
    1.011701,
    0.964614,
    0.940744,
    0.892209,
    0.928542,
    0.855835,
    0.814871,
    0.770463,
    0.795477,
    0.732515,
    0.643141,
    0.605064,
    0.558519,
    0.563856,
    0.541989,
    0.532553,
    0.51673,
    0.495029,
    0.480071,
    0.507375,
    0.473659
  ],
  "learning_rates": [
    0.001,
    0.001,
    0.001,
    0.001,
    0.001,
    0.001,
    0.001,
    0.001,
    0.001,
    0.001,
    0.001,
    0.001,
    0.001,
    0.001,
    0.001,
    0.001,
    0.001,
    0.001,
    0.001,
    0.001,
    0.0005,
    0.0005,
    0.0005,
    0.0005,
    0.0005,
    0.0005,
    0.0005,
    0.0005,
    0.0005,
    0.0005,
    0.0005
  ],
  "val_accuracy": [
    47.183908,
    61.666667,
    67.643678,
    72.758621,
    73.965517,
    74.367816,
    76.034483,
    78.505747,
    78.965517,
    79.022989,
    78.678161,
    79.425287,
    78.793103,
    79.54023,
    79.310345,
    80.344828,
    78.678161,
    79.367816,
    78.218391,
    78.908046,
    80.0,
    79.482759,
    79.54023,
    80.287356,
    79.827586,
    78.505747,
    79.712644,
    78.16092,
    79.885057,
    79.770115,
    79.482759
  ],
  "model_info": {
    "model_class": "BaseClassifier",
    "hidden_size": 128,
    "num_classes": 23,
    "emb_size_audio": 1280,
    "emb_size_text": 512,
    "dropout": 0.1,
    "use_batch_norm": true,
    "mode": "both",
    "num_folds": 5,
    "fold_id": 2,
    "batch_size": 64,
    "random_seed": 1821
  }
}