{
  "train_cls_loss": [
    2.499692,
    1.873779,
    1.685746,
    1.55672,
    1.564578,
    1.420996,
    1.440053,
    1.40771,
    1.344379,
    1.327303,
    1.295243,
    1.305893,
    1.342024,
    1.258077,
    1.240876,
    1.255052,
    1.185965,
    1.273803,
    1.210032,
    1.2258,
    1.119033,
    1.16135,
    1.17081,
    1.106622,
    1.064081,
    1.121219,
    1.108492,
    1.044459,
    1.034613,
    1.030004,
    1.012633,
    0.958572,
    1.17148,
    0.95807,
    1.049456,
    1.018131,
    0.983227,
    1.025728,
    0.905963,
    1.040099,
    1.023856,
    0.913853,
    0.967288,
    0.885129
  ],
  "train_top_cls_loss": [
    1.006251,
    0.773216,
    0.72454,
    0.695297,
    0.7256,
    0.665011,
    0.687526,
    0.68619,
    0.641185,
    0.645638,
    0.63334,
    0.634414,
    0.657153,
    0.616889,
    0.601631,
    0.620125,
    0.584747,
    0.6318,
    0.602943,
    0.612809,
    0.566276,
    0.589486,
    0.592461,
    0.565516,
    0.538259,
    0.566496,
    0.558398,
    0.529664,
    0.525263,
    0.523505,
    0.518752,
    0.487874,
    0.599291,
    0.484182,
    0.529907,
    0.523149,
    0.504148,
    0.527426,
    0.460388,
    0.538659,
    0.518682,
    0.467941,
    0.499086,
    0.457952
  ],
  "train_total_loss": [
    3.204068,
    2.41503,
    2.192924,
    2.043428,
    2.072498,
    1.886503,
    1.921321,
    1.888043,
    1.793208,
    1.779249,
    1.738581,
    1.749983,
    1.802031,
    1.689899,
    1.662017,
    1.689139,
    1.595288,
    1.716063,
    1.632092,
    1.654767,
    1.515427,
    1.57399,
    1.585533,
    1.502483,
    1.440862,
    1.517766,
    1.499371,
    1.415224,
    1.402297,
    1.396457,
    1.375759,
    1.300084,
    1.590984,
    1.296997,
    1.420391,
    1.384335,
    1.336131,
    1.394926,
    1.228235,
    1.41716,
    1.386933,
    1.241411,
    1.316649,
    1.205696
  ],
  "learning_rates": [
    0.001,
    0.001,
    0.001,
    0.001,
    0.001,
    0.001,
    0.001,
    0.001,
    0.001,
    0.001,
    0.001,
    0.001,
    0.001,
    0.001,
    0.001,
    0.001,
    0.001,
    0.001,
    0.001,
    0.001,
    0.0005,
    0.0005,
    0.0005,
    0.0005,
    0.0005,
    0.0005,
    0.0005,
    0.0005,
    0.0005,
    0.0005,
    0.0005,
    0.0005,
    0.0005,
    0.0005,
    0.0005,
    0.0005,
    0.0005,
    0.0005,
    0.0005,
    0.0005,
    0.00025,
    0.00025,
    0.00025,
    0.00025
  ],
  "val_accuracy": [
    52.082145,
    63.776383,
    64.403879,
    70.393611,
    72.047918,
    74.32972,
    74.500856,
    74.21563,
    76.896748,
    75.071306,
    75.527667,
    76.041072,
    76.326298,
    76.839703,
    76.668568,
    76.155163,
    77.010839,
    76.668568,
    76.554478,
    77.124929,
    76.725613,
    76.896748,
    76.896748,
    76.497433,
    76.611523,
    77.181974,
    77.353109,
    77.410154,
    77.809469,
    77.010839,
    77.067884,
    76.269253,
    77.524244,
    76.782658,
    77.296064,
    76.725613,
    76.383343,
    76.782658,
    76.725613,
    77.581289,
    77.524244,
    76.611523,
    77.181974,
    76.212208
  ],
  "model_info": {
    "model_class": "BaseClassifier",
    "hidden_size": 128,
    "num_classes": 23,
    "emb_size_audio": 512,
    "emb_size_text": 0,
    "dropout": 0.1,
    "use_batch_norm": true,
    "mode": "audio",
    "num_folds": 5,
    "fold_id": 1,
    "batch_size": 64,
    "random_seed": 1821
  }
}