{
  "attention_audio": [
    0.479485,
    0.478309,
    0.475464,
    0.479588,
    0.487247,
    0.486473,
    0.491562,
    0.49507,
    0.491316,
    0.497042,
    0.496577,
    0.499726,
    0.502284,
    0.504282,
    0.505182,
    0.502099,
    0.49928,
    0.496706,
    0.50219,
    0.503249,
    0.502859,
    0.503014,
    0.503248,
    0.503957,
    0.504321,
    0.50336,
    0.503624,
    0.501828,
    0.503833,
    0.507467,
    0.508895,
    0.509356,
    0.508982,
    0.507669,
    0.511555,
    0.509297,
    0.511764,
    0.508827,
    0.510709,
    0.512058,
    0.513214,
    0.513847
  ],
  "attention_text": [
    0.520515,
    0.521691,
    0.524536,
    0.520412,
    0.512753,
    0.513527,
    0.508438,
    0.50493,
    0.508684,
    0.502958,
    0.503423,
    0.500274,
    0.497716,
    0.495718,
    0.494818,
    0.497901,
    0.50072,
    0.503294,
    0.49781,
    0.496751,
    0.497141,
    0.496986,
    0.496752,
    0.496043,
    0.495679,
    0.49664,
    0.496376,
    0.498172,
    0.496167,
    0.492533,
    0.491106,
    0.490644,
    0.491018,
    0.492331,
    0.488445,
    0.490703,
    0.488236,
    0.491173,
    0.489291,
    0.487942,
    0.486786,
    0.486153
  ],
  "train_cls_loss": [
    1.430133,
    0.875696,
    0.708766,
    0.62583,
    0.585617,
    0.545059,
    0.519623,
    0.495915,
    0.475673,
    0.474481,
    0.454948,
    0.42935,
    0.429406,
    0.423455,
    0.403322,
    0.400112,
    0.393333,
    0.373655,
    0.374189,
    0.365772,
    0.318626,
    0.30268,
    0.298345,
    0.289781,
    0.277118,
    0.284182,
    0.281683,
    0.263826,
    0.266439,
    0.26159,
    0.26116,
    0.257396,
    0.244477,
    0.240441,
    0.240888,
    0.247586,
    0.235473,
    0.235237,
    0.234722,
    0.227423,
    0.203243,
    0.198711
  ],
  "train_total_loss": [
    1.430133,
    0.875696,
    0.708766,
    0.62583,
    0.585617,
    0.545059,
    0.519623,
    0.495915,
    0.475673,
    0.474481,
    0.454948,
    0.42935,
    0.429406,
    0.423455,
    0.403322,
    0.400112,
    0.393333,
    0.373655,
    0.374189,
    0.365772,
    0.318626,
    0.30268,
    0.298345,
    0.289781,
    0.277118,
    0.284182,
    0.281683,
    0.263826,
    0.266439,
    0.26159,
    0.26116,
    0.257396,
    0.244477,
    0.240441,
    0.240888,
    0.247586,
    0.235473,
    0.235237,
    0.234722,
    0.227423,
    0.203243,
    0.198711
  ],
  "learning_rates": [
    0.001,
    0.001,
    0.001,
    0.001,
    0.001,
    0.001,
    0.001,
    0.001,
    0.001,
    0.001,
    0.001,
    0.001,
    0.001,
    0.001,
    0.001,
    0.001,
    0.001,
    0.001,
    0.001,
    0.001,
    0.0005,
    0.0005,
    0.0005,
    0.0005,
    0.0005,
    0.0005,
    0.0005,
    0.0005,
    0.0005,
    0.0005,
    0.0005,
    0.0005,
    0.0005,
    0.0005,
    0.0005,
    0.0005,
    0.0005,
    0.0005,
    0.0005,
    0.0005,
    0.00025,
    0.00025
  ],
  "val_accuracy": [
    60.69595,
    70.792926,
    71.534512,
    74.386766,
    74.957216,
    77.296064,
    76.440388,
    77.809469,
    78.722191,
    79.749002,
    78.37992,
    78.893326,
    79.920137,
    79.406731,
    78.15174,
    79.806047,
    80.091272,
    78.208785,
    78.893326,
    79.634912,
    80.034227,
    79.977182,
    80.148317,
    79.749002,
    80.148317,
    78.551055,
    80.205362,
    79.463776,
    79.463776,
    80.034227,
    79.463776,
    79.064461,
    80.148317,
    79.749002,
    78.208785,
    78.779236,
    79.121506,
    79.463776,
    79.235596,
    78.836281,
    79.520821,
    79.235596
  ],
  "model_info": {
    "model_class": "BaseClassifier",
    "hidden_size": 128,
    "num_classes": 23,
    "emb_size_audio": 512,
    "emb_size_text": 512,
    "dropout": 0.1,
    "use_batch_norm": true,
    "mode": "both",
    "num_folds": 5,
    "fold_id": 3,
    "batch_size": 64,
    "random_seed": 1821
  }
}