{
  "train_cls_loss": [
    2.23498,
    1.504364,
    1.280386,
    1.144867,
    1.023401,
    0.979813,
    0.951454,
    0.888804,
    0.842444,
    0.816275,
    0.780698,
    0.761252,
    0.72355,
    0.71166,
    0.704429,
    0.672604,
    0.651562,
    0.621031,
    0.593002,
    0.59543,
    0.500427,
    0.469742,
    0.438326,
    0.431673,
    0.428952,
    0.394311,
    0.398379,
    0.394099,
    0.379359,
    0.371721,
    0.358225,
    0.362223,
    0.348348,
    0.330329,
    0.313607,
    0.319549,
    0.332731,
    0.323859,
    0.303588,
    0.304199,
    0.262966,
    0.249021,
    0.242741,
    0.24699,
    0.233901,
    0.230995,
    0.23494,
    0.229764,
    0.218328,
    0.233026,
    0.218278,
    0.214467,
    0.202141,
    0.209027,
    0.203867,
    0.20207,
    0.206937
  ],
  "train_top_cls_loss": [
    0.748553,
    0.549083,
    0.494265,
    0.46395,
    0.421675,
    0.40588,
    0.40039,
    0.378137,
    0.370358,
    0.353673,
    0.337494,
    0.328329,
    0.316413,
    0.314054,
    0.306142,
    0.290093,
    0.275128,
    0.275979,
    0.256912,
    0.260094,
    0.217723,
    0.204182,
    0.200618,
    0.185825,
    0.18863,
    0.172179,
    0.177307,
    0.174366,
    0.166401,
    0.169395,
    0.163111,
    0.164851,
    0.157142,
    0.150997,
    0.141893,
    0.146487,
    0.145987,
    0.143251,
    0.14031,
    0.134749,
    0.121305,
    0.117842,
    0.115001,
    0.12112,
    0.111604,
    0.113467,
    0.103903,
    0.107527,
    0.106751,
    0.101463,
    0.105985,
    0.106144,
    0.098959,
    0.101348,
    0.105068,
    0.095011,
    0.103422
  ],
  "train_total_loss": [
    2.758967,
    1.888722,
    1.626371,
    1.469632,
    1.318573,
    1.263928,
    1.231727,
    1.1535,
    1.101695,
    1.063847,
    1.016944,
    0.991082,
    0.945039,
    0.931498,
    0.918729,
    0.875669,
    0.844151,
    0.814216,
    0.772841,
    0.777496,
    0.652833,
    0.612669,
    0.578758,
    0.56175,
    0.560993,
    0.514837,
    0.522494,
    0.516155,
    0.495839,
    0.490298,
    0.472402,
    0.477619,
    0.458347,
    0.436027,
    0.412932,
    0.42209,
    0.434921,
    0.424135,
    0.401805,
    0.398524,
    0.34788,
    0.33151,
    0.323241,
    0.331774,
    0.312024,
    0.310422,
    0.307672,
    0.305033,
    0.293054,
    0.30405,
    0.292468,
    0.288768,
    0.271412,
    0.27997,
    0.277414,
    0.268577,
    0.279333
  ],
  "learning_rates": [
    0.001,
    0.001,
    0.001,
    0.001,
    0.001,
    0.001,
    0.001,
    0.001,
    0.001,
    0.001,
    0.001,
    0.001,
    0.001,
    0.001,
    0.001,
    0.001,
    0.001,
    0.001,
    0.001,
    0.001,
    0.0005,
    0.0005,
    0.0005,
    0.0005,
    0.0005,
    0.0005,
    0.0005,
    0.0005,
    0.0005,
    0.0005,
    0.0005,
    0.0005,
    0.0005,
    0.0005,
    0.0005,
    0.0005,
    0.0005,
    0.0005,
    0.0005,
    0.0005,
    0.00025,
    0.00025,
    0.00025,
    0.00025,
    0.00025,
    0.00025,
    0.00025,
    0.00025,
    0.00025,
    0.00025,
    0.00025,
    0.00025,
    0.00025,
    0.00025,
    0.00025,
    0.00025,
    0.00025
  ],
  "val_accuracy": [
    54.942529,
    63.908046,
    70.862069,
    73.045977,
    74.770115,
    75.0,
    73.908046,
    75.747126,
    74.655172,
    77.701149,
    77.643678,
    77.988506,
    78.045977,
    77.356322,
    77.701149,
    78.16092,
    78.448276,
    77.068966,
    77.931034,
    76.954023,
    77.643678,
    78.563218,
    78.505747,
    77.816092,
    77.701149,
    78.218391,
    77.471264,
    77.873563,
    77.931034,
    78.103448,
    77.068966,
    78.735632,
    77.758621,
    77.413793,
    77.931034,
    77.528736,
    77.471264,
    78.218391,
    78.678161,
    78.16092,
    78.333333,
    78.793103,
    77.643678,
    77.701149,
    77.988506,
    78.505747,
    77.816092,
    78.505747,
    78.218391,
    77.816092,
    77.126437,
    78.448276,
    77.758621,
    78.16092,
    77.011494,
    77.816092,
    77.931034
  ],
  "model_info": {
    "model_class": "BaseClassifier",
    "hidden_size": 128,
    "num_classes": 23,
    "emb_size_audio": 1280,
    "emb_size_text": 0,
    "dropout": 0.1,
    "use_batch_norm": true,
    "mode": "audio",
    "num_folds": 5,
    "fold_id": 2,
    "batch_size": 64,
    "random_seed": 1821
  }
}