{
  "attention_audio": [
    0.493459,
    0.502354,
    0.498533,
    0.495979,
    0.497319,
    0.496484,
    0.492993,
    0.498428,
    0.497398,
    0.501156,
    0.500177,
    0.49588,
    0.496458,
    0.500241,
    0.499829,
    0.500516,
    0.499367,
    0.504628,
    0.503386,
    0.503633,
    0.502831,
    0.503954,
    0.502984,
    0.505084,
    0.50394,
    0.502345,
    0.502117,
    0.504909,
    0.506164,
    0.50532,
    0.508346,
    0.509997,
    0.511511,
    0.510111,
    0.509832,
    0.509971,
    0.511548,
    0.511421
  ],
  "attention_text": [
    0.506541,
    0.497646,
    0.501467,
    0.504021,
    0.502681,
    0.503516,
    0.507007,
    0.501572,
    0.502602,
    0.498844,
    0.499823,
    0.50412,
    0.503542,
    0.499759,
    0.500171,
    0.499484,
    0.500633,
    0.495372,
    0.496614,
    0.496367,
    0.497169,
    0.496046,
    0.497016,
    0.494916,
    0.49606,
    0.497655,
    0.497883,
    0.495091,
    0.493836,
    0.49468,
    0.491653,
    0.490003,
    0.488489,
    0.489889,
    0.490168,
    0.490029,
    0.488452,
    0.488579
  ],
  "train_cls_loss": [
    2.226158,
    1.283433,
    1.071605,
    0.955332,
    0.867285,
    0.828674,
    0.778012,
    0.758336,
    0.713962,
    0.680553,
    0.678007,
    0.635463,
    0.606271,
    0.594452,
    0.577542,
    0.571331,
    0.548166,
    0.530079,
    0.532228,
    0.523141,
    0.4425,
    0.409912,
    0.378294,
    0.384952,
    0.364441,
    0.364888,
    0.348768,
    0.360872,
    0.343236,
    0.342082,
    0.328544,
    0.333353,
    0.324552,
    0.306682,
    0.311975,
    0.304443,
    0.286579,
    0.289133
  ],
  "train_contrastive_loss": [
    3.966624,
    3.772977,
    3.707958,
    3.66525,
    3.62978,
    3.611672,
    3.585292,
    3.573166,
    3.558655,
    3.538575,
    3.527545,
    3.514033,
    3.497959,
    3.483074,
    3.46396,
    3.464682,
    3.457428,
    3.440571,
    3.434587,
    3.427751,
    3.399336,
    3.38571,
    3.373709,
    3.371964,
    3.362724,
    3.361673,
    3.348958,
    3.345328,
    3.338099,
    3.337213,
    3.336534,
    3.324474,
    3.321287,
    3.317028,
    3.310721,
    3.312508,
    3.30163,
    3.293268
  ],
  "train_total_loss": [
    3.019483,
    2.038029,
    1.813197,
    1.688383,
    1.593241,
    1.551009,
    1.495071,
    1.47297,
    1.425693,
    1.388268,
    1.383516,
    1.33827,
    1.305863,
    1.291067,
    1.270334,
    1.264268,
    1.239652,
    1.218193,
    1.219145,
    1.208691,
    1.122367,
    1.087054,
    1.053036,
    1.059345,
    1.036986,
    1.037222,
    1.01856,
    1.029937,
    1.010856,
    1.009525,
    0.99585,
    0.998248,
    0.98881,
    0.970088,
    0.974119,
    0.966944,
    0.946905,
    0.947787
  ],
  "learning_rates": [
    0.001,
    0.001,
    0.001,
    0.001,
    0.001,
    0.001,
    0.001,
    0.001,
    0.001,
    0.001,
    0.001,
    0.001,
    0.001,
    0.001,
    0.001,
    0.001,
    0.001,
    0.001,
    0.001,
    0.001,
    0.0005,
    0.0005,
    0.0005,
    0.0005,
    0.0005,
    0.0005,
    0.0005,
    0.0005,
    0.0005,
    0.0005,
    0.0005,
    0.0005,
    0.0005,
    0.0005,
    0.0005,
    0.0005,
    0.0005,
    0.0005
  ],
  "val_accuracy": [
    60.92413,
    67.655448,
    71.762693,
    74.21563,
    77.067884,
    76.440388,
    76.782658,
    77.695379,
    78.950371,
    79.235596,
    79.920137,
    78.836281,
    79.121506,
    79.749002,
    78.950371,
    79.178551,
    79.406731,
    79.235596,
    77.467199,
    78.03765,
    79.577867,
    80.832858,
    81.061038,
    80.433542,
    79.007416,
    79.178551,
    80.718768,
    79.920137,
    79.920137,
    80.205362,
    80.604678,
    80.319452,
    80.490588,
    80.034227,
    79.463776,
    79.064461,
    78.893326,
    79.920137
  ],
  "model_info": {
    "model_class": "BaseClassifier",
    "hidden_size": 128,
    "num_classes": 23,
    "emb_size_audio": 512,
    "emb_size_text": 512,
    "dropout": 0.1,
    "use_batch_norm": true,
    "mode": "both",
    "num_folds": 5,
    "fold_id": 4,
    "batch_size": 64,
    "random_seed": 1821
  }
}