{
  "attention_audio": [
    0.505171,
    0.492615,
    0.479873,
    0.478377,
    0.482057,
    0.481243,
    0.476725,
    0.470091,
    0.468062,
    0.469682,
    0.473663,
    0.471604,
    0.469034,
    0.47359,
    0.476241,
    0.474907,
    0.473094,
    0.473995,
    0.473752,
    0.474218,
    0.475574,
    0.476184,
    0.476968,
    0.476607,
    0.477866,
    0.477967,
    0.482466,
    0.480001,
    0.480797,
    0.481656,
    0.479794,
    0.482009,
    0.479847,
    0.479011,
    0.479593,
    0.481151,
    0.481885,
    0.482016,
    0.48404,
    0.480441
  ],
  "attention_text": [
    0.494829,
    0.507385,
    0.520127,
    0.521623,
    0.517943,
    0.518757,
    0.523275,
    0.529909,
    0.531938,
    0.530318,
    0.526337,
    0.528396,
    0.530966,
    0.52641,
    0.523759,
    0.525093,
    0.526906,
    0.526005,
    0.526248,
    0.525782,
    0.524426,
    0.523816,
    0.523032,
    0.523393,
    0.522134,
    0.522033,
    0.517534,
    0.519999,
    0.519202,
    0.518344,
    0.520206,
    0.517991,
    0.520153,
    0.520989,
    0.520407,
    0.518849,
    0.518115,
    0.517984,
    0.51596,
    0.519559
  ],
  "train_cls_loss": [
    2.312935,
    1.38535,
    1.200759,
    1.057999,
    1.002878,
    0.928083,
    0.92261,
    0.878383,
    0.825506,
    0.80695,
    0.775326,
    0.739789,
    0.71944,
    0.701578,
    0.68642,
    0.673582,
    0.658822,
    0.621557,
    0.607769,
    0.599294,
    0.533547,
    0.478914,
    0.468838,
    0.459007,
    0.451664,
    0.433033,
    0.418608,
    0.433323,
    0.425315,
    0.409278,
    0.416117,
    0.393012,
    0.391587,
    0.372719,
    0.375942,
    0.366776,
    0.35598,
    0.36649,
    0.337257,
    0.341241
  ],
  "train_top_cls_loss": [
    0.935238,
    0.571881,
    0.521138,
    0.451899,
    0.443459,
    0.416488,
    0.412627,
    0.399874,
    0.381916,
    0.364296,
    0.361688,
    0.345561,
    0.332408,
    0.324011,
    0.322761,
    0.311631,
    0.304791,
    0.295512,
    0.286243,
    0.279077,
    0.25606,
    0.226974,
    0.219442,
    0.221453,
    0.214673,
    0.201348,
    0.203913,
    0.206764,
    0.204125,
    0.204079,
    0.195114,
    0.189987,
    0.192028,
    0.185737,
    0.180033,
    0.178866,
    0.177319,
    0.18005,
    0.163791,
    0.165574
  ],
  "train_total_loss": [
    2.593507,
    1.556914,
    1.3571,
    1.193569,
    1.135916,
    1.053029,
    1.046398,
    0.998346,
    0.940081,
    0.916239,
    0.883833,
    0.843457,
    0.819163,
    0.798781,
    0.783249,
    0.767071,
    0.750259,
    0.710211,
    0.693642,
    0.683017,
    0.610365,
    0.547006,
    0.534671,
    0.525443,
    0.516066,
    0.493438,
    0.479782,
    0.495353,
    0.486553,
    0.470501,
    0.474651,
    0.450008,
    0.449196,
    0.42844,
    0.429952,
    0.420435,
    0.409176,
    0.420505,
    0.386395,
    0.390914
  ],
  "learning_rates": [
    0.001,
    0.001,
    0.001,
    0.001,
    0.001,
    0.001,
    0.001,
    0.001,
    0.001,
    0.001,
    0.001,
    0.001,
    0.001,
    0.001,
    0.001,
    0.001,
    0.001,
    0.001,
    0.001,
    0.001,
    0.0005,
    0.0005,
    0.0005,
    0.0005,
    0.0005,
    0.0005,
    0.0005,
    0.0005,
    0.0005,
    0.0005,
    0.0005,
    0.0005,
    0.0005,
    0.0005,
    0.0005,
    0.0005,
    0.0005,
    0.0005,
    0.0005,
    0.0005
  ],
  "val_accuracy": [
    59.655172,
    68.045977,
    70.91954,
    73.62069,
    74.942529,
    76.206897,
    75.574713,
    77.643678,
    79.252874,
    78.62069,
    77.988506,
    78.103448,
    77.931034,
    78.275862,
    79.195402,
    79.885057,
    77.988506,
    79.655172,
    77.988506,
    79.252874,
    79.482759,
    79.655172,
    78.850575,
    78.275862,
    80.057471,
    79.425287,
    79.712644,
    79.08046,
    79.08046,
    79.137931,
    79.367816,
    78.965517,
    79.367816,
    79.482759,
    78.563218,
    78.563218,
    78.793103,
    78.103448,
    77.816092,
    79.367816
  ],
  "model_info": {
    "model_class": "BaseClassifier",
    "hidden_size": 128,
    "num_classes": 23,
    "emb_size_audio": 768,
    "emb_size_text": 512,
    "dropout": 0.1,
    "use_batch_norm": true,
    "mode": "both",
    "num_folds": 5,
    "fold_id": 4,
    "batch_size": 64,
    "random_seed": 1821
  }
}