{
  "train_cls_loss": [
    2.518567,
    1.748213,
    1.504604,
    1.475806,
    1.342398,
    1.221865,
    1.247601,
    1.174398,
    1.217679,
    1.190151,
    1.187126,
    1.176481,
    1.120848,
    1.148541,
    1.051639,
    1.070547,
    1.083435,
    0.999178,
    0.99491,
    0.966981,
    0.925454,
    0.922929,
    0.972984,
    0.872115,
    0.873684,
    0.917212,
    0.824283,
    0.779531,
    0.870538,
    0.830475,
    0.833504,
    0.790893
  ],
  "train_total_loss": [
    2.518567,
    1.748213,
    1.504604,
    1.475806,
    1.342398,
    1.221865,
    1.247601,
    1.174398,
    1.217679,
    1.190151,
    1.187126,
    1.176481,
    1.120848,
    1.148541,
    1.051639,
    1.070547,
    1.083435,
    0.999178,
    0.99491,
    0.966981,
    0.925454,
    0.922929,
    0.972984,
    0.872115,
    0.873684,
    0.917212,
    0.824283,
    0.779531,
    0.870538,
    0.830475,
    0.833504,
    0.790893
  ],
  "learning_rates": [
    0.001,
    0.001,
    0.001,
    0.001,
    0.001,
    0.001,
    0.001,
    0.001,
    0.001,
    0.001,
    0.001,
    0.001,
    0.001,
    0.001,
    0.001,
    0.001,
    0.001,
    0.001,
    0.001,
    0.001,
    0.0005,
    0.0005,
    0.0005,
    0.0005,
    0.0005,
    0.0005,
    0.0005,
    0.0005,
    0.0005,
    0.0005,
    0.0005,
    0.0005
  ],
  "val_accuracy": [
    58.185967,
    68.625214,
    72.333143,
    72.276098,
    73.074729,
    74.729036,
    75.014261,
    74.957216,
    77.467199,
    76.953793,
    77.809469,
    76.212208,
    77.467199,
    77.980605,
    76.212208,
    76.554478,
    78.551055,
    77.980605,
    77.467199,
    78.322875,
    77.752424,
    77.980605,
    78.49401,
    78.49401,
    77.524244,
    78.49401,
    77.581289,
    78.208785,
    77.92356,
    78.15174,
    78.15174,
    77.410154
  ],
  "model_info": {
    "model_class": "BaseClassifier",
    "hidden_size": 128,
    "num_classes": 23,
    "emb_size_audio": 512,
    "emb_size_text": 0,
    "dropout": 0.1,
    "use_batch_norm": true,
    "mode": "audio",
    "num_folds": 5,
    "fold_id": 2,
    "batch_size": 64,
    "random_seed": 1821
  }
}