{
  "train_cls_loss": [
    2.381,
    1.605092,
    1.41609,
    1.331138,
    1.2469,
    1.216462,
    1.150346,
    1.101104,
    1.08878,
    1.034669,
    0.999239,
    0.983164,
    0.964135,
    0.905973,
    0.916024,
    0.87623,
    0.877584,
    0.825719,
    0.8295,
    0.805079,
    0.706831,
    0.690546,
    0.661222,
    0.634483,
    0.634122,
    0.630922,
    0.594105,
    0.605935,
    0.580671,
    0.584327,
    0.571151,
    0.562918,
    0.551064,
    0.534492,
    0.516961,
    0.526638,
    0.503299,
    0.493099,
    0.491743,
    0.500093,
    0.449509,
    0.425283,
    0.416373,
    0.403741,
    0.385708,
    0.392357,
    0.395348,
    0.381524,
    0.390553
  ],
  "train_total_loss": [
    2.381,
    1.605092,
    1.41609,
    1.331138,
    1.2469,
    1.216462,
    1.150346,
    1.101104,
    1.08878,
    1.034669,
    0.999239,
    0.983164,
    0.964135,
    0.905973,
    0.916024,
    0.87623,
    0.877584,
    0.825719,
    0.8295,
    0.805079,
    0.706831,
    0.690546,
    0.661222,
    0.634483,
    0.634122,
    0.630922,
    0.594105,
    0.605935,
    0.580671,
    0.584327,
    0.571151,
    0.562918,
    0.551064,
    0.534492,
    0.516961,
    0.526638,
    0.503299,
    0.493099,
    0.491743,
    0.500093,
    0.449509,
    0.425283,
    0.416373,
    0.403741,
    0.385708,
    0.392357,
    0.395348,
    0.381524,
    0.390553
  ],
  "learning_rates": [
    0.001,
    0.001,
    0.001,
    0.001,
    0.001,
    0.001,
    0.001,
    0.001,
    0.001,
    0.001,
    0.001,
    0.001,
    0.001,
    0.001,
    0.001,
    0.001,
    0.001,
    0.001,
    0.001,
    0.001,
    0.0005,
    0.0005,
    0.0005,
    0.0005,
    0.0005,
    0.0005,
    0.0005,
    0.0005,
    0.0005,
    0.0005,
    0.0005,
    0.0005,
    0.0005,
    0.0005,
    0.0005,
    0.0005,
    0.0005,
    0.0005,
    0.0005,
    0.0005,
    0.00025,
    0.00025,
    0.00025,
    0.00025,
    0.00025,
    0.00025,
    0.00025,
    0.00025,
    0.00025
  ],
  "val_accuracy": [
    51.83908,
    61.091954,
    62.931034,
    67.356322,
    65.287356,
    67.413793,
    68.218391,
    68.563218,
    67.586207,
    70.689655,
    69.54023,
    69.367816,
    70.114943,
    71.436782,
    70.804598,
    70.862069,
    71.321839,
    70.402299,
    71.954023,
    70.804598,
    71.954023,
    71.206897,
    71.321839,
    70.747126,
    72.241379,
    71.321839,
    72.068966,
    71.609195,
    72.011494,
    71.609195,
    71.034483,
    70.804598,
    71.264368,
    72.298851,
    71.37931,
    70.0,
    70.402299,
    69.885057,
    69.885057,
    70.057471,
    71.149425,
    70.977011,
    70.747126,
    70.747126,
    71.149425,
    70.517241,
    70.804598,
    70.91954,
    70.747126
  ],
  "model_info": {
    "model_class": "BaseClassifier",
    "hidden_size": 128,
    "num_classes": 23,
    "emb_size_audio": 768,
    "emb_size_text": 0,
    "dropout": 0.1,
    "use_batch_norm": true,
    "mode": "audio",
    "num_folds": 5,
    "fold_id": 0,
    "batch_size": 64,
    "random_seed": 1821
  }
}