{
  "attention_audio": [
    0.465636,
    0.480181,
    0.477441,
    0.482707,
    0.482937,
    0.487244,
    0.486564,
    0.488521,
    0.486315,
    0.490347,
    0.492507,
    0.498447,
    0.497561,
    0.50034,
    0.499943,
    0.500741,
    0.501787,
    0.50403,
    0.508217,
    0.510443,
    0.510446,
    0.508361,
    0.509933,
    0.508852,
    0.507839,
    0.510679,
    0.511911,
    0.510316,
    0.50905,
    0.510744,
    0.512636,
    0.510471,
    0.508504,
    0.508901,
    0.508968,
    0.509065
  ],
  "attention_text": [
    0.534364,
    0.519819,
    0.522559,
    0.517294,
    0.517063,
    0.512756,
    0.513436,
    0.511479,
    0.513685,
    0.509653,
    0.507493,
    0.501553,
    0.502439,
    0.49966,
    0.500057,
    0.499259,
    0.498213,
    0.49597,
    0.491783,
    0.489557,
    0.489554,
    0.491639,
    0.490067,
    0.491148,
    0.492161,
    0.489321,
    0.488089,
    0.489684,
    0.49095,
    0.489256,
    0.487364,
    0.489529,
    0.491496,
    0.491099,
    0.491032,
    0.490935
  ],
  "train_cls_loss": [
    1.805973,
    1.22321,
    1.121532,
    1.017921,
    0.946693,
    1.025974,
    0.988575,
    0.888748,
    0.86176,
    0.821332,
    0.856699,
    0.845774,
    0.855124,
    0.791439,
    0.812884,
    0.796072,
    0.768421,
    0.686496,
    0.73881,
    0.747354,
    0.71108,
    0.675157,
    0.681134,
    0.674834,
    0.626605,
    0.655275,
    0.733494,
    0.69116,
    0.674963,
    0.619995,
    0.633585,
    0.646172,
    0.69529,
    0.586794,
    0.637805,
    0.56696
  ],
  "train_total_loss": [
    1.805973,
    1.22321,
    1.121532,
    1.017921,
    0.946693,
    1.025974,
    0.988575,
    0.888748,
    0.86176,
    0.821332,
    0.856699,
    0.845774,
    0.855124,
    0.791439,
    0.812884,
    0.796072,
    0.768421,
    0.686496,
    0.73881,
    0.747354,
    0.71108,
    0.675157,
    0.681134,
    0.674834,
    0.626605,
    0.655275,
    0.733494,
    0.69116,
    0.674963,
    0.619995,
    0.633585,
    0.646172,
    0.69529,
    0.586794,
    0.637805,
    0.56696
  ],
  "learning_rates": [
    0.001,
    0.001,
    0.001,
    0.001,
    0.001,
    0.001,
    0.001,
    0.001,
    0.001,
    0.001,
    0.001,
    0.001,
    0.001,
    0.001,
    0.001,
    0.001,
    0.001,
    0.001,
    0.001,
    0.001,
    0.0005,
    0.0005,
    0.0005,
    0.0005,
    0.0005,
    0.0005,
    0.0005,
    0.0005,
    0.0005,
    0.0005,
    0.0005,
    0.0005,
    0.0005,
    0.0005,
    0.0005,
    0.0005
  ],
  "val_accuracy": [
    61.437536,
    69.59498,
    72.732459,
    73.53109,
    76.668568,
    76.839703,
    78.551055,
    78.03765,
    78.950371,
    77.638334,
    79.691957,
    79.064461,
    81.175128,
    79.863092,
    80.148317,
    80.148317,
    79.463776,
    80.034227,
    79.749002,
    80.376497,
    81.460354,
    81.403309,
    80.946948,
    80.661723,
    80.775813,
    80.490588,
    81.232173,
    80.148317,
    79.977182,
    80.547633,
    80.433542,
    80.376497,
    79.920137,
    80.148317,
    79.863092,
    80.604678
  ],
  "model_info": {
    "model_class": "BaseClassifier",
    "hidden_size": 128,
    "num_classes": 23,
    "emb_size_audio": 512,
    "emb_size_text": 512,
    "dropout": 0.1,
    "use_batch_norm": true,
    "mode": "both",
    "num_folds": 5,
    "fold_id": 3,
    "batch_size": 64,
    "random_seed": 1821
  }
}