{
  "attention_audio": [
    0.471398,
    0.474779,
    0.475348,
    0.478042,
    0.478186,
    0.473765,
    0.474591,
    0.47452,
    0.471212,
    0.47347,
    0.475953,
    0.473629,
    0.476034,
    0.474508,
    0.475112,
    0.476621,
    0.476663,
    0.478418,
    0.475613,
    0.476497,
    0.475736,
    0.478252,
    0.478874,
    0.482139,
    0.480622,
    0.481438,
    0.479275,
    0.480432,
    0.479834,
    0.479233,
    0.479964,
    0.480974,
    0.482738,
    0.479957,
    0.478062,
    0.478692,
    0.477674,
    0.480231,
    0.478357
  ],
  "attention_text": [
    0.528602,
    0.525221,
    0.524652,
    0.521958,
    0.521814,
    0.526235,
    0.52541,
    0.52548,
    0.528788,
    0.52653,
    0.524047,
    0.526371,
    0.523966,
    0.525492,
    0.524888,
    0.523379,
    0.523337,
    0.521582,
    0.524387,
    0.523503,
    0.524264,
    0.521748,
    0.521126,
    0.517861,
    0.519378,
    0.518562,
    0.520725,
    0.519568,
    0.520166,
    0.520767,
    0.520035,
    0.519026,
    0.517262,
    0.520043,
    0.521937,
    0.521308,
    0.522326,
    0.519769,
    0.521643
  ],
  "train_cls_loss": [
    2.363151,
    1.540229,
    1.420631,
    1.316817,
    1.269801,
    1.12819,
    1.168786,
    1.114568,
    1.139064,
    1.118857,
    1.080133,
    1.096162,
    1.012635,
    0.99912,
    0.962715,
    1.025205,
    0.949984,
    0.964492,
    0.935703,
    0.994261,
    0.851177,
    0.86037,
    0.792677,
    0.810465,
    0.801007,
    0.793292,
    0.852812,
    0.853279,
    0.748001,
    0.791152,
    0.764005,
    0.834211,
    0.720457,
    0.825538,
    0.883617,
    0.82875,
    0.762432,
    0.755,
    0.806633
  ],
  "train_total_loss": [
    2.363151,
    1.540229,
    1.420631,
    1.316817,
    1.269801,
    1.12819,
    1.168786,
    1.114568,
    1.139064,
    1.118857,
    1.080133,
    1.096162,
    1.012635,
    0.99912,
    0.962715,
    1.025205,
    0.949984,
    0.964492,
    0.935703,
    0.994261,
    0.851177,
    0.86037,
    0.792677,
    0.810465,
    0.801007,
    0.793292,
    0.852812,
    0.853279,
    0.748001,
    0.791152,
    0.764005,
    0.834211,
    0.720457,
    0.825538,
    0.883617,
    0.82875,
    0.762432,
    0.755,
    0.806633
  ],
  "learning_rates": [
    0.001,
    0.001,
    0.001,
    0.001,
    0.001,
    0.001,
    0.001,
    0.001,
    0.001,
    0.001,
    0.001,
    0.001,
    0.001,
    0.001,
    0.001,
    0.001,
    0.001,
    0.001,
    0.001,
    0.001,
    0.0005,
    0.0005,
    0.0005,
    0.0005,
    0.0005,
    0.0005,
    0.0005,
    0.0005,
    0.0005,
    0.0005,
    0.0005,
    0.0005,
    0.0005,
    0.0005,
    0.0005,
    0.0005,
    0.0005,
    0.0005,
    0.0005
  ],
  "val_accuracy": [
    61.380491,
    68.282944,
    73.75927,
    76.554478,
    76.041072,
    77.353109,
    78.208785,
    77.866515,
    77.92356,
    77.524244,
    78.665145,
    78.950371,
    78.836281,
    79.349686,
    79.406731,
    80.205362,
    79.178551,
    80.718768,
    78.436965,
    79.634912,
    80.889903,
    80.376497,
    80.775813,
    80.946948,
    79.577867,
    80.091272,
    80.262407,
    80.547633,
    80.946948,
    80.091272,
    80.946948,
    79.121506,
    79.749002,
    80.034227,
    80.034227,
    79.463776,
    80.433542,
    79.749002,
    79.634912
  ],
  "model_info": {
    "model_class": "BaseClassifier",
    "hidden_size": 128,
    "num_classes": 23,
    "emb_size_audio": 512,
    "emb_size_text": 512,
    "dropout": 0.1,
    "use_batch_norm": true,
    "mode": "both",
    "num_folds": 5,
    "fold_id": 4,
    "batch_size": 64,
    "random_seed": 1821
  }
}