{
  "train_cls_loss": [
    2.491061,
    1.678458,
    1.432388,
    1.285452,
    1.194798,
    1.152712,
    1.080206,
    1.043333,
    1.017234,
    0.979362,
    0.969082,
    0.93516,
    0.910161,
    0.875568,
    0.856634,
    0.841125,
    0.828033,
    0.818725,
    0.808613,
    0.793892,
    0.703404,
    0.704904,
    0.663346,
    0.645915,
    0.637978,
    0.632416,
    0.615755,
    0.611784,
    0.59594,
    0.603553,
    0.57391,
    0.578474,
    0.582578,
    0.562052,
    0.537028,
    0.545524,
    0.523991,
    0.537774,
    0.541301,
    0.52883,
    0.472725
  ],
  "train_top_cls_loss": [
    0.873993,
    0.566544,
    0.516931,
    0.505907,
    0.473914,
    0.468572,
    0.440294,
    0.424688,
    0.423658,
    0.408257,
    0.409379,
    0.397691,
    0.385247,
    0.362125,
    0.364258,
    0.357235,
    0.354827,
    0.342096,
    0.351042,
    0.343681,
    0.304766,
    0.296592,
    0.28245,
    0.275265,
    0.270741,
    0.269469,
    0.262798,
    0.25527,
    0.252948,
    0.260339,
    0.235907,
    0.247105,
    0.246558,
    0.234798,
    0.223924,
    0.228919,
    0.227241,
    0.233316,
    0.231446,
    0.231979,
    0.203582
  ],
  "train_total_loss": [
    3.365054,
    2.245002,
    1.949319,
    1.791359,
    1.668713,
    1.621284,
    1.5205,
    1.468021,
    1.440892,
    1.38762,
    1.378461,
    1.332851,
    1.295408,
    1.237693,
    1.220892,
    1.19836,
    1.18286,
    1.160821,
    1.159655,
    1.137573,
    1.00817,
    1.001496,
    0.945795,
    0.92118,
    0.908719,
    0.901886,
    0.878553,
    0.867054,
    0.848888,
    0.863892,
    0.809816,
    0.825578,
    0.829136,
    0.79685,
    0.760952,
    0.774444,
    0.751232,
    0.77109,
    0.772747,
    0.760809,
    0.676307
  ],
  "learning_rates": [
    0.001,
    0.001,
    0.001,
    0.001,
    0.001,
    0.001,
    0.001,
    0.001,
    0.001,
    0.001,
    0.001,
    0.001,
    0.001,
    0.001,
    0.001,
    0.001,
    0.001,
    0.001,
    0.001,
    0.001,
    0.0005,
    0.0005,
    0.0005,
    0.0005,
    0.0005,
    0.0005,
    0.0005,
    0.0005,
    0.0005,
    0.0005,
    0.0005,
    0.0005,
    0.0005,
    0.0005,
    0.0005,
    0.0005,
    0.0005,
    0.0005,
    0.0005,
    0.0005,
    0.00025
  ],
  "val_accuracy": [
    49.343982,
    58.357102,
    68.225898,
    69.48089,
    71.078152,
    72.960639,
    72.903594,
    75.071306,
    73.474044,
    73.702225,
    75.242442,
    73.75927,
    74.900171,
    76.155163,
    76.383343,
    76.383343,
    75.242442,
    75.299487,
    76.611523,
    75.755847,
    76.953793,
    77.124929,
    77.124929,
    76.611523,
    76.668568,
    77.638334,
    76.953793,
    76.383343,
    76.383343,
    76.953793,
    76.212208,
    76.668568,
    77.524244,
    76.953793,
    75.984027,
    76.554478,
    76.839703,
    76.155163,
    76.554478,
    76.782658,
    76.383343
  ],
  "model_info": {
    "model_class": "BaseClassifier",
    "hidden_size": 128,
    "num_classes": 23,
    "emb_size_audio": 512,
    "emb_size_text": 0,
    "dropout": 0.1,
    "use_batch_norm": true,
    "mode": "audio",
    "num_folds": 5,
    "fold_id": 1,
    "batch_size": 64,
    "random_seed": 1821
  }
}