{
  "train_cls_loss": [
    1.628268,
    1.053603,
    0.912672,
    0.820451,
    0.763744,
    0.726608,
    0.6916,
    0.655602,
    0.626755,
    0.621548,
    0.602263,
    0.582368,
    0.586727,
    0.550504,
    0.554489,
    0.536048,
    0.533321,
    0.513921,
    0.507054,
    0.505404,
    0.463673,
    0.440507,
    0.425113,
    0.41548,
    0.409039,
    0.403227,
    0.405462,
    0.390588,
    0.389152,
    0.388173,
    0.377336,
    0.373326,
    0.364469,
    0.348099,
    0.353745,
    0.352869,
    0.357517,
    0.34982,
    0.336298,
    0.337403,
    0.302337,
    0.295247
  ],
  "train_total_loss": [
    1.628268,
    1.053603,
    0.912672,
    0.820451,
    0.763744,
    0.726608,
    0.6916,
    0.655602,
    0.626755,
    0.621548,
    0.602263,
    0.582368,
    0.586727,
    0.550504,
    0.554489,
    0.536048,
    0.533321,
    0.513921,
    0.507054,
    0.505404,
    0.463673,
    0.440507,
    0.425113,
    0.41548,
    0.409039,
    0.403227,
    0.405462,
    0.390588,
    0.389152,
    0.388173,
    0.377336,
    0.373326,
    0.364469,
    0.348099,
    0.353745,
    0.352869,
    0.357517,
    0.34982,
    0.336298,
    0.337403,
    0.302337,
    0.295247
  ],
  "learning_rates": [
    0.001,
    0.001,
    0.001,
    0.001,
    0.001,
    0.001,
    0.001,
    0.001,
    0.001,
    0.001,
    0.001,
    0.001,
    0.001,
    0.001,
    0.001,
    0.001,
    0.001,
    0.001,
    0.001,
    0.001,
    0.0005,
    0.0005,
    0.0005,
    0.0005,
    0.0005,
    0.0005,
    0.0005,
    0.0005,
    0.0005,
    0.0005,
    0.0005,
    0.0005,
    0.0005,
    0.0005,
    0.0005,
    0.0005,
    0.0005,
    0.0005,
    0.0005,
    0.0005,
    0.00025,
    0.00025
  ],
  "val_accuracy": [
    55.333714,
    67.313177,
    70.507701,
    71.591557,
    73.017684,
    73.64518,
    76.155163,
    73.359954,
    74.614946,
    75.984027,
    76.098118,
    75.584712,
    76.155163,
    75.584712,
    75.698802,
    76.782658,
    75.869937,
    76.041072,
    75.698802,
    75.698802,
    75.584712,
    76.554478,
    76.326298,
    77.410154,
    76.212208,
    76.611523,
    77.638334,
    76.497433,
    76.554478,
    76.611523,
    77.410154,
    76.155163,
    76.098118,
    76.782658,
    75.413577,
    76.326298,
    76.269253,
    75.356532,
    76.326298,
    76.212208,
    76.782658,
    76.041072
  ],
  "model_info": {
    "model_class": "BaseClassifier",
    "hidden_size": 128,
    "num_classes": 23,
    "emb_size_audio": 512,
    "emb_size_text": 0,
    "dropout": 0.1,
    "use_batch_norm": true,
    "mode": "audio",
    "num_folds": 5,
    "fold_id": 1,
    "batch_size": 64,
    "random_seed": 1821
  }
}