{
  "attention_audio": [
    0.493201,
    0.503855,
    0.506727,
    0.508728,
    0.504123,
    0.503092,
    0.503949,
    0.502347,
    0.503396,
    0.502207,
    0.507113,
    0.506674,
    0.506518,
    0.503836,
    0.50529,
    0.502335,
    0.501873,
    0.50488,
    0.504767,
    0.500682,
    0.503777,
    0.50156,
    0.502528,
    0.504249,
    0.503621,
    0.504203,
    0.505468,
    0.504406,
    0.50444,
    0.503349,
    0.50431,
    0.505195,
    0.505672,
    0.505579,
    0.503743,
    0.503759,
    0.504421,
    0.505511
  ],
  "attention_text": [
    0.506799,
    0.496145,
    0.493273,
    0.491272,
    0.495877,
    0.496908,
    0.496052,
    0.497653,
    0.496604,
    0.497793,
    0.492887,
    0.493326,
    0.493482,
    0.496164,
    0.49471,
    0.497665,
    0.498127,
    0.49512,
    0.495233,
    0.499318,
    0.496223,
    0.49844,
    0.497472,
    0.495751,
    0.496379,
    0.495797,
    0.494532,
    0.495594,
    0.49556,
    0.496651,
    0.49569,
    0.494805,
    0.494328,
    0.494421,
    0.496257,
    0.496241,
    0.495579,
    0.494489
  ],
  "train_cls_loss": [
    2.540366,
    1.893661,
    1.690231,
    1.60934,
    1.602042,
    1.567971,
    1.348021,
    1.492953,
    1.521229,
    1.440574,
    1.451371,
    1.398657,
    1.356459,
    1.285922,
    1.329004,
    1.263986,
    1.245407,
    1.286919,
    1.256472,
    1.255701,
    1.242559,
    1.251466,
    1.244048,
    1.118635,
    1.229739,
    1.199368,
    1.153012,
    1.097548,
    1.121641,
    1.121253,
    1.057235,
    1.122276,
    1.072923,
    1.10316,
    1.07285,
    1.100531,
    1.133452,
    1.041793
  ],
  "train_total_loss": [
    2.540366,
    1.893661,
    1.690231,
    1.60934,
    1.602042,
    1.567971,
    1.348021,
    1.492953,
    1.521229,
    1.440574,
    1.451371,
    1.398657,
    1.356459,
    1.285922,
    1.329004,
    1.263986,
    1.245407,
    1.286919,
    1.256472,
    1.255701,
    1.242559,
    1.251466,
    1.244048,
    1.118635,
    1.229739,
    1.199368,
    1.153012,
    1.097548,
    1.121641,
    1.121253,
    1.057235,
    1.122276,
    1.072923,
    1.10316,
    1.07285,
    1.100531,
    1.133452,
    1.041793
  ],
  "learning_rates": [
    0.001,
    0.001,
    0.001,
    0.001,
    0.001,
    0.001,
    0.001,
    0.001,
    0.001,
    0.001,
    0.001,
    0.001,
    0.001,
    0.001,
    0.001,
    0.001,
    0.001,
    0.001,
    0.001,
    0.001,
    0.0005,
    0.0005,
    0.0005,
    0.0005,
    0.0005,
    0.0005,
    0.0005,
    0.0005,
    0.0005,
    0.0005,
    0.0005,
    0.0005,
    0.0005,
    0.0005,
    0.0005,
    0.0005,
    0.0005,
    0.0005
  ],
  "val_accuracy": [
    50.142613,
    69.13862,
    73.359954,
    75.641757,
    76.725613,
    76.497433,
    78.665145,
    77.581289,
    79.007416,
    79.292641,
    79.235596,
    78.722191,
    79.064461,
    79.749002,
    80.091272,
    78.893326,
    80.034227,
    79.863092,
    79.920137,
    80.661723,
    80.775813,
    80.775813,
    81.631489,
    81.175128,
    80.832858,
    80.832858,
    80.376497,
    80.376497,
    80.262407,
    81.574444,
    80.262407,
    80.661723,
    81.118083,
    80.661723,
    79.977182,
    79.406731,
    80.205362,
    80.604678
  ],
  "model_info": {
    "model_class": "BaseClassifier",
    "hidden_size": 128,
    "num_classes": 23,
    "emb_size_audio": 512,
    "emb_size_text": 512,
    "dropout": 0.1,
    "use_batch_norm": true,
    "mode": "both",
    "num_folds": 5,
    "fold_id": 3,
    "batch_size": 64,
    "random_seed": 1821
  }
}