{
  "attention_audio": [
    0.520434,
    0.51819,
    0.515973,
    0.509287,
    0.509652,
    0.512454,
    0.509696,
    0.510367,
    0.511947,
    0.512676,
    0.51472,
    0.513351,
    0.506458,
    0.515715,
    0.513396,
    0.518257,
    0.515675,
    0.51097,
    0.513353,
    0.511248,
    0.516902,
    0.514877,
    0.517396,
    0.518721,
    0.519051,
    0.516351,
    0.51816,
    0.518901,
    0.517313,
    0.51818,
    0.514665,
    0.516232,
    0.514437,
    0.516101,
    0.518033,
    0.515433,
    0.514449,
    0.518405,
    0.516504,
    0.515821,
    0.518907,
    0.517367,
    0.51727,
    0.51853,
    0.51922,
    0.5182,
    0.516055,
    0.515983,
    0.516658,
    0.517174,
    0.517384,
    0.519274,
    0.516063,
    0.517556,
    0.518271,
    0.518925
  ],
  "attention_text": [
    0.479565,
    0.48181,
    0.484027,
    0.490713,
    0.490348,
    0.487546,
    0.490304,
    0.489633,
    0.488053,
    0.487324,
    0.48528,
    0.486649,
    0.493542,
    0.484285,
    0.486604,
    0.481743,
    0.484325,
    0.48903,
    0.486647,
    0.488752,
    0.483098,
    0.485123,
    0.482604,
    0.481279,
    0.480949,
    0.483649,
    0.48184,
    0.481099,
    0.482687,
    0.48182,
    0.485335,
    0.483768,
    0.485563,
    0.483899,
    0.481967,
    0.484567,
    0.485551,
    0.481595,
    0.483496,
    0.484179,
    0.481093,
    0.482633,
    0.48273,
    0.48147,
    0.48078,
    0.4818,
    0.483945,
    0.484017,
    0.483342,
    0.482826,
    0.482616,
    0.480726,
    0.483937,
    0.482444,
    0.481729,
    0.481075
  ],
  "train_cls_loss": [
    2.330424,
    1.456231,
    1.238231,
    1.102306,
    1.03137,
    0.960485,
    0.914181,
    0.858774,
    0.812722,
    0.809182,
    0.780847,
    0.747373,
    0.737177,
    0.723865,
    0.679659,
    0.665576,
    0.655914,
    0.642814,
    0.613479,
    0.626284,
    0.552574,
    0.517771,
    0.501044,
    0.496113,
    0.474056,
    0.4716,
    0.468747,
    0.461674,
    0.460443,
    0.43796,
    0.439125,
    0.4301,
    0.426597,
    0.407042,
    0.401462,
    0.408608,
    0.407876,
    0.384955,
    0.394921,
    0.382149,
    0.345559,
    0.31781,
    0.317841,
    0.306559,
    0.309977,
    0.286356,
    0.302037,
    0.289375,
    0.287287,
    0.273674,
    0.27919,
    0.280657,
    0.26466,
    0.270411,
    0.271597,
    0.271614
  ],
  "train_top_cls_loss": [
    0.775976,
    0.499151,
    0.468069,
    0.438996,
    0.408931,
    0.396538,
    0.387788,
    0.366476,
    0.349265,
    0.348364,
    0.336736,
    0.33144,
    0.326483,
    0.316501,
    0.304381,
    0.290807,
    0.290676,
    0.281881,
    0.270563,
    0.279018,
    0.247092,
    0.227735,
    0.222174,
    0.223079,
    0.210713,
    0.209311,
    0.21552,
    0.208415,
    0.198792,
    0.198691,
    0.194644,
    0.19618,
    0.188989,
    0.181965,
    0.180673,
    0.184886,
    0.184553,
    0.179351,
    0.177518,
    0.169135,
    0.159747,
    0.141513,
    0.144564,
    0.140495,
    0.134098,
    0.129953,
    0.137917,
    0.129496,
    0.129857,
    0.131243,
    0.125843,
    0.133423,
    0.117685,
    0.127036,
    0.127313,
    0.118228
  ],
  "train_total_loss": [
    2.873607,
    1.805637,
    1.565879,
    1.409604,
    1.317621,
    1.238061,
    1.185633,
    1.115307,
    1.057207,
    1.053037,
    1.016562,
    0.97938,
    0.965715,
    0.945416,
    0.892726,
    0.869141,
    0.859387,
    0.840131,
    0.802873,
    0.821597,
    0.725538,
    0.677185,
    0.656565,
    0.652268,
    0.621555,
    0.618118,
    0.619611,
    0.607564,
    0.599598,
    0.577043,
    0.575376,
    0.567426,
    0.558889,
    0.534418,
    0.527933,
    0.538028,
    0.537063,
    0.510501,
    0.519183,
    0.500543,
    0.457381,
    0.416869,
    0.419036,
    0.404905,
    0.403845,
    0.377323,
    0.398579,
    0.380022,
    0.378187,
    0.365544,
    0.36728,
    0.374053,
    0.34704,
    0.359337,
    0.360716,
    0.354373
  ],
  "learning_rates": [
    0.001,
    0.001,
    0.001,
    0.001,
    0.001,
    0.001,
    0.001,
    0.001,
    0.001,
    0.001,
    0.001,
    0.001,
    0.001,
    0.001,
    0.001,
    0.001,
    0.001,
    0.001,
    0.001,
    0.001,
    0.0005,
    0.0005,
    0.0005,
    0.0005,
    0.0005,
    0.0005,
    0.0005,
    0.0005,
    0.0005,
    0.0005,
    0.0005,
    0.0005,
    0.0005,
    0.0005,
    0.0005,
    0.0005,
    0.0005,
    0.0005,
    0.0005,
    0.0005,
    0.00025,
    0.00025,
    0.00025,
    0.00025,
    0.00025,
    0.00025,
    0.00025,
    0.00025,
    0.00025,
    0.00025,
    0.00025,
    0.00025,
    0.00025,
    0.00025,
    0.00025,
    0.00025
  ],
  "val_accuracy": [
    53.508272,
    67.256132,
    69.024529,
    74.957216,
    75.014261,
    75.071306,
    76.725613,
    77.296064,
    78.836281,
    76.497433,
    78.37992,
    77.866515,
    77.467199,
    77.124929,
    77.524244,
    78.665145,
    79.007416,
    77.410154,
    78.322875,
    77.181974,
    78.665145,
    78.950371,
    79.121506,
    78.779236,
    77.92356,
    78.6081,
    78.094695,
    78.551055,
    78.208785,
    79.235596,
    78.15174,
    78.6081,
    78.15174,
    78.15174,
    78.779236,
    78.722191,
    78.836281,
    76.782658,
    78.37992,
    78.950371,
    79.977182,
    79.463776,
    79.121506,
    78.722191,
    77.866515,
    78.094695,
    78.6081,
    78.950371,
    79.007416,
    79.007416,
    78.551055,
    78.722191,
    79.292641,
    78.950371,
    78.208785,
    77.92356
  ],
  "model_info": {
    "model_class": "BaseClassifier",
    "hidden_size": 128,
    "num_classes": 23,
    "emb_size_audio": 512,
    "emb_size_text": 512,
    "dropout": 0.1,
    "use_batch_norm": true,
    "mode": "both",
    "num_folds": 5,
    "fold_id": 1,
    "batch_size": 64,
    "random_seed": 1821
  }
}