{
  "attention_audio": [
    0.514437,
    0.510909,
    0.508655,
    0.509586,
    0.511569,
    0.511619,
    0.50718,
    0.512035,
    0.507992,
    0.505042,
    0.509668,
    0.505561,
    0.512553,
    0.510717,
    0.508801,
    0.510366,
    0.511394,
    0.510726,
    0.50986,
    0.514759,
    0.512796,
    0.515797,
    0.514501,
    0.513475,
    0.513708,
    0.514497,
    0.511761,
    0.512054,
    0.512257,
    0.512512
  ],
  "attention_text": [
    0.485563,
    0.489091,
    0.491344,
    0.490414,
    0.488431,
    0.488381,
    0.49282,
    0.487965,
    0.492008,
    0.494958,
    0.490332,
    0.494439,
    0.487447,
    0.489283,
    0.491199,
    0.489633,
    0.488606,
    0.489274,
    0.49014,
    0.485241,
    0.487204,
    0.484203,
    0.485499,
    0.486525,
    0.486292,
    0.485503,
    0.488239,
    0.487946,
    0.487743,
    0.487488
  ],
  "train_cls_loss": [
    2.522167,
    1.91644,
    1.728741,
    1.715006,
    1.581003,
    1.575859,
    1.530584,
    1.55258,
    1.525714,
    1.507166,
    1.466463,
    1.4167,
    1.448731,
    1.475734,
    1.44925,
    1.378126,
    1.427716,
    1.377749,
    1.358988,
    1.465399,
    1.414346,
    1.313628,
    1.283213,
    1.264374,
    1.302688,
    1.337575,
    1.350771,
    1.262075,
    1.311414,
    1.292022
  ],
  "train_total_loss": [
    2.522167,
    1.91644,
    1.728741,
    1.715006,
    1.581003,
    1.575859,
    1.530584,
    1.55258,
    1.525714,
    1.507166,
    1.466463,
    1.4167,
    1.448731,
    1.475734,
    1.44925,
    1.378126,
    1.427716,
    1.377749,
    1.358988,
    1.465399,
    1.414346,
    1.313628,
    1.283213,
    1.264374,
    1.302688,
    1.337575,
    1.350771,
    1.262075,
    1.311414,
    1.292022
  ],
  "learning_rates": [
    0.001,
    0.001,
    0.001,
    0.001,
    0.001,
    0.001,
    0.001,
    0.001,
    0.001,
    0.001,
    0.001,
    0.001,
    0.001,
    0.001,
    0.001,
    0.001,
    0.001,
    0.001,
    0.001,
    0.001,
    0.0005,
    0.0005,
    0.0005,
    0.0005,
    0.0005,
    0.0005,
    0.0005,
    0.0005,
    0.0005,
    0.0005
  ],
  "val_accuracy": [
    62.179122,
    70.108386,
    74.500856,
    75.413577,
    75.984027,
    79.007416,
    77.752424,
    78.836281,
    79.121506,
    79.749002,
    79.634912,
    78.779236,
    79.749002,
    79.235596,
    81.003993,
    79.806047,
    80.832858,
    80.775813,
    79.463776,
    80.148317,
    80.718768,
    80.490588,
    80.604678,
    80.832858,
    79.806047,
    80.433542,
    80.205362,
    80.775813,
    80.661723,
    81.003993
  ],
  "model_info": {
    "model_class": "BaseClassifier",
    "hidden_size": 128,
    "num_classes": 23,
    "emb_size_audio": 512,
    "emb_size_text": 512,
    "dropout": 0.1,
    "use_batch_norm": true,
    "mode": "both",
    "num_folds": 5,
    "fold_id": 3,
    "batch_size": 64,
    "random_seed": 1821
  }
}