{
  "attention_audio": [
    0.506354,
    0.502437,
    0.492472,
    0.48956,
    0.484412,
    0.486706,
    0.485126,
    0.484626,
    0.486745,
    0.487044,
    0.489282,
    0.489898,
    0.488686,
    0.487391,
    0.485008,
    0.488382,
    0.486355,
    0.488475,
    0.49092,
    0.490368,
    0.489065,
    0.49111,
    0.490279,
    0.494605,
    0.48901,
    0.490567,
    0.49,
    0.491565,
    0.489994,
    0.492927,
    0.491895,
    0.493999,
    0.496837,
    0.494267,
    0.494836,
    0.495147
  ],
  "attention_text": [
    0.493646,
    0.497563,
    0.507528,
    0.51044,
    0.515588,
    0.513294,
    0.514874,
    0.515374,
    0.513255,
    0.512956,
    0.510718,
    0.510102,
    0.511314,
    0.512609,
    0.514992,
    0.511618,
    0.513645,
    0.511526,
    0.50908,
    0.509632,
    0.510935,
    0.50889,
    0.509721,
    0.505395,
    0.51099,
    0.509433,
    0.51,
    0.508435,
    0.510006,
    0.507073,
    0.508105,
    0.506001,
    0.503163,
    0.505733,
    0.505164,
    0.504853
  ],
  "train_cls_loss": [
    2.365938,
    1.488829,
    1.258986,
    1.126082,
    1.032712,
    0.96977,
    0.903937,
    0.87222,
    0.84845,
    0.813904,
    0.784199,
    0.765428,
    0.736914,
    0.70012,
    0.69687,
    0.68615,
    0.671718,
    0.655732,
    0.637672,
    0.626044,
    0.545821,
    0.51765,
    0.48003,
    0.473887,
    0.482487,
    0.463604,
    0.465885,
    0.461397,
    0.433553,
    0.43293,
    0.42829,
    0.419272,
    0.41453,
    0.393631,
    0.389792,
    0.391917
  ],
  "train_total_loss": [
    2.365938,
    1.488829,
    1.258986,
    1.126082,
    1.032712,
    0.96977,
    0.903937,
    0.87222,
    0.84845,
    0.813904,
    0.784199,
    0.765428,
    0.736914,
    0.70012,
    0.69687,
    0.68615,
    0.671718,
    0.655732,
    0.637672,
    0.626044,
    0.545821,
    0.51765,
    0.48003,
    0.473887,
    0.482487,
    0.463604,
    0.465885,
    0.461397,
    0.433553,
    0.43293,
    0.42829,
    0.419272,
    0.41453,
    0.393631,
    0.389792,
    0.391917
  ],
  "learning_rates": [
    0.001,
    0.001,
    0.001,
    0.001,
    0.001,
    0.001,
    0.001,
    0.001,
    0.001,
    0.001,
    0.001,
    0.001,
    0.001,
    0.001,
    0.001,
    0.001,
    0.001,
    0.001,
    0.001,
    0.001,
    0.0005,
    0.0005,
    0.0005,
    0.0005,
    0.0005,
    0.0005,
    0.0005,
    0.0005,
    0.0005,
    0.0005,
    0.0005,
    0.0005,
    0.0005,
    0.0005,
    0.0005,
    0.0005
  ],
  "val_accuracy": [
    58.357102,
    65.20251,
    68.339989,
    74.729036,
    75.128351,
    77.980605,
    79.121506,
    75.584712,
    78.15174,
    77.980605,
    78.551055,
    78.779236,
    78.03765,
    77.866515,
    78.722191,
    79.749002,
    78.722191,
    79.235596,
    78.836281,
    78.893326,
    81.289218,
    79.806047,
    80.205362,
    79.178551,
    80.376497,
    80.319452,
    78.665145,
    79.520821,
    79.121506,
    78.6081,
    79.178551,
    79.178551,
    80.376497,
    79.406731,
    78.722191,
    79.406731
  ],
  "model_info": {
    "model_class": "BaseClassifier",
    "hidden_size": 128,
    "num_classes": 23,
    "emb_size_audio": 512,
    "emb_size_text": 512,
    "dropout": 0.1,
    "use_batch_norm": true,
    "mode": "both",
    "num_folds": 5,
    "fold_id": 4,
    "batch_size": 64,
    "random_seed": 1821
  }
}