{
  "train_cls_loss": [
    1.783864,
    1.300033,
    1.163178,
    1.108393,
    1.058062,
    1.109107,
    0.997463,
    0.993363,
    0.931145,
    0.960015,
    0.909212,
    0.955547,
    0.918149,
    0.904491,
    0.832344,
    0.842188,
    0.837475,
    0.805346,
    0.790902,
    0.850781,
    0.761927,
    0.774187,
    0.696709,
    0.819958,
    0.773438,
    0.7828,
    0.834033,
    0.800091,
    0.741696,
    0.760316,
    0.802623,
    0.685849,
    0.684305,
    0.788955,
    0.706771,
    0.68434,
    0.784864,
    0.649518,
    0.748244,
    0.764892,
    0.707022,
    0.63742,
    0.646424,
    0.648653,
    0.637322,
    0.650699,
    0.667718,
    0.698773,
    0.698395,
    0.628959,
    0.579044
  ],
  "train_total_loss": [
    1.783864,
    1.300033,
    1.163178,
    1.108393,
    1.058062,
    1.109107,
    0.997463,
    0.993363,
    0.931145,
    0.960015,
    0.909212,
    0.955547,
    0.918149,
    0.904491,
    0.832344,
    0.842188,
    0.837475,
    0.805346,
    0.790902,
    0.850781,
    0.761927,
    0.774187,
    0.696709,
    0.819958,
    0.773438,
    0.7828,
    0.834033,
    0.800091,
    0.741696,
    0.760316,
    0.802623,
    0.685849,
    0.684305,
    0.788955,
    0.706771,
    0.68434,
    0.784864,
    0.649518,
    0.748244,
    0.764892,
    0.707022,
    0.63742,
    0.646424,
    0.648653,
    0.637322,
    0.650699,
    0.667718,
    0.698773,
    0.698395,
    0.628959,
    0.579044
  ],
  "learning_rates": [
    0.001,
    0.001,
    0.001,
    0.001,
    0.001,
    0.001,
    0.001,
    0.001,
    0.001,
    0.001,
    0.001,
    0.001,
    0.001,
    0.001,
    0.001,
    0.001,
    0.001,
    0.001,
    0.001,
    0.001,
    0.0005,
    0.0005,
    0.0005,
    0.0005,
    0.0005,
    0.0005,
    0.0005,
    0.0005,
    0.0005,
    0.0005,
    0.0005,
    0.0005,
    0.0005,
    0.0005,
    0.0005,
    0.0005,
    0.0005,
    0.0005,
    0.0005,
    0.0005,
    0.00025,
    0.00025,
    0.00025,
    0.00025,
    0.00025,
    0.00025,
    0.00025,
    0.00025,
    0.00025,
    0.00025,
    0.00025
  ],
  "val_accuracy": [
    57.672561,
    66.628637,
    69.994295,
    71.135197,
    71.363377,
    74.386766,
    75.071306,
    73.53109,
    74.900171,
    75.242442,
    75.812892,
    74.729036,
    75.584712,
    75.584712,
    76.155163,
    76.383343,
    75.242442,
    76.041072,
    76.440388,
    76.041072,
    77.124929,
    77.581289,
    77.296064,
    76.839703,
    77.467199,
    76.953793,
    76.554478,
    77.752424,
    77.010839,
    76.896748,
    77.067884,
    77.181974,
    77.010839,
    77.524244,
    76.953793,
    78.26583,
    76.896748,
    77.296064,
    76.725613,
    76.383343,
    76.668568,
    76.953793,
    77.695379,
    77.124929,
    77.010839,
    77.181974,
    77.181974,
    77.124929,
    77.067884,
    76.839703,
    77.124929
  ],
  "model_info": {
    "model_class": "BaseClassifier",
    "hidden_size": 128,
    "num_classes": 23,
    "emb_size_audio": 512,
    "emb_size_text": 0,
    "dropout": 0.1,
    "use_batch_norm": true,
    "mode": "audio",
    "num_folds": 5,
    "fold_id": 3,
    "batch_size": 64,
    "random_seed": 1821
  }
}