{
  "attention_audio": [
    0.50274,
    0.507681,
    0.496222,
    0.499867,
    0.502542,
    0.498805,
    0.496688,
    0.49736,
    0.497437,
    0.498525,
    0.501057,
    0.494156,
    0.496113,
    0.498897,
    0.498539,
    0.502322,
    0.501167,
    0.500461,
    0.50049,
    0.505153,
    0.505399,
    0.502035,
    0.505103,
    0.506353,
    0.506317,
    0.508131,
    0.508453,
    0.508124,
    0.507667,
    0.510498,
    0.509794,
    0.506504,
    0.506231,
    0.508933,
    0.508058,
    0.511406,
    0.509537,
    0.509897
  ],
  "attention_text": [
    0.49726,
    0.492319,
    0.503778,
    0.500133,
    0.497458,
    0.501195,
    0.503312,
    0.50264,
    0.502563,
    0.501475,
    0.498943,
    0.505844,
    0.503887,
    0.501103,
    0.501461,
    0.497678,
    0.498833,
    0.499539,
    0.49951,
    0.494847,
    0.494601,
    0.497965,
    0.494898,
    0.493647,
    0.493683,
    0.491869,
    0.491546,
    0.491876,
    0.492333,
    0.489502,
    0.490206,
    0.493497,
    0.493769,
    0.491067,
    0.491942,
    0.488594,
    0.490463,
    0.490103
  ],
  "train_cls_loss": [
    2.309821,
    1.468549,
    1.20593,
    1.060498,
    0.945247,
    0.872789,
    0.837709,
    0.786882,
    0.754744,
    0.730284,
    0.713686,
    0.675066,
    0.658654,
    0.607944,
    0.628915,
    0.595223,
    0.582254,
    0.564539,
    0.554143,
    0.535378,
    0.438293,
    0.436828,
    0.412238,
    0.424859,
    0.38864,
    0.388893,
    0.391167,
    0.361299,
    0.340702,
    0.346401,
    0.357843,
    0.342354,
    0.339058,
    0.325063,
    0.325067,
    0.307434,
    0.297958,
    0.278884
  ],
  "train_contrastive_loss": [
    3.837806,
    3.593555,
    3.550086,
    3.543258,
    3.506317,
    3.481447,
    3.473046,
    3.447891,
    3.43724,
    3.433082,
    3.409318,
    3.395588,
    3.385716,
    3.368823,
    3.377282,
    3.372049,
    3.362611,
    3.337802,
    3.33319,
    3.334406,
    3.294353,
    3.296756,
    3.283344,
    3.289396,
    3.263462,
    3.265067,
    3.263349,
    3.256838,
    3.241423,
    3.243362,
    3.247236,
    3.240197,
    3.232436,
    3.235273,
    3.238868,
    3.215504,
    3.211004,
    3.212708
  ],
  "train_total_loss": [
    4.228724,
    3.265326,
    2.980973,
    2.832127,
    2.698405,
    2.613513,
    2.574232,
    2.510828,
    2.473364,
    2.446826,
    2.418345,
    2.37286,
    2.351512,
    2.292356,
    2.317556,
    2.281248,
    2.26356,
    2.23344,
    2.220738,
    2.202581,
    2.08547,
    2.085205,
    2.05391,
    2.069557,
    2.020371,
    2.021426,
    2.022841,
    1.989718,
    1.961414,
    1.968082,
    1.981461,
    1.962453,
    1.955276,
    1.9427,
    1.944501,
    1.915185,
    1.90346,
    1.885238
  ],
  "learning_rates": [
    0.001,
    0.001,
    0.001,
    0.001,
    0.001,
    0.001,
    0.001,
    0.001,
    0.001,
    0.001,
    0.001,
    0.001,
    0.001,
    0.001,
    0.001,
    0.001,
    0.001,
    0.001,
    0.001,
    0.001,
    0.0005,
    0.0005,
    0.0005,
    0.0005,
    0.0005,
    0.0005,
    0.0005,
    0.0005,
    0.0005,
    0.0005,
    0.0005,
    0.0005,
    0.0005,
    0.0005,
    0.0005,
    0.0005,
    0.0005,
    0.0005
  ],
  "val_accuracy": [
    51.968055,
    59.326868,
    69.48089,
    72.789504,
    74.843126,
    76.269253,
    75.185396,
    77.524244,
    76.440388,
    77.181974,
    78.26583,
    78.436965,
    79.178551,
    79.691957,
    79.349686,
    78.722191,
    78.665145,
    79.406731,
    80.718768,
    78.722191,
    80.604678,
    80.490588,
    80.889903,
    80.091272,
    80.034227,
    79.292641,
    80.319452,
    79.406731,
    79.292641,
    79.634912,
    79.920137,
    78.665145,
    80.091272,
    79.463776,
    79.292641,
    79.691957,
    80.661723,
    80.490588
  ],
  "model_info": {
    "model_class": "BaseClassifier",
    "hidden_size": 128,
    "num_classes": 23,
    "emb_size_audio": 512,
    "emb_size_text": 512,
    "dropout": 0.1,
    "use_batch_norm": true,
    "mode": "both",
    "num_folds": 5,
    "fold_id": 4,
    "batch_size": 64,
    "random_seed": 1821
  }
}