{
  "train_cls_loss": [
    2.372376,
    1.527776,
    1.309271,
    1.180776,
    1.116123,
    1.041499,
    0.993188,
    0.956678,
    0.921288,
    0.900549,
    0.875153,
    0.851039,
    0.820248,
    0.802208,
    0.792337,
    0.753614,
    0.74924,
    0.75337,
    0.753551,
    0.721338,
    0.640808,
    0.622905,
    0.610209,
    0.602112,
    0.582554,
    0.572742,
    0.565752,
    0.552857,
    0.544336,
    0.533836,
    0.533135,
    0.537884,
    0.509699,
    0.512974,
    0.502795,
    0.491043,
    0.4665
  ],
  "train_total_loss": [
    2.372376,
    1.527776,
    1.309271,
    1.180776,
    1.116123,
    1.041499,
    0.993188,
    0.956678,
    0.921288,
    0.900549,
    0.875153,
    0.851039,
    0.820248,
    0.802208,
    0.792337,
    0.753614,
    0.74924,
    0.75337,
    0.753551,
    0.721338,
    0.640808,
    0.622905,
    0.610209,
    0.602112,
    0.582554,
    0.572742,
    0.565752,
    0.552857,
    0.544336,
    0.533836,
    0.533135,
    0.537884,
    0.509699,
    0.512974,
    0.502795,
    0.491043,
    0.4665
  ],
  "learning_rates": [
    0.001,
    0.001,
    0.001,
    0.001,
    0.001,
    0.001,
    0.001,
    0.001,
    0.001,
    0.001,
    0.001,
    0.001,
    0.001,
    0.001,
    0.001,
    0.001,
    0.001,
    0.001,
    0.001,
    0.001,
    0.0005,
    0.0005,
    0.0005,
    0.0005,
    0.0005,
    0.0005,
    0.0005,
    0.0005,
    0.0005,
    0.0005,
    0.0005,
    0.0005,
    0.0005,
    0.0005,
    0.0005,
    0.0005,
    0.0005
  ],
  "val_accuracy": [
    57.976879,
    64.566474,
    68.67052,
    72.601156,
    73.063584,
    73.930636,
    73.641618,
    72.774566,
    74.739884,
    76.820809,
    74.450867,
    76.358382,
    76.127168,
    75.549133,
    75.433526,
    76.300578,
    76.242775,
    76.416185,
    77.052023,
    75.549133,
    76.763006,
    77.572254,
    77.34104,
    77.572254,
    75.491329,
    76.589595,
    76.763006,
    76.127168,
    76.763006,
    77.283237,
    76.473988,
    76.99422,
    76.878613,
    76.069364,
    76.473988,
    75.780347,
    76.820809
  ],
  "model_info": {
    "model_class": "BaseClassifier",
    "hidden_size": 128,
    "num_classes": 23,
    "emb_size_audio": 512,
    "emb_size_text": 0,
    "dropout": 0.1,
    "use_batch_norm": true,
    "mode": "audio",
    "num_folds": 5,
    "fold_id": 0,
    "batch_size": 64,
    "random_seed": 1821
  }
}