{
  "attention_audio": [
    0.487388,
    0.463472,
    0.469905,
    0.469046,
    0.469697,
    0.468371,
    0.468602,
    0.467936,
    0.465427,
    0.464865,
    0.465818,
    0.466403,
    0.468153,
    0.469829,
    0.469446,
    0.468634,
    0.47209,
    0.47081,
    0.47272,
    0.471187,
    0.473438,
    0.47376,
    0.475504,
    0.4757,
    0.478827,
    0.479855,
    0.48,
    0.480457,
    0.481247,
    0.479805,
    0.478867,
    0.478802,
    0.479125,
    0.482253,
    0.482937,
    0.484416,
    0.48523,
    0.483885,
    0.486266,
    0.487656,
    0.487468,
    0.485662,
    0.487687,
    0.487569,
    0.487167,
    0.4882,
    0.487696,
    0.488625,
    0.489108,
    0.488499
  ],
  "attention_text": [
    0.512612,
    0.536528,
    0.530095,
    0.530954,
    0.530303,
    0.531629,
    0.531398,
    0.532064,
    0.534573,
    0.535135,
    0.534182,
    0.533597,
    0.531847,
    0.530171,
    0.530554,
    0.531366,
    0.52791,
    0.52919,
    0.52728,
    0.528813,
    0.526562,
    0.52624,
    0.524496,
    0.5243,
    0.521173,
    0.520145,
    0.52,
    0.519543,
    0.518753,
    0.520195,
    0.521133,
    0.521199,
    0.520875,
    0.517747,
    0.517063,
    0.515584,
    0.51477,
    0.516115,
    0.513734,
    0.512344,
    0.512532,
    0.514338,
    0.512313,
    0.512431,
    0.512833,
    0.5118,
    0.512304,
    0.511375,
    0.510892,
    0.511501
  ],
  "train_cls_loss": [
    2.248531,
    1.387114,
    1.182982,
    1.083345,
    0.978894,
    0.94497,
    0.889044,
    0.854767,
    0.815943,
    0.79624,
    0.762037,
    0.727688,
    0.703884,
    0.681275,
    0.673563,
    0.661352,
    0.64125,
    0.641871,
    0.58917,
    0.585672,
    0.528993,
    0.48072,
    0.471781,
    0.444964,
    0.459943,
    0.422291,
    0.434212,
    0.427625,
    0.411343,
    0.408044,
    0.404478,
    0.37727,
    0.377973,
    0.36719,
    0.38093,
    0.35521,
    0.357038,
    0.354347,
    0.357615,
    0.34655,
    0.308125,
    0.278371,
    0.269402,
    0.280002,
    0.265476,
    0.270021,
    0.275252,
    0.259927,
    0.254684,
    0.26568
  ],
  "train_top_cls_loss": [
    0.961307,
    0.561257,
    0.50949,
    0.471076,
    0.433433,
    0.427767,
    0.411825,
    0.390339,
    0.382741,
    0.361124,
    0.351894,
    0.350762,
    0.333129,
    0.32485,
    0.317472,
    0.322347,
    0.302989,
    0.305701,
    0.28752,
    0.295425,
    0.25723,
    0.239119,
    0.232817,
    0.218459,
    0.236047,
    0.215163,
    0.213814,
    0.218521,
    0.210127,
    0.206417,
    0.201858,
    0.190007,
    0.19817,
    0.188034,
    0.195003,
    0.177706,
    0.180879,
    0.175634,
    0.181986,
    0.172923,
    0.164442,
    0.137482,
    0.13798,
    0.14651,
    0.132566,
    0.141766,
    0.145847,
    0.131618,
    0.131469,
    0.13406
  ],
  "train_total_loss": [
    2.536923,
    1.555491,
    1.33583,
    1.224667,
    1.108923,
    1.073301,
    1.012591,
    0.971869,
    0.930765,
    0.904577,
    0.867605,
    0.832916,
    0.803823,
    0.77873,
    0.768804,
    0.758056,
    0.732146,
    0.733581,
    0.675426,
    0.674299,
    0.606162,
    0.552456,
    0.541627,
    0.510502,
    0.530757,
    0.48684,
    0.498356,
    0.493181,
    0.474381,
    0.469969,
    0.465035,
    0.434272,
    0.437424,
    0.4236,
    0.439431,
    0.408522,
    0.411302,
    0.407037,
    0.412211,
    0.398427,
    0.357458,
    0.319616,
    0.310796,
    0.323955,
    0.305245,
    0.312551,
    0.319006,
    0.299413,
    0.294125,
    0.305898
  ],
  "learning_rates": [
    0.001,
    0.001,
    0.001,
    0.001,
    0.001,
    0.001,
    0.001,
    0.001,
    0.001,
    0.001,
    0.001,
    0.001,
    0.001,
    0.001,
    0.001,
    0.001,
    0.001,
    0.001,
    0.001,
    0.001,
    0.0005,
    0.0005,
    0.0005,
    0.0005,
    0.0005,
    0.0005,
    0.0005,
    0.0005,
    0.0005,
    0.0005,
    0.0005,
    0.0005,
    0.0005,
    0.0005,
    0.0005,
    0.0005,
    0.0005,
    0.0005,
    0.0005,
    0.0005,
    0.00025,
    0.00025,
    0.00025,
    0.00025,
    0.00025,
    0.00025,
    0.00025,
    0.00025,
    0.00025,
    0.00025
  ],
  "val_accuracy": [
    61.321839,
    67.586207,
    71.609195,
    71.666667,
    72.931034,
    75.0,
    73.965517,
    74.022989,
    75.632184,
    76.954023,
    75.862069,
    77.586207,
    77.356322,
    77.241379,
    77.011494,
    77.183908,
    78.218391,
    78.390805,
    78.793103,
    78.908046,
    78.505747,
    77.816092,
    77.643678,
    77.701149,
    78.62069,
    79.08046,
    78.16092,
    78.965517,
    78.045977,
    77.873563,
    77.816092,
    78.16092,
    77.931034,
    78.275862,
    79.310345,
    78.045977,
    78.333333,
    77.873563,
    78.16092,
    77.643678,
    77.758621,
    77.586207,
    78.275862,
    77.413793,
    78.850575,
    78.218391,
    77.873563,
    77.068966,
    77.701149,
    78.045977
  ],
  "model_info": {
    "model_class": "BaseClassifier",
    "hidden_size": 128,
    "num_classes": 23,
    "emb_size_audio": 768,
    "emb_size_text": 512,
    "dropout": 0.1,
    "use_batch_norm": true,
    "mode": "both",
    "num_folds": 5,
    "fold_id": 0,
    "batch_size": 64,
    "random_seed": 1821
  }
}