{
  "attention_audio": [
    0.410107,
    0.379099,
    0.354725,
    0.339747,
    0.324089,
    0.313656,
    0.305533,
    0.303713,
    0.297314,
    0.297453,
    0.303281,
    0.302308,
    0.304022,
    0.303592,
    0.296855,
    0.297305,
    0.298818,
    0.300235,
    0.301044,
    0.301593,
    0.293587,
    0.287192,
    0.285788,
    0.287442,
    0.288798,
    0.288178,
    0.280204,
    0.279651,
    0.281509,
    0.283783,
    0.285604,
    0.282979,
    0.28068,
    0.279744,
    0.283572,
    0.285054,
    0.284148,
    0.28141,
    0.281981,
    0.286231,
    0.285296,
    0.280038,
    0.27866,
    0.278652,
    0.277429,
    0.277578
  ],
  "attention_text": [
    0.589893,
    0.620901,
    0.645275,
    0.660253,
    0.675911,
    0.686344,
    0.694467,
    0.696287,
    0.702686,
    0.702547,
    0.696719,
    0.697692,
    0.695978,
    0.696408,
    0.703145,
    0.702695,
    0.701182,
    0.699765,
    0.698956,
    0.698407,
    0.706413,
    0.712808,
    0.714212,
    0.712558,
    0.711202,
    0.711822,
    0.719796,
    0.720349,
    0.718491,
    0.716217,
    0.714396,
    0.717021,
    0.71932,
    0.720256,
    0.716428,
    0.714946,
    0.715852,
    0.71859,
    0.718019,
    0.713769,
    0.714704,
    0.719962,
    0.72134,
    0.721348,
    0.722571,
    0.722422
  ],
  "train_cls_loss": [
    0.560126,
    0.398561,
    0.35447,
    0.342024,
    0.304355,
    0.309583,
    0.310658,
    0.283798,
    0.289126,
    0.282538,
    0.2695,
    0.279607,
    0.272998,
    0.259418,
    0.253158,
    0.256225,
    0.248059,
    0.259395,
    0.25763,
    0.250936,
    0.224774,
    0.214975,
    0.217455,
    0.214512,
    0.210901,
    0.213084,
    0.216974,
    0.21761,
    0.227821,
    0.1912,
    0.208495,
    0.212933,
    0.210942,
    0.211356,
    0.214256,
    0.20354,
    0.200026,
    0.210481,
    0.206313,
    0.212358,
    0.184739,
    0.18924,
    0.185042,
    0.186287,
    0.187466,
    0.181062
  ],
  "train_total_loss": [
    0.560126,
    0.398561,
    0.35447,
    0.342024,
    0.304355,
    0.309583,
    0.310658,
    0.283798,
    0.289126,
    0.282538,
    0.2695,
    0.279607,
    0.272998,
    0.259418,
    0.253158,
    0.256225,
    0.248059,
    0.259395,
    0.25763,
    0.250936,
    0.224774,
    0.214975,
    0.217455,
    0.214512,
    0.210901,
    0.213084,
    0.216974,
    0.21761,
    0.227821,
    0.1912,
    0.208495,
    0.212933,
    0.210942,
    0.211356,
    0.214256,
    0.20354,
    0.200026,
    0.210481,
    0.206313,
    0.212358,
    0.184739,
    0.18924,
    0.185042,
    0.186287,
    0.187466,
    0.181062
  ],
  "learning_rates": [
    0.001,
    0.001,
    0.001,
    0.001,
    0.001,
    0.001,
    0.001,
    0.001,
    0.001,
    0.001,
    0.001,
    0.001,
    0.001,
    0.001,
    0.001,
    0.001,
    0.001,
    0.001,
    0.001,
    0.001,
    0.0005,
    0.0005,
    0.0005,
    0.0005,
    0.0005,
    0.0005,
    0.0005,
    0.0005,
    0.0005,
    0.0005,
    0.0005,
    0.0005,
    0.0005,
    0.0005,
    0.0005,
    0.0005,
    0.0005,
    0.0005,
    0.0005,
    0.0005,
    0.00025,
    0.00025,
    0.00025,
    0.00025,
    0.00025,
    0.00025
  ],
  "val_accuracy": [
    62.521392,
    69.3668,
    70.964062,
    74.32972,
    75.185396,
    76.782658,
    76.611523,
    78.094695,
    77.980605,
    77.467199,
    78.551055,
    78.6081,
    78.094695,
    79.292641,
    79.292641,
    78.15174,
    78.15174,
    80.034227,
    79.577867,
    80.091272,
    80.832858,
    80.262407,
    79.634912,
    80.661723,
    80.319452,
    79.806047,
    80.091272,
    80.319452,
    80.718768,
    79.920137,
    81.003993,
    79.806047,
    79.121506,
    79.977182,
    80.205362,
    79.863092,
    79.806047,
    79.406731,
    79.749002,
    78.950371,
    80.034227,
    80.148317,
    80.034227,
    79.691957,
    80.433542,
    79.691957
  ],
  "model_info": {
    "model_class": "BaseClassifier",
    "hidden_size": 128,
    "num_classes": 23,
    "emb_size_audio": 512,
    "emb_size_text": 512,
    "dropout": 0.1,
    "use_batch_norm": true,
    "mode": "both",
    "num_folds": 5,
    "fold_id": 3,
    "batch_size": 64,
    "random_seed": 1821
  }
}