{
  "attention_audio": [
    0.507106,
    0.512345,
    0.502743,
    0.499433,
    0.501576,
    0.503911,
    0.50469,
    0.505353,
    0.505104,
    0.506118,
    0.50604,
    0.502248,
    0.505288,
    0.506972,
    0.502511,
    0.503661,
    0.506086,
    0.505868,
    0.509111,
    0.508669,
    0.508487,
    0.504424,
    0.508669,
    0.505645,
    0.507547,
    0.505312,
    0.507161,
    0.508762,
    0.509705,
    0.511203,
    0.510707,
    0.511745,
    0.508772,
    0.508618,
    0.509879,
    0.510089,
    0.509652
  ],
  "attention_text": [
    0.492894,
    0.487655,
    0.497257,
    0.500567,
    0.498425,
    0.496088,
    0.49531,
    0.494647,
    0.494896,
    0.493882,
    0.49396,
    0.497752,
    0.494711,
    0.493028,
    0.497489,
    0.496339,
    0.493914,
    0.494132,
    0.490889,
    0.491331,
    0.491513,
    0.495576,
    0.491331,
    0.494355,
    0.492453,
    0.494688,
    0.492839,
    0.491238,
    0.490295,
    0.488797,
    0.489293,
    0.488255,
    0.491228,
    0.491382,
    0.490121,
    0.489911,
    0.490348
  ],
  "train_cls_loss": [
    2.274737,
    1.479548,
    1.258635,
    1.113795,
    1.02803,
    0.934031,
    0.889415,
    0.843436,
    0.805545,
    0.780106,
    0.761007,
    0.75798,
    0.715571,
    0.693929,
    0.666839,
    0.651247,
    0.639148,
    0.623062,
    0.608317,
    0.596421,
    0.543534,
    0.49084,
    0.471602,
    0.466552,
    0.454963,
    0.452781,
    0.453468,
    0.425681,
    0.426343,
    0.409002,
    0.426819,
    0.415755,
    0.414201,
    0.390701,
    0.390664,
    0.387643,
    0.392084
  ],
  "train_top_cls_loss": [
    0.79721,
    0.487192,
    0.445785,
    0.432035,
    0.418264,
    0.381318,
    0.375324,
    0.35372,
    0.347522,
    0.342382,
    0.331728,
    0.331826,
    0.317337,
    0.302812,
    0.288172,
    0.294343,
    0.28493,
    0.284237,
    0.274805,
    0.273708,
    0.247189,
    0.214892,
    0.216758,
    0.205506,
    0.209345,
    0.202329,
    0.204811,
    0.19092,
    0.188749,
    0.181917,
    0.192356,
    0.182526,
    0.183747,
    0.175663,
    0.170976,
    0.16863,
    0.176715
  ],
  "train_total_loss": [
    2.832784,
    1.820582,
    1.570685,
    1.416219,
    1.320814,
    1.200953,
    1.152142,
    1.09104,
    1.048811,
    1.019773,
    0.993217,
    0.990258,
    0.937707,
    0.905898,
    0.86856,
    0.857288,
    0.838599,
    0.822028,
    0.80068,
    0.788017,
    0.716567,
    0.641264,
    0.623333,
    0.610406,
    0.601505,
    0.594411,
    0.596835,
    0.559325,
    0.558467,
    0.536344,
    0.561468,
    0.543523,
    0.542823,
    0.513665,
    0.510348,
    0.505684,
    0.515784
  ],
  "learning_rates": [
    0.001,
    0.001,
    0.001,
    0.001,
    0.001,
    0.001,
    0.001,
    0.001,
    0.001,
    0.001,
    0.001,
    0.001,
    0.001,
    0.001,
    0.001,
    0.001,
    0.001,
    0.001,
    0.001,
    0.001,
    0.0005,
    0.0005,
    0.0005,
    0.0005,
    0.0005,
    0.0005,
    0.0005,
    0.0005,
    0.0005,
    0.0005,
    0.0005,
    0.0005,
    0.0005,
    0.0005,
    0.0005,
    0.0005,
    0.0005
  ],
  "val_accuracy": [
    54.363948,
    63.262978,
    70.792926,
    73.302909,
    75.869937,
    76.668568,
    77.181974,
    77.353109,
    78.779236,
    78.436965,
    78.208785,
    80.034227,
    80.034227,
    79.235596,
    79.406731,
    79.863092,
    79.349686,
    79.863092,
    80.034227,
    79.806047,
    80.604678,
    81.003993,
    80.034227,
    80.433542,
    79.749002,
    80.604678,
    80.775813,
    79.520821,
    78.950371,
    79.691957,
    80.148317,
    80.376497,
    79.577867,
    78.665145,
    79.863092,
    79.520821,
    79.806047
  ],
  "model_info": {
    "model_class": "BaseClassifier",
    "hidden_size": 128,
    "num_classes": 23,
    "emb_size_audio": 512,
    "emb_size_text": 512,
    "dropout": 0.1,
    "use_batch_norm": true,
    "mode": "both",
    "num_folds": 5,
    "fold_id": 2,
    "batch_size": 64,
    "random_seed": 1821
  }
}