{
  "train_cls_loss": [
    2.320684,
    1.444381,
    1.167581,
    1.023808,
    0.931928,
    0.855294,
    0.820843,
    0.783847,
    0.745245,
    0.685367,
    0.672869,
    0.681383,
    0.616349,
    0.611057,
    0.596718,
    0.59496,
    0.57036,
    0.575533,
    0.545598,
    0.543457,
    0.462162,
    0.442563,
    0.407174,
    0.426734,
    0.403621,
    0.409478,
    0.409606,
    0.395567,
    0.39615,
    0.385746,
    0.37366,
    0.357015,
    0.364403,
    0.369494,
    0.342597,
    0.351079,
    0.344675,
    0.335676,
    0.337505,
    0.344677,
    0.311285,
    0.281763,
    0.272692,
    0.290146,
    0.281895,
    0.279137,
    0.262234,
    0.251172,
    0.266552,
    0.250169,
    0.273256,
    0.256835,
    0.26269,
    0.261521,
    0.251058,
    0.247115,
    0.252005,
    0.245699,
    0.250305,
    0.257745,
    0.225478,
    0.227737,
    0.224746
  ],
  "train_total_loss": [
    2.320684,
    1.444381,
    1.167581,
    1.023808,
    0.931928,
    0.855294,
    0.820843,
    0.783847,
    0.745245,
    0.685367,
    0.672869,
    0.681383,
    0.616349,
    0.611057,
    0.596718,
    0.59496,
    0.57036,
    0.575533,
    0.545598,
    0.543457,
    0.462162,
    0.442563,
    0.407174,
    0.426734,
    0.403621,
    0.409478,
    0.409606,
    0.395567,
    0.39615,
    0.385746,
    0.37366,
    0.357015,
    0.364403,
    0.369494,
    0.342597,
    0.351079,
    0.344675,
    0.335676,
    0.337505,
    0.344677,
    0.311285,
    0.281763,
    0.272692,
    0.290146,
    0.281895,
    0.279137,
    0.262234,
    0.251172,
    0.266552,
    0.250169,
    0.273256,
    0.256835,
    0.26269,
    0.261521,
    0.251058,
    0.247115,
    0.252005,
    0.245699,
    0.250305,
    0.257745,
    0.225478,
    0.227737,
    0.224746
  ],
  "learning_rates": [
    0.001,
    0.001,
    0.001,
    0.001,
    0.001,
    0.001,
    0.001,
    0.001,
    0.001,
    0.001,
    0.001,
    0.001,
    0.001,
    0.001,
    0.001,
    0.001,
    0.001,
    0.001,
    0.001,
    0.001,
    0.0005,
    0.0005,
    0.0005,
    0.0005,
    0.0005,
    0.0005,
    0.0005,
    0.0005,
    0.0005,
    0.0005,
    0.0005,
    0.0005,
    0.0005,
    0.0005,
    0.0005,
    0.0005,
    0.0005,
    0.0005,
    0.0005,
    0.0005,
    0.00025,
    0.00025,
    0.00025,
    0.00025,
    0.00025,
    0.00025,
    0.00025,
    0.00025,
    0.00025,
    0.00025,
    0.00025,
    0.00025,
    0.00025,
    0.00025,
    0.00025,
    0.00025,
    0.00025,
    0.00025,
    0.00025,
    0.00025,
    0.000125,
    0.000125,
    0.000125
  ],
  "val_accuracy": [
    66.636114,
    71.494042,
    75.343721,
    78.001833,
    80.293309,
    79.560037,
    82.126489,
    83.226398,
    83.776352,
    84.051329,
    84.051329,
    82.126489,
    84.051329,
    83.409716,
    85.151237,
    82.126489,
    84.87626,
    84.784601,
    85.334555,
    86.434464,
    86.342805,
    86.709441,
    85.88451,
    86.526123,
    85.792851,
    85.88451,
    85.701192,
    85.609533,
    85.059578,
    85.517874,
    86.067828,
    85.701192,
    86.342805,
    87.259395,
    86.159487,
    85.609533,
    85.242896,
    86.342805,
    86.159487,
    86.067828,
    86.526123,
    86.434464,
    86.709441,
    86.617782,
    86.709441,
    87.259395,
    86.342805,
    87.351054,
    87.167736,
    86.526123,
    86.526123,
    86.984418,
    86.159487,
    86.526123,
    86.892759,
    86.617782,
    86.342805,
    86.709441,
    86.159487,
    85.976169,
    86.526123,
    86.434464,
    85.701192
  ],
  "model_info": {
    "model_class": "BaseClassifier",
    "hidden_size": 128,
    "num_classes": 23,
    "emb_size_audio": 512,
    "emb_size_text": 0,
    "dropout": 0.1,
    "use_batch_norm": true,
    "mode": "audio",
    "num_folds": 5,
    "fold_id": 4,
    "batch_size": 64,
    "random_seed": 1821
  }
}