{
  "attention_audio": [
    0.496921,
    0.51955,
    0.50672,
    0.499749,
    0.506019,
    0.510772,
    0.514546,
    0.518539,
    0.52647,
    0.528608,
    0.531953,
    0.534869,
    0.540515,
    0.538884,
    0.540992,
    0.543189,
    0.545046,
    0.548031,
    0.550494,
    0.548487,
    0.549087,
    0.551356,
    0.556114,
    0.55713,
    0.557166,
    0.558588,
    0.558897,
    0.556657,
    0.55859,
    0.560967,
    0.561806,
    0.56086,
    0.559615,
    0.564809,
    0.566799,
    0.563804,
    0.564231
  ],
  "attention_text": [
    0.503079,
    0.48045,
    0.49328,
    0.500251,
    0.493981,
    0.489228,
    0.485454,
    0.481461,
    0.47353,
    0.471392,
    0.468047,
    0.465131,
    0.459485,
    0.461116,
    0.459008,
    0.456811,
    0.454954,
    0.451969,
    0.449506,
    0.451513,
    0.450913,
    0.448644,
    0.443886,
    0.44287,
    0.442834,
    0.441412,
    0.441103,
    0.443343,
    0.44141,
    0.439033,
    0.438194,
    0.43914,
    0.440385,
    0.435191,
    0.433201,
    0.436196,
    0.435769
  ],
  "train_cls_loss": [
    2.364943,
    1.549851,
    1.295774,
    1.137331,
    1.064772,
    0.974685,
    0.902524,
    0.877879,
    0.815855,
    0.789234,
    0.757171,
    0.715656,
    0.689775,
    0.660622,
    0.638818,
    0.638294,
    0.599136,
    0.596102,
    0.560229,
    0.558932,
    0.482424,
    0.440714,
    0.425984,
    0.403855,
    0.412962,
    0.396791,
    0.384508,
    0.375997,
    0.356336,
    0.351904,
    0.344268,
    0.334003,
    0.335716,
    0.327312,
    0.298066,
    0.308429,
    0.31392
  ],
  "train_top_cls_loss": [
    0.714954,
    0.474544,
    0.421524,
    0.38697,
    0.374684,
    0.348539,
    0.340777,
    0.335512,
    0.317946,
    0.304947,
    0.294557,
    0.282481,
    0.269853,
    0.253969,
    0.252059,
    0.256954,
    0.237554,
    0.236113,
    0.214961,
    0.230702,
    0.183793,
    0.170918,
    0.162216,
    0.154916,
    0.168601,
    0.154521,
    0.147538,
    0.143642,
    0.142244,
    0.134839,
    0.137299,
    0.133706,
    0.134228,
    0.127748,
    0.125046,
    0.124545,
    0.12523
  ],
  "train_total_loss": [
    3.437374,
    2.261667,
    1.92806,
    1.717787,
    1.626799,
    1.497493,
    1.413689,
    1.381147,
    1.292774,
    1.246654,
    1.199007,
    1.139378,
    1.094554,
    1.041576,
    1.016906,
    1.023725,
    0.955466,
    0.950271,
    0.88267,
    0.904986,
    0.758113,
    0.697091,
    0.669309,
    0.63623,
    0.665863,
    0.628574,
    0.605816,
    0.59146,
    0.569702,
    0.554163,
    0.550216,
    0.534562,
    0.537057,
    0.518935,
    0.485636,
    0.495246,
    0.501765
  ],
  "learning_rates": [
    0.001,
    0.001,
    0.001,
    0.001,
    0.001,
    0.001,
    0.001,
    0.001,
    0.001,
    0.001,
    0.001,
    0.001,
    0.001,
    0.001,
    0.001,
    0.001,
    0.001,
    0.001,
    0.001,
    0.001,
    0.0005,
    0.0005,
    0.0005,
    0.0005,
    0.0005,
    0.0005,
    0.0005,
    0.0005,
    0.0005,
    0.0005,
    0.0005,
    0.0005,
    0.0005,
    0.0005,
    0.0005,
    0.0005,
    0.0005
  ],
  "val_accuracy": [
    45.91954,
    55.804598,
    64.597701,
    70.287356,
    71.781609,
    74.827586,
    75.344828,
    77.068966,
    78.275862,
    78.275862,
    78.62069,
    78.563218,
    78.448276,
    79.195402,
    78.505747,
    78.62069,
    78.793103,
    78.16092,
    79.195402,
    79.195402,
    79.827586,
    80.172414,
    79.885057,
    78.448276,
    79.770115,
    79.195402,
    78.390805,
    79.942529,
    79.195402,
    79.137931,
    79.137931,
    79.195402,
    79.770115,
    79.367816,
    79.770115,
    79.885057,
    79.08046
  ],
  "model_info": {
    "model_class": "BaseClassifier",
    "hidden_size": 128,
    "num_classes": 23,
    "emb_size_audio": 1280,
    "emb_size_text": 512,
    "dropout": 0.1,
    "use_batch_norm": true,
    "mode": "both",
    "num_folds": 5,
    "fold_id": 2,
    "batch_size": 64,
    "random_seed": 1821
  }
}