{
  "train_cls_loss": [
    2.16582,
    1.379011,
    1.200193,
    1.10842,
    1.018213,
    0.969479,
    0.931535,
    0.906033,
    0.86668,
    0.836167,
    0.815598,
    0.802194,
    0.76222,
    0.758853,
    0.748814,
    0.721117,
    0.693486,
    0.699909,
    0.669682,
    0.64193,
    0.57253,
    0.577027,
    0.565052,
    0.566814,
    0.543862,
    0.529904,
    0.508495,
    0.517186,
    0.51543,
    0.487188,
    0.491689
  ],
  "train_total_loss": [
    2.16582,
    1.379011,
    1.200193,
    1.10842,
    1.018213,
    0.969479,
    0.931535,
    0.906033,
    0.86668,
    0.836167,
    0.815598,
    0.802194,
    0.76222,
    0.758853,
    0.748814,
    0.721117,
    0.693486,
    0.699909,
    0.669682,
    0.64193,
    0.57253,
    0.577027,
    0.565052,
    0.566814,
    0.543862,
    0.529904,
    0.508495,
    0.517186,
    0.51543,
    0.487188,
    0.491689
  ],
  "learning_rates": [
    0.001,
    0.001,
    0.001,
    0.001,
    0.001,
    0.001,
    0.001,
    0.001,
    0.001,
    0.001,
    0.001,
    0.001,
    0.001,
    0.001,
    0.001,
    0.001,
    0.001,
    0.001,
    0.001,
    0.001,
    0.0005,
    0.0005,
    0.0005,
    0.0005,
    0.0005,
    0.0005,
    0.0005,
    0.0005,
    0.0005,
    0.0005,
    0.0005
  ],
  "val_accuracy": [
    58.984598,
    67.027952,
    66.799772,
    69.70907,
    71.990873,
    71.876783,
    73.75927,
    72.390188,
    75.242442,
    74.614946,
    74.671991,
    73.702225,
    73.98745,
    75.299487,
    75.527667,
    77.467199,
    76.440388,
    75.128351,
    74.671991,
    75.698802,
    76.383343,
    76.440388,
    76.041072,
    76.725613,
    76.041072,
    76.155163,
    76.497433,
    75.869937,
    76.383343,
    76.212208,
    75.984027
  ],
  "model_info": {
    "model_class": "BaseClassifier",
    "hidden_size": 128,
    "num_classes": 23,
    "emb_size_audio": 512,
    "emb_size_text": 0,
    "dropout": 0.1,
    "use_batch_norm": true,
    "mode": "audio",
    "num_folds": 5,
    "fold_id": 0,
    "batch_size": 64,
    "random_seed": 1821
  }
}