{
  "train_cls_loss": [
    0.789083,
    0.604566,
    0.554663,
    0.526569,
    0.502951,
    0.488877,
    0.475602,
    0.462601,
    0.450876,
    0.441806,
    0.431112,
    0.42496,
    0.41455,
    0.407947,
    0.400682,
    0.395355,
    0.388406,
    0.381052,
    0.374621,
    0.372814,
    0.350136,
    0.336269,
    0.336198,
    0.325531,
    0.323243,
    0.319373,
    0.317732,
    0.309747
  ],
  "train_total_loss": [
    0.789083,
    0.604566,
    0.554663,
    0.526569,
    0.502951,
    0.488877,
    0.475602,
    0.462601,
    0.450876,
    0.441806,
    0.431112,
    0.42496,
    0.41455,
    0.407947,
    0.400682,
    0.395355,
    0.388406,
    0.381052,
    0.374621,
    0.372814,
    0.350136,
    0.336269,
    0.336198,
    0.325531,
    0.323243,
    0.319373,
    0.317732,
    0.309747
  ],
  "learning_rates": [
    0.001,
    0.001,
    0.001,
    0.001,
    0.001,
    0.001,
    0.001,
    0.001,
    0.001,
    0.001,
    0.001,
    0.001,
    0.001,
    0.001,
    0.001,
    0.001,
    0.001,
    0.001,
    0.001,
    0.001,
    0.0005,
    0.0005,
    0.0005,
    0.0005,
    0.0005,
    0.0005,
    0.0005,
    0.0005
  ],
  "val_accuracy": [
    65.145465,
    68.168853,
    71.306332,
    71.933828,
    74.044495,
    72.447233,
    72.618369,
    72.618369,
    73.017684,
    74.900171,
    72.675414,
    73.816315,
    74.957216,
    73.588135,
    72.903594,
    74.32972,
    72.903594,
    72.960639,
    73.702225,
    74.557901,
    74.386766,
    73.98745,
    73.474044,
    73.416999,
    74.557901,
    73.359954,
    73.930405,
    73.98745
  ],
  "model_info": {
    "model_class": "BaseClassifier",
    "hidden_size": 128,
    "num_classes": 23,
    "emb_size_audio": 512,
    "emb_size_text": 0,
    "dropout": 0.1,
    "use_batch_norm": true,
    "mode": "audio",
    "num_folds": 5,
    "fold_id": 1,
    "batch_size": 64,
    "random_seed": 1821
  }
}