{
  "attention_audio": [
    0.478379,
    0.463727,
    0.470646,
    0.465064,
    0.462128,
    0.464743,
    0.4646,
    0.463922,
    0.462543,
    0.461878,
    0.463206,
    0.46304,
    0.468629,
    0.462381,
    0.457422,
    0.459695,
    0.462115,
    0.465254,
    0.466292,
    0.466499,
    0.466082,
    0.465797,
    0.467496,
    0.465451,
    0.469706,
    0.468318,
    0.467435,
    0.469048
  ],
  "attention_text": [
    0.521621,
    0.536273,
    0.529354,
    0.534936,
    0.537872,
    0.535257,
    0.5354,
    0.536078,
    0.537457,
    0.538122,
    0.536794,
    0.53696,
    0.531371,
    0.537619,
    0.542578,
    0.540305,
    0.537885,
    0.534746,
    0.533708,
    0.533501,
    0.533918,
    0.534203,
    0.532504,
    0.534549,
    0.530294,
    0.531682,
    0.532565,
    0.530952
  ],
  "train_cls_loss": [
    2.192202,
    1.373172,
    1.138955,
    1.019026,
    0.93987,
    0.887641,
    0.869715,
    0.820571,
    0.770242,
    0.734924,
    0.73082,
    0.705871,
    0.70341,
    0.66368,
    0.640585,
    0.648624,
    0.615432,
    0.58485,
    0.594812,
    0.560683,
    0.493859,
    0.469756,
    0.452386,
    0.448468,
    0.440931,
    0.422234,
    0.437615,
    0.403667
  ],
  "train_top_cls_loss": [
    0.885296,
    0.559204,
    0.485714,
    0.45884,
    0.427786,
    0.403595,
    0.402773,
    0.377066,
    0.363215,
    0.351432,
    0.3535,
    0.33695,
    0.333562,
    0.314558,
    0.306565,
    0.311628,
    0.297987,
    0.274518,
    0.287051,
    0.273785,
    0.234184,
    0.229906,
    0.222488,
    0.213294,
    0.209564,
    0.209132,
    0.215742,
    0.195971
  ],
  "train_total_loss": [
    2.45779,
    1.540933,
    1.28467,
    1.156678,
    1.068206,
    1.00872,
    0.990547,
    0.933691,
    0.879207,
    0.840354,
    0.83687,
    0.806956,
    0.803479,
    0.758048,
    0.732554,
    0.742112,
    0.704828,
    0.667205,
    0.680928,
    0.642818,
    0.564114,
    0.538728,
    0.519132,
    0.512456,
    0.5038,
    0.484974,
    0.502338,
    0.462458
  ],
  "learning_rates": [
    0.001,
    0.001,
    0.001,
    0.001,
    0.001,
    0.001,
    0.001,
    0.001,
    0.001,
    0.001,
    0.001,
    0.001,
    0.001,
    0.001,
    0.001,
    0.001,
    0.001,
    0.001,
    0.001,
    0.001,
    0.0005,
    0.0005,
    0.0005,
    0.0005,
    0.0005,
    0.0005,
    0.0005,
    0.0005
  ],
  "val_accuracy": [
    63.563218,
    69.252874,
    70.517241,
    72.873563,
    76.321839,
    75.229885,
    76.206897,
    76.896552,
    76.609195,
    76.436782,
    78.045977,
    77.931034,
    79.022989,
    78.735632,
    78.333333,
    77.816092,
    77.816092,
    78.505747,
    78.390805,
    78.275862,
    79.022989,
    78.793103,
    78.908046,
    78.103448,
    78.333333,
    77.816092,
    77.413793,
    77.816092
  ],
  "model_info": {
    "model_class": "BaseClassifier",
    "hidden_size": 128,
    "num_classes": 23,
    "emb_size_audio": 768,
    "emb_size_text": 512,
    "dropout": 0.1,
    "use_batch_norm": true,
    "mode": "both",
    "num_folds": 5,
    "fold_id": 3,
    "batch_size": 64,
    "random_seed": 1821
  }
}