{
  "attention_audio": [
    0.45681,
    0.433179,
    0.42975,
    0.424087,
    0.416445,
    0.416391,
    0.412005,
    0.41121,
    0.411058,
    0.412824,
    0.410472,
    0.409835,
    0.411327,
    0.410607,
    0.411826,
    0.415391,
    0.416549,
    0.420556,
    0.41826,
    0.422036,
    0.419892,
    0.42326,
    0.424706,
    0.426205,
    0.425022,
    0.425231,
    0.428167,
    0.427383,
    0.424679,
    0.427171,
    0.427447,
    0.42928,
    0.43118,
    0.43199,
    0.430868,
    0.43185,
    0.43725
  ],
  "attention_text": [
    0.54319,
    0.566821,
    0.57025,
    0.575912,
    0.583555,
    0.583609,
    0.587995,
    0.58879,
    0.588942,
    0.587176,
    0.589528,
    0.590165,
    0.588674,
    0.589393,
    0.588174,
    0.584609,
    0.583452,
    0.579444,
    0.58174,
    0.577964,
    0.580108,
    0.57674,
    0.575294,
    0.573795,
    0.574978,
    0.574769,
    0.571833,
    0.572617,
    0.575321,
    0.572829,
    0.572553,
    0.57072,
    0.56882,
    0.56801,
    0.569132,
    0.56815,
    0.56275
  ],
  "train_cls_loss": [
    0.850484,
    0.566858,
    0.506769,
    0.471848,
    0.44734,
    0.423617,
    0.413108,
    0.398334,
    0.386027,
    0.37614,
    0.364595,
    0.354491,
    0.348003,
    0.33712,
    0.330828,
    0.320798,
    0.316807,
    0.312897,
    0.304582,
    0.29723,
    0.268612,
    0.258521,
    0.251975,
    0.245624,
    0.241513,
    0.23514,
    0.2322,
    0.226094,
    0.224179,
    0.220926,
    0.215747,
    0.213935,
    0.210283,
    0.206245,
    0.203088,
    0.202032,
    0.196794
  ],
  "train_total_loss": [
    0.850484,
    0.566858,
    0.506769,
    0.471848,
    0.44734,
    0.423617,
    0.413108,
    0.398334,
    0.386027,
    0.37614,
    0.364595,
    0.354491,
    0.348003,
    0.33712,
    0.330828,
    0.320798,
    0.316807,
    0.312897,
    0.304582,
    0.29723,
    0.268612,
    0.258521,
    0.251975,
    0.245624,
    0.241513,
    0.23514,
    0.2322,
    0.226094,
    0.224179,
    0.220926,
    0.215747,
    0.213935,
    0.210283,
    0.206245,
    0.203088,
    0.202032,
    0.196794
  ],
  "learning_rates": [
    0.001,
    0.001,
    0.001,
    0.001,
    0.001,
    0.001,
    0.001,
    0.001,
    0.001,
    0.001,
    0.001,
    0.001,
    0.001,
    0.001,
    0.001,
    0.001,
    0.001,
    0.001,
    0.001,
    0.001,
    0.0005,
    0.0005,
    0.0005,
    0.0005,
    0.0005,
    0.0005,
    0.0005,
    0.0005,
    0.0005,
    0.0005,
    0.0005,
    0.0005,
    0.0005,
    0.0005,
    0.0005,
    0.0005,
    0.0005
  ],
  "val_accuracy": [
    67.313177,
    72.104963,
    73.188819,
    74.158585,
    74.957216,
    76.155163,
    75.128351,
    75.356532,
    77.410154,
    76.212208,
    76.269253,
    76.839703,
    77.124929,
    78.03765,
    75.926982,
    77.524244,
    76.896748,
    77.010839,
    77.067884,
    75.641757,
    77.92356,
    78.49401,
    77.866515,
    77.92356,
    77.92356,
    76.782658,
    76.725613,
    76.725613,
    77.809469,
    76.041072,
    77.410154,
    76.326298,
    76.896748,
    76.554478,
    77.524244,
    75.926982,
    76.782658
  ],
  "model_info": {
    "model_class": "BaseClassifier",
    "hidden_size": 128,
    "num_classes": 23,
    "emb_size_audio": 512,
    "emb_size_text": 512,
    "dropout": 0.1,
    "use_batch_norm": true,
    "mode": "both",
    "num_folds": 5,
    "fold_id": 4,
    "batch_size": 64,
    "random_seed": 1821
  }
}