{
  "attention_audio": [
    0.491635,
    0.480118,
    0.488246,
    0.489835,
    0.490138,
    0.492243,
    0.490648,
    0.494689,
    0.494396,
    0.496911,
    0.496657,
    0.49546,
    0.494114,
    0.498018,
    0.499784,
    0.499027,
    0.500843,
    0.502425,
    0.500751,
    0.500159,
    0.501487,
    0.498117,
    0.500568,
    0.49908,
    0.502402,
    0.501329,
    0.5034,
    0.505431,
    0.504668,
    0.507232,
    0.507411,
    0.509152,
    0.508322,
    0.507937,
    0.506088,
    0.505064,
    0.505121,
    0.507507,
    0.507421,
    0.509665
  ],
  "attention_text": [
    0.508365,
    0.519882,
    0.511754,
    0.510165,
    0.509862,
    0.507757,
    0.509352,
    0.505311,
    0.505604,
    0.503089,
    0.503343,
    0.50454,
    0.505886,
    0.501982,
    0.500216,
    0.500973,
    0.499157,
    0.497575,
    0.499249,
    0.499841,
    0.498513,
    0.501883,
    0.499432,
    0.50092,
    0.497598,
    0.498671,
    0.4966,
    0.494569,
    0.495332,
    0.492768,
    0.492589,
    0.490848,
    0.491678,
    0.492063,
    0.493912,
    0.494936,
    0.494879,
    0.492493,
    0.492579,
    0.490335
  ],
  "train_cls_loss": [
    2.287895,
    1.321511,
    1.095259,
    0.997179,
    0.921878,
    0.871002,
    0.817954,
    0.790194,
    0.76458,
    0.732907,
    0.720448,
    0.68842,
    0.661512,
    0.63736,
    0.634493,
    0.625434,
    0.618058,
    0.60357,
    0.595769,
    0.555003,
    0.491741,
    0.467621,
    0.453364,
    0.446548,
    0.434982,
    0.433441,
    0.429706,
    0.404405,
    0.405176,
    0.396774,
    0.402117,
    0.395619,
    0.378693,
    0.36989,
    0.365374,
    0.368774,
    0.359224,
    0.356536,
    0.351283,
    0.340418
  ],
  "train_total_loss": [
    2.287895,
    1.321511,
    1.095259,
    0.997179,
    0.921878,
    0.871002,
    0.817954,
    0.790194,
    0.76458,
    0.732907,
    0.720448,
    0.68842,
    0.661512,
    0.63736,
    0.634493,
    0.625434,
    0.618058,
    0.60357,
    0.595769,
    0.555003,
    0.491741,
    0.467621,
    0.453364,
    0.446548,
    0.434982,
    0.433441,
    0.429706,
    0.404405,
    0.405176,
    0.396774,
    0.402117,
    0.395619,
    0.378693,
    0.36989,
    0.365374,
    0.368774,
    0.359224,
    0.356536,
    0.351283,
    0.340418
  ],
  "learning_rates": [
    0.001,
    0.001,
    0.001,
    0.001,
    0.001,
    0.001,
    0.001,
    0.001,
    0.001,
    0.001,
    0.001,
    0.001,
    0.001,
    0.001,
    0.001,
    0.001,
    0.001,
    0.001,
    0.001,
    0.001,
    0.0005,
    0.0005,
    0.0005,
    0.0005,
    0.0005,
    0.0005,
    0.0005,
    0.0005,
    0.0005,
    0.0005,
    0.0005,
    0.0005,
    0.0005,
    0.0005,
    0.0005,
    0.0005,
    0.0005,
    0.0005,
    0.0005,
    0.0005
  ],
  "val_accuracy": [
    63.699422,
    69.248555,
    73.294798,
    75.606936,
    75.895954,
    77.919075,
    78.323699,
    77.976879,
    78.381503,
    79.306358,
    78.034682,
    77.514451,
    79.884393,
    80.057803,
    79.364162,
    80.057803,
    78.786127,
    79.537572,
    80.578035,
    79.595376,
    80.231214,
    80.578035,
    80.115607,
    79.132948,
    81.213873,
    80.17341,
    80.0,
    80.057803,
    79.537572,
    79.017341,
    79.306358,
    79.421965,
    80.057803,
    81.213873,
    79.884393,
    79.942197,
    78.728324,
    79.537572,
    79.190751,
    79.132948
  ],
  "model_info": {
    "model_class": "BaseClassifier",
    "hidden_size": 128,
    "num_classes": 23,
    "emb_size_audio": 512,
    "emb_size_text": 512,
    "dropout": 0.1,
    "use_batch_norm": true,
    "mode": "both",
    "num_folds": 5,
    "fold_id": 0,
    "batch_size": 64,
    "random_seed": 1821
  }
}