{
  "train_cls_loss": [
    2.561256,
    1.803508,
    1.573237,
    1.45926,
    1.375673,
    1.309494,
    1.255755,
    1.204051,
    1.1862,
    1.137996,
    1.119462,
    1.073636,
    1.036396,
    1.024839,
    0.986915,
    0.970065,
    0.961084,
    0.919195,
    0.897773,
    0.87775,
    0.824278,
    0.768369,
    0.746717,
    0.746284,
    0.725709,
    0.708575,
    0.676267,
    0.679186,
    0.673797,
    0.667203,
    0.659226,
    0.641503,
    0.614238,
    0.619464,
    0.608722,
    0.590563,
    0.596079,
    0.559035,
    0.565703,
    0.554887,
    0.50412,
    0.5027,
    0.487898,
    0.469292,
    0.469424,
    0.441422,
    0.464006,
    0.431216,
    0.431323,
    0.426132,
    0.434627,
    0.433154,
    0.423574,
    0.42331,
    0.408817,
    0.420368,
    0.409884
  ],
  "train_top_cls_loss": [
    0.911215,
    0.627637,
    0.575201,
    0.55698,
    0.529429,
    0.516222,
    0.496421,
    0.472641,
    0.47604,
    0.454352,
    0.455293,
    0.426614,
    0.414594,
    0.413157,
    0.391885,
    0.380182,
    0.385656,
    0.365207,
    0.363879,
    0.355003,
    0.334604,
    0.301474,
    0.288142,
    0.292731,
    0.284285,
    0.272977,
    0.261587,
    0.26536,
    0.260436,
    0.248222,
    0.26194,
    0.240328,
    0.227665,
    0.238221,
    0.236568,
    0.218736,
    0.225394,
    0.213724,
    0.217374,
    0.212321,
    0.19083,
    0.187774,
    0.182622,
    0.169422,
    0.172948,
    0.16721,
    0.177698,
    0.169423,
    0.162764,
    0.157179,
    0.167141,
    0.161639,
    0.165802,
    0.169809,
    0.15567,
    0.161492,
    0.167077
  ],
  "train_total_loss": [
    3.928078,
    2.744963,
    2.436039,
    2.29473,
    2.169817,
    2.083827,
    2.000387,
    1.913013,
    1.90026,
    1.819524,
    1.802402,
    1.713558,
    1.658286,
    1.644574,
    1.574743,
    1.540339,
    1.539569,
    1.467006,
    1.443592,
    1.410254,
    1.326183,
    1.22058,
    1.17893,
    1.18538,
    1.152136,
    1.118041,
    1.068647,
    1.077226,
    1.064451,
    1.039535,
    1.052136,
    1.001994,
    0.955735,
    0.976795,
    0.963575,
    0.918667,
    0.93417,
    0.87962,
    0.891764,
    0.873369,
    0.790365,
    0.784362,
    0.761831,
    0.723426,
    0.728846,
    0.692237,
    0.730552,
    0.685351,
    0.675469,
    0.661901,
    0.685339,
    0.675613,
    0.672278,
    0.678024,
    0.642322,
    0.662605,
    0.6605
  ],
  "learning_rates": [
    0.001,
    0.001,
    0.001,
    0.001,
    0.001,
    0.001,
    0.001,
    0.001,
    0.001,
    0.001,
    0.001,
    0.001,
    0.001,
    0.001,
    0.001,
    0.001,
    0.001,
    0.001,
    0.001,
    0.001,
    0.0005,
    0.0005,
    0.0005,
    0.0005,
    0.0005,
    0.0005,
    0.0005,
    0.0005,
    0.0005,
    0.0005,
    0.0005,
    0.0005,
    0.0005,
    0.0005,
    0.0005,
    0.0005,
    0.0005,
    0.0005,
    0.0005,
    0.0005,
    0.00025,
    0.00025,
    0.00025,
    0.00025,
    0.00025,
    0.00025,
    0.00025,
    0.00025,
    0.00025,
    0.00025,
    0.00025,
    0.00025,
    0.00025,
    0.00025,
    0.00025,
    0.00025,
    0.00025
  ],
  "val_accuracy": [
    43.16092,
    53.793103,
    56.149425,
    60.632184,
    64.195402,
    65.689655,
    66.781609,
    68.793103,
    69.54023,
    70.287356,
    69.425287,
    72.988506,
    69.885057,
    70.977011,
    72.471264,
    73.333333,
    72.298851,
    72.356322,
    70.0,
    72.241379,
    73.908046,
    73.333333,
    73.908046,
    73.218391,
    73.965517,
    73.678161,
    73.505747,
    73.62069,
    74.08046,
    74.367816,
    74.367816,
    73.735632,
    73.045977,
    74.08046,
    74.137931,
    73.448276,
    72.873563,
    73.275862,
    73.908046,
    73.218391,
    74.08046,
    75.229885,
    74.597701,
    74.195402,
    75.114943,
    74.08046,
    74.08046,
    74.712644,
    73.218391,
    73.62069,
    73.735632,
    73.735632,
    73.62069,
    73.62069,
    74.08046,
    73.390805,
    73.563218
  ],
  "model_info": {
    "model_class": "BaseClassifier",
    "hidden_size": 128,
    "num_classes": 23,
    "emb_size_audio": 768,
    "emb_size_text": 0,
    "dropout": 0.1,
    "use_batch_norm": true,
    "mode": "audio",
    "num_folds": 5,
    "fold_id": 2,
    "batch_size": 64,
    "random_seed": 1821
  }
}