{
  "attention_audio": [
    0.507333,
    0.488478,
    0.489158,
    0.487052,
    0.482216,
    0.482802,
    0.480315,
    0.478536,
    0.477048,
    0.475363,
    0.479605,
    0.477996,
    0.480789,
    0.479609,
    0.482162,
    0.481864,
    0.481245,
    0.479092,
    0.478985,
    0.482949,
    0.48177,
    0.484015,
    0.482977,
    0.483983,
    0.487506,
    0.485195,
    0.486611,
    0.484392,
    0.483397,
    0.481122,
    0.483164,
    0.485916,
    0.484939,
    0.48841,
    0.489215,
    0.487692,
    0.485532
  ],
  "attention_text": [
    0.492667,
    0.511522,
    0.510842,
    0.512948,
    0.517784,
    0.517198,
    0.519685,
    0.521464,
    0.522952,
    0.524637,
    0.520395,
    0.522004,
    0.519211,
    0.520391,
    0.517838,
    0.518136,
    0.518755,
    0.520908,
    0.521015,
    0.517051,
    0.51823,
    0.515985,
    0.517024,
    0.516017,
    0.512494,
    0.514805,
    0.513389,
    0.515608,
    0.516603,
    0.518878,
    0.516836,
    0.514084,
    0.515061,
    0.51159,
    0.510785,
    0.512308,
    0.514468
  ],
  "train_cls_loss": [
    2.173574,
    1.358087,
    1.180038,
    1.061216,
    1.003,
    0.909028,
    0.860495,
    0.842326,
    0.808522,
    0.790007,
    0.728086,
    0.715467,
    0.703597,
    0.665363,
    0.653412,
    0.643444,
    0.614218,
    0.613676,
    0.602712,
    0.581171,
    0.512146,
    0.487105,
    0.455166,
    0.448349,
    0.429007,
    0.432591,
    0.42833,
    0.408082,
    0.421234,
    0.410891,
    0.403416,
    0.376312,
    0.388697,
    0.36453,
    0.366337,
    0.359177,
    0.346786
  ],
  "train_total_loss": [
    2.173574,
    1.358087,
    1.180038,
    1.061216,
    1.003,
    0.909028,
    0.860495,
    0.842326,
    0.808522,
    0.790007,
    0.728086,
    0.715467,
    0.703597,
    0.665363,
    0.653412,
    0.643444,
    0.614218,
    0.613676,
    0.602712,
    0.581171,
    0.512146,
    0.487105,
    0.455166,
    0.448349,
    0.429007,
    0.432591,
    0.42833,
    0.408082,
    0.421234,
    0.410891,
    0.403416,
    0.376312,
    0.388697,
    0.36453,
    0.366337,
    0.359177,
    0.346786
  ],
  "learning_rates": [
    0.001,
    0.001,
    0.001,
    0.001,
    0.001,
    0.001,
    0.001,
    0.001,
    0.001,
    0.001,
    0.001,
    0.001,
    0.001,
    0.001,
    0.001,
    0.001,
    0.001,
    0.001,
    0.001,
    0.001,
    0.0005,
    0.0005,
    0.0005,
    0.0005,
    0.0005,
    0.0005,
    0.0005,
    0.0005,
    0.0005,
    0.0005,
    0.0005,
    0.0005,
    0.0005,
    0.0005,
    0.0005,
    0.0005,
    0.0005
  ],
  "val_accuracy": [
    63.16092,
    66.83908,
    73.045977,
    74.597701,
    75.172414,
    76.149425,
    77.011494,
    77.241379,
    77.068966,
    78.275862,
    77.643678,
    77.356322,
    78.045977,
    77.126437,
    77.701149,
    77.816092,
    78.735632,
    77.586207,
    77.988506,
    77.988506,
    78.103448,
    79.54023,
    78.390805,
    78.793103,
    78.275862,
    78.678161,
    78.735632,
    78.735632,
    79.022989,
    77.758621,
    78.218391,
    78.448276,
    78.275862,
    79.137931,
    78.505747,
    78.390805,
    77.816092
  ],
  "model_info": {
    "model_class": "BaseClassifier",
    "hidden_size": 128,
    "num_classes": 23,
    "emb_size_audio": 768,
    "emb_size_text": 512,
    "dropout": 0.1,
    "use_batch_norm": true,
    "mode": "both",
    "num_folds": 5,
    "fold_id": 2,
    "batch_size": 64,
    "random_seed": 1821
  }
}