{
  "attention_audio": [
    0.528971,
    0.521776,
    0.515594,
    0.516854,
    0.520575,
    0.521843,
    0.528953,
    0.528051,
    0.533518,
    0.532891,
    0.534092,
    0.542698,
    0.541559,
    0.545208,
    0.54667,
    0.545275,
    0.547975,
    0.549058,
    0.551012,
    0.55358,
    0.558166,
    0.561537,
    0.559905,
    0.558928,
    0.560985,
    0.560213,
    0.559068,
    0.560797,
    0.562501,
    0.56273,
    0.560102,
    0.562123,
    0.564656,
    0.567304,
    0.567067,
    0.568459
  ],
  "attention_text": [
    0.471029,
    0.478224,
    0.484406,
    0.483146,
    0.479425,
    0.478157,
    0.471047,
    0.471949,
    0.466482,
    0.467109,
    0.465908,
    0.457302,
    0.458441,
    0.454792,
    0.45333,
    0.454725,
    0.452025,
    0.450942,
    0.448988,
    0.44642,
    0.441834,
    0.438463,
    0.440095,
    0.441072,
    0.439015,
    0.439787,
    0.440932,
    0.439203,
    0.437499,
    0.43727,
    0.439898,
    0.437878,
    0.435344,
    0.432696,
    0.432933,
    0.431541
  ],
  "train_cls_loss": [
    2.344251,
    1.464402,
    1.24704,
    1.081614,
    1.003366,
    0.940607,
    0.880706,
    0.821521,
    0.781735,
    0.748059,
    0.71727,
    0.683361,
    0.66417,
    0.637343,
    0.63187,
    0.606341,
    0.598676,
    0.56441,
    0.532608,
    0.521815,
    0.455464,
    0.427707,
    0.402473,
    0.388904,
    0.385766,
    0.357545,
    0.364487,
    0.374309,
    0.365319,
    0.347232,
    0.342004,
    0.337839,
    0.314082,
    0.323407,
    0.315056,
    0.301468
  ],
  "train_top_cls_loss": [
    0.728461,
    0.465376,
    0.444488,
    0.390072,
    0.375344,
    0.363031,
    0.35483,
    0.339467,
    0.318765,
    0.310554,
    0.293845,
    0.289105,
    0.284191,
    0.272219,
    0.2714,
    0.268188,
    0.248818,
    0.243642,
    0.230166,
    0.223681,
    0.195211,
    0.17815,
    0.175417,
    0.167632,
    0.170122,
    0.153584,
    0.151712,
    0.163145,
    0.157942,
    0.150882,
    0.145741,
    0.142944,
    0.133041,
    0.14227,
    0.132256,
    0.130711
  ],
  "train_total_loss": [
    3.072712,
    1.929778,
    1.691528,
    1.471686,
    1.37871,
    1.303638,
    1.235536,
    1.160988,
    1.1005,
    1.058613,
    1.011116,
    0.972466,
    0.948361,
    0.909562,
    0.903271,
    0.874529,
    0.847493,
    0.808052,
    0.762774,
    0.745496,
    0.650675,
    0.605858,
    0.577891,
    0.556536,
    0.555888,
    0.511128,
    0.516199,
    0.537454,
    0.523261,
    0.498113,
    0.487745,
    0.480784,
    0.447123,
    0.465677,
    0.447312,
    0.432179
  ],
  "learning_rates": [
    0.001,
    0.001,
    0.001,
    0.001,
    0.001,
    0.001,
    0.001,
    0.001,
    0.001,
    0.001,
    0.001,
    0.001,
    0.001,
    0.001,
    0.001,
    0.001,
    0.001,
    0.001,
    0.001,
    0.001,
    0.0005,
    0.0005,
    0.0005,
    0.0005,
    0.0005,
    0.0005,
    0.0005,
    0.0005,
    0.0005,
    0.0005,
    0.0005,
    0.0005,
    0.0005,
    0.0005,
    0.0005,
    0.0005
  ],
  "val_accuracy": [
    58.62069,
    60.977011,
    68.505747,
    69.08046,
    71.724138,
    74.827586,
    74.655172,
    76.149425,
    76.091954,
    75.172414,
    77.471264,
    77.126437,
    78.908046,
    79.08046,
    78.218391,
    79.195402,
    79.770115,
    78.218391,
    78.62069,
    78.275862,
    80.172414,
    79.827586,
    79.367816,
    79.54023,
    79.367816,
    79.597701,
    79.770115,
    79.252874,
    78.793103,
    79.195402,
    79.310345,
    80.057471,
    79.942529,
    79.425287,
    80.0,
    78.390805
  ],
  "model_info": {
    "model_class": "BaseClassifier",
    "hidden_size": 128,
    "num_classes": 23,
    "emb_size_audio": 1280,
    "emb_size_text": 512,
    "dropout": 0.1,
    "use_batch_norm": true,
    "mode": "both",
    "num_folds": 5,
    "fold_id": 0,
    "batch_size": 64,
    "random_seed": 1821
  }
}