{
  "attention_audio": [
    0.523181,
    0.511798,
    0.510136,
    0.511242,
    0.510194,
    0.512955,
    0.514717,
    0.512685,
    0.511551,
    0.512906,
    0.510742,
    0.510552,
    0.507564,
    0.513994,
    0.509106,
    0.512525,
    0.516232,
    0.515814,
    0.511045,
    0.507915,
    0.511112,
    0.51141,
    0.512496,
    0.515817,
    0.513396,
    0.516619,
    0.514443,
    0.512767,
    0.512721,
    0.513307,
    0.514639,
    0.513727,
    0.511767,
    0.511799,
    0.51116,
    0.510363,
    0.51151,
    0.510685,
    0.512154,
    0.515615,
    0.516798
  ],
  "attention_text": [
    0.476819,
    0.488202,
    0.489864,
    0.488758,
    0.489806,
    0.487045,
    0.485283,
    0.487315,
    0.488449,
    0.487094,
    0.489258,
    0.489448,
    0.492436,
    0.486006,
    0.490894,
    0.487475,
    0.483768,
    0.484186,
    0.488955,
    0.492085,
    0.488888,
    0.48859,
    0.487504,
    0.484183,
    0.486604,
    0.483381,
    0.485557,
    0.487233,
    0.487279,
    0.486693,
    0.485361,
    0.486273,
    0.488233,
    0.488201,
    0.48884,
    0.489637,
    0.48849,
    0.489315,
    0.487846,
    0.484385,
    0.483202
  ],
  "train_cls_loss": [
    2.448401,
    1.869358,
    1.577396,
    1.470456,
    1.426481,
    1.386234,
    1.366501,
    1.238466,
    1.381367,
    1.249119,
    1.306652,
    1.198421,
    1.265823,
    1.143063,
    1.228867,
    1.276555,
    1.19167,
    1.197239,
    1.083482,
    1.150114,
    1.178158,
    1.054247,
    1.056119,
    1.152559,
    0.998746,
    1.039067,
    1.112208,
    1.070056,
    1.02084,
    1.044783,
    0.923027,
    1.081266,
    0.991499,
    0.963979,
    1.005401,
    0.994085,
    0.995501,
    0.879068,
    0.968182,
    0.916617,
    0.932059
  ],
  "train_total_loss": [
    2.448401,
    1.869358,
    1.577396,
    1.470456,
    1.426481,
    1.386234,
    1.366501,
    1.238466,
    1.381367,
    1.249119,
    1.306652,
    1.198421,
    1.265823,
    1.143063,
    1.228867,
    1.276555,
    1.19167,
    1.197239,
    1.083482,
    1.150114,
    1.178158,
    1.054247,
    1.056119,
    1.152559,
    0.998746,
    1.039067,
    1.112208,
    1.070056,
    1.02084,
    1.044783,
    0.923027,
    1.081266,
    0.991499,
    0.963979,
    1.005401,
    0.994085,
    0.995501,
    0.879068,
    0.968182,
    0.916617,
    0.932059
  ],
  "learning_rates": [
    0.001,
    0.001,
    0.001,
    0.001,
    0.001,
    0.001,
    0.001,
    0.001,
    0.001,
    0.001,
    0.001,
    0.001,
    0.001,
    0.001,
    0.001,
    0.001,
    0.001,
    0.001,
    0.001,
    0.001,
    0.0005,
    0.0005,
    0.0005,
    0.0005,
    0.0005,
    0.0005,
    0.0005,
    0.0005,
    0.0005,
    0.0005,
    0.0005,
    0.0005,
    0.0005,
    0.0005,
    0.0005,
    0.0005,
    0.0005,
    0.0005,
    0.0005,
    0.0005,
    0.00025
  ],
  "val_accuracy": [
    61.722761,
    70.165431,
    71.249287,
    76.326298,
    76.896748,
    75.755847,
    78.15174,
    77.752424,
    78.03765,
    79.007416,
    79.349686,
    80.604678,
    79.920137,
    78.893326,
    79.406731,
    79.634912,
    80.604678,
    79.463776,
    78.665145,
    80.433542,
    81.232173,
    81.061038,
    80.604678,
    81.118083,
    80.490588,
    81.916714,
    80.832858,
    80.262407,
    80.604678,
    81.003993,
    80.832858,
    79.977182,
    80.205362,
    80.319452,
    79.121506,
    80.775813,
    81.631489,
    80.889903,
    81.289218,
    80.034227,
    80.661723
  ],
  "model_info": {
    "model_class": "BaseClassifier",
    "hidden_size": 128,
    "num_classes": 23,
    "emb_size_audio": 512,
    "emb_size_text": 512,
    "dropout": 0.1,
    "use_batch_norm": true,
    "mode": "both",
    "num_folds": 5,
    "fold_id": 2,
    "batch_size": 64,
    "random_seed": 1821
  }
}