{
  "attention_audio": [
    0.520243,
    0.51178,
    0.507018,
    0.507771,
    0.508973,
    0.507831,
    0.508117,
    0.509262,
    0.511843,
    0.511702,
    0.516933,
    0.514882,
    0.514964,
    0.51612,
    0.513568,
    0.513605,
    0.516163,
    0.514685,
    0.51497,
    0.509288,
    0.511802,
    0.515555,
    0.515845,
    0.516519,
    0.514059,
    0.512465,
    0.514675,
    0.521714,
    0.51839,
    0.51878,
    0.515264,
    0.515061,
    0.514788,
    0.517686,
    0.516195,
    0.516869,
    0.517048,
    0.516052,
    0.519273,
    0.513927,
    0.518014,
    0.518018,
    0.517078,
    0.516514,
    0.514993,
    0.516712
  ],
  "attention_text": [
    0.479757,
    0.48822,
    0.492982,
    0.492229,
    0.491027,
    0.492169,
    0.491883,
    0.490738,
    0.488157,
    0.488298,
    0.483067,
    0.485118,
    0.485036,
    0.48388,
    0.486432,
    0.486395,
    0.483837,
    0.485316,
    0.48503,
    0.490712,
    0.488198,
    0.484445,
    0.484155,
    0.483481,
    0.485941,
    0.487535,
    0.485325,
    0.478286,
    0.48161,
    0.48122,
    0.484736,
    0.484939,
    0.485212,
    0.482313,
    0.483805,
    0.483131,
    0.482952,
    0.483948,
    0.480727,
    0.486073,
    0.481986,
    0.481982,
    0.482922,
    0.483486,
    0.485007,
    0.483288
  ],
  "train_cls_loss": [
    2.364854,
    1.691593,
    1.493035,
    1.404002,
    1.345049,
    1.297929,
    1.258394,
    1.227592,
    1.208847,
    1.194334,
    1.171372,
    1.147321,
    1.12635,
    1.118995,
    1.094892,
    1.083918,
    1.07496,
    1.063162,
    1.064867,
    1.041632,
    0.986246,
    0.969259,
    0.963045,
    0.942175,
    0.928854,
    0.92651,
    0.932852,
    0.920525,
    0.92357,
    0.913812,
    0.916606,
    0.903676,
    0.880777,
    0.90437,
    0.879064,
    0.884861,
    0.872507,
    0.87227,
    0.869518,
    0.851064,
    0.820026,
    0.814627,
    0.813964,
    0.801302,
    0.79518,
    0.786002
  ],
  "train_total_loss": [
    2.364854,
    1.691593,
    1.493035,
    1.404002,
    1.345049,
    1.297929,
    1.258394,
    1.227592,
    1.208847,
    1.194334,
    1.171372,
    1.147321,
    1.12635,
    1.118995,
    1.094892,
    1.083918,
    1.07496,
    1.063162,
    1.064867,
    1.041632,
    0.986246,
    0.969259,
    0.963045,
    0.942175,
    0.928854,
    0.92651,
    0.932852,
    0.920525,
    0.92357,
    0.913812,
    0.916606,
    0.903676,
    0.880777,
    0.90437,
    0.879064,
    0.884861,
    0.872507,
    0.87227,
    0.869518,
    0.851064,
    0.820026,
    0.814627,
    0.813964,
    0.801302,
    0.79518,
    0.786002
  ],
  "learning_rates": [
    0.001,
    0.001,
    0.001,
    0.001,
    0.001,
    0.001,
    0.001,
    0.001,
    0.001,
    0.001,
    0.001,
    0.001,
    0.001,
    0.001,
    0.001,
    0.001,
    0.001,
    0.001,
    0.001,
    0.001,
    0.0005,
    0.0005,
    0.0005,
    0.0005,
    0.0005,
    0.0005,
    0.0005,
    0.0005,
    0.0005,
    0.0005,
    0.0005,
    0.0005,
    0.0005,
    0.0005,
    0.0005,
    0.0005,
    0.0005,
    0.0005,
    0.0005,
    0.0005,
    0.00025,
    0.00025,
    0.00025,
    0.00025,
    0.00025,
    0.00025
  ],
  "val_accuracy": [
    58.699373,
    70.735881,
    73.87336,
    74.443811,
    74.729036,
    77.467199,
    77.581289,
    78.37992,
    77.638334,
    78.836281,
    77.695379,
    79.749002,
    78.836281,
    79.749002,
    79.292641,
    79.007416,
    78.551055,
    78.893326,
    79.007416,
    79.064461,
    79.863092,
    80.376497,
    79.292641,
    79.634912,
    79.749002,
    80.034227,
    79.064461,
    79.634912,
    79.178551,
    79.920137,
    80.604678,
    79.863092,
    78.6081,
    79.977182,
    79.292641,
    79.007416,
    79.577867,
    78.836281,
    79.749002,
    79.235596,
    79.463776,
    79.292641,
    79.064461,
    79.121506,
    80.376497,
    79.863092
  ],
  "model_info": {
    "model_class": "BaseClassifier",
    "hidden_size": 128,
    "num_classes": 23,
    "emb_size_audio": 512,
    "emb_size_text": 512,
    "dropout": 0.1,
    "use_batch_norm": true,
    "mode": "both",
    "num_folds": 5,
    "fold_id": 4,
    "batch_size": 64,
    "random_seed": 1821
  }
}