{
  "attention_audio": [
    0.523269,
    0.525895,
    0.518567,
    0.519524,
    0.515667,
    0.510706,
    0.507142,
    0.509244,
    0.509169,
    0.512442,
    0.514208,
    0.513244,
    0.509826,
    0.507556,
    0.50519,
    0.510007,
    0.512012,
    0.511368,
    0.512439,
    0.510155,
    0.513464,
    0.512989,
    0.510749,
    0.513892,
    0.514593,
    0.511835,
    0.512693,
    0.510243,
    0.511601,
    0.512111,
    0.514103,
    0.512935,
    0.516038,
    0.513393,
    0.511257,
    0.514466,
    0.51513
  ],
  "attention_text": [
    0.476731,
    0.474105,
    0.481433,
    0.480476,
    0.484333,
    0.489294,
    0.492858,
    0.490756,
    0.490831,
    0.487558,
    0.485792,
    0.486756,
    0.490174,
    0.492444,
    0.49481,
    0.489993,
    0.487988,
    0.488632,
    0.487561,
    0.489845,
    0.486536,
    0.487011,
    0.489251,
    0.486108,
    0.485407,
    0.488165,
    0.487307,
    0.489757,
    0.488399,
    0.487889,
    0.485897,
    0.487065,
    0.483962,
    0.486607,
    0.488743,
    0.485534,
    0.48487
  ],
  "train_cls_loss": [
    2.192667,
    1.584662,
    1.378608,
    1.246981,
    1.214782,
    1.234127,
    1.160232,
    1.076877,
    1.118301,
    1.053392,
    1.018922,
    1.144157,
    1.10992,
    0.997503,
    0.985065,
    0.942335,
    1.000907,
    0.984455,
    1.023407,
    0.924801,
    0.915217,
    0.875223,
    0.843075,
    0.740878,
    0.811392,
    0.839296,
    0.841073,
    0.806025,
    0.81681,
    0.812387,
    0.754871,
    0.788465,
    0.886884,
    0.839455,
    0.810516,
    0.735053,
    0.754897
  ],
  "train_total_loss": [
    2.192667,
    1.584662,
    1.378608,
    1.246981,
    1.214782,
    1.234127,
    1.160232,
    1.076877,
    1.118301,
    1.053392,
    1.018922,
    1.144157,
    1.10992,
    0.997503,
    0.985065,
    0.942335,
    1.000907,
    0.984455,
    1.023407,
    0.924801,
    0.915217,
    0.875223,
    0.843075,
    0.740878,
    0.811392,
    0.839296,
    0.841073,
    0.806025,
    0.81681,
    0.812387,
    0.754871,
    0.788465,
    0.886884,
    0.839455,
    0.810516,
    0.735053,
    0.754897
  ],
  "learning_rates": [
    0.001,
    0.001,
    0.001,
    0.001,
    0.001,
    0.001,
    0.001,
    0.001,
    0.001,
    0.001,
    0.001,
    0.001,
    0.001,
    0.001,
    0.001,
    0.001,
    0.001,
    0.001,
    0.001,
    0.001,
    0.0005,
    0.0005,
    0.0005,
    0.0005,
    0.0005,
    0.0005,
    0.0005,
    0.0005,
    0.0005,
    0.0005,
    0.0005,
    0.0005,
    0.0005,
    0.0005,
    0.0005,
    0.0005,
    0.0005
  ],
  "val_accuracy": [
    59.612094,
    66.856817,
    74.044495,
    72.903594,
    76.326298,
    77.638334,
    77.638334,
    76.896748,
    78.37992,
    78.665145,
    78.779236,
    79.406731,
    78.322875,
    78.950371,
    78.37992,
    78.950371,
    79.806047,
    78.03765,
    77.92356,
    78.665145,
    80.319452,
    80.547633,
    79.691957,
    79.977182,
    79.634912,
    79.749002,
    80.205362,
    79.977182,
    79.406731,
    79.178551,
    79.406731,
    78.665145,
    79.806047,
    77.92356,
    79.178551,
    80.091272,
    79.235596
  ],
  "model_info": {
    "model_class": "BaseClassifier",
    "hidden_size": 128,
    "num_classes": 23,
    "emb_size_audio": 512,
    "emb_size_text": 512,
    "dropout": 0.1,
    "use_batch_norm": true,
    "mode": "both",
    "num_folds": 5,
    "fold_id": 3,
    "batch_size": 64,
    "random_seed": 1821
  }
}