{
  "attention_audio": [
    0.471646,
    0.454173,
    0.441841,
    0.442584,
    0.432979,
    0.428487,
    0.427466,
    0.426039,
    0.420723,
    0.420767,
    0.419837,
    0.425631,
    0.425719,
    0.421994,
    0.424507,
    0.425625,
    0.425801,
    0.42946,
    0.42892,
    0.425433,
    0.428039,
    0.429615,
    0.432513,
    0.431745,
    0.434764,
    0.430963,
    0.435356,
    0.435293,
    0.436536,
    0.434598,
    0.43493,
    0.434227,
    0.435355,
    0.434406,
    0.435612
  ],
  "attention_text": [
    0.528354,
    0.545827,
    0.558159,
    0.557416,
    0.567021,
    0.571513,
    0.572534,
    0.573961,
    0.579277,
    0.579233,
    0.580163,
    0.574369,
    0.574281,
    0.578006,
    0.575493,
    0.574375,
    0.574199,
    0.57054,
    0.57108,
    0.574567,
    0.571961,
    0.570385,
    0.567487,
    0.568255,
    0.565236,
    0.569037,
    0.564644,
    0.564707,
    0.563464,
    0.565402,
    0.56507,
    0.565773,
    0.564645,
    0.565594,
    0.564388
  ],
  "train_cls_loss": [
    0.718735,
    0.490058,
    0.437356,
    0.403674,
    0.383555,
    0.369847,
    0.355747,
    0.348159,
    0.333403,
    0.327001,
    0.314787,
    0.310864,
    0.301342,
    0.292604,
    0.288521,
    0.280909,
    0.277429,
    0.270872,
    0.261978,
    0.26311,
    0.233325,
    0.224461,
    0.218985,
    0.212425,
    0.208975,
    0.207473,
    0.20187,
    0.196699,
    0.19657,
    0.194118,
    0.188746,
    0.187912,
    0.183272,
    0.181163,
    0.179896
  ],
  "train_total_loss": [
    0.718735,
    0.490058,
    0.437356,
    0.403674,
    0.383555,
    0.369847,
    0.355747,
    0.348159,
    0.333403,
    0.327001,
    0.314787,
    0.310864,
    0.301342,
    0.292604,
    0.288521,
    0.280909,
    0.277429,
    0.270872,
    0.261978,
    0.26311,
    0.233325,
    0.224461,
    0.218985,
    0.212425,
    0.208975,
    0.207473,
    0.20187,
    0.196699,
    0.19657,
    0.194118,
    0.188746,
    0.187912,
    0.183272,
    0.181163,
    0.179896
  ],
  "learning_rates": [
    0.001,
    0.001,
    0.001,
    0.001,
    0.001,
    0.001,
    0.001,
    0.001,
    0.001,
    0.001,
    0.001,
    0.001,
    0.001,
    0.001,
    0.001,
    0.001,
    0.001,
    0.001,
    0.001,
    0.001,
    0.0005,
    0.0005,
    0.0005,
    0.0005,
    0.0005,
    0.0005,
    0.0005,
    0.0005,
    0.0005,
    0.0005,
    0.0005,
    0.0005,
    0.0005,
    0.0005,
    0.0005
  ],
  "val_accuracy": [
    64.632059,
    75.413577,
    75.926982,
    77.296064,
    77.067884,
    75.869937,
    76.383343,
    76.611523,
    77.067884,
    76.782658,
    77.181974,
    78.722191,
    76.896748,
    77.239019,
    76.326298,
    77.296064,
    77.695379,
    77.410154,
    77.181974,
    79.634912,
    78.26583,
    77.638334,
    78.208785,
    78.551055,
    78.49401,
    77.581289,
    77.866515,
    78.26583,
    78.208785,
    78.208785,
    77.980605,
    77.92356,
    76.839703,
    77.92356,
    76.839703
  ],
  "model_info": {
    "model_class": "BaseClassifier",
    "hidden_size": 128,
    "num_classes": 23,
    "emb_size_audio": 512,
    "emb_size_text": 512,
    "dropout": 0.1,
    "use_batch_norm": true,
    "mode": "both",
    "num_folds": 5,
    "fold_id": 1,
    "batch_size": 64,
    "random_seed": 1821
  }
}