{
  "train_cls_loss": [
    2.461852,
    1.452689,
    1.147034,
    1.040372,
    0.970676,
    0.891819,
    0.806856,
    0.775756,
    0.756499,
    0.720261,
    0.648293,
    0.647184,
    0.649616,
    0.628691,
    0.610586,
    0.574214,
    0.544023,
    0.548155,
    0.552962,
    0.519735,
    0.484466,
    0.454583,
    0.430099,
    0.426352,
    0.402083,
    0.396367,
    0.373363,
    0.367169,
    0.398354,
    0.368272,
    0.358362,
    0.374583,
    0.361831,
    0.345569,
    0.344756,
    0.337859,
    0.353296,
    0.356928,
    0.349129,
    0.317759,
    0.298451,
    0.287541,
    0.280262,
    0.2686,
    0.283976,
    0.275823,
    0.26305,
    0.256918,
    0.264535,
    0.263857,
    0.248121,
    0.263035
  ],
  "train_total_loss": [
    2.461852,
    1.452689,
    1.147034,
    1.040372,
    0.970676,
    0.891819,
    0.806856,
    0.775756,
    0.756499,
    0.720261,
    0.648293,
    0.647184,
    0.649616,
    0.628691,
    0.610586,
    0.574214,
    0.544023,
    0.548155,
    0.552962,
    0.519735,
    0.484466,
    0.454583,
    0.430099,
    0.426352,
    0.402083,
    0.396367,
    0.373363,
    0.367169,
    0.398354,
    0.368272,
    0.358362,
    0.374583,
    0.361831,
    0.345569,
    0.344756,
    0.337859,
    0.353296,
    0.356928,
    0.349129,
    0.317759,
    0.298451,
    0.287541,
    0.280262,
    0.2686,
    0.283976,
    0.275823,
    0.26305,
    0.256918,
    0.264535,
    0.263857,
    0.248121,
    0.263035
  ],
  "learning_rates": [
    0.001,
    0.001,
    0.001,
    0.001,
    0.001,
    0.001,
    0.001,
    0.001,
    0.001,
    0.001,
    0.001,
    0.001,
    0.001,
    0.001,
    0.001,
    0.001,
    0.001,
    0.001,
    0.001,
    0.001,
    0.0005,
    0.0005,
    0.0005,
    0.0005,
    0.0005,
    0.0005,
    0.0005,
    0.0005,
    0.0005,
    0.0005,
    0.0005,
    0.0005,
    0.0005,
    0.0005,
    0.0005,
    0.0005,
    0.0005,
    0.0005,
    0.0005,
    0.0005,
    0.00025,
    0.00025,
    0.00025,
    0.00025,
    0.00025,
    0.00025,
    0.00025,
    0.00025,
    0.00025,
    0.00025,
    0.00025,
    0.00025
  ],
  "val_accuracy": [
    62.12963,
    73.333333,
    77.5,
    80.462963,
    80.277778,
    82.222222,
    82.314815,
    82.037037,
    83.148148,
    83.055556,
    85.37037,
    84.814815,
    85.277778,
    85.925926,
    86.111111,
    87.12963,
    85.740741,
    85.185185,
    85.0,
    86.018519,
    86.759259,
    87.037037,
    88.055556,
    87.777778,
    87.314815,
    87.592593,
    87.962963,
    87.222222,
    88.333333,
    87.592593,
    87.222222,
    87.037037,
    87.592593,
    87.592593,
    87.037037,
    87.685185,
    88.611111,
    86.851852,
    86.851852,
    86.666667,
    87.037037,
    87.222222,
    87.222222,
    87.592593,
    87.314815,
    87.5,
    87.037037,
    87.222222,
    87.407407,
    87.407407,
    86.944444,
    87.037037
  ],
  "model_info": {
    "model_class": "BaseClassifier",
    "hidden_size": 128,
    "num_classes": 23,
    "emb_size_audio": 512,
    "emb_size_text": 0,
    "dropout": 0.1,
    "use_batch_norm": true,
    "mode": "audio",
    "num_folds": 5,
    "fold_id": 2,
    "batch_size": 64,
    "random_seed": 1821
  }
}