{
  "train_cls_loss": [
    2.508493,
    1.746401,
    1.616659,
    1.54867,
    1.446462,
    1.417643,
    1.377704,
    1.356491,
    1.395635,
    1.303401,
    1.272565,
    1.282308,
    1.20966,
    1.298192,
    1.235342,
    1.231217,
    1.180922,
    1.253104,
    1.248762,
    1.181107,
    1.079846,
    1.12133,
    1.114155,
    1.035719,
    1.040523,
    1.015389,
    1.012127,
    0.957375,
    1.168214,
    0.96383,
    1.082343,
    1.018145,
    0.962491,
    1.004794,
    0.893644,
    1.035375,
    1.059687,
    0.953596,
    0.994548,
    0.917179,
    0.949761,
    0.88515,
    0.992195,
    0.853998,
    0.858105,
    0.869476,
    0.889443
  ],
  "train_total_loss": [
    2.508493,
    1.746401,
    1.616659,
    1.54867,
    1.446462,
    1.417643,
    1.377704,
    1.356491,
    1.395635,
    1.303401,
    1.272565,
    1.282308,
    1.20966,
    1.298192,
    1.235342,
    1.231217,
    1.180922,
    1.253104,
    1.248762,
    1.181107,
    1.079846,
    1.12133,
    1.114155,
    1.035719,
    1.040523,
    1.015389,
    1.012127,
    0.957375,
    1.168214,
    0.96383,
    1.082343,
    1.018145,
    0.962491,
    1.004794,
    0.893644,
    1.035375,
    1.059687,
    0.953596,
    0.994548,
    0.917179,
    0.949761,
    0.88515,
    0.992195,
    0.853998,
    0.858105,
    0.869476,
    0.889443
  ],
  "learning_rates": [
    0.001,
    0.001,
    0.001,
    0.001,
    0.001,
    0.001,
    0.001,
    0.001,
    0.001,
    0.001,
    0.001,
    0.001,
    0.001,
    0.001,
    0.001,
    0.001,
    0.001,
    0.001,
    0.001,
    0.001,
    0.0005,
    0.0005,
    0.0005,
    0.0005,
    0.0005,
    0.0005,
    0.0005,
    0.0005,
    0.0005,
    0.0005,
    0.0005,
    0.0005,
    0.0005,
    0.0005,
    0.0005,
    0.0005,
    0.0005,
    0.0005,
    0.0005,
    0.0005,
    0.00025,
    0.00025,
    0.00025,
    0.00025,
    0.00025,
    0.00025,
    0.00025
  ],
  "val_accuracy": [
    60.638905,
    68.339989,
    70.678836,
    72.390188,
    73.98745,
    72.618369,
    73.930405,
    75.413577,
    73.64518,
    75.641757,
    76.098118,
    75.869937,
    74.900171,
    76.041072,
    76.782658,
    75.869937,
    76.953793,
    75.299487,
    76.896748,
    75.584712,
    77.296064,
    77.181974,
    77.296064,
    76.953793,
    77.638334,
    77.695379,
    77.124929,
    77.067884,
    76.098118,
    76.098118,
    77.296064,
    77.809469,
    77.353109,
    77.010839,
    76.611523,
    76.896748,
    77.067884,
    77.296064,
    76.668568,
    76.725613,
    77.524244,
    77.296064,
    76.839703,
    76.611523,
    76.782658,
    76.668568,
    76.554478
  ],
  "model_info": {
    "model_class": "BaseClassifier",
    "hidden_size": 128,
    "num_classes": 23,
    "emb_size_audio": 512,
    "emb_size_text": 0,
    "dropout": 0.1,
    "use_batch_norm": true,
    "mode": "audio",
    "num_folds": 5,
    "fold_id": 0,
    "batch_size": 64,
    "random_seed": 1821
  }
}