{
  "attention_audio": [
    0.495366,
    0.474184,
    0.478105,
    0.483498,
    0.476215,
    0.476487,
    0.474525,
    0.477051,
    0.477302,
    0.477173,
    0.482489,
    0.483496,
    0.483041,
    0.481696,
    0.484337,
    0.486588,
    0.482371,
    0.48519,
    0.484842,
    0.485139,
    0.482013,
    0.484463,
    0.484896,
    0.487333,
    0.486408,
    0.487583,
    0.487588,
    0.488031,
    0.488939,
    0.488264,
    0.489748,
    0.492473,
    0.491108,
    0.491909
  ],
  "attention_text": [
    0.504634,
    0.525816,
    0.521895,
    0.516502,
    0.523785,
    0.523513,
    0.525475,
    0.522949,
    0.522698,
    0.522827,
    0.517511,
    0.516504,
    0.516959,
    0.518304,
    0.515663,
    0.513412,
    0.517629,
    0.51481,
    0.515158,
    0.514861,
    0.517987,
    0.515537,
    0.515104,
    0.512667,
    0.513592,
    0.512417,
    0.512412,
    0.511969,
    0.511061,
    0.511736,
    0.510252,
    0.507527,
    0.508892,
    0.508091
  ],
  "train_cls_loss": [
    2.21911,
    1.367081,
    1.143095,
    1.042039,
    0.979199,
    0.903972,
    0.878263,
    0.847735,
    0.793957,
    0.771103,
    0.742385,
    0.722946,
    0.703211,
    0.683728,
    0.649493,
    0.649178,
    0.64391,
    0.620446,
    0.610057,
    0.576961,
    0.498251,
    0.470667,
    0.467831,
    0.470839,
    0.440295,
    0.422315,
    0.430014,
    0.41729,
    0.403938,
    0.384254,
    0.38571,
    0.384555,
    0.376652,
    0.360116
  ],
  "train_total_loss": [
    2.21911,
    1.367081,
    1.143095,
    1.042039,
    0.979199,
    0.903972,
    0.878263,
    0.847735,
    0.793957,
    0.771103,
    0.742385,
    0.722946,
    0.703211,
    0.683728,
    0.649493,
    0.649178,
    0.64391,
    0.620446,
    0.610057,
    0.576961,
    0.498251,
    0.470667,
    0.467831,
    0.470839,
    0.440295,
    0.422315,
    0.430014,
    0.41729,
    0.403938,
    0.384254,
    0.38571,
    0.384555,
    0.376652,
    0.360116
  ],
  "learning_rates": [
    0.001,
    0.001,
    0.001,
    0.001,
    0.001,
    0.001,
    0.001,
    0.001,
    0.001,
    0.001,
    0.001,
    0.001,
    0.001,
    0.001,
    0.001,
    0.001,
    0.001,
    0.001,
    0.001,
    0.001,
    0.0005,
    0.0005,
    0.0005,
    0.0005,
    0.0005,
    0.0005,
    0.0005,
    0.0005,
    0.0005,
    0.0005,
    0.0005,
    0.0005,
    0.0005,
    0.0005
  ],
  "val_accuracy": [
    58.813463,
    70.165431,
    71.591557,
    74.443811,
    77.067884,
    76.611523,
    77.467199,
    76.440388,
    78.6081,
    77.980605,
    78.15174,
    79.463776,
    78.836281,
    78.722191,
    78.26583,
    78.893326,
    79.121506,
    79.349686,
    80.433542,
    79.520821,
    79.920137,
    79.178551,
    78.665145,
    78.49401,
    79.349686,
    79.121506,
    79.235596,
    79.064461,
    79.406731,
    78.436965,
    79.235596,
    79.121506,
    78.722191,
    78.722191
  ],
  "model_info": {
    "model_class": "BaseClassifier",
    "hidden_size": 128,
    "num_classes": 23,
    "emb_size_audio": 768,
    "emb_size_text": 512,
    "dropout": 0.1,
    "use_batch_norm": true,
    "mode": "both",
    "num_folds": 5,
    "fold_id": 3,
    "batch_size": 64,
    "random_seed": 1821
  }
}