{
  "attention_audio": [
    0.48673,
    0.490479,
    0.499535,
    0.500349,
    0.497603,
    0.496002,
    0.499558,
    0.503329,
    0.500595,
    0.501655,
    0.50112,
    0.499548,
    0.501127,
    0.500968,
    0.500982,
    0.504945,
    0.504814,
    0.501421,
    0.504766,
    0.504608,
    0.503942,
    0.503909,
    0.503433,
    0.504979,
    0.508561,
    0.506672,
    0.508033,
    0.506322,
    0.506187,
    0.506825,
    0.504757,
    0.504326,
    0.503513,
    0.506904
  ],
  "attention_text": [
    0.51327,
    0.509521,
    0.500465,
    0.499651,
    0.502397,
    0.503998,
    0.500442,
    0.496671,
    0.499405,
    0.498345,
    0.49888,
    0.500452,
    0.498873,
    0.499032,
    0.499017,
    0.495055,
    0.495186,
    0.498579,
    0.495234,
    0.495392,
    0.496058,
    0.496091,
    0.496567,
    0.495021,
    0.491439,
    0.493328,
    0.491967,
    0.493678,
    0.493813,
    0.493175,
    0.495243,
    0.495674,
    0.496487,
    0.493096
  ],
  "train_cls_loss": [
    2.160471,
    1.581966,
    1.379143,
    1.29035,
    1.245841,
    1.162058,
    1.12368,
    1.114372,
    1.081944,
    1.040989,
    1.011,
    1.003007,
    1.054671,
    1.092779,
    1.073413,
    0.90337,
    0.901801,
    0.958736,
    0.939465,
    0.956659,
    0.931816,
    0.818067,
    0.838575,
    0.821392,
    0.846343,
    0.859863,
    0.772296,
    0.800772,
    0.776409,
    0.754502,
    0.761535,
    0.795699,
    0.753004,
    0.814891
  ],
  "train_total_loss": [
    2.160471,
    1.581966,
    1.379143,
    1.29035,
    1.245841,
    1.162058,
    1.12368,
    1.114372,
    1.081944,
    1.040989,
    1.011,
    1.003007,
    1.054671,
    1.092779,
    1.073413,
    0.90337,
    0.901801,
    0.958736,
    0.939465,
    0.956659,
    0.931816,
    0.818067,
    0.838575,
    0.821392,
    0.846343,
    0.859863,
    0.772296,
    0.800772,
    0.776409,
    0.754502,
    0.761535,
    0.795699,
    0.753004,
    0.814891
  ],
  "learning_rates": [
    0.001,
    0.001,
    0.001,
    0.001,
    0.001,
    0.001,
    0.001,
    0.001,
    0.001,
    0.001,
    0.001,
    0.001,
    0.001,
    0.001,
    0.001,
    0.001,
    0.001,
    0.001,
    0.001,
    0.001,
    0.0005,
    0.0005,
    0.0005,
    0.0005,
    0.0005,
    0.0005,
    0.0005,
    0.0005,
    0.0005,
    0.0005,
    0.0005,
    0.0005,
    0.0005,
    0.0005
  ],
  "val_accuracy": [
    58.128922,
    69.3668,
    71.933828,
    73.816315,
    71.306332,
    76.497433,
    75.869937,
    77.524244,
    77.581289,
    78.208785,
    76.326298,
    78.551055,
    77.809469,
    77.980605,
    78.208785,
    77.353109,
    78.26583,
    76.554478,
    79.406731,
    77.752424,
    78.436965,
    78.779236,
    78.322875,
    78.665145,
    78.322875,
    77.638334,
    78.49401,
    77.92356,
    78.6081,
    78.03765,
    79.235596,
    78.665145,
    77.980605,
    78.722191
  ],
  "model_info": {
    "model_class": "BaseClassifier",
    "hidden_size": 128,
    "num_classes": 23,
    "emb_size_audio": 512,
    "emb_size_text": 512,
    "dropout": 0.1,
    "use_batch_norm": true,
    "mode": "both",
    "num_folds": 5,
    "fold_id": 1,
    "batch_size": 64,
    "random_seed": 1821
  }
}