{
  "attention_audio": [
    0.498673,
    0.497566,
    0.498443,
    0.505799,
    0.507163,
    0.504986,
    0.504991,
    0.503971,
    0.505755,
    0.508132,
    0.508195,
    0.506983,
    0.508889,
    0.512384,
    0.508007,
    0.514738,
    0.514885,
    0.512003,
    0.511211,
    0.508986,
    0.510487,
    0.51306,
    0.513332,
    0.512595,
    0.51494,
    0.515005,
    0.513208,
    0.512961,
    0.516651,
    0.514006,
    0.515133,
    0.516267,
    0.51403,
    0.514457,
    0.513571,
    0.515241,
    0.515908,
    0.515489,
    0.517107,
    0.518458,
    0.515649,
    0.516325,
    0.516206,
    0.516724,
    0.517115,
    0.517937,
    0.517539,
    0.515749,
    0.514612
  ],
  "attention_text": [
    0.501327,
    0.502434,
    0.501557,
    0.494201,
    0.492837,
    0.495014,
    0.495009,
    0.496029,
    0.494245,
    0.491868,
    0.491805,
    0.493017,
    0.491111,
    0.487616,
    0.491993,
    0.485262,
    0.485115,
    0.487997,
    0.48879,
    0.491014,
    0.489513,
    0.48694,
    0.486668,
    0.487405,
    0.48506,
    0.484995,
    0.486792,
    0.487039,
    0.483349,
    0.485994,
    0.484867,
    0.483733,
    0.48597,
    0.485543,
    0.486429,
    0.484759,
    0.484092,
    0.484511,
    0.482893,
    0.481542,
    0.484351,
    0.483675,
    0.483794,
    0.483276,
    0.482885,
    0.482063,
    0.482461,
    0.484251,
    0.485388
  ],
  "train_cls_loss": [
    2.248085,
    1.315451,
    1.077543,
    0.970352,
    0.881044,
    0.818698,
    0.77302,
    0.731725,
    0.710434,
    0.688821,
    0.652222,
    0.623749,
    0.603438,
    0.602831,
    0.571561,
    0.546314,
    0.536112,
    0.521105,
    0.498016,
    0.499824,
    0.430183,
    0.392052,
    0.385128,
    0.380984,
    0.366781,
    0.346828,
    0.360261,
    0.332436,
    0.330226,
    0.328523,
    0.306055,
    0.323467,
    0.305073,
    0.313199,
    0.297458,
    0.273509,
    0.289749,
    0.277477,
    0.259204,
    0.255998,
    0.227416,
    0.199246,
    0.191475,
    0.186875,
    0.179683,
    0.177466,
    0.181773,
    0.17273,
    0.188359
  ],
  "train_total_loss": [
    2.248085,
    1.315451,
    1.077543,
    0.970352,
    0.881044,
    0.818698,
    0.77302,
    0.731725,
    0.710434,
    0.688821,
    0.652222,
    0.623749,
    0.603438,
    0.602831,
    0.571561,
    0.546314,
    0.536112,
    0.521105,
    0.498016,
    0.499824,
    0.430183,
    0.392052,
    0.385128,
    0.380984,
    0.366781,
    0.346828,
    0.360261,
    0.332436,
    0.330226,
    0.328523,
    0.306055,
    0.323467,
    0.305073,
    0.313199,
    0.297458,
    0.273509,
    0.289749,
    0.277477,
    0.259204,
    0.255998,
    0.227416,
    0.199246,
    0.191475,
    0.186875,
    0.179683,
    0.177466,
    0.181773,
    0.17273,
    0.188359
  ],
  "learning_rates": [
    0.001,
    0.001,
    0.001,
    0.001,
    0.001,
    0.001,
    0.001,
    0.001,
    0.001,
    0.001,
    0.001,
    0.001,
    0.001,
    0.001,
    0.001,
    0.001,
    0.001,
    0.001,
    0.001,
    0.001,
    0.0005,
    0.0005,
    0.0005,
    0.0005,
    0.0005,
    0.0005,
    0.0005,
    0.0005,
    0.0005,
    0.0005,
    0.0005,
    0.0005,
    0.0005,
    0.0005,
    0.0005,
    0.0005,
    0.0005,
    0.0005,
    0.0005,
    0.0005,
    0.00025,
    0.00025,
    0.00025,
    0.00025,
    0.00025,
    0.00025,
    0.00025,
    0.00025,
    0.00025
  ],
  "val_accuracy": [
    63.491158,
    66.628637,
    72.504278,
    75.128351,
    76.155163,
    76.041072,
    77.524244,
    76.782658,
    78.322875,
    77.695379,
    78.03765,
    77.695379,
    78.893326,
    79.634912,
    79.634912,
    79.292641,
    79.064461,
    79.121506,
    78.950371,
    79.863092,
    80.832858,
    80.205362,
    79.691957,
    79.463776,
    79.292641,
    79.863092,
    80.490588,
    79.977182,
    80.205362,
    79.920137,
    79.007416,
    79.520821,
    79.749002,
    80.889903,
    79.691957,
    79.520821,
    79.806047,
    79.863092,
    80.319452,
    80.148317,
    79.920137,
    80.376497,
    79.863092,
    79.577867,
    79.634912,
    80.205362,
    79.806047,
    79.520821,
    79.634912
  ],
  "model_info": {
    "model_class": "BaseClassifier",
    "hidden_size": 128,
    "num_classes": 23,
    "emb_size_audio": 512,
    "emb_size_text": 512,
    "dropout": 0.1,
    "use_batch_norm": true,
    "mode": "both",
    "num_folds": 5,
    "fold_id": 4,
    "batch_size": 64,
    "random_seed": 1821
  }
}