{
  "attention_audio": [
    0.492902,
    0.483205,
    0.490982,
    0.492391,
    0.490712,
    0.490012,
    0.495451,
    0.494764,
    0.494458,
    0.495345,
    0.49649,
    0.497371,
    0.498263,
    0.500733,
    0.499784,
    0.499513,
    0.497459,
    0.49764,
    0.501403,
    0.504988,
    0.506361,
    0.504624,
    0.506666,
    0.507051,
    0.506244,
    0.506896,
    0.506485,
    0.50576,
    0.505678,
    0.505207,
    0.50511,
    0.506777,
    0.506916,
    0.507109,
    0.511391,
    0.507452,
    0.50853,
    0.510465,
    0.511466,
    0.510074
  ],
  "attention_text": [
    0.507098,
    0.516795,
    0.509018,
    0.507609,
    0.509288,
    0.509988,
    0.504549,
    0.505236,
    0.505542,
    0.504655,
    0.50351,
    0.502629,
    0.501737,
    0.499267,
    0.500216,
    0.500487,
    0.502541,
    0.50236,
    0.498597,
    0.495012,
    0.493639,
    0.495376,
    0.493334,
    0.492949,
    0.493756,
    0.493104,
    0.493515,
    0.49424,
    0.494322,
    0.494793,
    0.49489,
    0.493223,
    0.493084,
    0.492891,
    0.488609,
    0.492548,
    0.49147,
    0.489535,
    0.488534,
    0.489926
  ],
  "train_cls_loss": [
    1.677154,
    0.992582,
    0.778942,
    0.701085,
    0.633468,
    0.596384,
    0.558845,
    0.556295,
    0.519661,
    0.489914,
    0.482872,
    0.460145,
    0.467937,
    0.452537,
    0.436848,
    0.420092,
    0.402708,
    0.421007,
    0.40231,
    0.395187,
    0.344386,
    0.333119,
    0.316659,
    0.318318,
    0.297437,
    0.301316,
    0.290411,
    0.290079,
    0.286412,
    0.283197,
    0.29061,
    0.276926,
    0.268054,
    0.27449,
    0.261135,
    0.251961,
    0.257752,
    0.255329,
    0.241375,
    0.243931
  ],
  "train_total_loss": [
    1.677154,
    0.992582,
    0.778942,
    0.701085,
    0.633468,
    0.596384,
    0.558845,
    0.556295,
    0.519661,
    0.489914,
    0.482872,
    0.460145,
    0.467937,
    0.452537,
    0.436848,
    0.420092,
    0.402708,
    0.421007,
    0.40231,
    0.395187,
    0.344386,
    0.333119,
    0.316659,
    0.318318,
    0.297437,
    0.301316,
    0.290411,
    0.290079,
    0.286412,
    0.283197,
    0.29061,
    0.276926,
    0.268054,
    0.27449,
    0.261135,
    0.251961,
    0.257752,
    0.255329,
    0.241375,
    0.243931
  ],
  "learning_rates": [
    0.001,
    0.001,
    0.001,
    0.001,
    0.001,
    0.001,
    0.001,
    0.001,
    0.001,
    0.001,
    0.001,
    0.001,
    0.001,
    0.001,
    0.001,
    0.001,
    0.001,
    0.001,
    0.001,
    0.001,
    0.0005,
    0.0005,
    0.0005,
    0.0005,
    0.0005,
    0.0005,
    0.0005,
    0.0005,
    0.0005,
    0.0005,
    0.0005,
    0.0005,
    0.0005,
    0.0005,
    0.0005,
    0.0005,
    0.0005,
    0.0005,
    0.0005,
    0.0005
  ],
  "val_accuracy": [
    54.934398,
    67.712493,
    72.732459,
    73.75927,
    75.869937,
    77.010839,
    75.641757,
    77.752424,
    78.208785,
    76.383343,
    78.779236,
    77.695379,
    79.178551,
    77.980605,
    79.463776,
    78.37992,
    79.406731,
    79.749002,
    77.980605,
    78.322875,
    78.836281,
    78.950371,
    79.007416,
    79.178551,
    79.977182,
    78.15174,
    78.722191,
    78.6081,
    78.551055,
    79.064461,
    77.524244,
    78.49401,
    78.436965,
    78.893326,
    78.03765,
    77.809469,
    78.6081,
    78.436965,
    77.524244,
    78.436965
  ],
  "model_info": {
    "model_class": "BaseClassifier",
    "hidden_size": 128,
    "num_classes": 23,
    "emb_size_audio": 512,
    "emb_size_text": 512,
    "dropout": 0.1,
    "use_batch_norm": true,
    "mode": "both",
    "num_folds": 5,
    "fold_id": 1,
    "batch_size": 64,
    "random_seed": 1821
  }
}