{
  "train_cls_loss": [
    1.788627,
    1.421077,
    1.293448,
    1.226768,
    1.164556,
    1.126094,
    1.088291,
    1.061451,
    1.034284,
    1.017208,
    0.99032,
    0.969136,
    0.951261,
    0.940274,
    0.919689,
    0.907266,
    0.891728,
    0.878334,
    0.85778,
    0.852998,
    0.78689,
    0.76646,
    0.754097,
    0.738016,
    0.72804,
    0.722046,
    0.709466,
    0.700138,
    0.692256,
    0.681795,
    0.680002,
    0.671593,
    0.655045,
    0.643141,
    0.643878,
    0.632342
  ],
  "train_total_loss": [
    1.788627,
    1.421077,
    1.293448,
    1.226768,
    1.164556,
    1.126094,
    1.088291,
    1.061451,
    1.034284,
    1.017208,
    0.99032,
    0.969136,
    0.951261,
    0.940274,
    0.919689,
    0.907266,
    0.891728,
    0.878334,
    0.85778,
    0.852998,
    0.78689,
    0.76646,
    0.754097,
    0.738016,
    0.72804,
    0.722046,
    0.709466,
    0.700138,
    0.692256,
    0.681795,
    0.680002,
    0.671593,
    0.655045,
    0.643141,
    0.643878,
    0.632342
  ],
  "learning_rates": [
    0.001,
    0.001,
    0.001,
    0.001,
    0.001,
    0.001,
    0.001,
    0.001,
    0.001,
    0.001,
    0.001,
    0.001,
    0.001,
    0.001,
    0.001,
    0.001,
    0.001,
    0.001,
    0.001,
    0.001,
    0.0005,
    0.0005,
    0.0005,
    0.0005,
    0.0005,
    0.0005,
    0.0005,
    0.0005,
    0.0005,
    0.0005,
    0.0005,
    0.0005,
    0.0005,
    0.0005,
    0.0005,
    0.0005
  ],
  "val_accuracy": [
    50.256703,
    58.185967,
    62.635482,
    66.628637,
    70.108386,
    69.195665,
    67.997718,
    69.195665,
    68.682259,
    70.907017,
    71.477467,
    71.021107,
    70.165431,
    71.705647,
    71.306332,
    70.051341,
    70.279521,
    71.192242,
    71.420422,
    71.135197,
    71.933828,
    71.192242,
    71.363377,
    71.705647,
    70.279521,
    71.477467,
    71.021107,
    70.964062,
    71.762693,
    70.621791,
    70.792926,
    70.621791,
    70.621791,
    70.108386,
    71.705647,
    71.078152
  ],
  "model_info": {
    "model_class": "BaseClassifier",
    "hidden_size": 128,
    "num_classes": 23,
    "emb_size_audio": 512,
    "emb_size_text": 0,
    "dropout": 0.1,
    "use_batch_norm": true,
    "mode": "audio",
    "num_folds": 5,
    "fold_id": 2,
    "batch_size": 64,
    "random_seed": 1821
  }
}