{
  "attention_audio": [
    0.385001,
    0.355778,
    0.331854,
    0.313293,
    0.298888,
    0.289309,
    0.276152,
    0.274719,
    0.269452,
    0.275425,
    0.272174,
    0.270353,
    0.272672,
    0.273012,
    0.267516,
    0.266134,
    0.273576,
    0.274314,
    0.269295,
    0.269032,
    0.267788,
    0.270952,
    0.268112,
    0.264239,
    0.264231,
    0.267211,
    0.268323,
    0.272433,
    0.270793,
    0.268634,
    0.271398,
    0.269407,
    0.268338,
    0.26849,
    0.264672,
    0.262262,
    0.266739,
    0.264921,
    0.261854,
    0.267314,
    0.262485,
    0.258898,
    0.257689,
    0.259748,
    0.258991
  ],
  "attention_text": [
    0.614999,
    0.644222,
    0.668146,
    0.686707,
    0.701112,
    0.710691,
    0.723848,
    0.725281,
    0.730548,
    0.724575,
    0.727826,
    0.729647,
    0.727328,
    0.726988,
    0.732484,
    0.733866,
    0.726424,
    0.725686,
    0.730705,
    0.730968,
    0.732212,
    0.729048,
    0.731888,
    0.735761,
    0.735769,
    0.732789,
    0.731677,
    0.727566,
    0.729207,
    0.731366,
    0.728602,
    0.730593,
    0.731663,
    0.73151,
    0.735328,
    0.737738,
    0.733261,
    0.735079,
    0.738146,
    0.732686,
    0.737515,
    0.741102,
    0.742311,
    0.740252,
    0.741009
  ],
  "train_cls_loss": [
    1.132482,
    0.786027,
    0.618582,
    0.625047,
    0.609747,
    0.58141,
    0.572963,
    0.567204,
    0.534026,
    0.519655,
    0.531136,
    0.519886,
    0.52068,
    0.474673,
    0.478211,
    0.470232,
    0.472343,
    0.466856,
    0.459022,
    0.440359,
    0.428829,
    0.390458,
    0.41524,
    0.414139,
    0.402637,
    0.418447,
    0.426353,
    0.387188,
    0.419262,
    0.407783,
    0.390099,
    0.398835,
    0.405654,
    0.400696,
    0.369937,
    0.400408,
    0.371184,
    0.401396,
    0.395028,
    0.380129,
    0.38159,
    0.354797,
    0.387886,
    0.375601,
    0.381012
  ],
  "train_total_loss": [
    1.132482,
    0.786027,
    0.618582,
    0.625047,
    0.609747,
    0.58141,
    0.572963,
    0.567204,
    0.534026,
    0.519655,
    0.531136,
    0.519886,
    0.52068,
    0.474673,
    0.478211,
    0.470232,
    0.472343,
    0.466856,
    0.459022,
    0.440359,
    0.428829,
    0.390458,
    0.41524,
    0.414139,
    0.402637,
    0.418447,
    0.426353,
    0.387188,
    0.419262,
    0.407783,
    0.390099,
    0.398835,
    0.405654,
    0.400696,
    0.369937,
    0.400408,
    0.371184,
    0.401396,
    0.395028,
    0.380129,
    0.38159,
    0.354797,
    0.387886,
    0.375601,
    0.381012
  ],
  "learning_rates": [
    0.001,
    0.001,
    0.001,
    0.001,
    0.001,
    0.001,
    0.001,
    0.001,
    0.001,
    0.001,
    0.001,
    0.001,
    0.001,
    0.001,
    0.001,
    0.001,
    0.001,
    0.001,
    0.001,
    0.001,
    0.0005,
    0.0005,
    0.0005,
    0.0005,
    0.0005,
    0.0005,
    0.0005,
    0.0005,
    0.0005,
    0.0005,
    0.0005,
    0.0005,
    0.0005,
    0.0005,
    0.0005,
    0.0005,
    0.0005,
    0.0005,
    0.0005,
    0.0005,
    0.00025,
    0.00025,
    0.00025,
    0.00025,
    0.00025
  ],
  "val_accuracy": [
    64.346834,
    71.876783,
    72.561323,
    76.269253,
    75.869937,
    76.326298,
    77.809469,
    78.665145,
    76.725613,
    77.866515,
    77.980605,
    78.37992,
    78.722191,
    79.349686,
    78.15174,
    78.779236,
    80.091272,
    79.577867,
    79.064461,
    78.26583,
    79.977182,
    79.977182,
    79.920137,
    78.49401,
    80.376497,
    79.749002,
    79.292641,
    78.893326,
    79.863092,
    80.547633,
    79.292641,
    79.806047,
    79.406731,
    79.463776,
    79.863092,
    79.349686,
    79.691957,
    79.863092,
    79.977182,
    79.463776,
    79.178551,
    80.034227,
    79.806047,
    79.349686,
    80.433542
  ],
  "model_info": {
    "model_class": "BaseClassifier",
    "hidden_size": 128,
    "num_classes": 23,
    "emb_size_audio": 512,
    "emb_size_text": 512,
    "dropout": 0.1,
    "use_batch_norm": true,
    "mode": "both",
    "num_folds": 5,
    "fold_id": 4,
    "batch_size": 64,
    "random_seed": 1821
  }
}