{
  "attention_audio": [
    0.520088,
    0.514223,
    0.513501,
    0.510413,
    0.507036,
    0.510563,
    0.510836,
    0.507024,
    0.507663,
    0.51134,
    0.510794,
    0.507371,
    0.508573,
    0.512262,
    0.509738,
    0.51147,
    0.513885,
    0.513981,
    0.51256,
    0.516064,
    0.513712,
    0.517247,
    0.518585,
    0.516776,
    0.517596,
    0.517335
  ],
  "attention_text": [
    0.479912,
    0.485777,
    0.486499,
    0.489587,
    0.492964,
    0.489437,
    0.489164,
    0.492976,
    0.492337,
    0.48866,
    0.489206,
    0.492629,
    0.491427,
    0.487738,
    0.490262,
    0.48853,
    0.486115,
    0.486019,
    0.48744,
    0.483936,
    0.486288,
    0.482753,
    0.481415,
    0.483224,
    0.482404,
    0.482665
  ],
  "train_cls_loss": [
    2.306492,
    1.412401,
    1.173853,
    1.057792,
    0.956406,
    0.906793,
    0.84454,
    0.824808,
    0.806372,
    0.766882,
    0.739293,
    0.716781,
    0.697535,
    0.670047,
    0.665725,
    0.65036,
    0.637336,
    0.617115,
    0.605207,
    0.58869,
    0.518133,
    0.490432,
    0.474848,
    0.454177,
    0.45581,
    0.467626
  ],
  "train_top_cls_loss": [
    0.829936,
    0.521374,
    0.473819,
    0.443116,
    0.41427,
    0.39467,
    0.375008,
    0.366253,
    0.361197,
    0.341178,
    0.335658,
    0.324515,
    0.320926,
    0.303749,
    0.299461,
    0.291889,
    0.297871,
    0.277953,
    0.276676,
    0.266939,
    0.24326,
    0.222752,
    0.213233,
    0.205329,
    0.209352,
    0.210933
  ],
  "train_total_loss": [
    2.72146,
    1.673088,
    1.410762,
    1.27935,
    1.163541,
    1.104128,
    1.032044,
    1.007935,
    0.98697,
    0.937471,
    0.907122,
    0.879038,
    0.857998,
    0.821921,
    0.815455,
    0.796305,
    0.786271,
    0.756092,
    0.743544,
    0.722159,
    0.639763,
    0.601808,
    0.581464,
    0.556841,
    0.560486,
    0.573092
  ],
  "learning_rates": [
    0.001,
    0.001,
    0.001,
    0.001,
    0.001,
    0.001,
    0.001,
    0.001,
    0.001,
    0.001,
    0.001,
    0.001,
    0.001,
    0.001,
    0.001,
    0.001,
    0.001,
    0.001,
    0.001,
    0.001,
    0.0005,
    0.0005,
    0.0005,
    0.0005,
    0.0005,
    0.0005
  ],
  "val_accuracy": [
    51.055334,
    66.229321,
    74.10154,
    74.500856,
    77.124929,
    78.26583,
    77.410154,
    79.235596,
    79.235596,
    80.547633,
    81.289218,
    80.205362,
    80.547633,
    80.376497,
    80.775813,
    81.118083,
    79.863092,
    79.007416,
    80.319452,
    80.832858,
    80.775813,
    79.520821,
    80.946948,
    81.175128,
    80.262407,
    80.661723
  ],
  "model_info": {
    "model_class": "BaseClassifier",
    "hidden_size": 128,
    "num_classes": 23,
    "emb_size_audio": 512,
    "emb_size_text": 512,
    "dropout": 0.1,
    "use_batch_norm": true,
    "mode": "both",
    "num_folds": 5,
    "fold_id": 2,
    "batch_size": 64,
    "random_seed": 1821
  }
}