{
  "attention_audio": [
    0.499155,
    0.496235,
    0.491977,
    0.490521,
    0.493784,
    0.487011,
    0.48994,
    0.489395,
    0.491735,
    0.497209,
    0.495839,
    0.495474,
    0.495438,
    0.498241,
    0.495445,
    0.495636,
    0.497064,
    0.497159,
    0.503969,
    0.504189,
    0.506633,
    0.505517,
    0.505426,
    0.505118,
    0.506376,
    0.503372,
    0.509372,
    0.510351,
    0.512121,
    0.507665,
    0.507363,
    0.505416,
    0.508928,
    0.507509,
    0.506102,
    0.506457
  ],
  "attention_text": [
    0.500845,
    0.503765,
    0.508023,
    0.509479,
    0.506216,
    0.512989,
    0.51006,
    0.510605,
    0.508265,
    0.502791,
    0.504161,
    0.504526,
    0.504562,
    0.501759,
    0.504555,
    0.504364,
    0.502936,
    0.502841,
    0.496031,
    0.495811,
    0.493367,
    0.494483,
    0.494574,
    0.494882,
    0.493624,
    0.496628,
    0.490628,
    0.489649,
    0.487879,
    0.492335,
    0.492637,
    0.494584,
    0.491072,
    0.492491,
    0.493898,
    0.493543
  ],
  "train_cls_loss": [
    2.115232,
    1.256298,
    1.045037,
    0.906673,
    0.839529,
    0.786243,
    0.751668,
    0.714974,
    0.675889,
    0.659295,
    0.641717,
    0.597703,
    0.619579,
    0.597041,
    0.580153,
    0.571295,
    0.556509,
    0.561246,
    0.516011,
    0.513151,
    0.451617,
    0.425207,
    0.411206,
    0.400416,
    0.399601,
    0.381877,
    0.388981,
    0.375274,
    0.356849,
    0.367959,
    0.360332,
    0.348317,
    0.339769,
    0.346359,
    0.339077,
    0.331877
  ],
  "train_total_loss": [
    2.115232,
    1.256298,
    1.045037,
    0.906673,
    0.839529,
    0.786243,
    0.751668,
    0.714974,
    0.675889,
    0.659295,
    0.641717,
    0.597703,
    0.619579,
    0.597041,
    0.580153,
    0.571295,
    0.556509,
    0.561246,
    0.516011,
    0.513151,
    0.451617,
    0.425207,
    0.411206,
    0.400416,
    0.399601,
    0.381877,
    0.388981,
    0.375274,
    0.356849,
    0.367959,
    0.360332,
    0.348317,
    0.339769,
    0.346359,
    0.339077,
    0.331877
  ],
  "learning_rates": [
    0.001,
    0.001,
    0.001,
    0.001,
    0.001,
    0.001,
    0.001,
    0.001,
    0.001,
    0.001,
    0.001,
    0.001,
    0.001,
    0.001,
    0.001,
    0.001,
    0.001,
    0.001,
    0.001,
    0.001,
    0.0005,
    0.0005,
    0.0005,
    0.0005,
    0.0005,
    0.0005,
    0.0005,
    0.0005,
    0.0005,
    0.0005,
    0.0005,
    0.0005,
    0.0005,
    0.0005,
    0.0005,
    0.0005
  ],
  "val_accuracy": [
    60.239589,
    69.994295,
    69.537935,
    75.299487,
    76.611523,
    76.725613,
    78.208785,
    79.920137,
    79.349686,
    78.722191,
    78.665145,
    78.37992,
    80.091272,
    80.205362,
    80.433542,
    79.691957,
    80.433542,
    79.691957,
    79.691957,
    80.205362,
    81.688534,
    80.889903,
    80.832858,
    80.946948,
    81.061038,
    80.490588,
    80.376497,
    81.061038,
    80.604678,
    81.232173,
    79.920137,
    80.604678,
    80.832858,
    80.547633,
    81.289218,
    81.118083
  ],
  "model_info": {
    "model_class": "BaseClassifier",
    "hidden_size": 128,
    "num_classes": 23,
    "emb_size_audio": 512,
    "emb_size_text": 512,
    "dropout": 0.1,
    "use_batch_norm": true,
    "mode": "both",
    "num_folds": 5,
    "fold_id": 4,
    "batch_size": 64,
    "random_seed": 1821
  }
}