{
  "attention_audio": [
    0.464626,
    0.457225,
    0.459965,
    0.458676,
    0.455832,
    0.455453,
    0.456273,
    0.457754,
    0.458334,
    0.456036,
    0.458514,
    0.457732,
    0.456329,
    0.454358,
    0.451923,
    0.456846,
    0.45664,
    0.457137,
    0.461353,
    0.462051,
    0.461704,
    0.46021,
    0.463497,
    0.461482,
    0.465227,
    0.463446,
    0.462809,
    0.460861,
    0.461698,
    0.464433,
    0.461554,
    0.464402,
    0.461081,
    0.463899,
    0.46559,
    0.466778,
    0.465821,
    0.467001,
    0.469402
  ],
  "attention_text": [
    0.535374,
    0.542775,
    0.540035,
    0.541324,
    0.544168,
    0.544547,
    0.543727,
    0.542246,
    0.541666,
    0.543964,
    0.541486,
    0.542268,
    0.543671,
    0.545642,
    0.548077,
    0.543154,
    0.54336,
    0.542863,
    0.538647,
    0.537949,
    0.538296,
    0.53979,
    0.536503,
    0.538518,
    0.534773,
    0.536554,
    0.537191,
    0.539139,
    0.538302,
    0.535567,
    0.538446,
    0.535598,
    0.538919,
    0.536101,
    0.53441,
    0.533221,
    0.534179,
    0.532999,
    0.530598
  ],
  "train_cls_loss": [
    2.297972,
    1.676692,
    1.547646,
    1.391378,
    1.409131,
    1.303407,
    1.217771,
    1.26958,
    1.195242,
    1.183555,
    1.254721,
    1.147903,
    1.174162,
    1.093784,
    1.181047,
    1.177125,
    1.061967,
    1.075812,
    1.035659,
    1.042278,
    1.027567,
    0.90639,
    0.941768,
    0.931593,
    0.908949,
    0.910792,
    0.915967,
    0.868899,
    0.865735,
    0.876097,
    0.864243,
    0.822803,
    0.853877,
    0.857711,
    0.812995,
    0.811253,
    0.930375,
    0.856823,
    0.825633
  ],
  "train_total_loss": [
    2.297972,
    1.676692,
    1.547646,
    1.391378,
    1.409131,
    1.303407,
    1.217771,
    1.26958,
    1.195242,
    1.183555,
    1.254721,
    1.147903,
    1.174162,
    1.093784,
    1.181047,
    1.177125,
    1.061967,
    1.075812,
    1.035659,
    1.042278,
    1.027567,
    0.90639,
    0.941768,
    0.931593,
    0.908949,
    0.910792,
    0.915967,
    0.868899,
    0.865735,
    0.876097,
    0.864243,
    0.822803,
    0.853877,
    0.857711,
    0.812995,
    0.811253,
    0.930375,
    0.856823,
    0.825633
  ],
  "learning_rates": [
    0.001,
    0.001,
    0.001,
    0.001,
    0.001,
    0.001,
    0.001,
    0.001,
    0.001,
    0.001,
    0.001,
    0.001,
    0.001,
    0.001,
    0.001,
    0.001,
    0.001,
    0.001,
    0.001,
    0.001,
    0.0005,
    0.0005,
    0.0005,
    0.0005,
    0.0005,
    0.0005,
    0.0005,
    0.0005,
    0.0005,
    0.0005,
    0.0005,
    0.0005,
    0.0005,
    0.0005,
    0.0005,
    0.0005,
    0.0005,
    0.0005,
    0.0005
  ],
  "val_accuracy": [
    65.3166,
    69.59498,
    73.302909,
    75.014261,
    76.839703,
    75.755847,
    76.725613,
    75.413577,
    77.296064,
    76.839703,
    76.839703,
    76.497433,
    76.269253,
    77.181974,
    77.866515,
    77.124929,
    77.92356,
    77.410154,
    76.896748,
    77.410154,
    79.064461,
    78.03765,
    78.208785,
    79.292641,
    78.436965,
    78.37992,
    79.064461,
    77.581289,
    77.239019,
    77.638334,
    77.410154,
    78.26583,
    77.181974,
    77.581289,
    77.410154,
    77.124929,
    76.953793,
    77.809469,
    76.668568
  ],
  "model_info": {
    "model_class": "BaseClassifier",
    "hidden_size": 128,
    "num_classes": 23,
    "emb_size_audio": 512,
    "emb_size_text": 512,
    "dropout": 0.1,
    "use_batch_norm": true,
    "mode": "both",
    "num_folds": 5,
    "fold_id": 1,
    "batch_size": 64,
    "random_seed": 1821
  }
}