{
  "attention_audio": [
    0.497443,
    0.492777,
    0.489329,
    0.489404,
    0.487943,
    0.490409,
    0.486403,
    0.490048,
    0.489342,
    0.491998,
    0.490996,
    0.495689,
    0.496546,
    0.499448,
    0.496484,
    0.493534,
    0.498398,
    0.49573,
    0.496613,
    0.497302,
    0.497496,
    0.499028,
    0.501402,
    0.498095,
    0.499145,
    0.499178,
    0.497625,
    0.498548,
    0.502526,
    0.50209,
    0.504574,
    0.504357,
    0.504679,
    0.501598,
    0.501758,
    0.504073,
    0.503685,
    0.501813,
    0.500333,
    0.500175
  ],
  "attention_text": [
    0.502557,
    0.507223,
    0.510671,
    0.510596,
    0.512057,
    0.509591,
    0.513597,
    0.509952,
    0.510658,
    0.508002,
    0.509004,
    0.504311,
    0.503454,
    0.500552,
    0.503516,
    0.506466,
    0.501602,
    0.50427,
    0.503387,
    0.502698,
    0.502504,
    0.500972,
    0.498597,
    0.501905,
    0.500855,
    0.500822,
    0.502375,
    0.501452,
    0.497474,
    0.49791,
    0.495426,
    0.495643,
    0.495321,
    0.498402,
    0.498242,
    0.495927,
    0.496315,
    0.498187,
    0.499667,
    0.499825
  ],
  "train_cls_loss": [
    2.402126,
    1.622483,
    1.398251,
    1.215574,
    1.127872,
    1.050096,
    0.988064,
    0.944222,
    0.912332,
    0.855438,
    0.811742,
    0.788503,
    0.742877,
    0.722798,
    0.716345,
    0.673221,
    0.663979,
    0.637944,
    0.637962,
    0.610032,
    0.525791,
    0.489143,
    0.466916,
    0.486743,
    0.471015,
    0.457746,
    0.444614,
    0.424445,
    0.427093,
    0.416131,
    0.412941,
    0.409039,
    0.398101,
    0.394796,
    0.378113,
    0.389703,
    0.359201,
    0.368275,
    0.347051,
    0.350468
  ],
  "train_contrastive_loss": [
    3.75315,
    3.500078,
    3.482846,
    3.458951,
    3.444102,
    3.43349,
    3.42112,
    3.409242,
    3.39497,
    3.400305,
    3.375477,
    3.374093,
    3.357464,
    3.354036,
    3.345079,
    3.325951,
    3.32425,
    3.318896,
    3.317477,
    3.30329,
    3.271464,
    3.261218,
    3.245783,
    3.256992,
    3.249158,
    3.235523,
    3.238261,
    3.21967,
    3.214251,
    3.213912,
    3.222129,
    3.213697,
    3.216147,
    3.207011,
    3.197866,
    3.19835,
    3.180214,
    3.204089,
    3.180016,
    3.186583
  ],
  "train_total_loss": [
    6.155276,
    5.122561,
    4.881097,
    4.674525,
    4.571975,
    4.483587,
    4.409184,
    4.353464,
    4.307302,
    4.255743,
    4.187219,
    4.162596,
    4.100341,
    4.076835,
    4.061424,
    3.999172,
    3.988229,
    3.95684,
    3.955438,
    3.913321,
    3.797255,
    3.750361,
    3.712699,
    3.743736,
    3.720173,
    3.693269,
    3.682875,
    3.644115,
    3.641344,
    3.630043,
    3.63507,
    3.622736,
    3.614247,
    3.601807,
    3.575978,
    3.588053,
    3.539416,
    3.572364,
    3.527067,
    3.537052
  ],
  "learning_rates": [
    0.001,
    0.001,
    0.001,
    0.001,
    0.001,
    0.001,
    0.001,
    0.001,
    0.001,
    0.001,
    0.001,
    0.001,
    0.001,
    0.001,
    0.001,
    0.001,
    0.001,
    0.001,
    0.001,
    0.001,
    0.0005,
    0.0005,
    0.0005,
    0.0005,
    0.0005,
    0.0005,
    0.0005,
    0.0005,
    0.0005,
    0.0005,
    0.0005,
    0.0005,
    0.0005,
    0.0005,
    0.0005,
    0.0005,
    0.0005,
    0.0005,
    0.0005,
    0.0005
  ],
  "val_accuracy": [
    42.555619,
    54.478038,
    62.863662,
    67.541358,
    70.792926,
    69.82316,
    71.363377,
    70.907017,
    74.32972,
    75.299487,
    76.041072,
    76.212208,
    76.782658,
    77.239019,
    77.010839,
    78.551055,
    77.124929,
    79.577867,
    77.467199,
    79.634912,
    79.520821,
    79.634912,
    78.836281,
    79.749002,
    79.977182,
    79.121506,
    79.121506,
    79.406731,
    78.436965,
    79.520821,
    79.406731,
    79.406731,
    78.779236,
    78.665145,
    79.178551,
    79.178551,
    78.779236,
    79.463776,
    79.292641,
    79.007416
  ],
  "model_info": {
    "model_class": "BaseClassifier",
    "hidden_size": 128,
    "num_classes": 23,
    "emb_size_audio": 512,
    "emb_size_text": 512,
    "dropout": 0.1,
    "use_batch_norm": true,
    "mode": "both",
    "num_folds": 5,
    "fold_id": 0,
    "batch_size": 64,
    "random_seed": 1821
  }
}