{
  "attention_audio": [
    0.459112,
    0.472303,
    0.475204,
    0.47424,
    0.479188,
    0.482379,
    0.482055,
    0.484579,
    0.486182,
    0.487393,
    0.493212,
    0.493976,
    0.492262,
    0.495367,
    0.49618,
    0.497069,
    0.497603,
    0.498507,
    0.499659,
    0.498833,
    0.500443,
    0.499443,
    0.497909,
    0.500597,
    0.503135,
    0.502418,
    0.502058,
    0.502742,
    0.501884,
    0.501901,
    0.505147,
    0.502676,
    0.502324,
    0.502022,
    0.505403,
    0.50403,
    0.504613,
    0.506978
  ],
  "attention_text": [
    0.540888,
    0.527697,
    0.524796,
    0.52576,
    0.520812,
    0.517621,
    0.517945,
    0.515421,
    0.513818,
    0.512607,
    0.506788,
    0.506024,
    0.507738,
    0.504633,
    0.50382,
    0.502931,
    0.502397,
    0.501493,
    0.500341,
    0.501167,
    0.499557,
    0.500557,
    0.502091,
    0.499403,
    0.496865,
    0.497582,
    0.497942,
    0.497258,
    0.498116,
    0.498099,
    0.494853,
    0.497324,
    0.497676,
    0.497978,
    0.494597,
    0.49597,
    0.495387,
    0.493022
  ],
  "train_cls_loss": [
    2.281167,
    1.317748,
    1.078223,
    0.971336,
    0.89547,
    0.797595,
    0.765359,
    0.751295,
    0.714773,
    0.682367,
    0.659047,
    0.648689,
    0.626371,
    0.599135,
    0.572069,
    0.551322,
    0.55348,
    0.543011,
    0.522152,
    0.501616,
    0.43561,
    0.393943,
    0.391291,
    0.378688,
    0.37211,
    0.368094,
    0.342837,
    0.337266,
    0.343253,
    0.318463,
    0.31831,
    0.321298,
    0.318214,
    0.290171,
    0.303127,
    0.303599,
    0.287116,
    0.27915
  ],
  "train_total_loss": [
    2.281167,
    1.317748,
    1.078223,
    0.971336,
    0.89547,
    0.797595,
    0.765359,
    0.751295,
    0.714773,
    0.682367,
    0.659047,
    0.648689,
    0.626371,
    0.599135,
    0.572069,
    0.551322,
    0.55348,
    0.543011,
    0.522152,
    0.501616,
    0.43561,
    0.393943,
    0.391291,
    0.378688,
    0.37211,
    0.368094,
    0.342837,
    0.337266,
    0.343253,
    0.318463,
    0.31831,
    0.321298,
    0.318214,
    0.290171,
    0.303127,
    0.303599,
    0.287116,
    0.27915
  ],
  "learning_rates": [
    0.001,
    0.001,
    0.001,
    0.001,
    0.001,
    0.001,
    0.001,
    0.001,
    0.001,
    0.001,
    0.001,
    0.001,
    0.001,
    0.001,
    0.001,
    0.001,
    0.001,
    0.001,
    0.001,
    0.001,
    0.0005,
    0.0005,
    0.0005,
    0.0005,
    0.0005,
    0.0005,
    0.0005,
    0.0005,
    0.0005,
    0.0005,
    0.0005,
    0.0005,
    0.0005,
    0.0005,
    0.0005,
    0.0005,
    0.0005,
    0.0005
  ],
  "val_accuracy": [
    62.007986,
    71.420422,
    72.047918,
    74.729036,
    76.098118,
    76.554478,
    75.926982,
    78.15174,
    78.26583,
    78.836281,
    77.467199,
    78.03765,
    77.92356,
    79.577867,
    78.893326,
    78.779236,
    78.722191,
    79.349686,
    77.467199,
    79.463776,
    79.406731,
    79.349686,
    79.634912,
    79.064461,
    78.950371,
    78.836281,
    78.6081,
    78.893326,
    78.551055,
    77.866515,
    78.551055,
    78.208785,
    79.007416,
    78.208785,
    78.779236,
    78.893326,
    78.208785,
    79.007416
  ],
  "model_info": {
    "model_class": "BaseClassifier",
    "hidden_size": 128,
    "num_classes": 23,
    "emb_size_audio": 512,
    "emb_size_text": 512,
    "dropout": 0.1,
    "use_batch_norm": true,
    "mode": "both",
    "num_folds": 5,
    "fold_id": 1,
    "batch_size": 64,
    "random_seed": 1821
  }
}