{
  "train_cls_loss": [
    2.328485,
    1.528745,
    1.269418,
    1.169595,
    1.129666,
    1.035874,
    0.997486,
    0.970009,
    0.940559,
    0.892504,
    0.88233,
    0.867785,
    0.836372,
    0.813786,
    0.796832,
    0.791226,
    0.781182,
    0.740746,
    0.753224,
    0.738952,
    0.653581,
    0.635796,
    0.621439,
    0.609023,
    0.586213,
    0.586239,
    0.568735,
    0.550267,
    0.550615,
    0.53883,
    0.540806,
    0.517303,
    0.524747,
    0.514588,
    0.516511,
    0.501618
  ],
  "train_top_cls_loss": [
    0.951058,
    0.619425,
    0.541778,
    0.5011,
    0.497529,
    0.456589,
    0.443629,
    0.445619,
    0.426516,
    0.399193,
    0.405137,
    0.405433,
    0.39105,
    0.375855,
    0.370267,
    0.366967,
    0.371272,
    0.34625,
    0.353315,
    0.341357,
    0.309923,
    0.300125,
    0.286965,
    0.28997,
    0.273869,
    0.275598,
    0.27271,
    0.260868,
    0.256434,
    0.25298,
    0.261042,
    0.249524,
    0.237713,
    0.248056,
    0.245438,
    0.239063
  ],
  "train_total_loss": [
    2.613803,
    1.714573,
    1.431952,
    1.319925,
    1.278924,
    1.17285,
    1.130575,
    1.103695,
    1.068514,
    1.012262,
    1.003871,
    0.989415,
    0.953687,
    0.926543,
    0.907912,
    0.901316,
    0.892564,
    0.844622,
    0.859218,
    0.841359,
    0.746558,
    0.725833,
    0.707528,
    0.696014,
    0.668374,
    0.668918,
    0.650548,
    0.628528,
    0.627545,
    0.614724,
    0.619119,
    0.59216,
    0.596061,
    0.589005,
    0.590142,
    0.573337
  ],
  "learning_rates": [
    0.001,
    0.001,
    0.001,
    0.001,
    0.001,
    0.001,
    0.001,
    0.001,
    0.001,
    0.001,
    0.001,
    0.001,
    0.001,
    0.001,
    0.001,
    0.001,
    0.001,
    0.001,
    0.001,
    0.001,
    0.0005,
    0.0005,
    0.0005,
    0.0005,
    0.0005,
    0.0005,
    0.0005,
    0.0005,
    0.0005,
    0.0005,
    0.0005,
    0.0005,
    0.0005,
    0.0005,
    0.0005,
    0.0005
  ],
  "val_accuracy": [
    61.608671,
    69.423845,
    72.104963,
    72.618369,
    74.158585,
    76.155163,
    75.242442,
    76.611523,
    76.440388,
    76.497433,
    77.410154,
    77.524244,
    77.524244,
    78.26583,
    78.26583,
    78.37992,
    77.638334,
    77.010839,
    75.185396,
    77.695379,
    78.779236,
    78.779236,
    78.03765,
    77.866515,
    77.752424,
    77.92356,
    77.467199,
    77.809469,
    76.896748,
    78.26583,
    77.92356,
    77.695379,
    77.296064,
    77.92356,
    77.638334,
    77.353109
  ],
  "model_info": {
    "model_class": "BaseClassifier",
    "hidden_size": 128,
    "num_classes": 23,
    "emb_size_audio": 512,
    "emb_size_text": 0,
    "dropout": 0.1,
    "use_batch_norm": true,
    "mode": "audio",
    "num_folds": 5,
    "fold_id": 2,
    "batch_size": 64,
    "random_seed": 1821
  }
}