{
  "attention_audio": [
    0.507122,
    0.500186,
    0.498017,
    0.503747,
    0.502471,
    0.503497,
    0.500143,
    0.501146,
    0.498644,
    0.499673,
    0.497208,
    0.497498,
    0.499571,
    0.500747,
    0.500065,
    0.502088,
    0.498373,
    0.497678,
    0.495017,
    0.500367,
    0.500453,
    0.501904,
    0.502255,
    0.502374,
    0.502272,
    0.50241,
    0.502601,
    0.502043,
    0.505122,
    0.506106,
    0.506355,
    0.504419,
    0.507978,
    0.508107,
    0.509302,
    0.509721
  ],
  "attention_text": [
    0.492878,
    0.499814,
    0.501983,
    0.496253,
    0.497529,
    0.496503,
    0.499857,
    0.498854,
    0.501356,
    0.500327,
    0.502792,
    0.502502,
    0.500429,
    0.499253,
    0.499935,
    0.497912,
    0.501627,
    0.502322,
    0.504983,
    0.499633,
    0.499547,
    0.498096,
    0.497745,
    0.497626,
    0.497728,
    0.49759,
    0.497399,
    0.497957,
    0.494878,
    0.493894,
    0.493645,
    0.495581,
    0.492022,
    0.491893,
    0.490698,
    0.490279
  ],
  "train_cls_loss": [
    2.38045,
    1.444734,
    1.21394,
    1.085911,
    1.010631,
    0.957329,
    0.916018,
    0.873222,
    0.821362,
    0.833963,
    0.766479,
    0.756853,
    0.722611,
    0.730062,
    0.71065,
    0.69217,
    0.6638,
    0.673161,
    0.622752,
    0.621285,
    0.556928,
    0.52173,
    0.508297,
    0.491764,
    0.484194,
    0.46681,
    0.464703,
    0.434354,
    0.459504,
    0.437548,
    0.437263,
    0.421726,
    0.40722,
    0.407674,
    0.388075,
    0.37976
  ],
  "train_total_loss": [
    2.38045,
    1.444734,
    1.21394,
    1.085911,
    1.010631,
    0.957329,
    0.916018,
    0.873222,
    0.821362,
    0.833963,
    0.766479,
    0.756853,
    0.722611,
    0.730062,
    0.71065,
    0.69217,
    0.6638,
    0.673161,
    0.622752,
    0.621285,
    0.556928,
    0.52173,
    0.508297,
    0.491764,
    0.484194,
    0.46681,
    0.464703,
    0.434354,
    0.459504,
    0.437548,
    0.437263,
    0.421726,
    0.40722,
    0.407674,
    0.388075,
    0.37976
  ],
  "learning_rates": [
    0.001,
    0.001,
    0.001,
    0.001,
    0.001,
    0.001,
    0.001,
    0.001,
    0.001,
    0.001,
    0.001,
    0.001,
    0.001,
    0.001,
    0.001,
    0.001,
    0.001,
    0.001,
    0.001,
    0.001,
    0.0005,
    0.0005,
    0.0005,
    0.0005,
    0.0005,
    0.0005,
    0.0005,
    0.0005,
    0.0005,
    0.0005,
    0.0005,
    0.0005,
    0.0005,
    0.0005,
    0.0005,
    0.0005
  ],
  "val_accuracy": [
    62.179122,
    69.93725,
    72.675414,
    75.014261,
    77.124929,
    78.03765,
    77.695379,
    77.581289,
    78.208785,
    79.121506,
    78.37992,
    78.436965,
    78.322875,
    79.235596,
    78.322875,
    78.322875,
    78.779236,
    78.722191,
    79.064461,
    79.806047,
    80.433542,
    78.893326,
    79.863092,
    79.235596,
    79.977182,
    79.235596,
    79.749002,
    80.034227,
    79.064461,
    79.691957,
    79.806047,
    79.463776,
    79.577867,
    78.551055,
    78.836281,
    78.893326
  ],
  "model_info": {
    "model_class": "BaseClassifier",
    "hidden_size": 128,
    "num_classes": 23,
    "emb_size_audio": 512,
    "emb_size_text": 512,
    "dropout": 0.1,
    "use_batch_norm": true,
    "mode": "both",
    "num_folds": 5,
    "fold_id": 3,
    "batch_size": 64,
    "random_seed": 1821
  }
}