{
  "train_cls_loss": [
    2.342388,
    1.609782,
    1.435416,
    1.342095,
    1.29259,
    1.223074,
    1.199636,
    1.133207,
    1.121331,
    1.07523,
    1.034507,
    1.014299,
    0.988665,
    0.984546,
    0.952529,
    0.931311,
    0.882919,
    0.888695,
    0.859321,
    0.849079,
    0.756572,
    0.739898,
    0.73188,
    0.703636,
    0.70105,
    0.702845,
    0.679045,
    0.647756,
    0.644934,
    0.628533,
    0.619189,
    0.599214,
    0.610979,
    0.578671,
    0.590174,
    0.561193,
    0.559485,
    0.55147
  ],
  "train_top_cls_loss": [
    0.868529,
    0.627487,
    0.575553,
    0.554654,
    0.52797,
    0.506483,
    0.5058,
    0.478892,
    0.475533,
    0.450728,
    0.432214,
    0.434426,
    0.41242,
    0.427228,
    0.413519,
    0.397574,
    0.37458,
    0.376485,
    0.356499,
    0.362508,
    0.306009,
    0.301779,
    0.301144,
    0.290779,
    0.2958,
    0.29246,
    0.276969,
    0.261554,
    0.265185,
    0.268903,
    0.258163,
    0.244244,
    0.257184,
    0.241336,
    0.245912,
    0.231045,
    0.228803,
    0.231581
  ],
  "train_total_loss": [
    3.210917,
    2.237268,
    2.010969,
    1.896748,
    1.82056,
    1.729558,
    1.705435,
    1.612099,
    1.596863,
    1.525958,
    1.466721,
    1.448725,
    1.401086,
    1.411774,
    1.366047,
    1.328885,
    1.257499,
    1.26518,
    1.21582,
    1.211588,
    1.062581,
    1.041677,
    1.033023,
    0.994415,
    0.99685,
    0.995306,
    0.956014,
    0.90931,
    0.910119,
    0.897436,
    0.877352,
    0.843458,
    0.868164,
    0.820007,
    0.836086,
    0.792238,
    0.788288,
    0.783051
  ],
  "learning_rates": [
    0.001,
    0.001,
    0.001,
    0.001,
    0.001,
    0.001,
    0.001,
    0.001,
    0.001,
    0.001,
    0.001,
    0.001,
    0.001,
    0.001,
    0.001,
    0.001,
    0.001,
    0.001,
    0.001,
    0.001,
    0.0005,
    0.0005,
    0.0005,
    0.0005,
    0.0005,
    0.0005,
    0.0005,
    0.0005,
    0.0005,
    0.0005,
    0.0005,
    0.0005,
    0.0005,
    0.0005,
    0.0005,
    0.0005,
    0.0005,
    0.0005
  ],
  "val_accuracy": [
    55.287356,
    61.83908,
    65.517241,
    66.264368,
    68.103448,
    68.678161,
    68.62069,
    68.390805,
    70.977011,
    69.022989,
    69.885057,
    71.321839,
    70.977011,
    71.37931,
    71.321839,
    72.126437,
    72.183908,
    72.471264,
    71.37931,
    72.298851,
    73.333333,
    73.793103,
    74.310345,
    73.62069,
    72.988506,
    73.448276,
    71.83908,
    73.793103,
    74.022989,
    72.758621,
    72.931034,
    73.103448,
    72.586207,
    72.931034,
    73.16092,
    72.413793,
    73.735632,
    74.022989
  ],
  "model_info": {
    "model_class": "BaseClassifier",
    "hidden_size": 128,
    "num_classes": 23,
    "emb_size_audio": 768,
    "emb_size_text": 0,
    "dropout": 0.1,
    "use_batch_norm": true,
    "mode": "audio",
    "num_folds": 5,
    "fold_id": 1,
    "batch_size": 64,
    "random_seed": 1821
  }
}