{
  "attention_audio": [
    0.494981,
    0.495367,
    0.491625,
    0.487146,
    0.491393,
    0.492257,
    0.492479,
    0.49345,
    0.490472,
    0.492583,
    0.49225,
    0.489143,
    0.490537,
    0.489935,
    0.491726,
    0.491976,
    0.491314,
    0.490088,
    0.492232,
    0.49244,
    0.494596,
    0.494137,
    0.494941,
    0.496549,
    0.49753,
    0.496328,
    0.496436,
    0.498344,
    0.496897,
    0.497387,
    0.498032,
    0.497179,
    0.498938,
    0.498982,
    0.500549,
    0.496425
  ],
  "attention_text": [
    0.505019,
    0.504633,
    0.508375,
    0.512854,
    0.508607,
    0.507743,
    0.507521,
    0.50655,
    0.509528,
    0.507417,
    0.50775,
    0.510857,
    0.509463,
    0.510065,
    0.508274,
    0.508024,
    0.508686,
    0.509912,
    0.507768,
    0.50756,
    0.505404,
    0.505863,
    0.505059,
    0.503451,
    0.50247,
    0.503672,
    0.503564,
    0.501656,
    0.503103,
    0.502613,
    0.501968,
    0.502821,
    0.501062,
    0.501018,
    0.499451,
    0.503575
  ],
  "train_cls_loss": [
    2.508362,
    1.813813,
    1.573085,
    1.42325,
    1.442084,
    1.27686,
    1.309198,
    1.267727,
    1.221205,
    1.268453,
    1.194761,
    1.15457,
    1.160186,
    1.178758,
    1.122741,
    1.144908,
    1.164229,
    1.067996,
    1.090742,
    1.073492,
    1.034037,
    1.026298,
    0.941564,
    0.977628,
    0.914633,
    0.946898,
    1.002719,
    0.927629,
    0.99261,
    0.932659,
    0.893961,
    0.835006,
    0.870266,
    0.937983,
    0.82678,
    0.904858
  ],
  "train_total_loss": [
    2.508362,
    1.813813,
    1.573085,
    1.42325,
    1.442084,
    1.27686,
    1.309198,
    1.267727,
    1.221205,
    1.268453,
    1.194761,
    1.15457,
    1.160186,
    1.178758,
    1.122741,
    1.144908,
    1.164229,
    1.067996,
    1.090742,
    1.073492,
    1.034037,
    1.026298,
    0.941564,
    0.977628,
    0.914633,
    0.946898,
    1.002719,
    0.927629,
    0.99261,
    0.932659,
    0.893961,
    0.835006,
    0.870266,
    0.937983,
    0.82678,
    0.904858
  ],
  "learning_rates": [
    0.001,
    0.001,
    0.001,
    0.001,
    0.001,
    0.001,
    0.001,
    0.001,
    0.001,
    0.001,
    0.001,
    0.001,
    0.001,
    0.001,
    0.001,
    0.001,
    0.001,
    0.001,
    0.001,
    0.001,
    0.0005,
    0.0005,
    0.0005,
    0.0005,
    0.0005,
    0.0005,
    0.0005,
    0.0005,
    0.0005,
    0.0005,
    0.0005,
    0.0005,
    0.0005,
    0.0005,
    0.0005,
    0.0005
  ],
  "val_accuracy": [
    59.555048,
    68.967484,
    73.188819,
    75.869937,
    77.467199,
    76.440388,
    77.067884,
    76.953793,
    76.668568,
    78.6081,
    78.322875,
    78.26583,
    77.752424,
    77.124929,
    77.695379,
    78.322875,
    78.6081,
    78.950371,
    78.322875,
    79.406731,
    79.463776,
    79.178551,
    78.15174,
    78.37992,
    78.893326,
    79.292641,
    79.235596,
    78.665145,
    78.208785,
    79.121506,
    78.551055,
    78.551055,
    78.950371,
    78.26583,
    78.436965,
    78.49401
  ],
  "model_info": {
    "model_class": "BaseClassifier",
    "hidden_size": 128,
    "num_classes": 23,
    "emb_size_audio": 512,
    "emb_size_text": 512,
    "dropout": 0.1,
    "use_batch_norm": true,
    "mode": "both",
    "num_folds": 5,
    "fold_id": 1,
    "batch_size": 64,
    "random_seed": 1821
  }
}