{
  "train_cls_loss": [
    2.595248,
    1.973904,
    1.804913,
    1.652375,
    1.643466,
    1.57777,
    1.544825,
    1.520833,
    1.592265,
    1.587452,
    1.450406,
    1.469719,
    1.479241,
    1.472186,
    1.465887,
    1.383144,
    1.409254,
    1.436998,
    1.449249,
    1.317602,
    1.346403,
    1.330466,
    1.354832,
    1.276893,
    1.27911,
    1.242184,
    1.287051,
    1.232273,
    1.232585,
    1.212927,
    1.288699,
    1.195077,
    1.25188,
    1.164069,
    1.35581,
    1.252429,
    1.139071,
    1.253039,
    1.177685,
    1.174639,
    1.102907,
    1.216678,
    1.154042,
    1.190099,
    1.134663,
    1.189155
  ],
  "train_total_loss": [
    2.595248,
    1.973904,
    1.804913,
    1.652375,
    1.643466,
    1.57777,
    1.544825,
    1.520833,
    1.592265,
    1.587452,
    1.450406,
    1.469719,
    1.479241,
    1.472186,
    1.465887,
    1.383144,
    1.409254,
    1.436998,
    1.449249,
    1.317602,
    1.346403,
    1.330466,
    1.354832,
    1.276893,
    1.27911,
    1.242184,
    1.287051,
    1.232273,
    1.232585,
    1.212927,
    1.288699,
    1.195077,
    1.25188,
    1.164069,
    1.35581,
    1.252429,
    1.139071,
    1.253039,
    1.177685,
    1.174639,
    1.102907,
    1.216678,
    1.154042,
    1.190099,
    1.134663,
    1.189155
  ],
  "learning_rates": [
    0.001,
    0.001,
    0.001,
    0.001,
    0.001,
    0.001,
    0.001,
    0.001,
    0.001,
    0.001,
    0.001,
    0.001,
    0.001,
    0.001,
    0.001,
    0.001,
    0.001,
    0.001,
    0.001,
    0.001,
    0.0005,
    0.0005,
    0.0005,
    0.0005,
    0.0005,
    0.0005,
    0.0005,
    0.0005,
    0.0005,
    0.0005,
    0.0005,
    0.0005,
    0.0005,
    0.0005,
    0.0005,
    0.0005,
    0.0005,
    0.0005,
    0.0005,
    0.0005,
    0.00025,
    0.00025,
    0.00025,
    0.00025,
    0.00025,
    0.00025
  ],
  "val_accuracy": [
    55.847119,
    65.373645,
    68.511124,
    70.165431,
    72.504278,
    73.188819,
    74.786081,
    74.044495,
    75.984027,
    75.242442,
    73.816315,
    75.755847,
    76.554478,
    75.926982,
    76.497433,
    77.524244,
    75.869937,
    76.383343,
    77.124929,
    75.984027,
    76.269253,
    76.953793,
    77.239019,
    76.896748,
    76.953793,
    77.809469,
    77.410154,
    76.839703,
    77.124929,
    77.866515,
    78.03765,
    76.383343,
    77.010839,
    77.638334,
    77.467199,
    76.725613,
    77.410154,
    77.010839,
    77.010839,
    76.440388,
    76.611523,
    76.212208,
    76.668568,
    76.554478,
    77.353109,
    77.239019
  ],
  "model_info": {
    "model_class": "BaseClassifier",
    "hidden_size": 128,
    "num_classes": 23,
    "emb_size_audio": 512,
    "emb_size_text": 0,
    "dropout": 0.1,
    "use_batch_norm": true,
    "mode": "audio",
    "num_folds": 5,
    "fold_id": 3,
    "batch_size": 64,
    "random_seed": 1821
  }
}