{
  "attention_audio": [
    0.499802,
    0.487611,
    0.491035,
    0.49778,
    0.501598,
    0.500916,
    0.500353,
    0.501447,
    0.500319,
    0.504121,
    0.505002,
    0.501702,
    0.50103,
    0.499301,
    0.499284,
    0.502521,
    0.49875,
    0.50259,
    0.503579,
    0.502304,
    0.502155,
    0.505007,
    0.505863,
    0.504785,
    0.506546,
    0.507696,
    0.507907,
    0.507316,
    0.507922
  ],
  "attention_text": [
    0.500198,
    0.512389,
    0.508965,
    0.50222,
    0.498402,
    0.499084,
    0.499647,
    0.498553,
    0.499681,
    0.495879,
    0.494998,
    0.498298,
    0.49897,
    0.500699,
    0.500716,
    0.497479,
    0.50125,
    0.49741,
    0.496421,
    0.497696,
    0.497845,
    0.494993,
    0.494137,
    0.495215,
    0.493454,
    0.492304,
    0.492093,
    0.492684,
    0.492078
  ],
  "train_cls_loss": [
    2.483454,
    1.787711,
    1.632877,
    1.465864,
    1.450932,
    1.331297,
    1.339338,
    1.255488,
    1.242076,
    1.21549,
    1.155201,
    1.133812,
    1.135082,
    1.134176,
    1.057068,
    1.035878,
    1.052483,
    1.099726,
    1.175718,
    1.142857,
    0.916485,
    0.894141,
    0.950652,
    0.945741,
    0.964718,
    0.985545,
    0.879171,
    0.90976,
    0.887757
  ],
  "train_top_cls_loss": [
    0.935326,
    0.731737,
    0.710867,
    0.668158,
    0.676996,
    0.630467,
    0.644621,
    0.607871,
    0.605806,
    0.599759,
    0.572581,
    0.564048,
    0.561013,
    0.560557,
    0.530321,
    0.522967,
    0.531513,
    0.564285,
    0.593995,
    0.581322,
    0.46268,
    0.455563,
    0.484767,
    0.485016,
    0.495772,
    0.506646,
    0.451692,
    0.468207,
    0.456838
  ],
  "train_total_loss": [
    3.138181,
    2.299927,
    2.130484,
    1.933574,
    1.924829,
    1.772624,
    1.790573,
    1.680998,
    1.66614,
    1.635321,
    1.556008,
    1.528645,
    1.527791,
    1.526566,
    1.428293,
    1.401955,
    1.424542,
    1.494725,
    1.591515,
    1.549782,
    1.240361,
    1.213034,
    1.289989,
    1.285252,
    1.311758,
    1.340197,
    1.195355,
    1.237505,
    1.207543
  ],
  "learning_rates": [
    0.001,
    0.001,
    0.001,
    0.001,
    0.001,
    0.001,
    0.001,
    0.001,
    0.001,
    0.001,
    0.001,
    0.001,
    0.001,
    0.001,
    0.001,
    0.001,
    0.001,
    0.001,
    0.001,
    0.001,
    0.0005,
    0.0005,
    0.0005,
    0.0005,
    0.0005,
    0.0005,
    0.0005,
    0.0005,
    0.0005
  ],
  "val_accuracy": [
    57.615516,
    65.887051,
    70.450656,
    71.078152,
    75.413577,
    75.698802,
    78.893326,
    75.356532,
    77.752424,
    79.349686,
    77.353109,
    77.524244,
    78.26583,
    79.691957,
    78.722191,
    77.410154,
    77.467199,
    78.6081,
    79.349686,
    78.6081,
    79.292641,
    78.551055,
    78.49401,
    79.121506,
    78.551055,
    78.26583,
    79.349686,
    78.665145,
    78.436965
  ],
  "model_info": {
    "model_class": "BaseClassifier",
    "hidden_size": 128,
    "num_classes": 23,
    "emb_size_audio": 512,
    "emb_size_text": 512,
    "dropout": 0.1,
    "use_batch_norm": true,
    "mode": "both",
    "num_folds": 5,
    "fold_id": 1,
    "batch_size": 64,
    "random_seed": 1821
  }
}