{
  "attention_audio": [
    0.489816,
    0.498252,
    0.500933,
    0.502025,
    0.506282,
    0.511804,
    0.509277,
    0.506394,
    0.506102,
    0.507214,
    0.506505,
    0.506336,
    0.504618,
    0.504995,
    0.510572,
    0.511357,
    0.509475,
    0.508378,
    0.512215,
    0.506338,
    0.509528,
    0.512738,
    0.515601,
    0.515512,
    0.514176,
    0.516937,
    0.515979,
    0.516635,
    0.516788,
    0.517027,
    0.518837,
    0.517552,
    0.517707,
    0.515771,
    0.517658,
    0.517004,
    0.514836
  ],
  "attention_text": [
    0.510184,
    0.501748,
    0.499067,
    0.497975,
    0.493718,
    0.488196,
    0.490723,
    0.493606,
    0.493898,
    0.492786,
    0.493495,
    0.493664,
    0.495382,
    0.495005,
    0.489427,
    0.488643,
    0.490525,
    0.491622,
    0.487785,
    0.493662,
    0.490472,
    0.487262,
    0.484399,
    0.484488,
    0.485824,
    0.483063,
    0.484021,
    0.483365,
    0.483212,
    0.482973,
    0.481163,
    0.482448,
    0.482293,
    0.484229,
    0.482342,
    0.482996,
    0.485164
  ],
  "train_cls_loss": [
    2.252421,
    1.30541,
    1.070537,
    0.962975,
    0.90843,
    0.832618,
    0.821484,
    0.746688,
    0.729176,
    0.700087,
    0.656859,
    0.634565,
    0.624168,
    0.60329,
    0.57642,
    0.560809,
    0.556949,
    0.540263,
    0.527933,
    0.529284,
    0.446552,
    0.408112,
    0.393686,
    0.387287,
    0.369299,
    0.365752,
    0.343146,
    0.358185,
    0.354954,
    0.329069,
    0.333321,
    0.327643,
    0.303787,
    0.299793,
    0.284846,
    0.298211,
    0.297514
  ],
  "train_total_loss": [
    2.252421,
    1.30541,
    1.070537,
    0.962975,
    0.90843,
    0.832618,
    0.821484,
    0.746688,
    0.729176,
    0.700087,
    0.656859,
    0.634565,
    0.624168,
    0.60329,
    0.57642,
    0.560809,
    0.556949,
    0.540263,
    0.527933,
    0.529284,
    0.446552,
    0.408112,
    0.393686,
    0.387287,
    0.369299,
    0.365752,
    0.343146,
    0.358185,
    0.354954,
    0.329069,
    0.333321,
    0.327643,
    0.303787,
    0.299793,
    0.284846,
    0.298211,
    0.297514
  ],
  "learning_rates": [
    0.001,
    0.001,
    0.001,
    0.001,
    0.001,
    0.001,
    0.001,
    0.001,
    0.001,
    0.001,
    0.001,
    0.001,
    0.001,
    0.001,
    0.001,
    0.001,
    0.001,
    0.001,
    0.001,
    0.001,
    0.0005,
    0.0005,
    0.0005,
    0.0005,
    0.0005,
    0.0005,
    0.0005,
    0.0005,
    0.0005,
    0.0005,
    0.0005,
    0.0005,
    0.0005,
    0.0005,
    0.0005,
    0.0005,
    0.0005
  ],
  "val_accuracy": [
    62.578437,
    72.162008,
    73.930405,
    75.984027,
    76.041072,
    77.524244,
    78.49401,
    77.239019,
    78.436965,
    79.520821,
    77.809469,
    79.007416,
    79.749002,
    79.178551,
    79.463776,
    78.37992,
    79.064461,
    79.349686,
    78.6081,
    78.436965,
    79.520821,
    80.832858,
    80.148317,
    80.376497,
    80.718768,
    79.406731,
    79.406731,
    80.376497,
    79.806047,
    79.463776,
    78.208785,
    79.863092,
    79.121506,
    80.091272,
    78.779236,
    79.920137,
    78.836281
  ],
  "model_info": {
    "model_class": "BaseClassifier",
    "hidden_size": 128,
    "num_classes": 23,
    "emb_size_audio": 512,
    "emb_size_text": 512,
    "dropout": 0.1,
    "use_batch_norm": true,
    "mode": "both",
    "num_folds": 5,
    "fold_id": 3,
    "batch_size": 64,
    "random_seed": 1821
  }
}