{
  "train_cls_loss": [
    2.186199,
    1.500112,
    1.262746,
    1.140122,
    1.044271,
    0.986365,
    0.937571,
    0.917128,
    0.880335,
    0.86265,
    0.839695,
    0.79516,
    0.788645,
    0.780646,
    0.770231,
    0.735812,
    0.721639,
    0.714002,
    0.705847,
    0.693845,
    0.616264,
    0.587194,
    0.56972,
    0.578103,
    0.570605,
    0.53352,
    0.527708,
    0.541031,
    0.525345,
    0.533057,
    0.508447,
    0.50075,
    0.486505,
    0.480819,
    0.471629,
    0.473193,
    0.471762,
    0.461542,
    0.45956,
    0.445439,
    0.403661,
    0.39917,
    0.38532,
    0.370333,
    0.382961,
    0.361159
  ],
  "train_total_loss": [
    2.186199,
    1.500112,
    1.262746,
    1.140122,
    1.044271,
    0.986365,
    0.937571,
    0.917128,
    0.880335,
    0.86265,
    0.839695,
    0.79516,
    0.788645,
    0.780646,
    0.770231,
    0.735812,
    0.721639,
    0.714002,
    0.705847,
    0.693845,
    0.616264,
    0.587194,
    0.56972,
    0.578103,
    0.570605,
    0.53352,
    0.527708,
    0.541031,
    0.525345,
    0.533057,
    0.508447,
    0.50075,
    0.486505,
    0.480819,
    0.471629,
    0.473193,
    0.471762,
    0.461542,
    0.45956,
    0.445439,
    0.403661,
    0.39917,
    0.38532,
    0.370333,
    0.382961,
    0.361159
  ],
  "learning_rates": [
    0.001,
    0.001,
    0.001,
    0.001,
    0.001,
    0.001,
    0.001,
    0.001,
    0.001,
    0.001,
    0.001,
    0.001,
    0.001,
    0.001,
    0.001,
    0.001,
    0.001,
    0.001,
    0.001,
    0.001,
    0.0005,
    0.0005,
    0.0005,
    0.0005,
    0.0005,
    0.0005,
    0.0005,
    0.0005,
    0.0005,
    0.0005,
    0.0005,
    0.0005,
    0.0005,
    0.0005,
    0.0005,
    0.0005,
    0.0005,
    0.0005,
    0.0005,
    0.0005,
    0.00025,
    0.00025,
    0.00025,
    0.00025,
    0.00025,
    0.00025
  ],
  "val_accuracy": [
    48.031945,
    61.608671,
    70.393611,
    68.225898,
    73.245864,
    72.618369,
    75.014261,
    73.074729,
    75.128351,
    74.443811,
    74.614946,
    75.527667,
    75.014261,
    73.702225,
    75.926982,
    76.212208,
    75.128351,
    76.383343,
    75.299487,
    74.158585,
    76.896748,
    76.098118,
    75.812892,
    76.839703,
    76.098118,
    76.383343,
    76.611523,
    75.413577,
    75.869937,
    75.071306,
    77.239019,
    76.155163,
    76.782658,
    75.755847,
    76.326298,
    76.611523,
    76.212208,
    76.497433,
    75.185396,
    75.185396,
    76.098118,
    76.440388,
    75.926982,
    75.926982,
    76.041072,
    75.584712
  ],
  "model_info": {
    "model_class": "BaseClassifier",
    "hidden_size": 128,
    "num_classes": 23,
    "emb_size_audio": 512,
    "emb_size_text": 0,
    "dropout": 0.1,
    "use_batch_norm": true,
    "mode": "audio",
    "num_folds": 5,
    "fold_id": 1,
    "batch_size": 64,
    "random_seed": 1821
  }
}