{
  "attention_audio": [
    0.499678,
    0.485415,
    0.484435,
    0.490574,
    0.489064,
    0.48647,
    0.489496,
    0.494577,
    0.499045,
    0.496149,
    0.493336,
    0.494456,
    0.492109,
    0.492693,
    0.495753,
    0.49881,
    0.497076,
    0.495979,
    0.497606,
    0.494928,
    0.500432,
    0.499651,
    0.499332,
    0.4973,
    0.499211,
    0.499111,
    0.499101,
    0.50084,
    0.500353,
    0.500435,
    0.498193,
    0.502321,
    0.500435,
    0.498925,
    0.498187,
    0.501411,
    0.502207,
    0.504078,
    0.501471,
    0.502908,
    0.504376
  ],
  "attention_text": [
    0.500322,
    0.514585,
    0.515565,
    0.509426,
    0.510935,
    0.51353,
    0.510504,
    0.505423,
    0.500955,
    0.503851,
    0.506664,
    0.505544,
    0.507891,
    0.507307,
    0.504247,
    0.50119,
    0.502924,
    0.504021,
    0.502394,
    0.505072,
    0.499568,
    0.500349,
    0.500668,
    0.5027,
    0.500789,
    0.500889,
    0.500899,
    0.49916,
    0.499647,
    0.499565,
    0.501807,
    0.497679,
    0.499565,
    0.501075,
    0.501813,
    0.49859,
    0.497793,
    0.495922,
    0.498529,
    0.497092,
    0.495624
  ],
  "train_cls_loss": [
    2.225561,
    1.495247,
    1.33221,
    1.255664,
    1.22518,
    1.124612,
    1.137366,
    1.102031,
    1.039969,
    1.078919,
    1.048174,
    1.075935,
    1.048582,
    1.063466,
    0.971301,
    0.930779,
    0.960067,
    1.009433,
    0.946012,
    0.959806,
    0.889305,
    0.81757,
    0.81482,
    0.813434,
    0.825237,
    0.823151,
    0.876617,
    0.871705,
    0.804766,
    0.723921,
    0.847153,
    0.79663,
    0.759118,
    0.712191,
    0.823919,
    0.731434,
    0.724454,
    0.803148,
    0.806548,
    0.779866,
    0.776944
  ],
  "train_total_loss": [
    2.225561,
    1.495247,
    1.33221,
    1.255664,
    1.22518,
    1.124612,
    1.137366,
    1.102031,
    1.039969,
    1.078919,
    1.048174,
    1.075935,
    1.048582,
    1.063466,
    0.971301,
    0.930779,
    0.960067,
    1.009433,
    0.946012,
    0.959806,
    0.889305,
    0.81757,
    0.81482,
    0.813434,
    0.825237,
    0.823151,
    0.876617,
    0.871705,
    0.804766,
    0.723921,
    0.847153,
    0.79663,
    0.759118,
    0.712191,
    0.823919,
    0.731434,
    0.724454,
    0.803148,
    0.806548,
    0.779866,
    0.776944
  ],
  "learning_rates": [
    0.001,
    0.001,
    0.001,
    0.001,
    0.001,
    0.001,
    0.001,
    0.001,
    0.001,
    0.001,
    0.001,
    0.001,
    0.001,
    0.001,
    0.001,
    0.001,
    0.001,
    0.001,
    0.001,
    0.001,
    0.0005,
    0.0005,
    0.0005,
    0.0005,
    0.0005,
    0.0005,
    0.0005,
    0.0005,
    0.0005,
    0.0005,
    0.0005,
    0.0005,
    0.0005,
    0.0005,
    0.0005,
    0.0005,
    0.0005,
    0.0005,
    0.0005,
    0.0005,
    0.00025
  ],
  "val_accuracy": [
    60.353679,
    68.853394,
    70.964062,
    71.876783,
    76.839703,
    74.272675,
    78.03765,
    76.611523,
    75.413577,
    78.26583,
    78.15174,
    78.094695,
    79.349686,
    77.581289,
    78.836281,
    79.520821,
    79.007416,
    78.436965,
    78.37992,
    78.551055,
    79.463776,
    79.691957,
    80.034227,
    79.235596,
    78.950371,
    80.433542,
    79.064461,
    79.292641,
    79.920137,
    79.463776,
    78.15174,
    79.235596,
    79.463776,
    79.920137,
    79.691957,
    78.49401,
    79.178551,
    79.406731,
    80.148317,
    79.691957,
    80.262407
  ],
  "model_info": {
    "model_class": "BaseClassifier",
    "hidden_size": 128,
    "num_classes": 23,
    "emb_size_audio": 512,
    "emb_size_text": 512,
    "dropout": 0.1,
    "use_batch_norm": true,
    "mode": "both",
    "num_folds": 5,
    "fold_id": 0,
    "batch_size": 64,
    "random_seed": 1821
  }
}