{
  "attention_audio": [
    0.500532,
    0.482935,
    0.479442,
    0.479689,
    0.478485,
    0.476,
    0.472364,
    0.470921,
    0.472673,
    0.472966,
    0.4762,
    0.471197,
    0.471409,
    0.470651,
    0.471495,
    0.469014,
    0.472635,
    0.474183,
    0.47187,
    0.469418,
    0.473584,
    0.473361,
    0.4738,
    0.472001,
    0.475722,
    0.474885,
    0.475792,
    0.476625,
    0.474619,
    0.476859,
    0.47996,
    0.478853,
    0.478595,
    0.478178,
    0.477401,
    0.475856,
    0.480106,
    0.481801,
    0.479364,
    0.480289,
    0.478211,
    0.479291,
    0.481008,
    0.480927,
    0.480411,
    0.482367,
    0.482377,
    0.481728,
    0.480948,
    0.480914,
    0.482099,
    0.481052,
    0.483515,
    0.483635,
    0.482477,
    0.480686
  ],
  "attention_text": [
    0.499468,
    0.517065,
    0.520558,
    0.520311,
    0.521515,
    0.524,
    0.527636,
    0.529079,
    0.527327,
    0.527034,
    0.5238,
    0.528804,
    0.528591,
    0.529349,
    0.528505,
    0.530986,
    0.527365,
    0.525817,
    0.52813,
    0.530582,
    0.526416,
    0.526639,
    0.5262,
    0.527999,
    0.524278,
    0.525115,
    0.524208,
    0.523375,
    0.525381,
    0.523141,
    0.52004,
    0.521147,
    0.521405,
    0.521821,
    0.522599,
    0.524144,
    0.519894,
    0.518199,
    0.520636,
    0.519711,
    0.521789,
    0.520709,
    0.518992,
    0.519073,
    0.519589,
    0.517633,
    0.517623,
    0.518272,
    0.519052,
    0.519086,
    0.517901,
    0.518948,
    0.516485,
    0.516365,
    0.517523,
    0.519315
  ],
  "train_cls_loss": [
    2.250769,
    1.368053,
    1.152514,
    1.053407,
    0.980984,
    0.917138,
    0.874051,
    0.84601,
    0.813969,
    0.786432,
    0.760875,
    0.721741,
    0.684869,
    0.693161,
    0.670766,
    0.653313,
    0.619525,
    0.616294,
    0.617061,
    0.592951,
    0.519995,
    0.476064,
    0.481332,
    0.463739,
    0.451994,
    0.441237,
    0.437413,
    0.425215,
    0.411806,
    0.41765,
    0.406637,
    0.379824,
    0.393199,
    0.372167,
    0.383402,
    0.371658,
    0.36597,
    0.361052,
    0.366991,
    0.33883,
    0.313052,
    0.287925,
    0.280105,
    0.276699,
    0.27157,
    0.268261,
    0.271005,
    0.268558,
    0.25425,
    0.26317,
    0.248688,
    0.246747,
    0.238577,
    0.249653,
    0.243399,
    0.242053
  ],
  "train_top_cls_loss": [
    0.848774,
    0.530565,
    0.48803,
    0.456611,
    0.422871,
    0.408952,
    0.39291,
    0.382651,
    0.379174,
    0.36059,
    0.345852,
    0.334796,
    0.323244,
    0.3203,
    0.311127,
    0.311024,
    0.283854,
    0.285084,
    0.291522,
    0.2889,
    0.246225,
    0.221461,
    0.225892,
    0.216361,
    0.213203,
    0.207431,
    0.197931,
    0.202785,
    0.194038,
    0.204034,
    0.193412,
    0.176375,
    0.186044,
    0.17795,
    0.177773,
    0.177593,
    0.177162,
    0.173375,
    0.175039,
    0.153833,
    0.156421,
    0.13896,
    0.13096,
    0.132103,
    0.130166,
    0.130329,
    0.133988,
    0.126254,
    0.128144,
    0.121628,
    0.121798,
    0.118788,
    0.119265,
    0.126474,
    0.114699,
    0.116196
  ],
  "train_total_loss": [
    2.675156,
    1.633335,
    1.396529,
    1.281713,
    1.19242,
    1.121614,
    1.070506,
    1.037336,
    1.003556,
    0.966727,
    0.933801,
    0.889139,
    0.846492,
    0.853311,
    0.826329,
    0.808825,
    0.761452,
    0.758836,
    0.762823,
    0.737401,
    0.643108,
    0.586795,
    0.594278,
    0.57192,
    0.558596,
    0.544953,
    0.536379,
    0.526607,
    0.508826,
    0.519667,
    0.503343,
    0.468012,
    0.486221,
    0.461142,
    0.472289,
    0.460455,
    0.454551,
    0.447739,
    0.45451,
    0.415747,
    0.391262,
    0.357405,
    0.345585,
    0.34275,
    0.336652,
    0.333425,
    0.337999,
    0.331685,
    0.318322,
    0.323984,
    0.309587,
    0.306141,
    0.298209,
    0.31289,
    0.300749,
    0.300151
  ],
  "learning_rates": [
    0.001,
    0.001,
    0.001,
    0.001,
    0.001,
    0.001,
    0.001,
    0.001,
    0.001,
    0.001,
    0.001,
    0.001,
    0.001,
    0.001,
    0.001,
    0.001,
    0.001,
    0.001,
    0.001,
    0.001,
    0.0005,
    0.0005,
    0.0005,
    0.0005,
    0.0005,
    0.0005,
    0.0005,
    0.0005,
    0.0005,
    0.0005,
    0.0005,
    0.0005,
    0.0005,
    0.0005,
    0.0005,
    0.0005,
    0.0005,
    0.0005,
    0.0005,
    0.0005,
    0.00025,
    0.00025,
    0.00025,
    0.00025,
    0.00025,
    0.00025,
    0.00025,
    0.00025,
    0.00025,
    0.00025,
    0.00025,
    0.00025,
    0.00025,
    0.00025,
    0.00025,
    0.00025
  ],
  "val_accuracy": [
    59.310345,
    69.022989,
    72.931034,
    73.678161,
    73.735632,
    76.37931,
    74.252874,
    75.574713,
    74.827586,
    77.701149,
    77.126437,
    77.816092,
    77.586207,
    77.643678,
    77.298851,
    77.586207,
    77.356322,
    78.563218,
    77.471264,
    77.643678,
    78.448276,
    78.62069,
    78.275862,
    78.735632,
    78.850575,
    78.62069,
    78.390805,
    77.643678,
    79.08046,
    78.390805,
    79.08046,
    77.586207,
    78.563218,
    78.103448,
    78.333333,
    77.701149,
    78.850575,
    78.735632,
    78.333333,
    77.931034,
    79.137931,
    78.62069,
    79.022989,
    78.793103,
    78.678161,
    78.62069,
    78.275862,
    78.735632,
    77.931034,
    78.505747,
    77.816092,
    78.045977,
    78.333333,
    77.701149,
    77.931034,
    77.586207
  ],
  "model_info": {
    "model_class": "BaseClassifier",
    "hidden_size": 128,
    "num_classes": 23,
    "emb_size_audio": 768,
    "emb_size_text": 512,
    "dropout": 0.1,
    "use_batch_norm": true,
    "mode": "both",
    "num_folds": 5,
    "fold_id": 0,
    "batch_size": 64,
    "random_seed": 1821
  }
}