{
  "attention_audio": [
    0.524249,
    0.492672,
    0.493279,
    0.488651,
    0.488732,
    0.488399,
    0.488371,
    0.485347,
    0.487103,
    0.485141,
    0.488298,
    0.484592,
    0.485377,
    0.487748,
    0.491174,
    0.486808,
    0.489824,
    0.485327,
    0.485368,
    0.484252,
    0.486236,
    0.487788,
    0.488067,
    0.487569,
    0.485431,
    0.488767,
    0.491237,
    0.494411,
    0.492202,
    0.49248,
    0.491829,
    0.491817,
    0.487255,
    0.490548,
    0.490799,
    0.491873,
    0.493039,
    0.491656
  ],
  "attention_text": [
    0.475751,
    0.507328,
    0.506721,
    0.511349,
    0.511268,
    0.511601,
    0.511629,
    0.514653,
    0.512897,
    0.514859,
    0.511702,
    0.515408,
    0.514623,
    0.512252,
    0.508826,
    0.513192,
    0.510176,
    0.514673,
    0.514632,
    0.515748,
    0.513764,
    0.512212,
    0.511933,
    0.512431,
    0.514569,
    0.511233,
    0.508763,
    0.505588,
    0.507798,
    0.50752,
    0.508171,
    0.508183,
    0.512745,
    0.509452,
    0.509201,
    0.508127,
    0.506961,
    0.508344
  ],
  "train_cls_loss": [
    2.319957,
    1.446774,
    1.184826,
    1.042759,
    0.993015,
    0.898391,
    0.865682,
    0.844286,
    0.793468,
    0.753931,
    0.740092,
    0.722813,
    0.688368,
    0.691696,
    0.674153,
    0.649753,
    0.629585,
    0.618138,
    0.602339,
    0.592037,
    0.519646,
    0.490594,
    0.477062,
    0.461031,
    0.452585,
    0.437545,
    0.432029,
    0.425771,
    0.40983,
    0.409539,
    0.406885,
    0.407054,
    0.388281,
    0.405778,
    0.38579,
    0.369158,
    0.356459,
    0.363047
  ],
  "train_total_loss": [
    2.319957,
    1.446774,
    1.184826,
    1.042759,
    0.993015,
    0.898391,
    0.865682,
    0.844286,
    0.793468,
    0.753931,
    0.740092,
    0.722813,
    0.688368,
    0.691696,
    0.674153,
    0.649753,
    0.629585,
    0.618138,
    0.602339,
    0.592037,
    0.519646,
    0.490594,
    0.477062,
    0.461031,
    0.452585,
    0.437545,
    0.432029,
    0.425771,
    0.40983,
    0.409539,
    0.406885,
    0.407054,
    0.388281,
    0.405778,
    0.38579,
    0.369158,
    0.356459,
    0.363047
  ],
  "learning_rates": [
    0.001,
    0.001,
    0.001,
    0.001,
    0.001,
    0.001,
    0.001,
    0.001,
    0.001,
    0.001,
    0.001,
    0.001,
    0.001,
    0.001,
    0.001,
    0.001,
    0.001,
    0.001,
    0.001,
    0.001,
    0.0005,
    0.0005,
    0.0005,
    0.0005,
    0.0005,
    0.0005,
    0.0005,
    0.0005,
    0.0005,
    0.0005,
    0.0005,
    0.0005,
    0.0005,
    0.0005,
    0.0005,
    0.0005,
    0.0005,
    0.0005
  ],
  "val_accuracy": [
    59.310345,
    67.701149,
    72.758621,
    75.057471,
    75.402299,
    74.885057,
    76.781609,
    75.574713,
    78.563218,
    79.54023,
    78.390805,
    77.528736,
    77.241379,
    77.873563,
    78.16092,
    78.275862,
    77.126437,
    79.367816,
    78.908046,
    77.298851,
    79.252874,
    79.712644,
    80.114943,
    78.850575,
    79.425287,
    78.850575,
    78.908046,
    80.0,
    78.850575,
    78.448276,
    79.022989,
    78.678161,
    78.390805,
    78.045977,
    79.08046,
    79.08046,
    78.563218,
    78.505747
  ],
  "model_info": {
    "model_class": "BaseClassifier",
    "hidden_size": 128,
    "num_classes": 23,
    "emb_size_audio": 768,
    "emb_size_text": 512,
    "dropout": 0.1,
    "use_batch_norm": true,
    "mode": "both",
    "num_folds": 5,
    "fold_id": 1,
    "batch_size": 64,
    "random_seed": 1821
  }
}