{
  "train_cls_loss": [
    1.778304,
    1.395769,
    1.282025,
    1.20554,
    1.163968,
    1.12239,
    1.094178,
    1.059565,
    1.02858,
    1.01281,
    0.99156,
    0.96668,
    0.95811,
    0.932091,
    0.917848,
    0.903629,
    0.890845,
    0.870237,
    0.861955,
    0.850243,
    0.788204,
    0.767864,
    0.748455,
    0.734863,
    0.727935,
    0.720331,
    0.709292,
    0.698714,
    0.688663,
    0.678885,
    0.6688,
    0.660745,
    0.64936,
    0.646745,
    0.640755,
    0.634497,
    0.621746,
    0.617646,
    0.616424,
    0.600746,
    0.571224
  ],
  "train_total_loss": [
    1.778304,
    1.395769,
    1.282025,
    1.20554,
    1.163968,
    1.12239,
    1.094178,
    1.059565,
    1.02858,
    1.01281,
    0.99156,
    0.96668,
    0.95811,
    0.932091,
    0.917848,
    0.903629,
    0.890845,
    0.870237,
    0.861955,
    0.850243,
    0.788204,
    0.767864,
    0.748455,
    0.734863,
    0.727935,
    0.720331,
    0.709292,
    0.698714,
    0.688663,
    0.678885,
    0.6688,
    0.660745,
    0.64936,
    0.646745,
    0.640755,
    0.634497,
    0.621746,
    0.617646,
    0.616424,
    0.600746,
    0.571224
  ],
  "learning_rates": [
    0.001,
    0.001,
    0.001,
    0.001,
    0.001,
    0.001,
    0.001,
    0.001,
    0.001,
    0.001,
    0.001,
    0.001,
    0.001,
    0.001,
    0.001,
    0.001,
    0.001,
    0.001,
    0.001,
    0.001,
    0.0005,
    0.0005,
    0.0005,
    0.0005,
    0.0005,
    0.0005,
    0.0005,
    0.0005,
    0.0005,
    0.0005,
    0.0005,
    0.0005,
    0.0005,
    0.0005,
    0.0005,
    0.0005,
    0.0005,
    0.0005,
    0.0005,
    0.0005,
    0.00025
  ],
  "val_accuracy": [
    51.340559,
    64.86024,
    63.148888,
    67.484313,
    69.652025,
    68.739304,
    70.735881,
    69.70907,
    70.393611,
    69.3668,
    69.537935,
    71.135197,
    68.682259,
    70.792926,
    71.477467,
    71.192242,
    70.792926,
    71.306332,
    70.678836,
    71.192242,
    71.933828,
    71.420422,
    71.534512,
    71.762693,
    70.792926,
    72.390188,
    71.420422,
    71.363377,
    71.705647,
    70.907017,
    71.933828,
    71.990873,
    71.648602,
    70.279521,
    70.678836,
    71.762693,
    71.876783,
    71.363377,
    71.591557,
    71.249287,
    71.192242
  ],
  "model_info": {
    "model_class": "BaseClassifier",
    "hidden_size": 128,
    "num_classes": 23,
    "emb_size_audio": 512,
    "emb_size_text": 0,
    "dropout": 0.1,
    "use_batch_norm": true,
    "mode": "audio",
    "num_folds": 5,
    "fold_id": 1,
    "batch_size": 64,
    "random_seed": 1821
  }
}