{
  "attention_audio": [
    0.533873,
    0.533114,
    0.530835,
    0.523275,
    0.52276,
    0.521133,
    0.520228,
    0.520431,
    0.519282,
    0.516517,
    0.517435,
    0.515847,
    0.515749,
    0.513852,
    0.515791,
    0.515963,
    0.517493,
    0.515202,
    0.513299,
    0.51696,
    0.518799,
    0.516937,
    0.516491,
    0.515468,
    0.517414,
    0.51654,
    0.516261,
    0.517787,
    0.518785,
    0.519113,
    0.520177,
    0.51976,
    0.517664,
    0.51614,
    0.518623,
    0.516243,
    0.517903,
    0.517314,
    0.51764,
    0.518643,
    0.517398,
    0.515679,
    0.517423,
    0.516499,
    0.516391,
    0.517259,
    0.519414
  ],
  "attention_text": [
    0.466127,
    0.466886,
    0.469165,
    0.476725,
    0.47724,
    0.478867,
    0.479772,
    0.479569,
    0.480718,
    0.483483,
    0.482565,
    0.484153,
    0.484251,
    0.486147,
    0.484209,
    0.484037,
    0.482507,
    0.484798,
    0.486701,
    0.48304,
    0.481201,
    0.483063,
    0.483509,
    0.484532,
    0.482586,
    0.48346,
    0.483739,
    0.482213,
    0.481215,
    0.480887,
    0.479823,
    0.48024,
    0.482336,
    0.48386,
    0.481377,
    0.483757,
    0.482097,
    0.482686,
    0.48236,
    0.481357,
    0.482602,
    0.484321,
    0.482577,
    0.483501,
    0.483609,
    0.482741,
    0.480586
  ],
  "train_cls_loss": [
    2.444926,
    1.669045,
    1.420191,
    1.234803,
    1.138286,
    1.068158,
    1.008374,
    0.96792,
    0.927504,
    0.903976,
    0.864997,
    0.823144,
    0.798498,
    0.79522,
    0.748959,
    0.724249,
    0.709041,
    0.69265,
    0.685994,
    0.65855,
    0.588655,
    0.558008,
    0.544094,
    0.522831,
    0.51678,
    0.521635,
    0.50844,
    0.487371,
    0.499237,
    0.48742,
    0.480246,
    0.479294,
    0.454892,
    0.458817,
    0.44531,
    0.444957,
    0.440993,
    0.419834,
    0.409604,
    0.412551,
    0.370917,
    0.345361,
    0.343682,
    0.357512,
    0.325294,
    0.336618,
    0.32823
  ],
  "train_top_cls_loss": [
    0.770043,
    0.477682,
    0.443873,
    0.424371,
    0.402275,
    0.392591,
    0.379319,
    0.363096,
    0.353497,
    0.346096,
    0.336295,
    0.329038,
    0.3203,
    0.326009,
    0.298113,
    0.295772,
    0.28279,
    0.287509,
    0.276682,
    0.261629,
    0.238006,
    0.221097,
    0.218026,
    0.205773,
    0.20866,
    0.209618,
    0.196568,
    0.188421,
    0.192594,
    0.191893,
    0.189758,
    0.192011,
    0.185057,
    0.186862,
    0.172291,
    0.171721,
    0.175797,
    0.161984,
    0.16126,
    0.16888,
    0.148277,
    0.139467,
    0.128136,
    0.143289,
    0.130085,
    0.134508,
    0.130239
  ],
  "train_total_loss": [
    3.59999,
    2.385569,
    2.086,
    1.871359,
    1.741699,
    1.657044,
    1.577353,
    1.512564,
    1.45775,
    1.42312,
    1.369439,
    1.316702,
    1.278948,
    1.284233,
    1.196129,
    1.167906,
    1.133225,
    1.123914,
    1.101017,
    1.050994,
    0.945664,
    0.889653,
    0.871133,
    0.83149,
    0.829769,
    0.836062,
    0.803293,
    0.770003,
    0.788128,
    0.775259,
    0.764883,
    0.767311,
    0.732478,
    0.73911,
    0.703747,
    0.702538,
    0.704688,
    0.66281,
    0.651495,
    0.665871,
    0.593331,
    0.554562,
    0.535887,
    0.572445,
    0.520422,
    0.538379,
    0.523589
  ],
  "learning_rates": [
    0.001,
    0.001,
    0.001,
    0.001,
    0.001,
    0.001,
    0.001,
    0.001,
    0.001,
    0.001,
    0.001,
    0.001,
    0.001,
    0.001,
    0.001,
    0.001,
    0.001,
    0.001,
    0.001,
    0.001,
    0.0005,
    0.0005,
    0.0005,
    0.0005,
    0.0005,
    0.0005,
    0.0005,
    0.0005,
    0.0005,
    0.0005,
    0.0005,
    0.0005,
    0.0005,
    0.0005,
    0.0005,
    0.0005,
    0.0005,
    0.0005,
    0.0005,
    0.0005,
    0.00025,
    0.00025,
    0.00025,
    0.00025,
    0.00025,
    0.00025,
    0.00025
  ],
  "val_accuracy": [
    43.924701,
    56.588705,
    63.947519,
    70.564746,
    69.994295,
    71.990873,
    72.561323,
    74.386766,
    76.326298,
    75.413577,
    75.869937,
    75.584712,
    77.980605,
    76.098118,
    76.668568,
    76.554478,
    77.695379,
    77.638334,
    78.836281,
    78.094695,
    78.665145,
    78.26583,
    79.349686,
    78.893326,
    78.722191,
    78.49401,
    77.752424,
    78.49401,
    78.893326,
    78.03765,
    78.37992,
    79.577867,
    78.722191,
    79.178551,
    78.15174,
    78.26583,
    79.007416,
    77.866515,
    79.292641,
    78.208785,
    78.893326,
    78.49401,
    78.551055,
    78.03765,
    78.779236,
    77.638334,
    78.322875
  ],
  "model_info": {
    "model_class": "BaseClassifier",
    "hidden_size": 128,
    "num_classes": 23,
    "emb_size_audio": 512,
    "emb_size_text": 512,
    "dropout": 0.1,
    "use_batch_norm": true,
    "mode": "both",
    "num_folds": 5,
    "fold_id": 1,
    "batch_size": 64,
    "random_seed": 1821
  }
}