{
  "train_cls_loss": [
    1.790334,
    1.28164,
    1.189853,
    1.081428,
    1.031436,
    1.014458,
    1.024099,
    0.981255,
    1.006295,
    0.944557,
    1.017633,
    0.859676,
    0.883031,
    0.882666,
    0.873803,
    0.912136,
    0.923998,
    0.89428,
    0.852496,
    0.813328,
    0.826249,
    0.80378,
    0.761444,
    0.735883,
    0.74271,
    0.70564,
    0.749868,
    0.778163,
    0.821378,
    0.735448,
    0.715097,
    0.747946,
    0.706119,
    0.654307,
    0.736307,
    0.722296,
    0.690873,
    0.643272,
    0.696304,
    0.632742,
    0.679684,
    0.651325,
    0.667375,
    0.614718,
    0.631059,
    0.640386
  ],
  "train_total_loss": [
    1.790334,
    1.28164,
    1.189853,
    1.081428,
    1.031436,
    1.014458,
    1.024099,
    0.981255,
    1.006295,
    0.944557,
    1.017633,
    0.859676,
    0.883031,
    0.882666,
    0.873803,
    0.912136,
    0.923998,
    0.89428,
    0.852496,
    0.813328,
    0.826249,
    0.80378,
    0.761444,
    0.735883,
    0.74271,
    0.70564,
    0.749868,
    0.778163,
    0.821378,
    0.735448,
    0.715097,
    0.747946,
    0.706119,
    0.654307,
    0.736307,
    0.722296,
    0.690873,
    0.643272,
    0.696304,
    0.632742,
    0.679684,
    0.651325,
    0.667375,
    0.614718,
    0.631059,
    0.640386
  ],
  "learning_rates": [
    0.001,
    0.001,
    0.001,
    0.001,
    0.001,
    0.001,
    0.001,
    0.001,
    0.001,
    0.001,
    0.001,
    0.001,
    0.001,
    0.001,
    0.001,
    0.001,
    0.001,
    0.001,
    0.001,
    0.001,
    0.0005,
    0.0005,
    0.0005,
    0.0005,
    0.0005,
    0.0005,
    0.0005,
    0.0005,
    0.0005,
    0.0005,
    0.0005,
    0.0005,
    0.0005,
    0.0005,
    0.0005,
    0.0005,
    0.0005,
    0.0005,
    0.0005,
    0.0005,
    0.00025,
    0.00025,
    0.00025,
    0.00025,
    0.00025,
    0.00025
  ],
  "val_accuracy": [
    56.41757,
    67.997718,
    70.564746,
    72.846549,
    72.618369,
    75.698802,
    74.843126,
    75.299487,
    76.383343,
    76.554478,
    77.353109,
    76.098118,
    75.984027,
    76.554478,
    77.581289,
    77.353109,
    77.181974,
    77.239019,
    77.410154,
    78.26583,
    78.208785,
    78.094695,
    78.26583,
    77.695379,
    78.551055,
    78.551055,
    77.581289,
    77.410154,
    78.322875,
    77.752424,
    78.779236,
    78.49401,
    76.839703,
    77.638334,
    77.980605,
    78.094695,
    78.15174,
    77.695379,
    77.638334,
    77.239019,
    78.208785,
    77.980605,
    77.581289,
    77.638334,
    78.094695,
    77.695379
  ],
  "model_info": {
    "model_class": "BaseClassifier",
    "hidden_size": 128,
    "num_classes": 23,
    "emb_size_audio": 512,
    "emb_size_text": 0,
    "dropout": 0.1,
    "use_batch_norm": true,
    "mode": "audio",
    "num_folds": 5,
    "fold_id": 2,
    "batch_size": 64,
    "random_seed": 1821
  }
}