{
  "train_cls_loss": [
    2.421118,
    1.626909,
    1.477632,
    1.339883,
    1.285179,
    1.212557,
    1.165815,
    1.139961,
    1.105912,
    1.057161,
    1.018829,
    1.028349,
    0.989765,
    0.954234,
    0.932149,
    0.910228,
    0.902068,
    0.871913,
    0.864252,
    0.842374,
    0.744312,
    0.723928,
    0.701262,
    0.699847,
    0.690715,
    0.654549,
    0.64574,
    0.646491,
    0.61834,
    0.611789,
    0.587544,
    0.608469,
    0.586752,
    0.573006,
    0.558735,
    0.545074,
    0.552156,
    0.545007,
    0.523559,
    0.518207,
    0.483182,
    0.447318
  ],
  "train_top_cls_loss": [
    0.918469,
    0.65041,
    0.600428,
    0.552955,
    0.545082,
    0.513624,
    0.500226,
    0.48424,
    0.476964,
    0.457878,
    0.440177,
    0.440523,
    0.43337,
    0.421702,
    0.402871,
    0.399274,
    0.393796,
    0.380546,
    0.377423,
    0.364748,
    0.318781,
    0.32284,
    0.307399,
    0.293966,
    0.296194,
    0.272759,
    0.270817,
    0.283747,
    0.265534,
    0.249791,
    0.257721,
    0.263687,
    0.251134,
    0.248789,
    0.236152,
    0.229518,
    0.235667,
    0.236647,
    0.231924,
    0.236481,
    0.210555,
    0.193889
  ],
  "train_total_loss": [
    3.064046,
    2.082196,
    1.897931,
    1.726951,
    1.666736,
    1.572094,
    1.515973,
    1.478929,
    1.439787,
    1.377676,
    1.326953,
    1.336715,
    1.293124,
    1.249426,
    1.214159,
    1.18972,
    1.177726,
    1.138296,
    1.128448,
    1.097698,
    0.967458,
    0.949916,
    0.916441,
    0.905623,
    0.89805,
    0.845481,
    0.835312,
    0.845114,
    0.804214,
    0.786642,
    0.767948,
    0.79305,
    0.762546,
    0.747159,
    0.724041,
    0.705737,
    0.717123,
    0.71066,
    0.685905,
    0.683744,
    0.63057,
    0.58304
  ],
  "learning_rates": [
    0.001,
    0.001,
    0.001,
    0.001,
    0.001,
    0.001,
    0.001,
    0.001,
    0.001,
    0.001,
    0.001,
    0.001,
    0.001,
    0.001,
    0.001,
    0.001,
    0.001,
    0.001,
    0.001,
    0.001,
    0.0005,
    0.0005,
    0.0005,
    0.0005,
    0.0005,
    0.0005,
    0.0005,
    0.0005,
    0.0005,
    0.0005,
    0.0005,
    0.0005,
    0.0005,
    0.0005,
    0.0005,
    0.0005,
    0.0005,
    0.0005,
    0.0005,
    0.0005,
    0.00025,
    0.00025
  ],
  "val_accuracy": [
    49.942529,
    61.436782,
    64.655172,
    66.494253,
    66.091954,
    67.643678,
    67.816092,
    69.022989,
    69.425287,
    71.206897,
    69.54023,
    71.091954,
    71.954023,
    70.689655,
    71.149425,
    72.068966,
    71.091954,
    71.781609,
    71.609195,
    71.781609,
    73.850575,
    72.011494,
    73.505747,
    72.471264,
    73.505747,
    72.298851,
    74.137931,
    73.850575,
    73.735632,
    72.528736,
    73.275862,
    72.068966,
    73.505747,
    72.471264,
    71.954023,
    72.471264,
    72.011494,
    72.758621,
    72.528736,
    73.103448,
    73.103448,
    73.16092
  ],
  "model_info": {
    "model_class": "BaseClassifier",
    "hidden_size": 128,
    "num_classes": 23,
    "emb_size_audio": 768,
    "emb_size_text": 0,
    "dropout": 0.1,
    "use_batch_norm": true,
    "mode": "audio",
    "num_folds": 5,
    "fold_id": 1,
    "batch_size": 64,
    "random_seed": 1821
  }
}