{
  "attention_audio": [
    0.517609,
    0.507727,
    0.505844,
    0.509685,
    0.512055,
    0.514849,
    0.514657,
    0.509308,
    0.512444,
    0.511642,
    0.511357,
    0.511009,
    0.509073,
    0.513728,
    0.512414,
    0.515911,
    0.51441,
    0.515676,
    0.517396,
    0.521234,
    0.518923,
    0.5189,
    0.517836,
    0.518815,
    0.517272,
    0.520341,
    0.522246,
    0.521497,
    0.519875,
    0.51808,
    0.516301,
    0.516536,
    0.515696,
    0.513747,
    0.514135,
    0.514309
  ],
  "attention_text": [
    0.482391,
    0.492273,
    0.494156,
    0.490315,
    0.487945,
    0.485151,
    0.485343,
    0.490692,
    0.487556,
    0.488358,
    0.488643,
    0.488991,
    0.490927,
    0.486272,
    0.487586,
    0.484089,
    0.48559,
    0.484324,
    0.482604,
    0.478766,
    0.481077,
    0.4811,
    0.482164,
    0.481185,
    0.482728,
    0.479659,
    0.477754,
    0.478503,
    0.480125,
    0.48192,
    0.483699,
    0.483464,
    0.484304,
    0.486253,
    0.485865,
    0.485691
  ],
  "train_cls_loss": [
    1.706616,
    1.016997,
    0.826019,
    0.727735,
    0.664589,
    0.620725,
    0.577851,
    0.565211,
    0.536034,
    0.513575,
    0.499085,
    0.489232,
    0.468813,
    0.455474,
    0.449997,
    0.437505,
    0.431122,
    0.413217,
    0.410591,
    0.397594,
    0.356162,
    0.32283,
    0.315969,
    0.306373,
    0.317925,
    0.3008,
    0.298875,
    0.296237,
    0.297693,
    0.295733,
    0.27916,
    0.278624,
    0.272751,
    0.272923,
    0.262637,
    0.263558
  ],
  "train_top_cls_loss": [
    0.802378,
    0.502069,
    0.459226,
    0.428139,
    0.400146,
    0.382587,
    0.372142,
    0.363513,
    0.349749,
    0.334862,
    0.32844,
    0.324022,
    0.316797,
    0.299467,
    0.292555,
    0.286585,
    0.284527,
    0.268147,
    0.275038,
    0.263264,
    0.238499,
    0.213953,
    0.206138,
    0.199736,
    0.203963,
    0.195283,
    0.199521,
    0.184952,
    0.188599,
    0.201186,
    0.183291,
    0.175011,
    0.176459,
    0.178337,
    0.175315,
    0.174677
  ],
  "train_total_loss": [
    2.26828,
    1.368445,
    1.147477,
    1.027433,
    0.944691,
    0.888537,
    0.83835,
    0.819669,
    0.780858,
    0.747979,
    0.728993,
    0.716048,
    0.690571,
    0.665101,
    0.654786,
    0.638114,
    0.630291,
    0.60092,
    0.603118,
    0.581879,
    0.523111,
    0.472597,
    0.460265,
    0.446188,
    0.460699,
    0.437498,
    0.43854,
    0.425703,
    0.429712,
    0.436563,
    0.407463,
    0.401131,
    0.396273,
    0.397759,
    0.385357,
    0.385831
  ],
  "learning_rates": [
    0.001,
    0.001,
    0.001,
    0.001,
    0.001,
    0.001,
    0.001,
    0.001,
    0.001,
    0.001,
    0.001,
    0.001,
    0.001,
    0.001,
    0.001,
    0.001,
    0.001,
    0.001,
    0.001,
    0.001,
    0.0005,
    0.0005,
    0.0005,
    0.0005,
    0.0005,
    0.0005,
    0.0005,
    0.0005,
    0.0005,
    0.0005,
    0.0005,
    0.0005,
    0.0005,
    0.0005,
    0.0005,
    0.0005
  ],
  "val_accuracy": [
    51.568739,
    66.229321,
    72.276098,
    73.302909,
    75.869937,
    77.581289,
    77.239019,
    78.551055,
    78.551055,
    79.235596,
    79.007416,
    79.749002,
    79.007416,
    79.749002,
    79.463776,
    80.205362,
    78.722191,
    78.950371,
    80.148317,
    80.604678,
    81.916714,
    81.460354,
    81.574444,
    80.148317,
    80.262407,
    81.403309,
    80.604678,
    79.463776,
    80.262407,
    79.749002,
    80.034227,
    80.547633,
    80.148317,
    80.376497,
    80.775813,
    80.718768
  ],
  "model_info": {
    "model_class": "BaseClassifier",
    "hidden_size": 128,
    "num_classes": 23,
    "emb_size_audio": 512,
    "emb_size_text": 512,
    "dropout": 0.1,
    "use_batch_norm": true,
    "mode": "both",
    "num_folds": 5,
    "fold_id": 2,
    "batch_size": 64,
    "random_seed": 1821
  }
}