{
  "train_cls_loss": [
    2.338978,
    1.462448,
    1.263009,
    1.153403,
    1.072268,
    1.017536,
    0.945425,
    0.917222,
    0.887506,
    0.87266,
    0.853091,
    0.818911,
    0.793766,
    0.782825,
    0.763603,
    0.745015,
    0.741263,
    0.725456,
    0.733966,
    0.661286,
    0.617201,
    0.611271,
    0.581934,
    0.567089,
    0.568841,
    0.547733,
    0.54725,
    0.526189,
    0.520439,
    0.538676,
    0.492333,
    0.494964,
    0.500133,
    0.50553,
    0.486873,
    0.469727,
    0.463579
  ],
  "train_total_loss": [
    2.338978,
    1.462448,
    1.263009,
    1.153403,
    1.072268,
    1.017536,
    0.945425,
    0.917222,
    0.887506,
    0.87266,
    0.853091,
    0.818911,
    0.793766,
    0.782825,
    0.763603,
    0.745015,
    0.741263,
    0.725456,
    0.733966,
    0.661286,
    0.617201,
    0.611271,
    0.581934,
    0.567089,
    0.568841,
    0.547733,
    0.54725,
    0.526189,
    0.520439,
    0.538676,
    0.492333,
    0.494964,
    0.500133,
    0.50553,
    0.486873,
    0.469727,
    0.463579
  ],
  "learning_rates": [
    0.001,
    0.001,
    0.001,
    0.001,
    0.001,
    0.001,
    0.001,
    0.001,
    0.001,
    0.001,
    0.001,
    0.001,
    0.001,
    0.001,
    0.001,
    0.001,
    0.001,
    0.001,
    0.001,
    0.001,
    0.0005,
    0.0005,
    0.0005,
    0.0005,
    0.0005,
    0.0005,
    0.0005,
    0.0005,
    0.0005,
    0.0005,
    0.0005,
    0.0005,
    0.0005,
    0.0005,
    0.0005,
    0.0005,
    0.0005
  ],
  "val_accuracy": [
    62.885327,
    67.879162,
    69.913687,
    73.24291,
    75.092478,
    73.612824,
    76.325524,
    77.188656,
    77.250308,
    76.818742,
    77.188656,
    77.928483,
    77.373613,
    77.866831,
    78.11344,
    76.387176,
    76.695438,
    77.805179,
    77.55857,
    77.866831,
    78.606658,
    79.46979,
    77.743527,
    79.284834,
    77.990136,
    78.791615,
    78.976572,
    79.099877,
    78.853268,
    77.373613,
    77.990136,
    77.928483,
    77.866831,
    78.360049,
    77.866831,
    78.11344,
    77.743527
  ],
  "model_info": {
    "model_class": "BaseClassifier",
    "hidden_size": 128,
    "num_classes": 23,
    "emb_size_audio": 512,
    "emb_size_text": 0,
    "dropout": 0.1,
    "use_batch_norm": true,
    "mode": "audio",
    "num_folds": 5,
    "fold_id": 1,
    "batch_size": 64,
    "random_seed": 1821
  }
}