{
  "train_cls_loss": [
    1.783961,
    1.302059,
    1.129491,
    1.105402,
    1.074599,
    0.9789,
    0.990809,
    0.941163,
    0.897168,
    0.920142,
    0.869441,
    0.932214,
    0.940811,
    0.829088,
    0.845868,
    0.823014,
    0.842507,
    0.82527,
    0.78712,
    0.852717,
    0.827487,
    0.817435,
    0.797599,
    0.753046,
    0.755027,
    0.753359,
    0.728075,
    0.711644,
    0.757408,
    0.704356,
    0.72531,
    0.729355,
    0.696363,
    0.717943,
    0.677877,
    0.713217,
    0.753182,
    0.693451,
    0.662126,
    0.692696,
    0.614161,
    0.671622,
    0.663404,
    0.664734,
    0.643493,
    0.681185,
    0.691149
  ],
  "train_total_loss": [
    1.783961,
    1.302059,
    1.129491,
    1.105402,
    1.074599,
    0.9789,
    0.990809,
    0.941163,
    0.897168,
    0.920142,
    0.869441,
    0.932214,
    0.940811,
    0.829088,
    0.845868,
    0.823014,
    0.842507,
    0.82527,
    0.78712,
    0.852717,
    0.827487,
    0.817435,
    0.797599,
    0.753046,
    0.755027,
    0.753359,
    0.728075,
    0.711644,
    0.757408,
    0.704356,
    0.72531,
    0.729355,
    0.696363,
    0.717943,
    0.677877,
    0.713217,
    0.753182,
    0.693451,
    0.662126,
    0.692696,
    0.614161,
    0.671622,
    0.663404,
    0.664734,
    0.643493,
    0.681185,
    0.691149
  ],
  "learning_rates": [
    0.001,
    0.001,
    0.001,
    0.001,
    0.001,
    0.001,
    0.001,
    0.001,
    0.001,
    0.001,
    0.001,
    0.001,
    0.001,
    0.001,
    0.001,
    0.001,
    0.001,
    0.001,
    0.001,
    0.001,
    0.0005,
    0.0005,
    0.0005,
    0.0005,
    0.0005,
    0.0005,
    0.0005,
    0.0005,
    0.0005,
    0.0005,
    0.0005,
    0.0005,
    0.0005,
    0.0005,
    0.0005,
    0.0005,
    0.0005,
    0.0005,
    0.0005,
    0.0005,
    0.00025,
    0.00025,
    0.00025,
    0.00025,
    0.00025,
    0.00025,
    0.00025
  ],
  "val_accuracy": [
    61.608671,
    67.769538,
    70.279521,
    71.762693,
    72.276098,
    75.185396,
    73.930405,
    73.359954,
    75.755847,
    74.729036,
    75.356532,
    74.614946,
    75.869937,
    76.212208,
    76.155163,
    76.155163,
    76.896748,
    77.010839,
    76.782658,
    76.269253,
    77.695379,
    77.581289,
    77.638334,
    76.725613,
    77.124929,
    75.869937,
    77.067884,
    77.980605,
    77.239019,
    77.410154,
    77.181974,
    78.15174,
    77.581289,
    77.524244,
    77.410154,
    76.668568,
    76.839703,
    77.524244,
    77.410154,
    76.098118,
    77.638334,
    77.638334,
    76.668568,
    76.383343,
    77.181974,
    76.668568,
    77.067884
  ],
  "model_info": {
    "model_class": "BaseClassifier",
    "hidden_size": 128,
    "num_classes": 23,
    "emb_size_audio": 512,
    "emb_size_text": 0,
    "dropout": 0.1,
    "use_batch_norm": true,
    "mode": "audio",
    "num_folds": 5,
    "fold_id": 0,
    "batch_size": 64,
    "random_seed": 1821
  }
}