{
  "train_cls_loss": [
    2.425411,
    1.821816,
    1.698531,
    1.643479,
    1.478525,
    1.436291,
    1.522321,
    1.402748,
    1.341634,
    1.417479,
    1.246268,
    1.357448,
    1.350962,
    1.295758,
    1.198349,
    1.22103,
    1.19549,
    1.167787,
    1.170409,
    1.185079,
    1.153043,
    1.115371,
    1.050842,
    0.932198,
    1.098765,
    1.089926,
    0.997462,
    0.939529,
    0.948305,
    0.970887,
    0.88239,
    0.997962,
    0.9915,
    0.997641,
    0.936954,
    0.893556,
    0.912782,
    0.887365,
    0.8994,
    0.914712,
    0.806349,
    0.868124,
    0.866878,
    0.850566
  ],
  "train_total_loss": [
    2.425411,
    1.821816,
    1.698531,
    1.643479,
    1.478525,
    1.436291,
    1.522321,
    1.402748,
    1.341634,
    1.417479,
    1.246268,
    1.357448,
    1.350962,
    1.295758,
    1.198349,
    1.22103,
    1.19549,
    1.167787,
    1.170409,
    1.185079,
    1.153043,
    1.115371,
    1.050842,
    0.932198,
    1.098765,
    1.089926,
    0.997462,
    0.939529,
    0.948305,
    0.970887,
    0.88239,
    0.997962,
    0.9915,
    0.997641,
    0.936954,
    0.893556,
    0.912782,
    0.887365,
    0.8994,
    0.914712,
    0.806349,
    0.868124,
    0.866878,
    0.850566
  ],
  "learning_rates": [
    0.001,
    0.001,
    0.001,
    0.001,
    0.001,
    0.001,
    0.001,
    0.001,
    0.001,
    0.001,
    0.001,
    0.001,
    0.001,
    0.001,
    0.001,
    0.001,
    0.001,
    0.001,
    0.001,
    0.001,
    0.0005,
    0.0005,
    0.0005,
    0.0005,
    0.0005,
    0.0005,
    0.0005,
    0.0005,
    0.0005,
    0.0005,
    0.0005,
    0.0005,
    0.0005,
    0.0005,
    0.0005,
    0.0005,
    0.0005,
    0.0005,
    0.0005,
    0.0005,
    0.00025,
    0.00025,
    0.00025,
    0.00025
  ],
  "val_accuracy": [
    57.957787,
    63.148888,
    65.887051,
    67.027952,
    68.339989,
    69.82316,
    71.306332,
    70.051341,
    70.507701,
    71.648602,
    71.192242,
    72.047918,
    71.933828,
    71.705647,
    72.846549,
    73.359954,
    74.614946,
    74.32972,
    74.158585,
    72.333143,
    73.359954,
    74.671991,
    74.500856,
    73.87336,
    74.443811,
    73.53109,
    73.702225,
    73.131774,
    74.843126,
    74.786081,
    73.816315,
    73.53109,
    74.32972,
    73.87336,
    74.044495,
    72.732459,
    73.702225,
    73.359954,
    73.64518,
    73.474044,
    73.98745,
    74.32972,
    74.386766,
    74.21563
  ],
  "model_info": {
    "model_class": "BaseClassifier",
    "hidden_size": 128,
    "num_classes": 23,
    "emb_size_audio": 768,
    "emb_size_text": 0,
    "dropout": 0.1,
    "use_batch_norm": true,
    "mode": "audio",
    "num_folds": 5,
    "fold_id": 4,
    "batch_size": 64,
    "random_seed": 1821
  }
}