{
  "train_cls_loss": [
    2.31142,
    1.599124,
    1.428033,
    1.314695,
    1.254312,
    1.213922,
    1.152145,
    1.112745,
    1.102778,
    1.05046,
    1.024974,
    1.015397,
    0.973859,
    0.94727,
    0.928785,
    0.883275,
    0.86397,
    0.849083,
    0.825023,
    0.841316,
    0.755225,
    0.705661,
    0.686454,
    0.663136,
    0.652383,
    0.654612,
    0.612644,
    0.604981,
    0.607227,
    0.598431,
    0.563202,
    0.577162,
    0.5651,
    0.549507
  ],
  "train_top_cls_loss": [
    0.916915,
    0.669577,
    0.610058,
    0.584284,
    0.545937,
    0.536813,
    0.514725,
    0.493284,
    0.499325,
    0.470634,
    0.469157,
    0.456077,
    0.43506,
    0.429747,
    0.425451,
    0.402686,
    0.385424,
    0.384069,
    0.372012,
    0.385049,
    0.340938,
    0.322266,
    0.311439,
    0.299636,
    0.291143,
    0.299058,
    0.275541,
    0.269374,
    0.282482,
    0.270454,
    0.253961,
    0.257409,
    0.26444,
    0.249506
  ],
  "train_total_loss": [
    2.769877,
    1.933912,
    1.733062,
    1.606837,
    1.527281,
    1.482328,
    1.409507,
    1.359387,
    1.352441,
    1.285777,
    1.259552,
    1.243435,
    1.191389,
    1.162143,
    1.141511,
    1.084618,
    1.056682,
    1.041117,
    1.011029,
    1.03384,
    0.925694,
    0.866794,
    0.842173,
    0.812954,
    0.797954,
    0.804141,
    0.750414,
    0.739668,
    0.748468,
    0.733658,
    0.690183,
    0.705866,
    0.69732,
    0.67426
  ],
  "learning_rates": [
    0.001,
    0.001,
    0.001,
    0.001,
    0.001,
    0.001,
    0.001,
    0.001,
    0.001,
    0.001,
    0.001,
    0.001,
    0.001,
    0.001,
    0.001,
    0.001,
    0.001,
    0.001,
    0.001,
    0.001,
    0.0005,
    0.0005,
    0.0005,
    0.0005,
    0.0005,
    0.0005,
    0.0005,
    0.0005,
    0.0005,
    0.0005,
    0.0005,
    0.0005,
    0.0005,
    0.0005
  ],
  "val_accuracy": [
    55.0,
    61.37931,
    64.597701,
    65.747126,
    67.298851,
    67.873563,
    68.045977,
    70.574713,
    67.701149,
    69.252874,
    70.517241,
    72.126437,
    71.494253,
    71.724138,
    72.528736,
    70.45977,
    70.344828,
    71.781609,
    73.103448,
    71.954023,
    72.471264,
    72.643678,
    72.931034,
    72.413793,
    72.183908,
    73.045977,
    72.701149,
    72.471264,
    71.494253,
    71.666667,
    72.758621,
    72.471264,
    71.954023,
    72.471264
  ],
  "model_info": {
    "model_class": "BaseClassifier",
    "hidden_size": 128,
    "num_classes": 23,
    "emb_size_audio": 768,
    "emb_size_text": 0,
    "dropout": 0.1,
    "use_batch_norm": true,
    "mode": "audio",
    "num_folds": 5,
    "fold_id": 4,
    "batch_size": 64,
    "random_seed": 1821
  }
}