{
  "attention_audio": [
    0.497476,
    0.504999,
    0.502991,
    0.503387,
    0.502375,
    0.50655,
    0.508513,
    0.505959,
    0.508891,
    0.508451,
    0.508963,
    0.511584,
    0.510178,
    0.510251,
    0.508004,
    0.511554,
    0.51667,
    0.51945,
    0.515335,
    0.514595,
    0.514826,
    0.516463,
    0.515735,
    0.515751,
    0.514755,
    0.516812,
    0.514876,
    0.512909,
    0.515312,
    0.5114,
    0.508744,
    0.514466,
    0.513345,
    0.515052,
    0.51299,
    0.51578,
    0.51624,
    0.517386,
    0.515837,
    0.515586,
    0.518789,
    0.518125,
    0.519109,
    0.518663,
    0.517755,
    0.517048,
    0.516836,
    0.515231,
    0.51641,
    0.516793,
    0.518407,
    0.51822,
    0.51796,
    0.517553,
    0.518697,
    0.517243,
    0.519395,
    0.519416
  ],
  "attention_text": [
    0.502524,
    0.495001,
    0.497009,
    0.496613,
    0.497625,
    0.49345,
    0.491487,
    0.494041,
    0.491109,
    0.491549,
    0.491037,
    0.488416,
    0.489822,
    0.489749,
    0.491996,
    0.488446,
    0.48333,
    0.48055,
    0.484665,
    0.485405,
    0.485174,
    0.483537,
    0.484265,
    0.484249,
    0.485245,
    0.483188,
    0.485124,
    0.487091,
    0.484688,
    0.4886,
    0.491256,
    0.485534,
    0.486655,
    0.484948,
    0.48701,
    0.48422,
    0.48376,
    0.482614,
    0.484163,
    0.484414,
    0.481211,
    0.481875,
    0.480891,
    0.481337,
    0.482245,
    0.482952,
    0.483164,
    0.484769,
    0.48359,
    0.483207,
    0.481593,
    0.48178,
    0.48204,
    0.482447,
    0.481303,
    0.482757,
    0.480605,
    0.480584
  ],
  "train_cls_loss": [
    2.28598,
    1.432937,
    1.181344,
    1.061844,
    0.961994,
    0.930262,
    0.872771,
    0.839171,
    0.800457,
    0.796606,
    0.741663,
    0.711921,
    0.697466,
    0.690039,
    0.65113,
    0.646019,
    0.623108,
    0.623705,
    0.615329,
    0.596114,
    0.517278,
    0.493718,
    0.487276,
    0.475034,
    0.461565,
    0.45849,
    0.447506,
    0.442907,
    0.428094,
    0.425808,
    0.423089,
    0.412264,
    0.402894,
    0.407197,
    0.390567,
    0.394425,
    0.386303,
    0.360807,
    0.363534,
    0.359412,
    0.334874,
    0.309558,
    0.30266,
    0.295629,
    0.302317,
    0.286451,
    0.278865,
    0.273017,
    0.26705,
    0.279751,
    0.269722,
    0.266277,
    0.259518,
    0.263874,
    0.253816,
    0.250009,
    0.255251,
    0.25534
  ],
  "train_top_cls_loss": [
    0.816803,
    0.52311,
    0.471445,
    0.440319,
    0.403548,
    0.39236,
    0.381615,
    0.367474,
    0.34856,
    0.353756,
    0.33811,
    0.320728,
    0.316641,
    0.311644,
    0.294967,
    0.298644,
    0.281532,
    0.290599,
    0.289148,
    0.277456,
    0.233132,
    0.224709,
    0.217907,
    0.21868,
    0.214085,
    0.215938,
    0.206641,
    0.201277,
    0.193487,
    0.19379,
    0.199117,
    0.195981,
    0.189581,
    0.183365,
    0.184328,
    0.174101,
    0.182685,
    0.165556,
    0.169222,
    0.167251,
    0.159954,
    0.148727,
    0.140573,
    0.137064,
    0.141982,
    0.139976,
    0.135043,
    0.129245,
    0.126061,
    0.130105,
    0.125366,
    0.128656,
    0.123247,
    0.132123,
    0.126917,
    0.121908,
    0.125454,
    0.127048
  ],
  "train_total_loss": [
    2.694381,
    1.694492,
    1.417066,
    1.282004,
    1.163768,
    1.126442,
    1.063578,
    1.022908,
    0.974737,
    0.973484,
    0.910718,
    0.872285,
    0.855787,
    0.845861,
    0.798613,
    0.795341,
    0.763875,
    0.769005,
    0.759903,
    0.734842,
    0.633844,
    0.606073,
    0.59623,
    0.584373,
    0.568608,
    0.566459,
    0.550826,
    0.543546,
    0.524837,
    0.522703,
    0.522648,
    0.510255,
    0.497685,
    0.498879,
    0.482732,
    0.481476,
    0.477645,
    0.443586,
    0.448145,
    0.443037,
    0.414851,
    0.383922,
    0.372947,
    0.364161,
    0.373308,
    0.356439,
    0.346386,
    0.33764,
    0.330081,
    0.344803,
    0.332405,
    0.330605,
    0.321141,
    0.329935,
    0.317274,
    0.310963,
    0.317978,
    0.318864
  ],
  "learning_rates": [
    0.001,
    0.001,
    0.001,
    0.001,
    0.001,
    0.001,
    0.001,
    0.001,
    0.001,
    0.001,
    0.001,
    0.001,
    0.001,
    0.001,
    0.001,
    0.001,
    0.001,
    0.001,
    0.001,
    0.001,
    0.0005,
    0.0005,
    0.0005,
    0.0005,
    0.0005,
    0.0005,
    0.0005,
    0.0005,
    0.0005,
    0.0005,
    0.0005,
    0.0005,
    0.0005,
    0.0005,
    0.0005,
    0.0005,
    0.0005,
    0.0005,
    0.0005,
    0.0005,
    0.00025,
    0.00025,
    0.00025,
    0.00025,
    0.00025,
    0.00025,
    0.00025,
    0.00025,
    0.00025,
    0.00025,
    0.00025,
    0.00025,
    0.00025,
    0.00025,
    0.00025,
    0.00025,
    0.00025,
    0.00025
  ],
  "val_accuracy": [
    56.075299,
    67.370222,
    69.3668,
    74.272675,
    75.242442,
    74.10154,
    77.92356,
    76.782658,
    77.467199,
    77.980605,
    78.03765,
    78.322875,
    78.836281,
    78.322875,
    78.950371,
    78.836281,
    79.064461,
    78.436965,
    79.749002,
    80.034227,
    79.920137,
    79.806047,
    80.205362,
    79.806047,
    80.490588,
    80.205362,
    80.490588,
    80.148317,
    80.718768,
    80.205362,
    79.520821,
    78.37992,
    79.520821,
    79.520821,
    79.520821,
    79.863092,
    79.064461,
    79.121506,
    79.520821,
    80.490588,
    80.661723,
    80.262407,
    80.946948,
    79.634912,
    79.863092,
    79.691957,
    79.691957,
    79.577867,
    78.893326,
    79.520821,
    79.064461,
    79.749002,
    79.463776,
    80.148317,
    79.634912,
    79.178551,
    79.520821,
    78.836281
  ],
  "model_info": {
    "model_class": "BaseClassifier",
    "hidden_size": 128,
    "num_classes": 23,
    "emb_size_audio": 512,
    "emb_size_text": 512,
    "dropout": 0.1,
    "use_batch_norm": true,
    "mode": "both",
    "num_folds": 5,
    "fold_id": 4,
    "batch_size": 64,
    "random_seed": 1821
  }
}