{
  "train_cls_loss": [
    2.454699,
    1.698441,
    1.448981,
    1.312282,
    1.180151,
    1.135993,
    1.105369,
    1.043533,
    1.007527,
    0.965292,
    0.940214,
    0.91943,
    0.882987,
    0.865385,
    0.835641,
    0.815934,
    0.83546,
    0.800834,
    0.782842,
    0.771152,
    0.707111,
    0.66439,
    0.664674,
    0.613977,
    0.6185,
    0.607928,
    0.598905,
    0.602292,
    0.595345,
    0.590905,
    0.571927,
    0.565444,
    0.568465,
    0.554799,
    0.542777,
    0.533958,
    0.537713,
    0.523346,
    0.520858,
    0.502145,
    0.448904,
    0.449994,
    0.430143,
    0.43073,
    0.435953
  ],
  "train_top_cls_loss": [
    0.833192,
    0.560758,
    0.522965,
    0.494073,
    0.447146,
    0.446031,
    0.44608,
    0.428701,
    0.414216,
    0.3968,
    0.399699,
    0.383919,
    0.370702,
    0.374525,
    0.360921,
    0.344157,
    0.359459,
    0.334622,
    0.333619,
    0.325718,
    0.297673,
    0.275859,
    0.280837,
    0.252721,
    0.26065,
    0.255802,
    0.249356,
    0.251932,
    0.252579,
    0.239095,
    0.23997,
    0.237957,
    0.231841,
    0.228677,
    0.223788,
    0.226247,
    0.212568,
    0.215131,
    0.212001,
    0.21203,
    0.182564,
    0.184256,
    0.175231,
    0.167128,
    0.175087
  ],
  "train_total_loss": [
    3.287892,
    2.259199,
    1.971946,
    1.806355,
    1.627298,
    1.582024,
    1.551449,
    1.472234,
    1.421743,
    1.362093,
    1.339913,
    1.303348,
    1.253689,
    1.23991,
    1.196562,
    1.160091,
    1.194919,
    1.135456,
    1.116462,
    1.09687,
    1.004784,
    0.940249,
    0.945511,
    0.866698,
    0.87915,
    0.86373,
    0.848261,
    0.854224,
    0.847924,
    0.83,
    0.811897,
    0.803402,
    0.800306,
    0.783475,
    0.766565,
    0.760205,
    0.750281,
    0.738477,
    0.732859,
    0.714176,
    0.631468,
    0.634249,
    0.605374,
    0.597859,
    0.61104
  ],
  "learning_rates": [
    0.001,
    0.001,
    0.001,
    0.001,
    0.001,
    0.001,
    0.001,
    0.001,
    0.001,
    0.001,
    0.001,
    0.001,
    0.001,
    0.001,
    0.001,
    0.001,
    0.001,
    0.001,
    0.001,
    0.001,
    0.0005,
    0.0005,
    0.0005,
    0.0005,
    0.0005,
    0.0005,
    0.0005,
    0.0005,
    0.0005,
    0.0005,
    0.0005,
    0.0005,
    0.0005,
    0.0005,
    0.0005,
    0.0005,
    0.0005,
    0.0005,
    0.0005,
    0.0005,
    0.00025,
    0.00025,
    0.00025,
    0.00025,
    0.00025
  ],
  "val_accuracy": [
    46.891044,
    61.323446,
    62.920707,
    67.427268,
    70.907017,
    72.504278,
    73.302909,
    75.185396,
    73.87336,
    74.32972,
    75.356532,
    75.755847,
    77.181974,
    75.641757,
    77.695379,
    76.896748,
    77.524244,
    76.953793,
    75.071306,
    78.15174,
    77.124929,
    77.524244,
    76.611523,
    77.980605,
    76.839703,
    77.467199,
    77.353109,
    76.611523,
    77.980605,
    78.779236,
    76.896748,
    77.980605,
    77.296064,
    76.611523,
    77.410154,
    77.239019,
    77.524244,
    77.124929,
    76.839703,
    75.812892,
    77.124929,
    77.752424,
    76.668568,
    76.725613,
    77.067884
  ],
  "model_info": {
    "model_class": "BaseClassifier",
    "hidden_size": 128,
    "num_classes": 23,
    "emb_size_audio": 512,
    "emb_size_text": 0,
    "dropout": 0.1,
    "use_batch_norm": true,
    "mode": "audio",
    "num_folds": 5,
    "fold_id": 2,
    "batch_size": 64,
    "random_seed": 1821
  }
}