{
  "attention_audio": [
    0.378314,
    0.351173,
    0.322888,
    0.306946,
    0.299068,
    0.297108,
    0.292631,
    0.291552,
    0.284872,
    0.280172,
    0.277074,
    0.276544,
    0.27862,
    0.272748,
    0.277967,
    0.278889,
    0.279053,
    0.279914,
    0.279881,
    0.277773,
    0.2815,
    0.278417,
    0.281669,
    0.278507,
    0.276523,
    0.276023,
    0.277329,
    0.280017,
    0.279152,
    0.277052,
    0.275858,
    0.27756,
    0.273609,
    0.269151,
    0.270629,
    0.271959
  ],
  "attention_text": [
    0.621686,
    0.648827,
    0.677112,
    0.693054,
    0.700932,
    0.702892,
    0.707369,
    0.708448,
    0.715128,
    0.719828,
    0.722926,
    0.723456,
    0.72138,
    0.727252,
    0.722033,
    0.721111,
    0.720947,
    0.720086,
    0.720119,
    0.722227,
    0.7185,
    0.721583,
    0.718331,
    0.721493,
    0.723477,
    0.723977,
    0.722671,
    0.719983,
    0.720848,
    0.722948,
    0.724142,
    0.72244,
    0.726391,
    0.730849,
    0.729371,
    0.728041
  ],
  "train_cls_loss": [
    1.091732,
    0.761877,
    0.673647,
    0.620156,
    0.60646,
    0.566336,
    0.574518,
    0.550912,
    0.503981,
    0.522106,
    0.509182,
    0.498732,
    0.481445,
    0.481048,
    0.480105,
    0.469657,
    0.46938,
    0.463663,
    0.463329,
    0.464667,
    0.437623,
    0.428079,
    0.433066,
    0.404248,
    0.433719,
    0.416753,
    0.438626,
    0.41074,
    0.41135,
    0.410727,
    0.384745,
    0.400183,
    0.388856,
    0.372398,
    0.384083,
    0.385922
  ],
  "train_total_loss": [
    1.091732,
    0.761877,
    0.673647,
    0.620156,
    0.60646,
    0.566336,
    0.574518,
    0.550912,
    0.503981,
    0.522106,
    0.509182,
    0.498732,
    0.481445,
    0.481048,
    0.480105,
    0.469657,
    0.46938,
    0.463663,
    0.463329,
    0.464667,
    0.437623,
    0.428079,
    0.433066,
    0.404248,
    0.433719,
    0.416753,
    0.438626,
    0.41074,
    0.41135,
    0.410727,
    0.384745,
    0.400183,
    0.388856,
    0.372398,
    0.384083,
    0.385922
  ],
  "learning_rates": [
    0.001,
    0.001,
    0.001,
    0.001,
    0.001,
    0.001,
    0.001,
    0.001,
    0.001,
    0.001,
    0.001,
    0.001,
    0.001,
    0.001,
    0.001,
    0.001,
    0.001,
    0.001,
    0.001,
    0.001,
    0.0005,
    0.0005,
    0.0005,
    0.0005,
    0.0005,
    0.0005,
    0.0005,
    0.0005,
    0.0005,
    0.0005,
    0.0005,
    0.0005,
    0.0005,
    0.0005,
    0.0005,
    0.0005
  ],
  "val_accuracy": [
    64.97433,
    72.219053,
    73.416999,
    75.926982,
    75.071306,
    76.155163,
    76.440388,
    76.041072,
    77.296064,
    78.665145,
    78.322875,
    77.581289,
    78.37992,
    78.722191,
    78.094695,
    78.436965,
    79.634912,
    78.551055,
    78.436965,
    79.406731,
    80.775813,
    80.262407,
    79.634912,
    79.463776,
    80.034227,
    78.950371,
    79.920137,
    79.178551,
    80.775813,
    80.547633,
    79.920137,
    79.007416,
    79.235596,
    79.577867,
    79.121506,
    79.577867
  ],
  "model_info": {
    "model_class": "BaseClassifier",
    "hidden_size": 128,
    "num_classes": 23,
    "emb_size_audio": 512,
    "emb_size_text": 512,
    "dropout": 0.1,
    "use_batch_norm": true,
    "mode": "both",
    "num_folds": 5,
    "fold_id": 0,
    "batch_size": 64,
    "random_seed": 1821
  }
}