{
  "train_cls_loss": [
    2.381617,
    1.598638,
    1.330274,
    1.194287,
    1.128647,
    1.072872,
    1.052475,
    0.973918,
    0.961702,
    0.915595,
    0.892557,
    0.86542,
    0.837789,
    0.839391,
    0.804879,
    0.801528,
    0.769488,
    0.794137,
    0.743524,
    0.725127,
    0.669972,
    0.638167,
    0.632418,
    0.600785,
    0.611669,
    0.591237,
    0.58452,
    0.555791,
    0.559126,
    0.541786,
    0.535719,
    0.545903,
    0.528997,
    0.523826,
    0.522808,
    0.491999
  ],
  "train_top_cls_loss": [
    0.932548,
    0.580876,
    0.53479,
    0.498882,
    0.473169,
    0.461911,
    0.453363,
    0.424587,
    0.423728,
    0.399152,
    0.394773,
    0.389438,
    0.367018,
    0.373073,
    0.365742,
    0.357183,
    0.344666,
    0.364792,
    0.336616,
    0.340036,
    0.298299,
    0.281698,
    0.284375,
    0.273088,
    0.265757,
    0.265819,
    0.263359,
    0.252247,
    0.254825,
    0.256306,
    0.237845,
    0.252843,
    0.243191,
    0.24192,
    0.230759,
    0.225132
  ],
  "train_total_loss": [
    2.847891,
    1.889077,
    1.597669,
    1.443728,
    1.365231,
    1.303828,
    1.279157,
    1.186211,
    1.173566,
    1.11517,
    1.089943,
    1.060139,
    1.021298,
    1.025928,
    0.98775,
    0.98012,
    0.941821,
    0.976533,
    0.911832,
    0.895145,
    0.819121,
    0.779017,
    0.774606,
    0.737329,
    0.744548,
    0.724147,
    0.716199,
    0.681914,
    0.686538,
    0.669939,
    0.654641,
    0.672324,
    0.650593,
    0.644787,
    0.638188,
    0.604565
  ],
  "learning_rates": [
    0.001,
    0.001,
    0.001,
    0.001,
    0.001,
    0.001,
    0.001,
    0.001,
    0.001,
    0.001,
    0.001,
    0.001,
    0.001,
    0.001,
    0.001,
    0.001,
    0.001,
    0.001,
    0.001,
    0.001,
    0.0005,
    0.0005,
    0.0005,
    0.0005,
    0.0005,
    0.0005,
    0.0005,
    0.0005,
    0.0005,
    0.0005,
    0.0005,
    0.0005,
    0.0005,
    0.0005,
    0.0005,
    0.0005
  ],
  "val_accuracy": [
    48.659441,
    63.662293,
    69.195665,
    70.678836,
    73.87336,
    73.017684,
    73.074729,
    75.755847,
    74.900171,
    74.386766,
    76.098118,
    75.071306,
    75.356532,
    74.843126,
    76.383343,
    76.041072,
    75.185396,
    76.725613,
    76.782658,
    76.383343,
    77.866515,
    76.953793,
    75.926982,
    76.896748,
    77.067884,
    76.497433,
    76.269253,
    76.554478,
    76.725613,
    76.098118,
    75.755847,
    75.584712,
    75.812892,
    76.668568,
    76.554478,
    76.668568
  ],
  "model_info": {
    "model_class": "BaseClassifier",
    "hidden_size": 128,
    "num_classes": 23,
    "emb_size_audio": 512,
    "emb_size_text": 0,
    "dropout": 0.1,
    "use_batch_norm": true,
    "mode": "audio",
    "num_folds": 5,
    "fold_id": 0,
    "batch_size": 64,
    "random_seed": 1821
  }
}