{
  "attention_audio": [
    0.481242,
    0.501729,
    0.5041,
    0.502372,
    0.502481,
    0.500919,
    0.500746,
    0.499555,
    0.501131,
    0.496126,
    0.502731,
    0.503159,
    0.502113,
    0.496295,
    0.498363,
    0.500718,
    0.499975,
    0.498069,
    0.503825,
    0.502438,
    0.503106,
    0.504888,
    0.503914,
    0.506563,
    0.510087,
    0.505108,
    0.501892,
    0.504614,
    0.502206,
    0.503067,
    0.505506,
    0.503753,
    0.50335,
    0.505109,
    0.503642,
    0.503395
  ],
  "attention_text": [
    0.518758,
    0.498271,
    0.4959,
    0.497628,
    0.497519,
    0.499081,
    0.499254,
    0.500445,
    0.498869,
    0.503874,
    0.497269,
    0.496841,
    0.497887,
    0.503705,
    0.501637,
    0.499282,
    0.500025,
    0.501931,
    0.496175,
    0.497562,
    0.496894,
    0.495112,
    0.496086,
    0.493437,
    0.489913,
    0.494892,
    0.498108,
    0.495386,
    0.497794,
    0.496933,
    0.494494,
    0.496248,
    0.49665,
    0.494891,
    0.496358,
    0.496605
  ],
  "train_cls_loss": [
    2.476573,
    1.690901,
    1.52978,
    1.394282,
    1.283916,
    1.273055,
    1.311692,
    1.243385,
    1.166867,
    1.211242,
    1.140862,
    1.096692,
    1.249649,
    1.213868,
    1.086425,
    1.06277,
    1.016583,
    1.07888,
    1.086838,
    1.101127,
    0.952387,
    0.993077,
    0.968951,
    0.932686,
    0.796322,
    0.897605,
    0.924215,
    0.912565,
    0.877879,
    0.896315,
    0.881342,
    0.814791,
    0.861359,
    0.997114,
    0.937141,
    0.885424
  ],
  "train_total_loss": [
    2.476573,
    1.690901,
    1.52978,
    1.394282,
    1.283916,
    1.273055,
    1.311692,
    1.243385,
    1.166867,
    1.211242,
    1.140862,
    1.096692,
    1.249649,
    1.213868,
    1.086425,
    1.06277,
    1.016583,
    1.07888,
    1.086838,
    1.101127,
    0.952387,
    0.993077,
    0.968951,
    0.932686,
    0.796322,
    0.897605,
    0.924215,
    0.912565,
    0.877879,
    0.896315,
    0.881342,
    0.814791,
    0.861359,
    0.997114,
    0.937141,
    0.885424
  ],
  "learning_rates": [
    0.001,
    0.001,
    0.001,
    0.001,
    0.001,
    0.001,
    0.001,
    0.001,
    0.001,
    0.001,
    0.001,
    0.001,
    0.001,
    0.001,
    0.001,
    0.001,
    0.001,
    0.001,
    0.001,
    0.001,
    0.0005,
    0.0005,
    0.0005,
    0.0005,
    0.0005,
    0.0005,
    0.0005,
    0.0005,
    0.0005,
    0.0005,
    0.0005,
    0.0005,
    0.0005,
    0.0005,
    0.0005,
    0.0005
  ],
  "val_accuracy": [
    57.444381,
    69.48089,
    73.245864,
    75.413577,
    76.497433,
    77.980605,
    78.6081,
    78.665145,
    79.235596,
    80.205362,
    79.691957,
    78.950371,
    79.007416,
    79.235596,
    79.520821,
    80.091272,
    80.034227,
    79.749002,
    79.806047,
    79.634912,
    81.517399,
    80.775813,
    80.490588,
    80.376497,
    81.232173,
    80.376497,
    81.061038,
    80.832858,
    80.604678,
    80.034227,
    80.205362,
    79.749002,
    80.433542,
    80.376497,
    80.148317,
    81.118083
  ],
  "model_info": {
    "model_class": "BaseClassifier",
    "hidden_size": 128,
    "num_classes": 23,
    "emb_size_audio": 512,
    "emb_size_text": 512,
    "dropout": 0.1,
    "use_batch_norm": true,
    "mode": "both",
    "num_folds": 5,
    "fold_id": 3,
    "batch_size": 64,
    "random_seed": 1821
  }
}