{
  "train_cls_loss": [
    2.562784,
    1.966037,
    1.783761,
    1.764718,
    1.736614,
    1.625956,
    1.489806,
    1.547633,
    1.536509,
    1.562805,
    1.492447,
    1.520023,
    1.376224,
    1.493957,
    1.479943,
    1.424043,
    1.360322,
    1.42366,
    1.320666,
    1.461852,
    1.396575,
    1.363151,
    1.249361,
    1.331139,
    1.205983,
    1.234134,
    1.22901,
    1.327989,
    1.193845,
    1.161447,
    1.185746,
    1.234656,
    1.245209,
    1.232204,
    1.204981,
    1.13469,
    1.252507,
    1.210756
  ],
  "train_total_loss": [
    2.562784,
    1.966037,
    1.783761,
    1.764718,
    1.736614,
    1.625956,
    1.489806,
    1.547633,
    1.536509,
    1.562805,
    1.492447,
    1.520023,
    1.376224,
    1.493957,
    1.479943,
    1.424043,
    1.360322,
    1.42366,
    1.320666,
    1.461852,
    1.396575,
    1.363151,
    1.249361,
    1.331139,
    1.205983,
    1.234134,
    1.22901,
    1.327989,
    1.193845,
    1.161447,
    1.185746,
    1.234656,
    1.245209,
    1.232204,
    1.204981,
    1.13469,
    1.252507,
    1.210756
  ],
  "learning_rates": [
    0.001,
    0.001,
    0.001,
    0.001,
    0.001,
    0.001,
    0.001,
    0.001,
    0.001,
    0.001,
    0.001,
    0.001,
    0.001,
    0.001,
    0.001,
    0.001,
    0.001,
    0.001,
    0.001,
    0.001,
    0.0005,
    0.0005,
    0.0005,
    0.0005,
    0.0005,
    0.0005,
    0.0005,
    0.0005,
    0.0005,
    0.0005,
    0.0005,
    0.0005,
    0.0005,
    0.0005,
    0.0005,
    0.0005,
    0.0005,
    0.0005
  ],
  "val_accuracy": [
    58.300057,
    65.031375,
    70.222476,
    71.306332,
    72.333143,
    74.044495,
    74.843126,
    75.527667,
    75.185396,
    75.185396,
    74.900171,
    75.128351,
    76.326298,
    77.010839,
    76.098118,
    76.440388,
    76.497433,
    75.755847,
    76.554478,
    75.584712,
    76.896748,
    77.467199,
    77.581289,
    77.124929,
    76.725613,
    76.497433,
    75.470622,
    76.725613,
    76.839703,
    76.839703,
    76.098118,
    76.269253,
    76.611523,
    75.755847,
    75.812892,
    76.098118,
    75.926982,
    76.155163
  ],
  "model_info": {
    "model_class": "BaseClassifier",
    "hidden_size": 128,
    "num_classes": 23,
    "emb_size_audio": 512,
    "emb_size_text": 0,
    "dropout": 0.1,
    "use_batch_norm": true,
    "mode": "audio",
    "num_folds": 5,
    "fold_id": 1,
    "batch_size": 64,
    "random_seed": 1821
  }
}