{
  "attention_audio": [
    0.508499,
    0.513949,
    0.509744,
    0.50888,
    0.511645,
    0.511641,
    0.507989,
    0.50428,
    0.502728,
    0.502749,
    0.510019,
    0.506141,
    0.50024,
    0.504069,
    0.502788,
    0.503266,
    0.504741,
    0.504714,
    0.508458,
    0.509834,
    0.50985,
    0.510174,
    0.509718,
    0.508906,
    0.510361,
    0.513107,
    0.51129,
    0.509514,
    0.507198,
    0.505675,
    0.508727,
    0.510768,
    0.511272,
    0.511175,
    0.513046,
    0.51445
  ],
  "attention_text": [
    0.491501,
    0.486051,
    0.490256,
    0.49112,
    0.488355,
    0.488359,
    0.492011,
    0.49572,
    0.497272,
    0.497251,
    0.489981,
    0.49386,
    0.49976,
    0.495931,
    0.497212,
    0.496734,
    0.495259,
    0.495286,
    0.491542,
    0.490166,
    0.49015,
    0.489826,
    0.490282,
    0.491094,
    0.489639,
    0.486893,
    0.48871,
    0.490486,
    0.492802,
    0.494325,
    0.491273,
    0.489232,
    0.488728,
    0.488825,
    0.486954,
    0.48555
  ],
  "train_cls_loss": [
    2.440609,
    1.674925,
    1.457553,
    1.348806,
    1.400045,
    1.266197,
    1.242233,
    1.23215,
    1.273337,
    1.126262,
    1.157996,
    1.086632,
    1.104,
    1.148034,
    1.087567,
    1.074792,
    0.988316,
    1.065956,
    1.04222,
    1.081632,
    0.961992,
    1.000843,
    0.956463,
    0.93711,
    0.870572,
    0.875855,
    0.848628,
    0.929791,
    0.839722,
    0.913333,
    0.906001,
    0.871791,
    0.917582,
    0.816671,
    0.832056,
    0.822966
  ],
  "train_total_loss": [
    2.440609,
    1.674925,
    1.457553,
    1.348806,
    1.400045,
    1.266197,
    1.242233,
    1.23215,
    1.273337,
    1.126262,
    1.157996,
    1.086632,
    1.104,
    1.148034,
    1.087567,
    1.074792,
    0.988316,
    1.065956,
    1.04222,
    1.081632,
    0.961992,
    1.000843,
    0.956463,
    0.93711,
    0.870572,
    0.875855,
    0.848628,
    0.929791,
    0.839722,
    0.913333,
    0.906001,
    0.871791,
    0.917582,
    0.816671,
    0.832056,
    0.822966
  ],
  "learning_rates": [
    0.001,
    0.001,
    0.001,
    0.001,
    0.001,
    0.001,
    0.001,
    0.001,
    0.001,
    0.001,
    0.001,
    0.001,
    0.001,
    0.001,
    0.001,
    0.001,
    0.001,
    0.001,
    0.001,
    0.001,
    0.0005,
    0.0005,
    0.0005,
    0.0005,
    0.0005,
    0.0005,
    0.0005,
    0.0005,
    0.0005,
    0.0005,
    0.0005,
    0.0005,
    0.0005,
    0.0005,
    0.0005,
    0.0005
  ],
  "val_accuracy": [
    62.692527,
    70.051341,
    74.614946,
    75.869937,
    76.896748,
    76.326298,
    77.067884,
    79.806047,
    79.806047,
    79.920137,
    80.490588,
    79.977182,
    78.322875,
    80.319452,
    80.604678,
    80.547633,
    80.376497,
    79.977182,
    80.091272,
    80.433542,
    82.373075,
    80.832858,
    81.118083,
    81.118083,
    81.061038,
    81.289218,
    79.634912,
    81.859669,
    81.688534,
    81.175128,
    81.745579,
    82.31603,
    81.631489,
    81.061038,
    80.604678,
    81.175128
  ],
  "model_info": {
    "model_class": "BaseClassifier",
    "hidden_size": 128,
    "num_classes": 23,
    "emb_size_audio": 512,
    "emb_size_text": 512,
    "dropout": 0.1,
    "use_batch_norm": true,
    "mode": "both",
    "num_folds": 5,
    "fold_id": 2,
    "batch_size": 64,
    "random_seed": 1821
  }
}