{
  "train_cls_loss": [
    2.368459,
    1.646235,
    1.42633,
    1.267157,
    1.167231,
    1.08867,
    1.051777,
    1.027803,
    0.98,
    0.95666,
    0.92561,
    0.929094,
    0.890097,
    0.852177,
    0.816863,
    0.83644,
    0.815159,
    0.785116,
    0.75904,
    0.762937,
    0.679762,
    0.682013,
    0.642299,
    0.645755,
    0.628405,
    0.575552,
    0.598605,
    0.600733,
    0.574196,
    0.580502,
    0.59502,
    0.562856,
    0.559699,
    0.544721,
    0.529943,
    0.535209,
    0.526078,
    0.501616,
    0.503316,
    0.497888,
    0.467283,
    0.440554,
    0.433094,
    0.413806
  ],
  "train_top_cls_loss": [
    0.831571,
    0.555619,
    0.525433,
    0.491592,
    0.467811,
    0.447774,
    0.441127,
    0.421278,
    0.399651,
    0.399203,
    0.391758,
    0.396545,
    0.377079,
    0.36036,
    0.351951,
    0.352984,
    0.345577,
    0.332992,
    0.325713,
    0.324527,
    0.283555,
    0.287754,
    0.263096,
    0.277327,
    0.261429,
    0.241129,
    0.245445,
    0.252192,
    0.238731,
    0.240457,
    0.250588,
    0.232611,
    0.232459,
    0.230902,
    0.213897,
    0.22058,
    0.218495,
    0.208542,
    0.215026,
    0.201678,
    0.187384,
    0.178909,
    0.184654,
    0.17165
  ],
  "train_total_loss": [
    3.20003,
    2.201854,
    1.951763,
    1.758749,
    1.635043,
    1.536444,
    1.492904,
    1.449081,
    1.379651,
    1.355862,
    1.317369,
    1.325639,
    1.267176,
    1.212537,
    1.168814,
    1.189423,
    1.160735,
    1.118108,
    1.084754,
    1.087465,
    0.963317,
    0.969768,
    0.905395,
    0.923082,
    0.889834,
    0.816681,
    0.844051,
    0.852926,
    0.812927,
    0.820959,
    0.845608,
    0.795467,
    0.792158,
    0.775623,
    0.74384,
    0.755789,
    0.744573,
    0.710158,
    0.718342,
    0.699565,
    0.654667,
    0.619463,
    0.617748,
    0.585456
  ],
  "learning_rates": [
    0.001,
    0.001,
    0.001,
    0.001,
    0.001,
    0.001,
    0.001,
    0.001,
    0.001,
    0.001,
    0.001,
    0.001,
    0.001,
    0.001,
    0.001,
    0.001,
    0.001,
    0.001,
    0.001,
    0.001,
    0.0005,
    0.0005,
    0.0005,
    0.0005,
    0.0005,
    0.0005,
    0.0005,
    0.0005,
    0.0005,
    0.0005,
    0.0005,
    0.0005,
    0.0005,
    0.0005,
    0.0005,
    0.0005,
    0.0005,
    0.0005,
    0.0005,
    0.0005,
    0.00025,
    0.00025,
    0.00025,
    0.00025
  ],
  "val_accuracy": [
    44.438106,
    57.216201,
    65.487735,
    69.766115,
    72.219053,
    74.614946,
    74.158585,
    73.302909,
    73.75927,
    74.729036,
    74.843126,
    74.671991,
    75.926982,
    75.413577,
    75.926982,
    75.584712,
    76.383343,
    76.269253,
    75.185396,
    76.668568,
    77.010839,
    76.554478,
    76.725613,
    77.410154,
    76.269253,
    76.782658,
    77.353109,
    77.353109,
    77.695379,
    76.611523,
    76.383343,
    75.926982,
    75.698802,
    76.155163,
    75.641757,
    75.755847,
    76.896748,
    76.269253,
    75.128351,
    75.812892,
    75.356532,
    75.470622,
    75.869937,
    75.755847
  ],
  "model_info": {
    "model_class": "BaseClassifier",
    "hidden_size": 128,
    "num_classes": 23,
    "emb_size_audio": 512,
    "emb_size_text": 0,
    "dropout": 0.1,
    "use_batch_norm": true,
    "mode": "audio",
    "num_folds": 5,
    "fold_id": 0,
    "batch_size": 64,
    "random_seed": 1821
  }
}