{
  "train_cls_loss": [
    2.235891,
    1.574587,
    1.42,
    1.315282,
    1.260669,
    1.197844,
    1.161248,
    1.101016,
    1.087257,
    1.045047,
    1.01987,
    0.990524,
    0.959957,
    0.944751,
    0.920485,
    0.891052,
    0.869812,
    0.850937,
    0.829334,
    0.821386,
    0.742904,
    0.706038,
    0.691321,
    0.673413,
    0.663785,
    0.652587,
    0.630927,
    0.62858,
    0.617573,
    0.613664,
    0.599738,
    0.588023,
    0.585081,
    0.578462,
    0.563988,
    0.555952,
    0.542177
  ],
  "train_total_loss": [
    2.235891,
    1.574587,
    1.42,
    1.315282,
    1.260669,
    1.197844,
    1.161248,
    1.101016,
    1.087257,
    1.045047,
    1.01987,
    0.990524,
    0.959957,
    0.944751,
    0.920485,
    0.891052,
    0.869812,
    0.850937,
    0.829334,
    0.821386,
    0.742904,
    0.706038,
    0.691321,
    0.673413,
    0.663785,
    0.652587,
    0.630927,
    0.62858,
    0.617573,
    0.613664,
    0.599738,
    0.588023,
    0.585081,
    0.578462,
    0.563988,
    0.555952,
    0.542177
  ],
  "learning_rates": [
    0.001,
    0.001,
    0.001,
    0.001,
    0.001,
    0.001,
    0.001,
    0.001,
    0.001,
    0.001,
    0.001,
    0.001,
    0.001,
    0.001,
    0.001,
    0.001,
    0.001,
    0.001,
    0.001,
    0.001,
    0.0005,
    0.0005,
    0.0005,
    0.0005,
    0.0005,
    0.0005,
    0.0005,
    0.0005,
    0.0005,
    0.0005,
    0.0005,
    0.0005,
    0.0005,
    0.0005,
    0.0005,
    0.0005,
    0.0005
  ],
  "val_accuracy": [
    57.558471,
    61.665716,
    67.826583,
    69.82316,
    68.225898,
    66.571592,
    71.135197,
    71.192242,
    71.819738,
    71.762693,
    71.363377,
    71.135197,
    71.420422,
    72.846549,
    72.390188,
    71.135197,
    72.447233,
    72.390188,
    73.474044,
    71.363377,
    72.789504,
    73.702225,
    72.276098,
    72.789504,
    73.702225,
    72.390188,
    73.074729,
    72.162008,
    72.960639,
    72.618369,
    72.732459,
    72.618369,
    72.618369,
    73.302909,
    72.675414,
    72.903594,
    72.219053
  ],
  "model_info": {
    "model_class": "BaseClassifier",
    "hidden_size": 128,
    "num_classes": 23,
    "emb_size_audio": 512,
    "emb_size_text": 0,
    "dropout": 0.1,
    "use_batch_norm": true,
    "mode": "audio",
    "num_folds": 5,
    "fold_id": 1,
    "batch_size": 64,
    "random_seed": 1821
  }
}