{
  "attention_audio": [
    0.48292,
    0.50029,
    0.494161,
    0.484549,
    0.485404,
    0.483207,
    0.487089,
    0.485991,
    0.491294,
    0.491395,
    0.491896,
    0.494533,
    0.493489,
    0.494022,
    0.496944,
    0.497778,
    0.498817,
    0.496484,
    0.497921,
    0.500775,
    0.497847,
    0.497152,
    0.499582,
    0.499946,
    0.497758,
    0.498231,
    0.499181,
    0.499725,
    0.503631,
    0.501559,
    0.500792,
    0.500294,
    0.502007
  ],
  "attention_text": [
    0.51708,
    0.49971,
    0.505839,
    0.515451,
    0.514596,
    0.516793,
    0.512911,
    0.514009,
    0.508706,
    0.508605,
    0.508104,
    0.505467,
    0.506511,
    0.505978,
    0.503056,
    0.502222,
    0.501183,
    0.503516,
    0.502079,
    0.499225,
    0.502153,
    0.502848,
    0.500418,
    0.500054,
    0.502242,
    0.501769,
    0.500818,
    0.500275,
    0.496369,
    0.498441,
    0.499208,
    0.499706,
    0.497993
  ],
  "train_cls_loss": [
    2.21242,
    1.330018,
    1.071451,
    0.953714,
    0.874629,
    0.836489,
    0.784812,
    0.743431,
    0.729542,
    0.687679,
    0.670907,
    0.643756,
    0.611839,
    0.61943,
    0.594602,
    0.564349,
    0.553307,
    0.536491,
    0.528914,
    0.50738,
    0.450222,
    0.406413,
    0.381664,
    0.377192,
    0.385121,
    0.377315,
    0.359695,
    0.353983,
    0.345735,
    0.335471,
    0.336504,
    0.317882,
    0.296387
  ],
  "train_contrastive_loss": [
    3.961273,
    3.734738,
    3.677813,
    3.650324,
    3.61955,
    3.602696,
    3.57921,
    3.558237,
    3.549321,
    3.527654,
    3.511549,
    3.508553,
    3.482965,
    3.481359,
    3.473116,
    3.457298,
    3.449512,
    3.428641,
    3.427369,
    3.424054,
    3.402867,
    3.371832,
    3.361906,
    3.353,
    3.353566,
    3.346714,
    3.338722,
    3.33369,
    3.322986,
    3.318464,
    3.32141,
    3.306134,
    3.307889
  ],
  "train_total_loss": [
    3.004675,
    2.076965,
    1.807014,
    1.683778,
    1.598539,
    1.557028,
    1.500654,
    1.455078,
    1.439407,
    1.39321,
    1.373217,
    1.345467,
    1.308432,
    1.315701,
    1.289225,
    1.255809,
    1.243209,
    1.222219,
    1.214388,
    1.19219,
    1.130796,
    1.08078,
    1.054046,
    1.047792,
    1.055834,
    1.046658,
    1.02744,
    1.020721,
    1.010332,
    0.999164,
    1.000786,
    0.979109,
    0.957964
  ],
  "learning_rates": [
    0.001,
    0.001,
    0.001,
    0.001,
    0.001,
    0.001,
    0.001,
    0.001,
    0.001,
    0.001,
    0.001,
    0.001,
    0.001,
    0.001,
    0.001,
    0.001,
    0.001,
    0.001,
    0.001,
    0.001,
    0.0005,
    0.0005,
    0.0005,
    0.0005,
    0.0005,
    0.0005,
    0.0005,
    0.0005,
    0.0005,
    0.0005,
    0.0005,
    0.0005,
    0.0005
  ],
  "val_accuracy": [
    59.897319,
    69.994295,
    74.272675,
    77.124929,
    77.695379,
    76.953793,
    77.695379,
    78.779236,
    78.322875,
    79.349686,
    80.091272,
    79.691957,
    80.091272,
    80.034227,
    81.003993,
    79.920137,
    80.148317,
    82.144894,
    78.322875,
    80.091272,
    80.775813,
    80.547633,
    80.604678,
    79.292641,
    80.205362,
    80.148317,
    80.205362,
    79.121506,
    79.235596,
    79.406731,
    79.691957,
    78.779236,
    78.950371
  ],
  "model_info": {
    "model_class": "BaseClassifier",
    "hidden_size": 128,
    "num_classes": 23,
    "emb_size_audio": 512,
    "emb_size_text": 512,
    "dropout": 0.1,
    "use_batch_norm": true,
    "mode": "both",
    "num_folds": 5,
    "fold_id": 2,
    "batch_size": 64,
    "random_seed": 1821
  }
}