{
  "train_cls_loss": [
    2.581639,
    2.00729,
    1.764063,
    1.662938,
    1.605123,
    1.485446,
    1.546875,
    1.394623,
    1.541409,
    1.440778,
    1.44124,
    1.491899,
    1.402704,
    1.341965,
    1.404029,
    1.321462,
    1.260627,
    1.351884,
    1.264764,
    1.298947,
    1.16434,
    1.225866,
    1.278127,
    1.23479,
    1.109325,
    1.120217,
    1.132726,
    1.146313,
    1.082352,
    1.167786,
    1.202053,
    1.106514,
    1.041355,
    1.132096,
    1.200169,
    1.052749,
    1.010017,
    1.009708,
    1.024327,
    1.056324,
    0.99763,
    1.093851,
    0.980149,
    0.991267
  ],
  "train_total_loss": [
    2.581639,
    2.00729,
    1.764063,
    1.662938,
    1.605123,
    1.485446,
    1.546875,
    1.394623,
    1.541409,
    1.440778,
    1.44124,
    1.491899,
    1.402704,
    1.341965,
    1.404029,
    1.321462,
    1.260627,
    1.351884,
    1.264764,
    1.298947,
    1.16434,
    1.225866,
    1.278127,
    1.23479,
    1.109325,
    1.120217,
    1.132726,
    1.146313,
    1.082352,
    1.167786,
    1.202053,
    1.106514,
    1.041355,
    1.132096,
    1.200169,
    1.052749,
    1.010017,
    1.009708,
    1.024327,
    1.056324,
    0.99763,
    1.093851,
    0.980149,
    0.991267
  ],
  "learning_rates": [
    0.001,
    0.001,
    0.001,
    0.001,
    0.001,
    0.001,
    0.001,
    0.001,
    0.001,
    0.001,
    0.001,
    0.001,
    0.001,
    0.001,
    0.001,
    0.001,
    0.001,
    0.001,
    0.001,
    0.001,
    0.0005,
    0.0005,
    0.0005,
    0.0005,
    0.0005,
    0.0005,
    0.0005,
    0.0005,
    0.0005,
    0.0005,
    0.0005,
    0.0005,
    0.0005,
    0.0005,
    0.0005,
    0.0005,
    0.0005,
    0.0005,
    0.0005,
    0.0005,
    0.00025,
    0.00025,
    0.00025,
    0.00025
  ],
  "val_accuracy": [
    51.568739,
    65.54478,
    66.913862,
    71.819738,
    70.222476,
    72.561323,
    72.447233,
    74.21563,
    74.21563,
    75.071306,
    73.87336,
    73.98745,
    74.843126,
    76.041072,
    75.812892,
    76.155163,
    74.843126,
    75.984027,
    75.869937,
    76.212208,
    76.155163,
    77.239019,
    76.383343,
    76.326298,
    76.896748,
    76.269253,
    77.638334,
    76.953793,
    77.752424,
    76.554478,
    76.440388,
    76.212208,
    77.067884,
    77.239019,
    76.554478,
    76.269253,
    75.812892,
    76.896748,
    77.239019,
    76.668568,
    77.353109,
    76.725613,
    76.725613,
    75.869937
  ],
  "model_info": {
    "model_class": "BaseClassifier",
    "hidden_size": 128,
    "num_classes": 23,
    "emb_size_audio": 512,
    "emb_size_text": 0,
    "dropout": 0.1,
    "use_batch_norm": true,
    "mode": "audio",
    "num_folds": 5,
    "fold_id": 3,
    "batch_size": 64,
    "random_seed": 1821
  }
}