{
  "train_cls_loss": [
    2.346874,
    1.559794,
    1.292999,
    1.173832,
    1.082117,
    0.990676,
    0.942429,
    0.908449,
    0.86106,
    0.831101,
    0.800099,
    0.789015,
    0.745371,
    0.718612,
    0.691708,
    0.677375,
    0.652326,
    0.622399,
    0.61082,
    0.61024,
    0.500131,
    0.476002,
    0.44054,
    0.436299,
    0.41543,
    0.422746,
    0.418283,
    0.40523,
    0.389745,
    0.381066,
    0.384361,
    0.35527,
    0.360863,
    0.330186,
    0.350637,
    0.337226,
    0.335557,
    0.324547,
    0.31236,
    0.320736,
    0.277342,
    0.258666,
    0.256111,
    0.249264,
    0.258467
  ],
  "train_top_cls_loss": [
    0.753429,
    0.525596,
    0.484831,
    0.466971,
    0.439892,
    0.40825,
    0.402375,
    0.380823,
    0.363856,
    0.3531,
    0.34533,
    0.343909,
    0.321395,
    0.316403,
    0.304858,
    0.285611,
    0.284858,
    0.27071,
    0.266245,
    0.262873,
    0.220487,
    0.207322,
    0.192176,
    0.195138,
    0.180812,
    0.186279,
    0.182806,
    0.173367,
    0.172262,
    0.1697,
    0.169839,
    0.170247,
    0.165884,
    0.151913,
    0.153799,
    0.149411,
    0.153454,
    0.14594,
    0.144439,
    0.144003,
    0.123593,
    0.118844,
    0.118962,
    0.115039,
    0.124795
  ],
  "train_total_loss": [
    2.874274,
    1.927711,
    1.63238,
    1.500711,
    1.390042,
    1.276451,
    1.224092,
    1.175025,
    1.115759,
    1.078271,
    1.041829,
    1.029751,
    0.970348,
    0.940094,
    0.905109,
    0.877302,
    0.851726,
    0.811896,
    0.797192,
    0.794251,
    0.654471,
    0.621128,
    0.575063,
    0.572896,
    0.541998,
    0.553141,
    0.546247,
    0.526587,
    0.510329,
    0.499856,
    0.503248,
    0.474443,
    0.476982,
    0.436524,
    0.458296,
    0.441814,
    0.442975,
    0.426704,
    0.413467,
    0.421539,
    0.363857,
    0.341857,
    0.339385,
    0.329791,
    0.345823
  ],
  "learning_rates": [
    0.001,
    0.001,
    0.001,
    0.001,
    0.001,
    0.001,
    0.001,
    0.001,
    0.001,
    0.001,
    0.001,
    0.001,
    0.001,
    0.001,
    0.001,
    0.001,
    0.001,
    0.001,
    0.001,
    0.001,
    0.0005,
    0.0005,
    0.0005,
    0.0005,
    0.0005,
    0.0005,
    0.0005,
    0.0005,
    0.0005,
    0.0005,
    0.0005,
    0.0005,
    0.0005,
    0.0005,
    0.0005,
    0.0005,
    0.0005,
    0.0005,
    0.0005,
    0.0005,
    0.00025,
    0.00025,
    0.00025,
    0.00025,
    0.00025
  ],
  "val_accuracy": [
    48.908046,
    60.977011,
    68.390805,
    69.252874,
    70.747126,
    73.563218,
    73.218391,
    73.908046,
    74.827586,
    75.287356,
    75.114943,
    74.310345,
    74.827586,
    75.057471,
    75.632184,
    75.229885,
    76.724138,
    75.229885,
    75.91954,
    75.747126,
    76.83908,
    76.206897,
    76.666667,
    76.494253,
    76.494253,
    76.666667,
    75.804598,
    75.114943,
    76.609195,
    77.126437,
    76.494253,
    76.206897,
    75.344828,
    77.011494,
    76.551724,
    75.632184,
    75.0,
    75.862069,
    76.034483,
    76.034483,
    76.494253,
    76.551724,
    76.551724,
    76.37931,
    76.609195
  ],
  "model_info": {
    "model_class": "BaseClassifier",
    "hidden_size": 128,
    "num_classes": 23,
    "emb_size_audio": 1280,
    "emb_size_text": 0,
    "dropout": 0.1,
    "use_batch_norm": true,
    "mode": "audio",
    "num_folds": 5,
    "fold_id": 0,
    "batch_size": 64,
    "random_seed": 1821
  }
}