{
  "attention_audio": [
    0.513376,
    0.513284,
    0.520051,
    0.522573,
    0.528202,
    0.526864,
    0.535543,
    0.53824,
    0.541934,
    0.545846,
    0.543603,
    0.54455,
    0.54511,
    0.54624,
    0.548613,
    0.550879,
    0.55623,
    0.555534,
    0.557435,
    0.560911,
    0.558588,
    0.561024,
    0.561066,
    0.561425,
    0.563277,
    0.56205,
    0.561753,
    0.562313,
    0.561708,
    0.562757,
    0.563038,
    0.564807,
    0.567575,
    0.565817,
    0.565889,
    0.567156,
    0.56671,
    0.569718
  ],
  "attention_text": [
    0.486624,
    0.486716,
    0.479949,
    0.477427,
    0.471798,
    0.473136,
    0.464457,
    0.46176,
    0.458066,
    0.454154,
    0.456397,
    0.45545,
    0.45489,
    0.45376,
    0.451387,
    0.449121,
    0.44377,
    0.444466,
    0.442565,
    0.439089,
    0.441412,
    0.438976,
    0.438934,
    0.438575,
    0.436723,
    0.43795,
    0.438247,
    0.437687,
    0.438292,
    0.437243,
    0.436962,
    0.435193,
    0.432425,
    0.434183,
    0.434111,
    0.432844,
    0.43329,
    0.430282
  ],
  "train_cls_loss": [
    2.264219,
    1.296974,
    1.119861,
    0.990067,
    0.906818,
    0.852388,
    0.806362,
    0.766442,
    0.732768,
    0.694164,
    0.672192,
    0.63713,
    0.616281,
    0.600048,
    0.586487,
    0.56231,
    0.562404,
    0.535559,
    0.507357,
    0.493924,
    0.414922,
    0.391014,
    0.377372,
    0.354348,
    0.358576,
    0.339815,
    0.326195,
    0.335027,
    0.332542,
    0.311233,
    0.316937,
    0.299673,
    0.276698,
    0.305549,
    0.288415,
    0.284996,
    0.279554,
    0.263149
  ],
  "train_top_cls_loss": [
    0.896755,
    0.519111,
    0.475235,
    0.428868,
    0.39727,
    0.384952,
    0.370236,
    0.356394,
    0.345303,
    0.324274,
    0.31746,
    0.305093,
    0.2924,
    0.286691,
    0.281432,
    0.276646,
    0.267831,
    0.264779,
    0.24173,
    0.248762,
    0.209831,
    0.190586,
    0.190124,
    0.182747,
    0.178659,
    0.169488,
    0.164653,
    0.16831,
    0.165335,
    0.163149,
    0.158282,
    0.150047,
    0.13811,
    0.153471,
    0.142871,
    0.148138,
    0.143613,
    0.133331
  ],
  "train_total_loss": [
    2.533246,
    1.452707,
    1.262431,
    1.118728,
    1.025999,
    0.967873,
    0.917433,
    0.87336,
    0.836359,
    0.791447,
    0.76743,
    0.728658,
    0.704001,
    0.686055,
    0.670917,
    0.645304,
    0.642753,
    0.614993,
    0.579876,
    0.568553,
    0.477871,
    0.44819,
    0.434409,
    0.409172,
    0.412174,
    0.390661,
    0.375591,
    0.38552,
    0.382142,
    0.360177,
    0.364422,
    0.344687,
    0.318131,
    0.35159,
    0.331277,
    0.329438,
    0.322638,
    0.303149
  ],
  "learning_rates": [
    0.001,
    0.001,
    0.001,
    0.001,
    0.001,
    0.001,
    0.001,
    0.001,
    0.001,
    0.001,
    0.001,
    0.001,
    0.001,
    0.001,
    0.001,
    0.001,
    0.001,
    0.001,
    0.001,
    0.001,
    0.0005,
    0.0005,
    0.0005,
    0.0005,
    0.0005,
    0.0005,
    0.0005,
    0.0005,
    0.0005,
    0.0005,
    0.0005,
    0.0005,
    0.0005,
    0.0005,
    0.0005,
    0.0005,
    0.0005,
    0.0005
  ],
  "val_accuracy": [
    61.37931,
    69.712644,
    72.643678,
    72.988506,
    75.45977,
    75.862069,
    75.287356,
    77.701149,
    77.126437,
    78.275862,
    76.83908,
    77.471264,
    79.367816,
    78.735632,
    78.678161,
    79.482759,
    78.908046,
    78.735632,
    78.908046,
    79.770115,
    80.0,
    80.0,
    80.402299,
    79.712644,
    78.218391,
    79.770115,
    78.390805,
    79.770115,
    79.195402,
    78.850575,
    79.770115,
    79.885057,
    79.425287,
    78.275862,
    77.988506,
    78.505747,
    78.62069,
    78.908046
  ],
  "model_info": {
    "model_class": "BaseClassifier",
    "hidden_size": 128,
    "num_classes": 23,
    "emb_size_audio": 1280,
    "emb_size_text": 512,
    "dropout": 0.1,
    "use_batch_norm": true,
    "mode": "both",
    "num_folds": 5,
    "fold_id": 0,
    "batch_size": 64,
    "random_seed": 1821
  }
}