{
  "train_cls_loss": [
    2.210603,
    1.400195,
    1.212028,
    1.080012,
    0.992185,
    0.946538,
    0.89104,
    0.867747,
    0.805283,
    0.799891,
    0.756817,
    0.742793,
    0.699494,
    0.687489,
    0.661136,
    0.637103,
    0.610422,
    0.567904,
    0.588893,
    0.548989,
    0.476367,
    0.4414,
    0.426607,
    0.426278,
    0.392335,
    0.387662,
    0.366009,
    0.352059,
    0.360321,
    0.346196,
    0.339656
  ],
  "train_top_cls_loss": [
    0.807243,
    0.541023,
    0.492591,
    0.46521,
    0.432298,
    0.415288,
    0.392673,
    0.382916,
    0.368941,
    0.354542,
    0.337572,
    0.328531,
    0.324341,
    0.316664,
    0.296231,
    0.286573,
    0.280461,
    0.261489,
    0.268838,
    0.243012,
    0.210726,
    0.203137,
    0.196534,
    0.199924,
    0.179728,
    0.177997,
    0.168625,
    0.167935,
    0.164419,
    0.163476,
    0.165345
  ],
  "train_total_loss": [
    2.614224,
    1.670707,
    1.458323,
    1.312617,
    1.208334,
    1.154182,
    1.087376,
    1.059205,
    0.989754,
    0.977162,
    0.925603,
    0.907059,
    0.861665,
    0.845821,
    0.809251,
    0.78039,
    0.750652,
    0.698649,
    0.723312,
    0.670495,
    0.581729,
    0.542968,
    0.524873,
    0.52624,
    0.482199,
    0.476661,
    0.450321,
    0.436026,
    0.442531,
    0.427934,
    0.422329
  ],
  "learning_rates": [
    0.001,
    0.001,
    0.001,
    0.001,
    0.001,
    0.001,
    0.001,
    0.001,
    0.001,
    0.001,
    0.001,
    0.001,
    0.001,
    0.001,
    0.001,
    0.001,
    0.001,
    0.001,
    0.001,
    0.001,
    0.0005,
    0.0005,
    0.0005,
    0.0005,
    0.0005,
    0.0005,
    0.0005,
    0.0005,
    0.0005,
    0.0005,
    0.0005
  ],
  "val_accuracy": [
    55.862069,
    65.114943,
    67.701149,
    71.494253,
    73.103448,
    71.954023,
    75.91954,
    73.448276,
    74.54023,
    74.137931,
    76.149425,
    75.344828,
    75.689655,
    74.942529,
    75.402299,
    77.011494,
    75.402299,
    75.977011,
    74.425287,
    75.574713,
    76.609195,
    75.689655,
    76.609195,
    76.091954,
    76.206897,
    74.885057,
    76.896552,
    74.367816,
    76.666667,
    76.896552,
    75.287356
  ],
  "model_info": {
    "model_class": "BaseClassifier",
    "hidden_size": 128,
    "num_classes": 23,
    "emb_size_audio": 1280,
    "emb_size_text": 0,
    "dropout": 0.1,
    "use_batch_norm": true,
    "mode": "audio",
    "num_folds": 5,
    "fold_id": 3,
    "batch_size": 64,
    "random_seed": 1821
  }
}