{
  "attention_audio": [
    0.512054,
    0.50656,
    0.501713,
    0.504479,
    0.500953,
    0.502185,
    0.502987,
    0.501099,
    0.501846,
    0.502903,
    0.502728,
    0.498049,
    0.500883,
    0.507173,
    0.506511,
    0.500713,
    0.503957,
    0.503177,
    0.508895,
    0.512177,
    0.511351,
    0.510036,
    0.512206,
    0.510345,
    0.509931,
    0.510082,
    0.51098,
    0.510106,
    0.511691,
    0.511085,
    0.51011,
    0.511355,
    0.511929,
    0.512171,
    0.509685,
    0.511791
  ],
  "attention_text": [
    0.487946,
    0.49344,
    0.498287,
    0.495521,
    0.499047,
    0.497815,
    0.497013,
    0.498901,
    0.498154,
    0.497097,
    0.497272,
    0.501951,
    0.499117,
    0.492827,
    0.493489,
    0.499287,
    0.496043,
    0.496823,
    0.491105,
    0.487823,
    0.488649,
    0.489964,
    0.487794,
    0.489655,
    0.490069,
    0.489918,
    0.48902,
    0.489894,
    0.488309,
    0.488915,
    0.48989,
    0.488645,
    0.488071,
    0.487829,
    0.490315,
    0.488209
  ],
  "train_cls_loss": [
    2.259338,
    1.501637,
    1.268031,
    1.150181,
    1.047196,
    0.981069,
    0.912942,
    0.868231,
    0.858498,
    0.799812,
    0.790302,
    0.745126,
    0.704132,
    0.699845,
    0.691335,
    0.665357,
    0.64142,
    0.627303,
    0.604687,
    0.609027,
    0.506919,
    0.485582,
    0.483963,
    0.469658,
    0.448103,
    0.444145,
    0.450767,
    0.420968,
    0.414175,
    0.412641,
    0.386183,
    0.396899,
    0.398331,
    0.394062,
    0.384746,
    0.394584
  ],
  "train_contrastive_loss": [
    3.803439,
    3.551305,
    3.499275,
    3.479703,
    3.455981,
    3.435045,
    3.424868,
    3.408168,
    3.408538,
    3.387924,
    3.379875,
    3.379521,
    3.348195,
    3.345633,
    3.339528,
    3.339075,
    3.327276,
    3.315551,
    3.305062,
    3.303513,
    3.27413,
    3.266345,
    3.256235,
    3.255306,
    3.240068,
    3.243809,
    3.245726,
    3.231045,
    3.221099,
    3.221278,
    3.222615,
    3.219493,
    3.223387,
    3.205431,
    3.203521,
    3.214751
  ],
  "train_total_loss": [
    6.062777,
    5.052941,
    4.767306,
    4.629884,
    4.503177,
    4.416115,
    4.33781,
    4.276398,
    4.267035,
    4.187736,
    4.170176,
    4.124647,
    4.052326,
    4.045478,
    4.030863,
    4.004432,
    3.968696,
    3.942854,
    3.909749,
    3.91254,
    3.781048,
    3.751927,
    3.740198,
    3.724963,
    3.688172,
    3.687954,
    3.696493,
    3.652013,
    3.635274,
    3.633919,
    3.608798,
    3.616392,
    3.621718,
    3.599494,
    3.588266,
    3.609334
  ],
  "learning_rates": [
    0.001,
    0.001,
    0.001,
    0.001,
    0.001,
    0.001,
    0.001,
    0.001,
    0.001,
    0.001,
    0.001,
    0.001,
    0.001,
    0.001,
    0.001,
    0.001,
    0.001,
    0.001,
    0.001,
    0.001,
    0.0005,
    0.0005,
    0.0005,
    0.0005,
    0.0005,
    0.0005,
    0.0005,
    0.0005,
    0.0005,
    0.0005,
    0.0005,
    0.0005,
    0.0005,
    0.0005,
    0.0005,
    0.0005
  ],
  "val_accuracy": [
    47.005134,
    61.380491,
    65.54478,
    69.3668,
    71.078152,
    73.64518,
    75.584712,
    74.386766,
    72.219053,
    76.098118,
    76.497433,
    79.292641,
    77.581289,
    76.953793,
    79.178551,
    78.6081,
    79.406731,
    77.638334,
    78.26583,
    78.322875,
    79.977182,
    78.722191,
    79.235596,
    79.463776,
    78.950371,
    79.463776,
    78.665145,
    78.551055,
    78.779236,
    79.292641,
    78.950371,
    77.239019,
    77.752424,
    78.15174,
    77.524244,
    78.37992
  ],
  "model_info": {
    "model_class": "BaseClassifier",
    "hidden_size": 128,
    "num_classes": 23,
    "emb_size_audio": 512,
    "emb_size_text": 512,
    "dropout": 0.1,
    "use_batch_norm": true,
    "mode": "both",
    "num_folds": 5,
    "fold_id": 1,
    "batch_size": 64,
    "random_seed": 1821
  }
}