{
  "train_cls_loss": [
    1.664657,
    1.033237,
    0.88424,
    0.773349,
    0.747884,
    0.701573,
    0.68641,
    0.646108,
    0.626478,
    0.615182,
    0.57669,
    0.579857,
    0.558801,
    0.557991,
    0.542156,
    0.519899,
    0.511625,
    0.496113,
    0.484243,
    0.476871,
    0.432378,
    0.415712,
    0.406334,
    0.391127,
    0.391955,
    0.397915,
    0.383616,
    0.368914,
    0.371726,
    0.371658,
    0.361893,
    0.361779,
    0.348127,
    0.348708,
    0.340989,
    0.345213,
    0.346221,
    0.330359,
    0.330992,
    0.321388,
    0.291854,
    0.275344,
    0.27605,
    0.278605,
    0.268746
  ],
  "train_total_loss": [
    1.664657,
    1.033237,
    0.88424,
    0.773349,
    0.747884,
    0.701573,
    0.68641,
    0.646108,
    0.626478,
    0.615182,
    0.57669,
    0.579857,
    0.558801,
    0.557991,
    0.542156,
    0.519899,
    0.511625,
    0.496113,
    0.484243,
    0.476871,
    0.432378,
    0.415712,
    0.406334,
    0.391127,
    0.391955,
    0.397915,
    0.383616,
    0.368914,
    0.371726,
    0.371658,
    0.361893,
    0.361779,
    0.348127,
    0.348708,
    0.340989,
    0.345213,
    0.346221,
    0.330359,
    0.330992,
    0.321388,
    0.291854,
    0.275344,
    0.27605,
    0.278605,
    0.268746
  ],
  "learning_rates": [
    0.001,
    0.001,
    0.001,
    0.001,
    0.001,
    0.001,
    0.001,
    0.001,
    0.001,
    0.001,
    0.001,
    0.001,
    0.001,
    0.001,
    0.001,
    0.001,
    0.001,
    0.001,
    0.001,
    0.001,
    0.0005,
    0.0005,
    0.0005,
    0.0005,
    0.0005,
    0.0005,
    0.0005,
    0.0005,
    0.0005,
    0.0005,
    0.0005,
    0.0005,
    0.0005,
    0.0005,
    0.0005,
    0.0005,
    0.0005,
    0.0005,
    0.0005,
    0.0005,
    0.00025,
    0.00025,
    0.00025,
    0.00025,
    0.00025
  ],
  "val_accuracy": [
    56.75984,
    65.830006,
    70.051341,
    71.534512,
    72.903594,
    73.474044,
    74.557901,
    73.816315,
    74.786081,
    75.128351,
    74.386766,
    75.698802,
    76.611523,
    76.155163,
    75.185396,
    75.527667,
    77.067884,
    76.440388,
    77.524244,
    76.839703,
    77.809469,
    77.752424,
    77.067884,
    77.467199,
    76.839703,
    77.239019,
    77.181974,
    76.725613,
    77.524244,
    78.03765,
    77.124929,
    77.181974,
    77.067884,
    76.668568,
    75.926982,
    77.239019,
    76.554478,
    76.155163,
    77.124929,
    76.896748,
    77.067884,
    77.752424,
    76.611523,
    77.181974,
    76.383343
  ],
  "model_info": {
    "model_class": "BaseClassifier",
    "hidden_size": 128,
    "num_classes": 23,
    "emb_size_audio": 512,
    "emb_size_text": 0,
    "dropout": 0.1,
    "use_batch_norm": true,
    "mode": "audio",
    "num_folds": 5,
    "fold_id": 4,
    "batch_size": 64,
    "random_seed": 1821
  }
}