{
  "attention_audio": [
    0.480045,
    0.487582,
    0.48412,
    0.488749,
    0.490468,
    0.488101,
    0.488595,
    0.488894,
    0.492706,
    0.489793,
    0.496845,
    0.497595,
    0.499119,
    0.501074,
    0.504463,
    0.50612,
    0.504528,
    0.502715,
    0.508263,
    0.507604,
    0.506881,
    0.508618,
    0.508591,
    0.509651,
    0.509231,
    0.509337,
    0.509603,
    0.508808,
    0.508863,
    0.506295,
    0.508197,
    0.510234
  ],
  "attention_text": [
    0.519955,
    0.512418,
    0.51588,
    0.511251,
    0.509532,
    0.511899,
    0.511405,
    0.511106,
    0.507294,
    0.510207,
    0.503155,
    0.502405,
    0.500881,
    0.498926,
    0.495537,
    0.49388,
    0.495472,
    0.497285,
    0.491737,
    0.492396,
    0.493119,
    0.491383,
    0.491409,
    0.490349,
    0.490769,
    0.490663,
    0.490397,
    0.491192,
    0.491137,
    0.493705,
    0.491803,
    0.489766
  ],
  "train_cls_loss": [
    1.510593,
    0.902659,
    0.71916,
    0.641667,
    0.612207,
    0.569908,
    0.537516,
    0.518616,
    0.492672,
    0.481756,
    0.454806,
    0.438677,
    0.438275,
    0.427832,
    0.419817,
    0.40424,
    0.384463,
    0.390036,
    0.376413,
    0.363577,
    0.326427,
    0.315864,
    0.305829,
    0.297031,
    0.285913,
    0.283129,
    0.287622,
    0.275128,
    0.270007,
    0.266897,
    0.271952,
    0.258708
  ],
  "train_total_loss": [
    1.510593,
    0.902659,
    0.71916,
    0.641667,
    0.612207,
    0.569908,
    0.537516,
    0.518616,
    0.492672,
    0.481756,
    0.454806,
    0.438677,
    0.438275,
    0.427832,
    0.419817,
    0.40424,
    0.384463,
    0.390036,
    0.376413,
    0.363577,
    0.326427,
    0.315864,
    0.305829,
    0.297031,
    0.285913,
    0.283129,
    0.287622,
    0.275128,
    0.270007,
    0.266897,
    0.271952,
    0.258708
  ],
  "learning_rates": [
    0.001,
    0.001,
    0.001,
    0.001,
    0.001,
    0.001,
    0.001,
    0.001,
    0.001,
    0.001,
    0.001,
    0.001,
    0.001,
    0.001,
    0.001,
    0.001,
    0.001,
    0.001,
    0.001,
    0.001,
    0.0005,
    0.0005,
    0.0005,
    0.0005,
    0.0005,
    0.0005,
    0.0005,
    0.0005,
    0.0005,
    0.0005,
    0.0005,
    0.0005
  ],
  "val_accuracy": [
    52.59555,
    68.111808,
    74.557901,
    72.447233,
    76.668568,
    75.356532,
    75.527667,
    76.440388,
    78.950371,
    76.896748,
    78.03765,
    78.094695,
    76.782658,
    77.410154,
    77.124929,
    78.26583,
    79.749002,
    77.92356,
    77.067884,
    78.322875,
    78.03765,
    79.121506,
    77.067884,
    77.752424,
    78.722191,
    78.37992,
    78.37992,
    77.809469,
    78.26583,
    77.92356,
    78.37992,
    78.37992
  ],
  "model_info": {
    "model_class": "BaseClassifier",
    "hidden_size": 128,
    "num_classes": 23,
    "emb_size_audio": 512,
    "emb_size_text": 512,
    "dropout": 0.1,
    "use_batch_norm": true,
    "mode": "both",
    "num_folds": 5,
    "fold_id": 1,
    "batch_size": 64,
    "random_seed": 1821
  }
}