{
  "attention_audio": [
    0.509831,
    0.499796,
    0.497938,
    0.492122,
    0.492669,
    0.492903,
    0.49279,
    0.489322,
    0.487146,
    0.490292,
    0.492378,
    0.488685,
    0.485262,
    0.484588,
    0.481851,
    0.486242,
    0.484817,
    0.483413,
    0.485295,
    0.48342,
    0.488208,
    0.486948,
    0.486112,
    0.487848,
    0.486287,
    0.48713,
    0.486719,
    0.486326,
    0.486681,
    0.488136,
    0.488128,
    0.489185,
    0.489152,
    0.489628,
    0.489615,
    0.488152,
    0.489588,
    0.488098,
    0.489468
  ],
  "attention_text": [
    0.490169,
    0.500204,
    0.502062,
    0.507878,
    0.507331,
    0.507097,
    0.50721,
    0.510678,
    0.512854,
    0.509708,
    0.507622,
    0.511315,
    0.514738,
    0.515412,
    0.518149,
    0.513758,
    0.515183,
    0.516587,
    0.514705,
    0.51658,
    0.511792,
    0.513052,
    0.513888,
    0.512152,
    0.513713,
    0.51287,
    0.513281,
    0.513674,
    0.513319,
    0.511864,
    0.511872,
    0.510815,
    0.510848,
    0.510372,
    0.510385,
    0.511848,
    0.510412,
    0.511902,
    0.510532
  ],
  "train_cls_loss": [
    2.368056,
    1.530622,
    1.285307,
    1.145534,
    1.055288,
    0.98767,
    0.931556,
    0.892542,
    0.85948,
    0.822956,
    0.77845,
    0.801423,
    0.755364,
    0.724197,
    0.713917,
    0.702454,
    0.675733,
    0.641792,
    0.625236,
    0.62585,
    0.56623,
    0.54031,
    0.512427,
    0.496562,
    0.493505,
    0.471182,
    0.460945,
    0.453125,
    0.441928,
    0.435591,
    0.435603,
    0.422722,
    0.413674,
    0.411275,
    0.408554,
    0.394411,
    0.37937,
    0.389635,
    0.368959
  ],
  "train_top_cls_loss": [
    0.786285,
    0.505199,
    0.470839,
    0.442539,
    0.419048,
    0.406543,
    0.381498,
    0.37943,
    0.367762,
    0.347593,
    0.332398,
    0.342269,
    0.329283,
    0.311713,
    0.302394,
    0.305991,
    0.293035,
    0.275169,
    0.263551,
    0.27197,
    0.239906,
    0.226731,
    0.207457,
    0.208697,
    0.202247,
    0.195593,
    0.189363,
    0.191589,
    0.189984,
    0.182076,
    0.183041,
    0.171802,
    0.178306,
    0.173969,
    0.176918,
    0.162074,
    0.161518,
    0.168455,
    0.165743
  ],
  "train_total_loss": [
    3.154341,
    2.035821,
    1.756146,
    1.588073,
    1.474337,
    1.394213,
    1.313053,
    1.271971,
    1.227243,
    1.170549,
    1.110849,
    1.143692,
    1.084647,
    1.03591,
    1.016312,
    1.008445,
    0.968768,
    0.916961,
    0.888787,
    0.897821,
    0.806136,
    0.767041,
    0.719884,
    0.70526,
    0.695752,
    0.666774,
    0.650308,
    0.644714,
    0.631911,
    0.617668,
    0.618643,
    0.594524,
    0.591979,
    0.585244,
    0.585472,
    0.556486,
    0.540888,
    0.55809,
    0.534703
  ],
  "learning_rates": [
    0.001,
    0.001,
    0.001,
    0.001,
    0.001,
    0.001,
    0.001,
    0.001,
    0.001,
    0.001,
    0.001,
    0.001,
    0.001,
    0.001,
    0.001,
    0.001,
    0.001,
    0.001,
    0.001,
    0.001,
    0.0005,
    0.0005,
    0.0005,
    0.0005,
    0.0005,
    0.0005,
    0.0005,
    0.0005,
    0.0005,
    0.0005,
    0.0005,
    0.0005,
    0.0005,
    0.0005,
    0.0005,
    0.0005,
    0.0005,
    0.0005,
    0.0005
  ],
  "val_accuracy": [
    52.413793,
    62.183908,
    67.356322,
    72.183908,
    72.586207,
    75.229885,
    74.425287,
    76.551724,
    76.321839,
    76.436782,
    76.954023,
    78.333333,
    78.850575,
    79.022989,
    78.275862,
    78.448276,
    78.563218,
    78.563218,
    79.195402,
    77.758621,
    79.770115,
    78.908046,
    79.425287,
    80.344828,
    79.712644,
    78.735632,
    79.425287,
    78.735632,
    78.850575,
    80.0,
    79.942529,
    79.597701,
    78.850575,
    79.137931,
    79.482759,
    79.482759,
    77.701149,
    78.045977,
    80.114943
  ],
  "model_info": {
    "model_class": "BaseClassifier",
    "hidden_size": 128,
    "num_classes": 23,
    "emb_size_audio": 768,
    "emb_size_text": 512,
    "dropout": 0.1,
    "use_batch_norm": true,
    "mode": "both",
    "num_folds": 5,
    "fold_id": 4,
    "batch_size": 64,
    "random_seed": 1821
  }
}