{
  "attention_audio": [
    0.487227,
    0.478183,
    0.488215,
    0.490329,
    0.496258,
    0.497834,
    0.499045,
    0.500359,
    0.500523,
    0.494916,
    0.493769,
    0.491049,
    0.496265,
    0.493485,
    0.49532,
    0.496738,
    0.496514,
    0.499151,
    0.498746,
    0.497416,
    0.501221,
    0.503121,
    0.503752,
    0.505297,
    0.504271,
    0.504439,
    0.505012,
    0.506149,
    0.505978,
    0.505395,
    0.505974,
    0.506187,
    0.505644,
    0.505617,
    0.509248,
    0.509346,
    0.506686,
    0.507015,
    0.507199,
    0.508103,
    0.508335,
    0.508864,
    0.511251,
    0.511606,
    0.511773,
    0.512161,
    0.510069,
    0.510311,
    0.512376,
    0.511265,
    0.511042,
    0.511965,
    0.512052
  ],
  "attention_text": [
    0.512773,
    0.521817,
    0.511785,
    0.509671,
    0.503742,
    0.502166,
    0.500955,
    0.499641,
    0.499477,
    0.505084,
    0.506231,
    0.508951,
    0.503735,
    0.506515,
    0.50468,
    0.503262,
    0.503486,
    0.500849,
    0.501254,
    0.502583,
    0.498779,
    0.496879,
    0.496249,
    0.494703,
    0.495729,
    0.495561,
    0.494988,
    0.493851,
    0.494022,
    0.494605,
    0.494026,
    0.493813,
    0.494356,
    0.494383,
    0.490752,
    0.490654,
    0.493314,
    0.492985,
    0.492801,
    0.491897,
    0.491665,
    0.491136,
    0.488749,
    0.488394,
    0.488228,
    0.487839,
    0.489931,
    0.489689,
    0.487624,
    0.488735,
    0.488958,
    0.488035,
    0.487948
  ],
  "train_cls_loss": [
    2.298572,
    1.376511,
    1.108262,
    0.9898,
    0.872409,
    0.817724,
    0.781699,
    0.735787,
    0.70246,
    0.661046,
    0.669296,
    0.613276,
    0.60636,
    0.595238,
    0.580199,
    0.57383,
    0.545991,
    0.532752,
    0.510958,
    0.484277,
    0.428945,
    0.386414,
    0.370039,
    0.363142,
    0.361538,
    0.343513,
    0.336961,
    0.343852,
    0.333362,
    0.313685,
    0.313091,
    0.320086,
    0.299512,
    0.29226,
    0.290679,
    0.296655,
    0.294513,
    0.279483,
    0.264636,
    0.260163,
    0.21586,
    0.213771,
    0.197276,
    0.194598,
    0.178529,
    0.19111,
    0.184134,
    0.162584,
    0.174925,
    0.174678,
    0.156397,
    0.160782,
    0.148099
  ],
  "train_total_loss": [
    2.298572,
    1.376511,
    1.108262,
    0.9898,
    0.872409,
    0.817724,
    0.781699,
    0.735787,
    0.70246,
    0.661046,
    0.669296,
    0.613276,
    0.60636,
    0.595238,
    0.580199,
    0.57383,
    0.545991,
    0.532752,
    0.510958,
    0.484277,
    0.428945,
    0.386414,
    0.370039,
    0.363142,
    0.361538,
    0.343513,
    0.336961,
    0.343852,
    0.333362,
    0.313685,
    0.313091,
    0.320086,
    0.299512,
    0.29226,
    0.290679,
    0.296655,
    0.294513,
    0.279483,
    0.264636,
    0.260163,
    0.21586,
    0.213771,
    0.197276,
    0.194598,
    0.178529,
    0.19111,
    0.184134,
    0.162584,
    0.174925,
    0.174678,
    0.156397,
    0.160782,
    0.148099
  ],
  "learning_rates": [
    0.001,
    0.001,
    0.001,
    0.001,
    0.001,
    0.001,
    0.001,
    0.001,
    0.001,
    0.001,
    0.001,
    0.001,
    0.001,
    0.001,
    0.001,
    0.001,
    0.001,
    0.001,
    0.001,
    0.001,
    0.0005,
    0.0005,
    0.0005,
    0.0005,
    0.0005,
    0.0005,
    0.0005,
    0.0005,
    0.0005,
    0.0005,
    0.0005,
    0.0005,
    0.0005,
    0.0005,
    0.0005,
    0.0005,
    0.0005,
    0.0005,
    0.0005,
    0.0005,
    0.00025,
    0.00025,
    0.00025,
    0.00025,
    0.00025,
    0.00025,
    0.00025,
    0.00025,
    0.00025,
    0.00025,
    0.00025,
    0.00025,
    0.00025
  ],
  "val_accuracy": [
    55.105533,
    66.913862,
    71.420422,
    73.416999,
    75.470622,
    75.185396,
    76.725613,
    76.041072,
    76.611523,
    76.326298,
    78.15174,
    79.577867,
    77.752424,
    78.49401,
    78.779236,
    78.665145,
    78.26583,
    79.007416,
    78.779236,
    77.866515,
    79.235596,
    79.634912,
    78.665145,
    79.235596,
    79.235596,
    79.920137,
    79.806047,
    79.463776,
    79.806047,
    79.235596,
    78.836281,
    79.064461,
    79.235596,
    78.779236,
    77.752424,
    79.691957,
    78.665145,
    80.262407,
    79.691957,
    79.121506,
    79.520821,
    79.977182,
    79.691957,
    79.007416,
    78.436965,
    78.779236,
    78.6081,
    79.121506,
    78.779236,
    78.779236,
    79.007416,
    78.836281,
    79.064461
  ],
  "model_info": {
    "model_class": "BaseClassifier",
    "hidden_size": 128,
    "num_classes": 23,
    "emb_size_audio": 512,
    "emb_size_text": 512,
    "dropout": 0.1,
    "use_batch_norm": true,
    "mode": "both",
    "num_folds": 5,
    "fold_id": 0,
    "batch_size": 64,
    "random_seed": 1821
  }
}