{
  "train_cls_loss": [
    2.430629,
    1.776573,
    1.562518,
    1.452995,
    1.382487,
    1.280823,
    1.233739,
    1.187207,
    1.175347,
    1.110908,
    1.090664,
    1.055333,
    1.021755,
    1.013514,
    0.980735,
    0.972237,
    0.926339,
    0.914396,
    0.896907,
    0.886874,
    0.810186,
    0.776542,
    0.739991,
    0.742238,
    0.736465,
    0.714684,
    0.696321,
    0.70239,
    0.706625,
    0.670817,
    0.658854,
    0.64678,
    0.661473,
    0.626153,
    0.618522,
    0.625084,
    0.589095,
    0.595173,
    0.572938,
    0.590537,
    0.542259,
    0.505296,
    0.505532,
    0.483901,
    0.484221,
    0.476581,
    0.486675,
    0.479069,
    0.455519,
    0.454308,
    0.459504,
    0.439537,
    0.435504,
    0.432301,
    0.43868,
    0.410851,
    0.41868,
    0.405494,
    0.421549,
    0.406937,
    0.385355,
    0.389072,
    0.379271,
    0.359259,
    0.365892,
    0.351726,
    0.362281,
    0.357177
  ],
  "train_top_cls_loss": [
    0.892068,
    0.623912,
    0.569981,
    0.541814,
    0.529361,
    0.495586,
    0.489535,
    0.476985,
    0.468397,
    0.435813,
    0.439818,
    0.424635,
    0.415113,
    0.408193,
    0.391585,
    0.389571,
    0.367067,
    0.358751,
    0.357398,
    0.364288,
    0.310389,
    0.292617,
    0.288731,
    0.28206,
    0.281237,
    0.267999,
    0.267644,
    0.269315,
    0.27219,
    0.25603,
    0.246558,
    0.244344,
    0.253252,
    0.232697,
    0.234167,
    0.240062,
    0.228498,
    0.23043,
    0.220051,
    0.226809,
    0.204416,
    0.182547,
    0.194033,
    0.179079,
    0.185799,
    0.185841,
    0.185704,
    0.179588,
    0.174528,
    0.167827,
    0.1757,
    0.168319,
    0.164383,
    0.163904,
    0.174139,
    0.154426,
    0.160268,
    0.157369,
    0.159998,
    0.15658,
    0.143388,
    0.147884,
    0.143904,
    0.13703,
    0.140204,
    0.136183,
    0.141748,
    0.131498
  ],
  "train_total_loss": [
    3.768732,
    2.712442,
    2.417489,
    2.265717,
    2.176529,
    2.024201,
    1.968042,
    1.902684,
    1.877943,
    1.764628,
    1.750391,
    1.692287,
    1.644425,
    1.625803,
    1.568112,
    1.556594,
    1.47694,
    1.452523,
    1.433004,
    1.433307,
    1.27577,
    1.215468,
    1.173088,
    1.165328,
    1.158321,
    1.116682,
    1.097787,
    1.106363,
    1.11491,
    1.054862,
    1.028691,
    1.013297,
    1.04135,
    0.975198,
    0.969773,
    0.985176,
    0.931842,
    0.940818,
    0.903015,
    0.930751,
    0.848884,
    0.779117,
    0.796582,
    0.75252,
    0.76292,
    0.755342,
    0.765231,
    0.74845,
    0.71731,
    0.706049,
    0.723054,
    0.692015,
    0.682078,
    0.678158,
    0.699888,
    0.64249,
    0.659082,
    0.641548,
    0.661546,
    0.641807,
    0.600437,
    0.610897,
    0.595127,
    0.564804,
    0.576198,
    0.556,
    0.574902,
    0.554425
  ],
  "learning_rates": [
    0.001,
    0.001,
    0.001,
    0.001,
    0.001,
    0.001,
    0.001,
    0.001,
    0.001,
    0.001,
    0.001,
    0.001,
    0.001,
    0.001,
    0.001,
    0.001,
    0.001,
    0.001,
    0.001,
    0.001,
    0.0005,
    0.0005,
    0.0005,
    0.0005,
    0.0005,
    0.0005,
    0.0005,
    0.0005,
    0.0005,
    0.0005,
    0.0005,
    0.0005,
    0.0005,
    0.0005,
    0.0005,
    0.0005,
    0.0005,
    0.0005,
    0.0005,
    0.0005,
    0.00025,
    0.00025,
    0.00025,
    0.00025,
    0.00025,
    0.00025,
    0.00025,
    0.00025,
    0.00025,
    0.00025,
    0.00025,
    0.00025,
    0.00025,
    0.00025,
    0.00025,
    0.00025,
    0.00025,
    0.00025,
    0.00025,
    0.00025,
    0.000125,
    0.000125,
    0.000125,
    0.000125,
    0.000125,
    0.000125,
    0.000125,
    0.000125
  ],
  "val_accuracy": [
    41.034483,
    54.310345,
    58.563218,
    61.551724,
    63.563218,
    67.528736,
    67.241379,
    67.988506,
    67.931034,
    70.402299,
    68.908046,
    67.988506,
    70.689655,
    70.977011,
    69.827586,
    71.264368,
    71.551724,
    69.597701,
    71.436782,
    70.977011,
    71.896552,
    73.218391,
    72.298851,
    71.666667,
    72.471264,
    71.37931,
    72.471264,
    72.586207,
    73.218391,
    72.643678,
    72.873563,
    72.816092,
    71.724138,
    71.954023,
    72.068966,
    73.505747,
    72.758621,
    72.471264,
    72.068966,
    72.586207,
    72.931034,
    73.390805,
    72.816092,
    72.298851,
    72.471264,
    72.528736,
    73.563218,
    73.103448,
    72.126437,
    73.448276,
    72.701149,
    73.678161,
    73.850575,
    73.735632,
    73.275862,
    73.218391,
    73.16092,
    72.471264,
    72.988506,
    73.678161,
    73.333333,
    73.505747,
    72.931034,
    72.816092,
    72.931034,
    72.873563,
    72.068966,
    72.586207
  ],
  "model_info": {
    "model_class": "BaseClassifier",
    "hidden_size": 128,
    "num_classes": 23,
    "emb_size_audio": 768,
    "emb_size_text": 0,
    "dropout": 0.1,
    "use_batch_norm": true,
    "mode": "audio",
    "num_folds": 5,
    "fold_id": 1,
    "batch_size": 64,
    "random_seed": 1821
  }
}