{
  "attention_audio": [
    0.458714,
    0.434563,
    0.423153,
    0.413515,
    0.410815,
    0.406686,
    0.408002,
    0.405456,
    0.410219,
    0.406976,
    0.409232,
    0.409969,
    0.408837,
    0.41307,
    0.414128,
    0.414533,
    0.415749,
    0.415173,
    0.416863,
    0.419269,
    0.423669,
    0.42505,
    0.427776,
    0.42671,
    0.425961,
    0.427373,
    0.432432,
    0.430507,
    0.431911,
    0.432969,
    0.42965,
    0.431003,
    0.436154,
    0.435546,
    0.435536,
    0.439767,
    0.439667,
    0.437691,
    0.438568,
    0.440694,
    0.441452,
    0.441873
  ],
  "attention_text": [
    0.541286,
    0.565437,
    0.576847,
    0.586485,
    0.589185,
    0.593314,
    0.591998,
    0.594544,
    0.589781,
    0.593024,
    0.590768,
    0.590031,
    0.591163,
    0.58693,
    0.585872,
    0.585467,
    0.584251,
    0.584827,
    0.583137,
    0.580731,
    0.576331,
    0.57495,
    0.572224,
    0.57329,
    0.574039,
    0.572627,
    0.567568,
    0.569493,
    0.568089,
    0.567031,
    0.57035,
    0.568997,
    0.563846,
    0.564454,
    0.564464,
    0.560233,
    0.560333,
    0.562309,
    0.561432,
    0.559306,
    0.558548,
    0.558127
  ],
  "train_cls_loss": [
    1.164496,
    0.810675,
    0.726757,
    0.672784,
    0.635278,
    0.607962,
    0.580759,
    0.564521,
    0.544452,
    0.52761,
    0.515055,
    0.503132,
    0.488916,
    0.47559,
    0.469736,
    0.456906,
    0.4476,
    0.439817,
    0.427034,
    0.424225,
    0.375985,
    0.360706,
    0.353563,
    0.346866,
    0.335586,
    0.326166,
    0.324843,
    0.324747,
    0.31258,
    0.308352,
    0.301403,
    0.304464,
    0.291195,
    0.288842,
    0.285346,
    0.2807,
    0.281053,
    0.274659,
    0.270409,
    0.262484,
    0.244481,
    0.237113
  ],
  "train_total_loss": [
    1.164496,
    0.810675,
    0.726757,
    0.672784,
    0.635278,
    0.607962,
    0.580759,
    0.564521,
    0.544452,
    0.52761,
    0.515055,
    0.503132,
    0.488916,
    0.47559,
    0.469736,
    0.456906,
    0.4476,
    0.439817,
    0.427034,
    0.424225,
    0.375985,
    0.360706,
    0.353563,
    0.346866,
    0.335586,
    0.326166,
    0.324843,
    0.324747,
    0.31258,
    0.308352,
    0.301403,
    0.304464,
    0.291195,
    0.288842,
    0.285346,
    0.2807,
    0.281053,
    0.274659,
    0.270409,
    0.262484,
    0.244481,
    0.237113
  ],
  "learning_rates": [
    0.001,
    0.001,
    0.001,
    0.001,
    0.001,
    0.001,
    0.001,
    0.001,
    0.001,
    0.001,
    0.001,
    0.001,
    0.001,
    0.001,
    0.001,
    0.001,
    0.001,
    0.001,
    0.001,
    0.001,
    0.0005,
    0.0005,
    0.0005,
    0.0005,
    0.0005,
    0.0005,
    0.0005,
    0.0005,
    0.0005,
    0.0005,
    0.0005,
    0.0005,
    0.0005,
    0.0005,
    0.0005,
    0.0005,
    0.0005,
    0.0005,
    0.0005,
    0.0005,
    0.00025,
    0.00025
  ],
  "val_accuracy": [
    63.320023,
    69.13862,
    70.964062,
    72.903594,
    75.071306,
    75.984027,
    74.957216,
    76.155163,
    75.984027,
    75.641757,
    75.641757,
    76.212208,
    76.497433,
    75.812892,
    76.839703,
    76.041072,
    76.269253,
    75.984027,
    76.782658,
    76.497433,
    77.524244,
    77.809469,
    77.695379,
    77.809469,
    76.896748,
    77.296064,
    78.37992,
    76.383343,
    77.695379,
    76.554478,
    76.725613,
    77.010839,
    76.041072,
    75.698802,
    76.155163,
    76.440388,
    76.782658,
    76.212208,
    76.326298,
    76.611523,
    75.869937,
    76.611523
  ],
  "model_info": {
    "model_class": "BaseClassifier",
    "hidden_size": 128,
    "num_classes": 23,
    "emb_size_audio": 512,
    "emb_size_text": 512,
    "dropout": 0.1,
    "use_batch_norm": true,
    "mode": "both",
    "num_folds": 5,
    "fold_id": 2,
    "batch_size": 64,
    "random_seed": 1821
  }
}