{
  "train_cls_loss": [
    2.167059,
    1.41637,
    1.230241,
    1.129469,
    1.085686,
    1.01534,
    0.944798,
    0.901036,
    0.885542,
    0.812619,
    0.808071,
    0.769066,
    0.729681,
    0.699811,
    0.709374,
    0.661089,
    0.64624,
    0.626642,
    0.612295,
    0.594153,
    0.516049,
    0.470433,
    0.454181,
    0.460693,
    0.443482,
    0.421255,
    0.42109,
    0.398093,
    0.389581,
    0.408816,
    0.371688,
    0.367386,
    0.3546,
    0.362355,
    0.347002,
    0.346502,
    0.334443,
    0.317816,
    0.322851,
    0.312923,
    0.282391,
    0.264746,
    0.261258,
    0.252454,
    0.24878,
    0.242088,
    0.240029,
    0.224728
  ],
  "train_top_cls_loss": [
    0.744536,
    0.527574,
    0.4769,
    0.446034,
    0.43243,
    0.411968,
    0.389868,
    0.373261,
    0.370198,
    0.341774,
    0.349433,
    0.332234,
    0.316487,
    0.306234,
    0.312597,
    0.289953,
    0.284812,
    0.274427,
    0.267205,
    0.257364,
    0.214053,
    0.197709,
    0.201811,
    0.196062,
    0.193415,
    0.180912,
    0.184936,
    0.171888,
    0.174526,
    0.178067,
    0.160759,
    0.160009,
    0.164887,
    0.162269,
    0.15528,
    0.156663,
    0.146319,
    0.140423,
    0.144178,
    0.14685,
    0.127133,
    0.117411,
    0.119869,
    0.121058,
    0.114896,
    0.111839,
    0.114299,
    0.107668
  ],
  "train_total_loss": [
    2.688234,
    1.785672,
    1.564071,
    1.441693,
    1.388387,
    1.303718,
    1.217706,
    1.162318,
    1.144681,
    1.051861,
    1.052674,
    1.00163,
    0.951222,
    0.914175,
    0.928191,
    0.864056,
    0.845608,
    0.818741,
    0.799338,
    0.774308,
    0.665886,
    0.608829,
    0.595449,
    0.597936,
    0.578872,
    0.547893,
    0.550546,
    0.518414,
    0.511749,
    0.533463,
    0.484219,
    0.479393,
    0.470021,
    0.475943,
    0.455698,
    0.456166,
    0.436866,
    0.416112,
    0.423775,
    0.415718,
    0.371384,
    0.346934,
    0.345166,
    0.337194,
    0.329207,
    0.320376,
    0.320038,
    0.300096
  ],
  "learning_rates": [
    0.001,
    0.001,
    0.001,
    0.001,
    0.001,
    0.001,
    0.001,
    0.001,
    0.001,
    0.001,
    0.001,
    0.001,
    0.001,
    0.001,
    0.001,
    0.001,
    0.001,
    0.001,
    0.001,
    0.001,
    0.0005,
    0.0005,
    0.0005,
    0.0005,
    0.0005,
    0.0005,
    0.0005,
    0.0005,
    0.0005,
    0.0005,
    0.0005,
    0.0005,
    0.0005,
    0.0005,
    0.0005,
    0.0005,
    0.0005,
    0.0005,
    0.0005,
    0.0005,
    0.00025,
    0.00025,
    0.00025,
    0.00025,
    0.00025,
    0.00025,
    0.00025,
    0.00025
  ],
  "val_accuracy": [
    60.287356,
    68.390805,
    70.517241,
    72.356322,
    75.229885,
    73.275862,
    75.45977,
    75.402299,
    76.37931,
    74.367816,
    77.241379,
    75.91954,
    77.931034,
    76.264368,
    77.068966,
    76.724138,
    77.356322,
    76.494253,
    77.701149,
    77.241379,
    77.816092,
    77.356322,
    78.045977,
    77.068966,
    77.413793,
    76.896552,
    77.126437,
    77.873563,
    76.666667,
    77.471264,
    77.873563,
    76.724138,
    78.218391,
    77.356322,
    77.241379,
    77.758621,
    77.241379,
    77.298851,
    78.218391,
    76.896552,
    77.241379,
    77.931034,
    77.758621,
    77.586207,
    77.471264,
    77.586207,
    77.643678,
    78.218391
  ],
  "model_info": {
    "model_class": "BaseClassifier",
    "hidden_size": 128,
    "num_classes": 23,
    "emb_size_audio": 1280,
    "emb_size_text": 0,
    "dropout": 0.1,
    "use_batch_norm": true,
    "mode": "audio",
    "num_folds": 5,
    "fold_id": 1,
    "batch_size": 64,
    "random_seed": 1821
  }
}