{
  "train_cls_loss": [
    2.352906,
    1.460854,
    1.235882,
    1.134091,
    1.090128,
    0.996722,
    0.9485,
    0.917889,
    0.873082,
    0.847274,
    0.828539,
    0.804445,
    0.769129,
    0.754345,
    0.740144,
    0.734519,
    0.698958,
    0.715569,
    0.684509,
    0.662397,
    0.59027,
    0.554467,
    0.547911,
    0.553696,
    0.53592,
    0.541343,
    0.521145,
    0.526929,
    0.489201,
    0.514337,
    0.502825,
    0.483022,
    0.474527,
    0.463164,
    0.46163,
    0.455441
  ],
  "train_total_loss": [
    2.352906,
    1.460854,
    1.235882,
    1.134091,
    1.090128,
    0.996722,
    0.9485,
    0.917889,
    0.873082,
    0.847274,
    0.828539,
    0.804445,
    0.769129,
    0.754345,
    0.740144,
    0.734519,
    0.698958,
    0.715569,
    0.684509,
    0.662397,
    0.59027,
    0.554467,
    0.547911,
    0.553696,
    0.53592,
    0.541343,
    0.521145,
    0.526929,
    0.489201,
    0.514337,
    0.502825,
    0.483022,
    0.474527,
    0.463164,
    0.46163,
    0.455441
  ],
  "learning_rates": [
    0.001,
    0.001,
    0.001,
    0.001,
    0.001,
    0.001,
    0.001,
    0.001,
    0.001,
    0.001,
    0.001,
    0.001,
    0.001,
    0.001,
    0.001,
    0.001,
    0.001,
    0.001,
    0.001,
    0.001,
    0.0005,
    0.0005,
    0.0005,
    0.0005,
    0.0005,
    0.0005,
    0.0005,
    0.0005,
    0.0005,
    0.0005,
    0.0005,
    0.0005,
    0.0005,
    0.0005,
    0.0005,
    0.0005
  ],
  "val_accuracy": [
    59.704251,
    65.742452,
    70.671596,
    73.136168,
    75.970425,
    73.875539,
    76.833025,
    77.510783,
    77.695625,
    76.771411,
    77.75724,
    77.264325,
    78.558226,
    76.771411,
    78.126925,
    78.065311,
    77.202711,
    78.250154,
    78.003697,
    78.373383,
    79.48244,
    79.174368,
    78.18854,
    78.743068,
    78.804683,
    78.927911,
    79.297597,
    77.75724,
    78.434997,
    78.496611,
    78.989526,
    78.311768,
    78.18854,
    78.311768,
    79.174368,
    78.065311
  ],
  "model_info": {
    "model_class": "BaseClassifier",
    "hidden_size": 128,
    "num_classes": 23,
    "emb_size_audio": 512,
    "emb_size_text": 0,
    "dropout": 0.1,
    "use_batch_norm": true,
    "mode": "audio",
    "num_folds": 5,
    "fold_id": 0,
    "batch_size": 64,
    "random_seed": 1821
  }
}