{
  "attention_audio": [
    0.461755,
    0.435309,
    0.429598,
    0.422208,
    0.419923,
    0.41514,
    0.414528,
    0.415401,
    0.411556,
    0.411653,
    0.408546,
    0.40914,
    0.415624,
    0.414551,
    0.413662,
    0.416593,
    0.416023,
    0.420429,
    0.421877,
    0.423431,
    0.425172,
    0.429437,
    0.43062,
    0.432767,
    0.429483,
    0.435212,
    0.430548,
    0.432803,
    0.435673,
    0.434838,
    0.434288,
    0.436441,
    0.436068,
    0.439113,
    0.437527,
    0.442148,
    0.441376,
    0.44037,
    0.441992,
    0.443702,
    0.444133,
    0.443538,
    0.442646,
    0.449138,
    0.447434,
    0.450046,
    0.45087,
    0.45083,
    0.448685,
    0.444436,
    0.450268,
    0.449032,
    0.449849,
    0.450789
  ],
  "attention_text": [
    0.538245,
    0.564691,
    0.570402,
    0.577792,
    0.580077,
    0.58486,
    0.585472,
    0.584599,
    0.588444,
    0.588346,
    0.591454,
    0.590861,
    0.584376,
    0.585449,
    0.586338,
    0.583407,
    0.583977,
    0.579571,
    0.578122,
    0.576569,
    0.574828,
    0.570563,
    0.56938,
    0.567233,
    0.570517,
    0.564788,
    0.569452,
    0.567197,
    0.564327,
    0.565162,
    0.565712,
    0.563559,
    0.563932,
    0.560887,
    0.562473,
    0.557852,
    0.558624,
    0.55963,
    0.558008,
    0.556298,
    0.555867,
    0.556462,
    0.557354,
    0.550862,
    0.552566,
    0.549954,
    0.54913,
    0.54917,
    0.551315,
    0.555564,
    0.549732,
    0.550968,
    0.550151,
    0.549211
  ],
  "train_cls_loss": [
    1.161347,
    0.81232,
    0.713948,
    0.667525,
    0.633732,
    0.603765,
    0.585526,
    0.562924,
    0.54915,
    0.530492,
    0.511168,
    0.502192,
    0.488224,
    0.477689,
    0.469071,
    0.460412,
    0.445117,
    0.437951,
    0.430651,
    0.424387,
    0.377712,
    0.362871,
    0.354307,
    0.345121,
    0.337467,
    0.328695,
    0.328659,
    0.320232,
    0.311043,
    0.307078,
    0.304187,
    0.300507,
    0.293344,
    0.288902,
    0.287627,
    0.281086,
    0.277368,
    0.275575,
    0.27207,
    0.266951,
    0.244213,
    0.236093,
    0.231352,
    0.231694,
    0.224947,
    0.220461,
    0.218818,
    0.217575,
    0.21444,
    0.214222,
    0.207314,
    0.204829,
    0.203996,
    0.202132
  ],
  "train_total_loss": [
    1.161347,
    0.81232,
    0.713948,
    0.667525,
    0.633732,
    0.603765,
    0.585526,
    0.562924,
    0.54915,
    0.530492,
    0.511168,
    0.502192,
    0.488224,
    0.477689,
    0.469071,
    0.460412,
    0.445117,
    0.437951,
    0.430651,
    0.424387,
    0.377712,
    0.362871,
    0.354307,
    0.345121,
    0.337467,
    0.328695,
    0.328659,
    0.320232,
    0.311043,
    0.307078,
    0.304187,
    0.300507,
    0.293344,
    0.288902,
    0.287627,
    0.281086,
    0.277368,
    0.275575,
    0.27207,
    0.266951,
    0.244213,
    0.236093,
    0.231352,
    0.231694,
    0.224947,
    0.220461,
    0.218818,
    0.217575,
    0.21444,
    0.214222,
    0.207314,
    0.204829,
    0.203996,
    0.202132
  ],
  "learning_rates": [
    0.001,
    0.001,
    0.001,
    0.001,
    0.001,
    0.001,
    0.001,
    0.001,
    0.001,
    0.001,
    0.001,
    0.001,
    0.001,
    0.001,
    0.001,
    0.001,
    0.001,
    0.001,
    0.001,
    0.001,
    0.0005,
    0.0005,
    0.0005,
    0.0005,
    0.0005,
    0.0005,
    0.0005,
    0.0005,
    0.0005,
    0.0005,
    0.0005,
    0.0005,
    0.0005,
    0.0005,
    0.0005,
    0.0005,
    0.0005,
    0.0005,
    0.0005,
    0.0005,
    0.00025,
    0.00025,
    0.00025,
    0.00025,
    0.00025,
    0.00025,
    0.00025,
    0.00025,
    0.00025,
    0.00025,
    0.00025,
    0.00025,
    0.00025,
    0.00025
  ],
  "val_accuracy": [
    63.491158,
    70.279521,
    72.104963,
    75.014261,
    74.10154,
    76.725613,
    78.03765,
    76.497433,
    77.181974,
    75.698802,
    76.782658,
    78.094695,
    75.242442,
    77.695379,
    76.725613,
    76.725613,
    76.953793,
    77.866515,
    78.15174,
    77.809469,
    78.436965,
    78.03765,
    78.26583,
    77.524244,
    78.37992,
    77.124929,
    77.980605,
    78.094695,
    78.208785,
    77.124929,
    78.49401,
    76.782658,
    76.896748,
    77.809469,
    78.37992,
    78.094695,
    77.92356,
    77.809469,
    78.836281,
    77.524244,
    77.524244,
    77.067884,
    77.92356,
    77.809469,
    77.010839,
    75.926982,
    77.067884,
    77.239019,
    76.953793,
    76.554478,
    76.953793,
    77.467199,
    76.383343,
    77.010839
  ],
  "model_info": {
    "model_class": "BaseClassifier",
    "hidden_size": 128,
    "num_classes": 23,
    "emb_size_audio": 512,
    "emb_size_text": 512,
    "dropout": 0.1,
    "use_batch_norm": true,
    "mode": "both",
    "num_folds": 5,
    "fold_id": 4,
    "batch_size": 64,
    "random_seed": 1821
  }
}