{
  "train_cls_loss": [
    2.470177,
    1.727959,
    1.496127,
    1.392652,
    1.371838,
    1.307306,
    1.273819,
    1.220836,
    1.209378,
    1.232869,
    1.138431,
    1.118222,
    1.103293,
    1.115877,
    1.150303,
    1.108323,
    1.053461,
    1.022526,
    1.045795,
    0.994653,
    1.018747,
    0.937103,
    0.937133,
    0.84742,
    0.887052,
    0.906358,
    0.793851,
    0.8659,
    0.881231,
    0.792359,
    0.904139,
    0.803722,
    0.809978,
    0.852934,
    0.887481,
    0.8346,
    0.959519
  ],
  "train_total_loss": [
    2.470177,
    1.727959,
    1.496127,
    1.392652,
    1.371838,
    1.307306,
    1.273819,
    1.220836,
    1.209378,
    1.232869,
    1.138431,
    1.118222,
    1.103293,
    1.115877,
    1.150303,
    1.108323,
    1.053461,
    1.022526,
    1.045795,
    0.994653,
    1.018747,
    0.937103,
    0.937133,
    0.84742,
    0.887052,
    0.906358,
    0.793851,
    0.8659,
    0.881231,
    0.792359,
    0.904139,
    0.803722,
    0.809978,
    0.852934,
    0.887481,
    0.8346,
    0.959519
  ],
  "learning_rates": [
    0.001,
    0.001,
    0.001,
    0.001,
    0.001,
    0.001,
    0.001,
    0.001,
    0.001,
    0.001,
    0.001,
    0.001,
    0.001,
    0.001,
    0.001,
    0.001,
    0.001,
    0.001,
    0.001,
    0.001,
    0.0005,
    0.0005,
    0.0005,
    0.0005,
    0.0005,
    0.0005,
    0.0005,
    0.0005,
    0.0005,
    0.0005,
    0.0005,
    0.0005,
    0.0005,
    0.0005,
    0.0005,
    0.0005,
    0.0005
  ],
  "val_accuracy": [
    55.790074,
    66.286366,
    69.195665,
    71.534512,
    73.87336,
    73.75927,
    75.527667,
    74.786081,
    74.786081,
    73.474044,
    75.984027,
    76.269253,
    76.782658,
    75.584712,
    76.554478,
    77.467199,
    77.181974,
    75.984027,
    76.782658,
    76.896748,
    77.581289,
    77.866515,
    77.296064,
    76.269253,
    77.410154,
    77.067884,
    75.984027,
    77.239019,
    76.782658,
    77.410154,
    76.611523,
    77.581289,
    76.440388,
    76.326298,
    75.641757,
    77.010839,
    76.896748
  ],
  "model_info": {
    "model_class": "BaseClassifier",
    "hidden_size": 128,
    "num_classes": 23,
    "emb_size_audio": 512,
    "emb_size_text": 0,
    "dropout": 0.1,
    "use_batch_norm": true,
    "mode": "audio",
    "num_folds": 5,
    "fold_id": 3,
    "batch_size": 64,
    "random_seed": 1821
  }
}