{
  "attention_audio": [
    0.485207,
    0.489609,
    0.489124,
    0.493115,
    0.49358,
    0.498698,
    0.501022,
    0.498662,
    0.498129,
    0.497609,
    0.501235,
    0.504727,
    0.502357,
    0.502258,
    0.500416,
    0.497901,
    0.501029,
    0.503032,
    0.500781,
    0.505279,
    0.504607,
    0.505519,
    0.509396,
    0.508931,
    0.508345,
    0.509794,
    0.510817,
    0.509546,
    0.512214,
    0.508599,
    0.509605,
    0.510365,
    0.508041,
    0.508304,
    0.50954,
    0.510254,
    0.510591,
    0.512156,
    0.509438,
    0.510692
  ],
  "attention_text": [
    0.514793,
    0.510391,
    0.510876,
    0.506885,
    0.50642,
    0.501302,
    0.498978,
    0.501338,
    0.501871,
    0.502391,
    0.498765,
    0.495273,
    0.497643,
    0.497742,
    0.499584,
    0.502099,
    0.498971,
    0.496968,
    0.499219,
    0.494721,
    0.495393,
    0.494481,
    0.490604,
    0.491069,
    0.491655,
    0.490206,
    0.489183,
    0.490454,
    0.487786,
    0.491401,
    0.490395,
    0.489635,
    0.491959,
    0.491696,
    0.49046,
    0.489746,
    0.489409,
    0.487844,
    0.490562,
    0.489308
  ],
  "train_cls_loss": [
    2.188612,
    1.280004,
    1.069546,
    0.939098,
    0.884705,
    0.822069,
    0.77086,
    0.750043,
    0.724799,
    0.680402,
    0.673994,
    0.658503,
    0.613774,
    0.58933,
    0.610052,
    0.555051,
    0.569303,
    0.537952,
    0.530389,
    0.519214,
    0.417773,
    0.38724,
    0.389311,
    0.385072,
    0.371936,
    0.345597,
    0.346204,
    0.342786,
    0.333349,
    0.333177,
    0.321086,
    0.320063,
    0.303697,
    0.311456,
    0.302757,
    0.294046,
    0.270255,
    0.280077,
    0.271554,
    0.265676
  ],
  "train_contrastive_loss": [
    3.914274,
    3.711468,
    3.678842,
    3.638282,
    3.625953,
    3.596078,
    3.566566,
    3.555748,
    3.537242,
    3.527191,
    3.505913,
    3.504091,
    3.482746,
    3.471859,
    3.465043,
    3.449672,
    3.445415,
    3.449443,
    3.436131,
    3.423659,
    3.401258,
    3.391387,
    3.376997,
    3.371621,
    3.367685,
    3.357335,
    3.349703,
    3.346848,
    3.338279,
    3.331318,
    3.331985,
    3.320187,
    3.32223,
    3.312935,
    3.302012,
    3.302077,
    3.284231,
    3.297858,
    3.292981,
    3.282212
  ],
  "train_total_loss": [
    2.971467,
    2.022297,
    1.805314,
    1.666754,
    1.609896,
    1.541284,
    1.484173,
    1.461192,
    1.432248,
    1.38584,
    1.375177,
    1.359322,
    1.310323,
    1.283702,
    1.303061,
    1.244985,
    1.258386,
    1.22784,
    1.217616,
    1.203946,
    1.098025,
    1.065518,
    1.06471,
    1.059397,
    1.045473,
    1.017064,
    1.016145,
    1.012156,
    1.001005,
    0.99944,
    0.987483,
    0.984101,
    0.968144,
    0.974043,
    0.963159,
    0.954461,
    0.927101,
    0.939649,
    0.93015,
    0.922118
  ],
  "learning_rates": [
    0.001,
    0.001,
    0.001,
    0.001,
    0.001,
    0.001,
    0.001,
    0.001,
    0.001,
    0.001,
    0.001,
    0.001,
    0.001,
    0.001,
    0.001,
    0.001,
    0.001,
    0.001,
    0.001,
    0.001,
    0.0005,
    0.0005,
    0.0005,
    0.0005,
    0.0005,
    0.0005,
    0.0005,
    0.0005,
    0.0005,
    0.0005,
    0.0005,
    0.0005,
    0.0005,
    0.0005,
    0.0005,
    0.0005,
    0.0005,
    0.0005,
    0.0005,
    0.0005
  ],
  "val_accuracy": [
    61.03822,
    70.621791,
    72.219053,
    75.926982,
    76.668568,
    77.296064,
    76.497433,
    78.37992,
    77.809469,
    78.094695,
    77.809469,
    79.007416,
    78.722191,
    77.809469,
    79.064461,
    79.406731,
    79.577867,
    79.406731,
    79.292641,
    79.691957,
    80.319452,
    79.520821,
    79.577867,
    80.091272,
    80.433542,
    79.634912,
    79.406731,
    79.863092,
    80.148317,
    80.376497,
    79.977182,
    79.064461,
    80.262407,
    80.034227,
    79.463776,
    79.863092,
    79.977182,
    79.863092,
    79.235596,
    79.749002
  ],
  "model_info": {
    "model_class": "BaseClassifier",
    "hidden_size": 128,
    "num_classes": 23,
    "emb_size_audio": 512,
    "emb_size_text": 512,
    "dropout": 0.1,
    "use_batch_norm": true,
    "mode": "both",
    "num_folds": 5,
    "fold_id": 0,
    "batch_size": 64,
    "random_seed": 1821
  }
}