{
  "train_cls_loss": [
    1.523431,
    0.987548,
    0.827849,
    0.737673,
    0.695734,
    0.647269,
    0.632684,
    0.614087,
    0.578562,
    0.570826,
    0.548686,
    0.527988,
    0.524193,
    0.512377,
    0.505506,
    0.475702,
    0.482191,
    0.47418,
    0.458097,
    0.455962,
    0.401091,
    0.391538,
    0.386194,
    0.369804,
    0.371406,
    0.365442,
    0.351742,
    0.34966,
    0.355505,
    0.345428,
    0.343023,
    0.332057,
    0.330693,
    0.328075,
    0.327349,
    0.317131,
    0.318603,
    0.31867,
    0.304619,
    0.295131,
    0.279351,
    0.256987,
    0.252859
  ],
  "train_total_loss": [
    1.523431,
    0.987548,
    0.827849,
    0.737673,
    0.695734,
    0.647269,
    0.632684,
    0.614087,
    0.578562,
    0.570826,
    0.548686,
    0.527988,
    0.524193,
    0.512377,
    0.505506,
    0.475702,
    0.482191,
    0.47418,
    0.458097,
    0.455962,
    0.401091,
    0.391538,
    0.386194,
    0.369804,
    0.371406,
    0.365442,
    0.351742,
    0.34966,
    0.355505,
    0.345428,
    0.343023,
    0.332057,
    0.330693,
    0.328075,
    0.327349,
    0.317131,
    0.318603,
    0.31867,
    0.304619,
    0.295131,
    0.279351,
    0.256987,
    0.252859
  ],
  "learning_rates": [
    0.001,
    0.001,
    0.001,
    0.001,
    0.001,
    0.001,
    0.001,
    0.001,
    0.001,
    0.001,
    0.001,
    0.001,
    0.001,
    0.001,
    0.001,
    0.001,
    0.001,
    0.001,
    0.001,
    0.001,
    0.0005,
    0.0005,
    0.0005,
    0.0005,
    0.0005,
    0.0005,
    0.0005,
    0.0005,
    0.0005,
    0.0005,
    0.0005,
    0.0005,
    0.0005,
    0.0005,
    0.0005,
    0.0005,
    0.0005,
    0.0005,
    0.0005,
    0.0005,
    0.00025,
    0.00025,
    0.00025
  ],
  "val_accuracy": [
    55.162578,
    65.944096,
    69.309755,
    71.078152,
    73.474044,
    72.618369,
    73.87336,
    74.900171,
    74.786081,
    74.21563,
    74.957216,
    74.614946,
    75.071306,
    74.957216,
    76.782658,
    76.098118,
    76.383343,
    76.326298,
    76.725613,
    76.896748,
    77.866515,
    77.695379,
    77.638334,
    78.03765,
    77.752424,
    77.353109,
    78.208785,
    78.6081,
    77.353109,
    77.866515,
    77.524244,
    77.296064,
    77.92356,
    77.752424,
    76.440388,
    77.124929,
    76.554478,
    77.010839,
    77.581289,
    77.467199,
    78.094695,
    78.03765,
    77.980605
  ],
  "model_info": {
    "model_class": "BaseClassifier",
    "hidden_size": 128,
    "num_classes": 23,
    "emb_size_audio": 512,
    "emb_size_text": 0,
    "dropout": 0.1,
    "use_batch_norm": true,
    "mode": "audio",
    "num_folds": 5,
    "fold_id": 4,
    "batch_size": 64,
    "random_seed": 1821
  }
}