{
  "attention_audio": [
    0.482766,
    0.462134,
    0.454947,
    0.448962,
    0.448928,
    0.448066,
    0.450881,
    0.452765,
    0.452134,
    0.45185,
    0.450599,
    0.452716,
    0.453954,
    0.450478,
    0.455279,
    0.453654,
    0.450233,
    0.453055,
    0.450806,
    0.452095,
    0.458336,
    0.457459,
    0.459431,
    0.45971,
    0.458242,
    0.456748,
    0.461545,
    0.460471,
    0.460049,
    0.464133,
    0.462725,
    0.462792,
    0.461403,
    0.462536,
    0.46312,
    0.462347
  ],
  "attention_text": [
    0.517234,
    0.537866,
    0.545053,
    0.551038,
    0.551072,
    0.551934,
    0.549119,
    0.547235,
    0.547866,
    0.54815,
    0.549401,
    0.547284,
    0.546046,
    0.549522,
    0.544721,
    0.546346,
    0.549767,
    0.546945,
    0.549194,
    0.547905,
    0.541664,
    0.542541,
    0.540569,
    0.54029,
    0.541758,
    0.543252,
    0.538455,
    0.539529,
    0.539951,
    0.535867,
    0.537275,
    0.537208,
    0.538597,
    0.537463,
    0.53688,
    0.537653
  ],
  "train_cls_loss": [
    2.204072,
    1.678659,
    1.513897,
    1.382374,
    1.354423,
    1.281782,
    1.337783,
    1.325047,
    1.25934,
    1.168629,
    1.212147,
    1.142823,
    1.244532,
    1.086861,
    1.13044,
    1.148246,
    1.086555,
    1.13987,
    1.025636,
    1.048439,
    1.020871,
    0.951394,
    0.922262,
    0.920755,
    0.975493,
    0.914781,
    0.89658,
    0.883815,
    0.863407,
    0.870536,
    0.878716,
    0.890095,
    0.870224,
    0.862985,
    0.854969,
    0.921521
  ],
  "train_total_loss": [
    2.204072,
    1.678659,
    1.513897,
    1.382374,
    1.354423,
    1.281782,
    1.337783,
    1.325047,
    1.25934,
    1.168629,
    1.212147,
    1.142823,
    1.244532,
    1.086861,
    1.13044,
    1.148246,
    1.086555,
    1.13987,
    1.025636,
    1.048439,
    1.020871,
    0.951394,
    0.922262,
    0.920755,
    0.975493,
    0.914781,
    0.89658,
    0.883815,
    0.863407,
    0.870536,
    0.878716,
    0.890095,
    0.870224,
    0.862985,
    0.854969,
    0.921521
  ],
  "learning_rates": [
    0.001,
    0.001,
    0.001,
    0.001,
    0.001,
    0.001,
    0.001,
    0.001,
    0.001,
    0.001,
    0.001,
    0.001,
    0.001,
    0.001,
    0.001,
    0.001,
    0.001,
    0.001,
    0.001,
    0.001,
    0.0005,
    0.0005,
    0.0005,
    0.0005,
    0.0005,
    0.0005,
    0.0005,
    0.0005,
    0.0005,
    0.0005,
    0.0005,
    0.0005,
    0.0005,
    0.0005,
    0.0005,
    0.0005
  ],
  "val_accuracy": [
    58.585282,
    66.115231,
    72.047918,
    75.755847,
    77.124929,
    78.094695,
    77.124929,
    77.067884,
    78.03765,
    78.094695,
    77.92356,
    77.296064,
    76.326298,
    76.953793,
    77.980605,
    76.839703,
    77.124929,
    77.239019,
    77.92356,
    78.15174,
    79.749002,
    78.208785,
    77.980605,
    78.779236,
    77.92356,
    77.467199,
    77.581289,
    78.436965,
    78.893326,
    78.094695,
    77.866515,
    78.322875,
    77.980605,
    77.581289,
    77.467199,
    78.208785
  ],
  "model_info": {
    "model_class": "BaseClassifier",
    "hidden_size": 128,
    "num_classes": 23,
    "emb_size_audio": 512,
    "emb_size_text": 512,
    "dropout": 0.1,
    "use_batch_norm": true,
    "mode": "both",
    "num_folds": 5,
    "fold_id": 3,
    "batch_size": 64,
    "random_seed": 1821
  }
}