{
  "attention_audio": [
    0.457577,
    0.439091,
    0.427456,
    0.41879,
    0.413523,
    0.411811,
    0.415314,
    0.410846,
    0.411261,
    0.411558,
    0.414089,
    0.415772,
    0.415639,
    0.423227,
    0.419461,
    0.419113,
    0.425202,
    0.425768,
    0.424122,
    0.427057,
    0.432437,
    0.429438,
    0.433421,
    0.42989,
    0.434181,
    0.430374,
    0.432553,
    0.43189,
    0.426165,
    0.431047,
    0.432281
  ],
  "attention_text": [
    0.542423,
    0.560909,
    0.572544,
    0.58121,
    0.586477,
    0.588189,
    0.584686,
    0.589154,
    0.588739,
    0.588442,
    0.585911,
    0.584228,
    0.584361,
    0.576773,
    0.580539,
    0.580887,
    0.574798,
    0.574232,
    0.575878,
    0.572943,
    0.567563,
    0.570562,
    0.566579,
    0.57011,
    0.565819,
    0.569626,
    0.567447,
    0.56811,
    0.573835,
    0.568953,
    0.567719
  ],
  "train_cls_loss": [
    0.966325,
    0.658837,
    0.584195,
    0.540738,
    0.509581,
    0.492165,
    0.475027,
    0.454561,
    0.437323,
    0.429382,
    0.41704,
    0.407061,
    0.396758,
    0.38744,
    0.376302,
    0.371958,
    0.363997,
    0.352745,
    0.349098,
    0.345352,
    0.307725,
    0.295476,
    0.289662,
    0.283567,
    0.276948,
    0.27198,
    0.26671,
    0.263799,
    0.258347,
    0.255683,
    0.249252
  ],
  "train_total_loss": [
    0.966325,
    0.658837,
    0.584195,
    0.540738,
    0.509581,
    0.492165,
    0.475027,
    0.454561,
    0.437323,
    0.429382,
    0.41704,
    0.407061,
    0.396758,
    0.38744,
    0.376302,
    0.371958,
    0.363997,
    0.352745,
    0.349098,
    0.345352,
    0.307725,
    0.295476,
    0.289662,
    0.283567,
    0.276948,
    0.27198,
    0.26671,
    0.263799,
    0.258347,
    0.255683,
    0.249252
  ],
  "learning_rates": [
    0.001,
    0.001,
    0.001,
    0.001,
    0.001,
    0.001,
    0.001,
    0.001,
    0.001,
    0.001,
    0.001,
    0.001,
    0.001,
    0.001,
    0.001,
    0.001,
    0.001,
    0.001,
    0.001,
    0.001,
    0.0005,
    0.0005,
    0.0005,
    0.0005,
    0.0005,
    0.0005,
    0.0005,
    0.0005,
    0.0005,
    0.0005,
    0.0005
  ],
  "val_accuracy": [
    63.890473,
    69.48089,
    75.242442,
    77.124929,
    77.124929,
    74.786081,
    75.071306,
    76.839703,
    77.581289,
    76.383343,
    76.383343,
    78.436965,
    77.181974,
    76.839703,
    78.03765,
    78.836281,
    77.92356,
    76.782658,
    78.26583,
    76.668568,
    78.15174,
    78.37992,
    78.436965,
    78.26583,
    77.467199,
    77.980605,
    78.322875,
    77.410154,
    78.49401,
    76.839703,
    77.410154
  ],
  "model_info": {
    "model_class": "BaseClassifier",
    "hidden_size": 128,
    "num_classes": 23,
    "emb_size_audio": 512,
    "emb_size_text": 512,
    "dropout": 0.1,
    "use_batch_norm": true,
    "mode": "both",
    "num_folds": 5,
    "fold_id": 4,
    "batch_size": 64,
    "random_seed": 1821
  }
}