{
  "train_cls_loss": [
    2.260711,
    1.651744,
    1.463437,
    1.426353,
    1.369946,
    1.28781,
    1.250943,
    1.230359,
    1.175025,
    1.210152,
    1.216605,
    1.249616,
    1.14495,
    1.112225,
    1.148752,
    1.08322,
    1.001436,
    1.115986,
    1.080019,
    1.045866,
    0.932323,
    0.977026,
    0.893691,
    0.977665,
    0.937004,
    0.969277,
    0.910342,
    0.92314,
    0.922843,
    0.953561,
    0.93599,
    0.918575,
    0.913252,
    0.897735,
    1.015019,
    0.900168,
    0.896392,
    0.830359,
    0.885761,
    0.832091,
    0.883715,
    0.823712,
    0.821743,
    0.7473,
    0.784843
  ],
  "train_total_loss": [
    2.260711,
    1.651744,
    1.463437,
    1.426353,
    1.369946,
    1.28781,
    1.250943,
    1.230359,
    1.175025,
    1.210152,
    1.216605,
    1.249616,
    1.14495,
    1.112225,
    1.148752,
    1.08322,
    1.001436,
    1.115986,
    1.080019,
    1.045866,
    0.932323,
    0.977026,
    0.893691,
    0.977665,
    0.937004,
    0.969277,
    0.910342,
    0.92314,
    0.922843,
    0.953561,
    0.93599,
    0.918575,
    0.913252,
    0.897735,
    1.015019,
    0.900168,
    0.896392,
    0.830359,
    0.885761,
    0.832091,
    0.883715,
    0.823712,
    0.821743,
    0.7473,
    0.784843
  ],
  "learning_rates": [
    0.001,
    0.001,
    0.001,
    0.001,
    0.001,
    0.001,
    0.001,
    0.001,
    0.001,
    0.001,
    0.001,
    0.001,
    0.001,
    0.001,
    0.001,
    0.001,
    0.001,
    0.001,
    0.001,
    0.001,
    0.0005,
    0.0005,
    0.0005,
    0.0005,
    0.0005,
    0.0005,
    0.0005,
    0.0005,
    0.0005,
    0.0005,
    0.0005,
    0.0005,
    0.0005,
    0.0005,
    0.0005,
    0.0005,
    0.0005,
    0.0005,
    0.0005,
    0.0005,
    0.00025,
    0.00025,
    0.00025,
    0.00025,
    0.00025
  ],
  "val_accuracy": [
    60.46777,
    68.625214,
    67.883628,
    71.534512,
    73.64518,
    74.500856,
    75.641757,
    73.64518,
    76.839703,
    74.10154,
    75.984027,
    76.440388,
    75.071306,
    76.896748,
    76.098118,
    75.698802,
    76.611523,
    76.554478,
    76.725613,
    77.467199,
    77.752424,
    76.440388,
    77.638334,
    77.467199,
    76.668568,
    77.410154,
    76.098118,
    77.92356,
    77.524244,
    78.094695,
    77.866515,
    77.296064,
    77.239019,
    76.839703,
    77.980605,
    77.239019,
    77.581289,
    76.782658,
    75.926982,
    77.752424,
    77.695379,
    77.353109,
    76.554478,
    77.581289,
    77.239019
  ],
  "model_info": {
    "model_class": "BaseClassifier",
    "hidden_size": 128,
    "num_classes": 23,
    "emb_size_audio": 512,
    "emb_size_text": 0,
    "dropout": 0.1,
    "use_batch_norm": true,
    "mode": "audio",
    "num_folds": 5,
    "fold_id": 2,
    "batch_size": 64,
    "random_seed": 1821
  }
}