{
  "train_cls_loss": [
    2.297234,
    1.55955,
    1.350671,
    1.196376,
    1.053397,
    1.018834,
    0.957446,
    0.90792,
    0.867296,
    0.841307,
    0.812764,
    0.775532,
    0.752531,
    0.729778,
    0.715859,
    0.692359,
    0.666105,
    0.614158,
    0.60591,
    0.601728,
    0.536293,
    0.492476,
    0.466849,
    0.449274,
    0.433405,
    0.43404,
    0.442187,
    0.416748,
    0.416137,
    0.384166,
    0.395019,
    0.364125,
    0.377845,
    0.354194,
    0.359597,
    0.356918,
    0.342814,
    0.320944,
    0.307254,
    0.337628,
    0.2737,
    0.26224,
    0.257359,
    0.248064,
    0.251743
  ],
  "train_top_cls_loss": [
    0.721438,
    0.521056,
    0.493779,
    0.452126,
    0.403392,
    0.407057,
    0.381489,
    0.361194,
    0.359091,
    0.353435,
    0.332424,
    0.318571,
    0.312315,
    0.306835,
    0.307562,
    0.29436,
    0.272697,
    0.252874,
    0.252308,
    0.241842,
    0.228262,
    0.213137,
    0.190465,
    0.183858,
    0.176034,
    0.180853,
    0.18528,
    0.174782,
    0.165898,
    0.163038,
    0.171242,
    0.154076,
    0.152581,
    0.147695,
    0.14812,
    0.154102,
    0.138234,
    0.136381,
    0.134849,
    0.144275,
    0.121953,
    0.113212,
    0.114815,
    0.114203,
    0.113478
  ],
  "train_total_loss": [
    3.018672,
    2.080606,
    1.84445,
    1.648501,
    1.456789,
    1.425891,
    1.338935,
    1.269114,
    1.226386,
    1.194742,
    1.145188,
    1.094103,
    1.064846,
    1.036613,
    1.023421,
    0.986719,
    0.938802,
    0.867032,
    0.858218,
    0.843571,
    0.764555,
    0.705613,
    0.657314,
    0.633132,
    0.609438,
    0.614893,
    0.627467,
    0.591529,
    0.582035,
    0.547203,
    0.566261,
    0.518201,
    0.530426,
    0.501889,
    0.507717,
    0.51102,
    0.481048,
    0.457325,
    0.442103,
    0.481903,
    0.395654,
    0.375452,
    0.372174,
    0.362268,
    0.365221
  ],
  "learning_rates": [
    0.001,
    0.001,
    0.001,
    0.001,
    0.001,
    0.001,
    0.001,
    0.001,
    0.001,
    0.001,
    0.001,
    0.001,
    0.001,
    0.001,
    0.001,
    0.001,
    0.001,
    0.001,
    0.001,
    0.001,
    0.0005,
    0.0005,
    0.0005,
    0.0005,
    0.0005,
    0.0005,
    0.0005,
    0.0005,
    0.0005,
    0.0005,
    0.0005,
    0.0005,
    0.0005,
    0.0005,
    0.0005,
    0.0005,
    0.0005,
    0.0005,
    0.0005,
    0.0005,
    0.00025,
    0.00025,
    0.00025,
    0.00025,
    0.00025
  ],
  "val_accuracy": [
    50.344828,
    61.149425,
    67.758621,
    71.034483,
    70.574713,
    73.103448,
    72.931034,
    75.977011,
    75.45977,
    75.574713,
    75.574713,
    76.321839,
    77.183908,
    75.632184,
    77.643678,
    77.413793,
    77.298851,
    76.609195,
    77.241379,
    77.011494,
    78.333333,
    77.471264,
    76.896552,
    77.068966,
    76.954023,
    77.241379,
    76.781609,
    77.183908,
    77.298851,
    78.678161,
    77.413793,
    78.103448,
    76.149425,
    77.758621,
    77.183908,
    76.83908,
    78.16092,
    77.298851,
    77.356322,
    77.241379,
    78.103448,
    77.471264,
    77.413793,
    77.816092,
    77.356322
  ],
  "model_info": {
    "model_class": "BaseClassifier",
    "hidden_size": 128,
    "num_classes": 23,
    "emb_size_audio": 1280,
    "emb_size_text": 0,
    "dropout": 0.1,
    "use_batch_norm": true,
    "mode": "audio",
    "num_folds": 5,
    "fold_id": 1,
    "batch_size": 64,
    "random_seed": 1821
  }
}