{
  "attention_audio": [
    0.493512,
    0.490267,
    0.490405,
    0.487501,
    0.484249,
    0.486778,
    0.483564,
    0.483951,
    0.485151,
    0.48098,
    0.484325,
    0.480111,
    0.479554,
    0.480178,
    0.478463,
    0.478185,
    0.478395,
    0.477238,
    0.478118,
    0.479655,
    0.48239,
    0.48115,
    0.481753,
    0.480497,
    0.478764,
    0.480355,
    0.478406,
    0.479789,
    0.481486,
    0.480916,
    0.478992,
    0.481207,
    0.484467,
    0.483714,
    0.485441,
    0.483526
  ],
  "attention_text": [
    0.506488,
    0.509733,
    0.509595,
    0.512499,
    0.515751,
    0.513222,
    0.516436,
    0.516049,
    0.514849,
    0.51902,
    0.515675,
    0.519889,
    0.520446,
    0.519822,
    0.521537,
    0.521815,
    0.521605,
    0.522762,
    0.521882,
    0.520345,
    0.51761,
    0.51885,
    0.518247,
    0.519503,
    0.521236,
    0.519645,
    0.521594,
    0.520211,
    0.518514,
    0.519084,
    0.521008,
    0.518793,
    0.515534,
    0.516286,
    0.514559,
    0.516473
  ],
  "train_cls_loss": [
    2.296385,
    1.470784,
    1.223444,
    1.097867,
    1.02969,
    0.957889,
    0.90946,
    0.864404,
    0.849093,
    0.7812,
    0.758703,
    0.742531,
    0.730817,
    0.712916,
    0.67361,
    0.649491,
    0.651076,
    0.632125,
    0.628556,
    0.617207,
    0.532993,
    0.504269,
    0.482342,
    0.478857,
    0.460385,
    0.462473,
    0.442766,
    0.440118,
    0.43662,
    0.419766,
    0.417802,
    0.415038,
    0.393864,
    0.415207,
    0.387004,
    0.384763
  ],
  "train_top_cls_loss": [
    0.744005,
    0.530505,
    0.464716,
    0.436268,
    0.41442,
    0.396946,
    0.389852,
    0.366923,
    0.37077,
    0.337372,
    0.332063,
    0.327497,
    0.321318,
    0.311588,
    0.298196,
    0.293202,
    0.292298,
    0.27845,
    0.2819,
    0.267625,
    0.237426,
    0.222743,
    0.211567,
    0.20639,
    0.201168,
    0.206284,
    0.197615,
    0.197636,
    0.189138,
    0.183489,
    0.187064,
    0.18368,
    0.179901,
    0.182696,
    0.173799,
    0.171073
  ],
  "train_total_loss": [
    2.817189,
    1.842138,
    1.548745,
    1.403254,
    1.319785,
    1.235751,
    1.182357,
    1.12125,
    1.108632,
    1.017361,
    0.991147,
    0.971779,
    0.955739,
    0.931028,
    0.882347,
    0.854732,
    0.855684,
    0.82704,
    0.825886,
    0.804545,
    0.699192,
    0.66019,
    0.630439,
    0.62333,
    0.601202,
    0.606872,
    0.581096,
    0.578463,
    0.569017,
    0.548208,
    0.548746,
    0.543613,
    0.519795,
    0.543095,
    0.508663,
    0.504514
  ],
  "learning_rates": [
    0.001,
    0.001,
    0.001,
    0.001,
    0.001,
    0.001,
    0.001,
    0.001,
    0.001,
    0.001,
    0.001,
    0.001,
    0.001,
    0.001,
    0.001,
    0.001,
    0.001,
    0.001,
    0.001,
    0.001,
    0.0005,
    0.0005,
    0.0005,
    0.0005,
    0.0005,
    0.0005,
    0.0005,
    0.0005,
    0.0005,
    0.0005,
    0.0005,
    0.0005,
    0.0005,
    0.0005,
    0.0005,
    0.0005
  ],
  "val_accuracy": [
    58.62069,
    67.643678,
    67.758621,
    72.758621,
    74.08046,
    75.574713,
    75.574713,
    76.781609,
    78.103448,
    77.241379,
    77.586207,
    78.563218,
    78.505747,
    78.678161,
    77.758621,
    77.528736,
    76.83908,
    77.356322,
    79.310345,
    78.505747,
    80.114943,
    79.54023,
    78.793103,
    78.678161,
    79.367816,
    79.482759,
    78.563218,
    78.793103,
    77.586207,
    78.218391,
    78.045977,
    77.873563,
    78.218391,
    78.218391,
    78.045977,
    78.448276
  ],
  "model_info": {
    "model_class": "BaseClassifier",
    "hidden_size": 128,
    "num_classes": 23,
    "emb_size_audio": 768,
    "emb_size_text": 512,
    "dropout": 0.1,
    "use_batch_norm": true,
    "mode": "both",
    "num_folds": 5,
    "fold_id": 1,
    "batch_size": 64,
    "random_seed": 1821
  }
}