{
  "train_cls_loss": [
    2.389287,
    1.68207,
    1.462909,
    1.298673,
    1.212221,
    1.122411,
    1.069246,
    1.042608,
    0.996102,
    0.964086,
    0.935457,
    0.911393,
    0.88498,
    0.857694,
    0.832071,
    0.833192,
    0.82177,
    0.808546,
    0.780345,
    0.7602,
    0.688386,
    0.666734,
    0.646847,
    0.641263,
    0.618237,
    0.609672,
    0.608392,
    0.600485,
    0.583857,
    0.583206,
    0.573766,
    0.564725
  ],
  "train_top_cls_loss": [
    0.844816,
    0.547516,
    0.527175,
    0.483383,
    0.464945,
    0.454546,
    0.428915,
    0.424528,
    0.406716,
    0.406646,
    0.388245,
    0.383684,
    0.370921,
    0.368012,
    0.351986,
    0.357161,
    0.345192,
    0.348006,
    0.326704,
    0.32269,
    0.295581,
    0.282755,
    0.278582,
    0.271872,
    0.26698,
    0.259386,
    0.257417,
    0.253651,
    0.247696,
    0.245497,
    0.251424,
    0.237587
  ],
  "train_total_loss": [
    3.234103,
    2.229586,
    1.990085,
    1.782057,
    1.677166,
    1.576958,
    1.498161,
    1.467136,
    1.402818,
    1.370731,
    1.323702,
    1.295077,
    1.255901,
    1.225706,
    1.184058,
    1.190353,
    1.166962,
    1.156552,
    1.10705,
    1.082891,
    0.983967,
    0.949489,
    0.925428,
    0.913135,
    0.885217,
    0.869057,
    0.865809,
    0.854136,
    0.831552,
    0.828703,
    0.82519,
    0.802312
  ],
  "learning_rates": [
    0.001,
    0.001,
    0.001,
    0.001,
    0.001,
    0.001,
    0.001,
    0.001,
    0.001,
    0.001,
    0.001,
    0.001,
    0.001,
    0.001,
    0.001,
    0.001,
    0.001,
    0.001,
    0.001,
    0.001,
    0.0005,
    0.0005,
    0.0005,
    0.0005,
    0.0005,
    0.0005,
    0.0005,
    0.0005,
    0.0005,
    0.0005,
    0.0005,
    0.0005
  ],
  "val_accuracy": [
    43.35425,
    58.014832,
    64.061609,
    69.880205,
    71.135197,
    70.165431,
    70.336566,
    73.53109,
    74.044495,
    74.557901,
    73.302909,
    75.356532,
    75.356532,
    75.527667,
    76.896748,
    74.900171,
    77.467199,
    76.440388,
    76.611523,
    75.527667,
    76.611523,
    76.839703,
    76.611523,
    76.953793,
    75.413577,
    77.010839,
    77.124929,
    75.984027,
    76.326298,
    75.812892,
    77.010839,
    77.010839
  ],
  "model_info": {
    "model_class": "BaseClassifier",
    "hidden_size": 128,
    "num_classes": 23,
    "emb_size_audio": 512,
    "emb_size_text": 0,
    "dropout": 0.1,
    "use_batch_norm": true,
    "mode": "audio",
    "num_folds": 5,
    "fold_id": 4,
    "batch_size": 64,
    "random_seed": 1821
  }
}