{
  "train_cls_loss": [
    1.824199,
    1.452011,
    1.354428,
    1.269873,
    1.225432,
    1.175094,
    1.137725,
    1.108367,
    1.081036,
    1.0598,
    1.030515,
    1.002876,
    0.980121,
    0.968776,
    0.936766,
    0.922464,
    0.899717,
    0.890131,
    0.875031,
    0.859966,
    0.779067,
    0.761811,
    0.737275,
    0.726271,
    0.715827,
    0.702901,
    0.688867,
    0.682471,
    0.666258,
    0.650557,
    0.650124,
    0.631723,
    0.620584,
    0.608758,
    0.608664,
    0.592542,
    0.583464,
    0.577723,
    0.573048,
    0.555383,
    0.519406,
    0.499875,
    0.492184,
    0.487654,
    0.482684,
    0.461241,
    0.464423,
    0.459111,
    0.451777,
    0.444309
  ],
  "train_total_loss": [
    1.824199,
    1.452011,
    1.354428,
    1.269873,
    1.225432,
    1.175094,
    1.137725,
    1.108367,
    1.081036,
    1.0598,
    1.030515,
    1.002876,
    0.980121,
    0.968776,
    0.936766,
    0.922464,
    0.899717,
    0.890131,
    0.875031,
    0.859966,
    0.779067,
    0.761811,
    0.737275,
    0.726271,
    0.715827,
    0.702901,
    0.688867,
    0.682471,
    0.666258,
    0.650557,
    0.650124,
    0.631723,
    0.620584,
    0.608758,
    0.608664,
    0.592542,
    0.583464,
    0.577723,
    0.573048,
    0.555383,
    0.519406,
    0.499875,
    0.492184,
    0.487654,
    0.482684,
    0.461241,
    0.464423,
    0.459111,
    0.451777,
    0.444309
  ],
  "learning_rates": [
    0.001,
    0.001,
    0.001,
    0.001,
    0.001,
    0.001,
    0.001,
    0.001,
    0.001,
    0.001,
    0.001,
    0.001,
    0.001,
    0.001,
    0.001,
    0.001,
    0.001,
    0.001,
    0.001,
    0.001,
    0.0005,
    0.0005,
    0.0005,
    0.0005,
    0.0005,
    0.0005,
    0.0005,
    0.0005,
    0.0005,
    0.0005,
    0.0005,
    0.0005,
    0.0005,
    0.0005,
    0.0005,
    0.0005,
    0.0005,
    0.0005,
    0.0005,
    0.0005,
    0.00025,
    0.00025,
    0.00025,
    0.00025,
    0.00025,
    0.00025,
    0.00025,
    0.00025,
    0.00025,
    0.00025
  ],
  "val_accuracy": [
    54.319762,
    62.284012,
    63.793446,
    65.183714,
    66.991063,
    68.083416,
    68.321748,
    68.282026,
    68.838133,
    70.307845,
    69.831182,
    70.764647,
    70.049652,
    70.486594,
    70.60576,
    70.963257,
    70.724926,
    71.122145,
    71.340616,
    71.300894,
    72.353525,
    72.810328,
    72.45283,
    72.770606,
    72.353525,
    72.393247,
    72.432969,
    72.65144,
    72.671301,
    72.154916,
    73.048659,
    72.393247,
    73.028798,
    73.06852,
    74.08143,
    72.591857,
    73.207547,
    72.869911,
    73.06852,
    73.406157,
    73.505462,
    73.545184,
    73.505462,
    73.525323,
    73.46574,
    73.704071,
    73.187686,
    73.763654,
    73.227408,
    73.286991
  ],
  "model_info": {
    "model_class": "BaseClassifier",
    "hidden_size": 128,
    "num_classes": 23,
    "emb_size_audio": 512,
    "emb_size_text": 0,
    "dropout": 0.1,
    "use_batch_norm": true,
    "mode": "audio",
    "num_folds": 5,
    "fold_id": 1,
    "batch_size": 64,
    "random_seed": 1821
  }
}