{
  "attention_audio": [
    0.468853,
    0.483409,
    0.488058,
    0.489675,
    0.493122,
    0.492642,
    0.49514,
    0.494259,
    0.495559,
    0.496398,
    0.494804,
    0.499973,
    0.501719,
    0.49997,
    0.504051,
    0.501361,
    0.499099,
    0.505534,
    0.50641,
    0.505757,
    0.50709,
    0.508812,
    0.507775,
    0.508685,
    0.513674,
    0.510559,
    0.510632,
    0.510809,
    0.510319,
    0.50958,
    0.513124,
    0.510581,
    0.50791,
    0.510069,
    0.514442,
    0.515182,
    0.513264,
    0.51578,
    0.514652,
    0.510896,
    0.51078,
    0.5133,
    0.514384,
    0.513679,
    0.514199,
    0.513572,
    0.514631,
    0.514872
  ],
  "attention_text": [
    0.531147,
    0.516591,
    0.511942,
    0.510325,
    0.506878,
    0.507358,
    0.50486,
    0.505741,
    0.504441,
    0.503602,
    0.505196,
    0.500027,
    0.498281,
    0.50003,
    0.495949,
    0.498639,
    0.500901,
    0.494466,
    0.49359,
    0.494243,
    0.492909,
    0.491188,
    0.492225,
    0.491315,
    0.486326,
    0.489441,
    0.489368,
    0.489191,
    0.489681,
    0.49042,
    0.486876,
    0.489419,
    0.49209,
    0.489931,
    0.485558,
    0.484818,
    0.486736,
    0.48422,
    0.485348,
    0.489104,
    0.48922,
    0.4867,
    0.485616,
    0.486321,
    0.485801,
    0.486428,
    0.485369,
    0.485128
  ],
  "train_cls_loss": [
    2.085848,
    1.293752,
    1.0731,
    0.963411,
    0.879345,
    0.821227,
    0.781925,
    0.748697,
    0.713086,
    0.688417,
    0.66579,
    0.646301,
    0.628766,
    0.615625,
    0.602785,
    0.589456,
    0.564139,
    0.555564,
    0.550829,
    0.526641,
    0.461755,
    0.442714,
    0.421961,
    0.41131,
    0.398735,
    0.408189,
    0.382831,
    0.38881,
    0.384709,
    0.38464,
    0.359699,
    0.372684,
    0.371786,
    0.348565,
    0.344129,
    0.337337,
    0.324184,
    0.323871,
    0.324691,
    0.328592,
    0.280074,
    0.260975,
    0.262391,
    0.255564,
    0.25185,
    0.239855,
    0.258422,
    0.246194
  ],
  "train_total_loss": [
    2.085848,
    1.293752,
    1.0731,
    0.963411,
    0.879345,
    0.821227,
    0.781925,
    0.748697,
    0.713086,
    0.688417,
    0.66579,
    0.646301,
    0.628766,
    0.615625,
    0.602785,
    0.589456,
    0.564139,
    0.555564,
    0.550829,
    0.526641,
    0.461755,
    0.442714,
    0.421961,
    0.41131,
    0.398735,
    0.408189,
    0.382831,
    0.38881,
    0.384709,
    0.38464,
    0.359699,
    0.372684,
    0.371786,
    0.348565,
    0.344129,
    0.337337,
    0.324184,
    0.323871,
    0.324691,
    0.328592,
    0.280074,
    0.260975,
    0.262391,
    0.255564,
    0.25185,
    0.239855,
    0.258422,
    0.246194
  ],
  "learning_rates": [
    0.001,
    0.001,
    0.001,
    0.001,
    0.001,
    0.001,
    0.001,
    0.001,
    0.001,
    0.001,
    0.001,
    0.001,
    0.001,
    0.001,
    0.001,
    0.001,
    0.001,
    0.001,
    0.001,
    0.001,
    0.0005,
    0.0005,
    0.0005,
    0.0005,
    0.0005,
    0.0005,
    0.0005,
    0.0005,
    0.0005,
    0.0005,
    0.0005,
    0.0005,
    0.0005,
    0.0005,
    0.0005,
    0.0005,
    0.0005,
    0.0005,
    0.0005,
    0.0005,
    0.00025,
    0.00025,
    0.00025,
    0.00025,
    0.00025,
    0.00025,
    0.00025,
    0.00025
  ],
  "val_accuracy": [
    58.300057,
    68.910439,
    72.219053,
    73.75927,
    76.554478,
    75.926982,
    76.041072,
    76.725613,
    78.722191,
    78.094695,
    77.296064,
    78.03765,
    77.353109,
    80.376497,
    78.779236,
    79.749002,
    78.551055,
    79.121506,
    79.520821,
    79.349686,
    79.235596,
    80.889903,
    80.376497,
    80.148317,
    79.691957,
    80.034227,
    80.319452,
    80.262407,
    79.749002,
    79.235596,
    80.433542,
    78.6081,
    80.946948,
    79.977182,
    79.691957,
    78.893326,
    79.349686,
    78.836281,
    79.121506,
    79.577867,
    79.349686,
    78.779236,
    79.577867,
    78.893326,
    79.406731,
    79.806047,
    79.406731,
    79.634912
  ],
  "model_info": {
    "model_class": "BaseClassifier",
    "hidden_size": 128,
    "num_classes": 23,
    "emb_size_audio": 512,
    "emb_size_text": 512,
    "dropout": 0.1,
    "use_batch_norm": true,
    "mode": "both",
    "num_folds": 5,
    "fold_id": 2,
    "batch_size": 64,
    "random_seed": 1821
  }
}