{
  "attention_audio": [
    0.471494,
    0.449227,
    0.442799,
    0.442656,
    0.439901,
    0.439103,
    0.439292,
    0.438188,
    0.435839,
    0.440506,
    0.435567,
    0.434951,
    0.440243,
    0.44101,
    0.443792,
    0.44311,
    0.440965,
    0.446703,
    0.446237,
    0.441663,
    0.445473,
    0.448255,
    0.448207,
    0.448532,
    0.448968,
    0.44983,
    0.450368,
    0.448526,
    0.453137,
    0.454108,
    0.451743,
    0.452107,
    0.454934,
    0.45064,
    0.453458,
    0.455335,
    0.459237,
    0.458427,
    0.455368,
    0.457099,
    0.457619,
    0.460123,
    0.46142,
    0.461496,
    0.461458,
    0.461046,
    0.463508,
    0.463207,
    0.463463,
    0.461268,
    0.463692,
    0.464716,
    0.465146,
    0.463753,
    0.46259,
    0.463034,
    0.463038,
    0.46479,
    0.464168,
    0.463014,
    0.46467,
    0.464629,
    0.463766,
    0.464632,
    0.463967,
    0.462973
  ],
  "attention_text": [
    0.528506,
    0.550773,
    0.557201,
    0.557344,
    0.560099,
    0.560897,
    0.560708,
    0.561812,
    0.564161,
    0.559494,
    0.564433,
    0.565049,
    0.559757,
    0.55899,
    0.556208,
    0.55689,
    0.559035,
    0.553297,
    0.553763,
    0.558337,
    0.554527,
    0.551745,
    0.551793,
    0.551468,
    0.551032,
    0.55017,
    0.549632,
    0.551474,
    0.546863,
    0.545892,
    0.548257,
    0.547893,
    0.545066,
    0.54936,
    0.546542,
    0.544665,
    0.540763,
    0.541573,
    0.544632,
    0.542901,
    0.542381,
    0.539877,
    0.53858,
    0.538504,
    0.538542,
    0.538954,
    0.536492,
    0.536793,
    0.536537,
    0.538732,
    0.536308,
    0.535284,
    0.534854,
    0.536247,
    0.53741,
    0.536966,
    0.536962,
    0.53521,
    0.535832,
    0.536986,
    0.53533,
    0.535371,
    0.536234,
    0.535368,
    0.536033,
    0.537027
  ],
  "train_cls_loss": [
    2.000488,
    1.288882,
    1.101371,
    1.002082,
    0.919637,
    0.877422,
    0.84368,
    0.790635,
    0.776308,
    0.746778,
    0.715093,
    0.686637,
    0.676235,
    0.66213,
    0.64095,
    0.623677,
    0.610036,
    0.582809,
    0.582252,
    0.569909,
    0.494395,
    0.468741,
    0.449844,
    0.436645,
    0.42407,
    0.407381,
    0.405651,
    0.399044,
    0.388292,
    0.382469,
    0.376341,
    0.368648,
    0.36614,
    0.356179,
    0.349486,
    0.340435,
    0.337644,
    0.333605,
    0.32781,
    0.314314,
    0.286727,
    0.274931,
    0.256966,
    0.249718,
    0.253386,
    0.257441,
    0.245923,
    0.25234,
    0.239913,
    0.243042,
    0.232163,
    0.233065,
    0.232292,
    0.229484,
    0.227924,
    0.228356,
    0.220588,
    0.220907,
    0.219791,
    0.217859,
    0.206011,
    0.199523,
    0.193615,
    0.193905,
    0.190078,
    0.187739
  ],
  "train_total_loss": [
    2.000488,
    1.288882,
    1.101371,
    1.002082,
    0.919637,
    0.877422,
    0.84368,
    0.790635,
    0.776308,
    0.746778,
    0.715093,
    0.686637,
    0.676235,
    0.66213,
    0.64095,
    0.623677,
    0.610036,
    0.582809,
    0.582252,
    0.569909,
    0.494395,
    0.468741,
    0.449844,
    0.436645,
    0.42407,
    0.407381,
    0.405651,
    0.399044,
    0.388292,
    0.382469,
    0.376341,
    0.368648,
    0.36614,
    0.356179,
    0.349486,
    0.340435,
    0.337644,
    0.333605,
    0.32781,
    0.314314,
    0.286727,
    0.274931,
    0.256966,
    0.249718,
    0.253386,
    0.257441,
    0.245923,
    0.25234,
    0.239913,
    0.243042,
    0.232163,
    0.233065,
    0.232292,
    0.229484,
    0.227924,
    0.228356,
    0.220588,
    0.220907,
    0.219791,
    0.217859,
    0.206011,
    0.199523,
    0.193615,
    0.193905,
    0.190078,
    0.187739
  ],
  "learning_rates": [
    0.001,
    0.001,
    0.001,
    0.001,
    0.001,
    0.001,
    0.001,
    0.001,
    0.001,
    0.001,
    0.001,
    0.001,
    0.001,
    0.001,
    0.001,
    0.001,
    0.001,
    0.001,
    0.001,
    0.001,
    0.0005,
    0.0005,
    0.0005,
    0.0005,
    0.0005,
    0.0005,
    0.0005,
    0.0005,
    0.0005,
    0.0005,
    0.0005,
    0.0005,
    0.0005,
    0.0005,
    0.0005,
    0.0005,
    0.0005,
    0.0005,
    0.0005,
    0.0005,
    0.00025,
    0.00025,
    0.00025,
    0.00025,
    0.00025,
    0.00025,
    0.00025,
    0.00025,
    0.00025,
    0.00025,
    0.00025,
    0.00025,
    0.00025,
    0.00025,
    0.00025,
    0.00025,
    0.00025,
    0.00025,
    0.00025,
    0.00025,
    0.000125,
    0.000125,
    0.000125,
    0.000125,
    0.000125,
    0.000125
  ],
  "val_accuracy": [
    66.286366,
    66.457501,
    74.272675,
    74.957216,
    75.755847,
    77.353109,
    77.181974,
    77.980605,
    76.155163,
    76.269253,
    75.812892,
    77.695379,
    78.208785,
    77.410154,
    77.524244,
    77.581289,
    76.554478,
    76.269253,
    77.524244,
    77.524244,
    77.980605,
    77.752424,
    78.37992,
    78.722191,
    77.638334,
    77.067884,
    78.208785,
    78.665145,
    78.436965,
    77.124929,
    78.436965,
    78.15174,
    77.866515,
    78.15174,
    77.866515,
    77.524244,
    77.92356,
    78.836281,
    77.92356,
    77.410154,
    77.467199,
    77.410154,
    77.524244,
    77.524244,
    77.809469,
    76.896748,
    78.094695,
    77.92356,
    78.15174,
    78.26583,
    78.950371,
    78.15174,
    78.26583,
    76.839703,
    77.866515,
    78.094695,
    77.581289,
    78.436965,
    77.695379,
    77.067884,
    78.094695,
    77.866515,
    78.26583,
    78.03765,
    77.695379,
    78.722191
  ],
  "model_info": {
    "model_class": "BaseClassifier",
    "hidden_size": 128,
    "num_classes": 23,
    "emb_size_audio": 512,
    "emb_size_text": 512,
    "dropout": 0.1,
    "use_batch_norm": true,
    "mode": "both",
    "num_folds": 5,
    "fold_id": 2,
    "batch_size": 64,
    "random_seed": 1821
  }
}