{
  "train_cls_loss": [
    1.532858,
    0.92077,
    0.783315,
    0.729201,
    0.65734,
    0.639898,
    0.621104,
    0.597627,
    0.579926,
    0.562361,
    0.540771,
    0.537555,
    0.503517,
    0.498822,
    0.480793,
    0.484064,
    0.478927,
    0.458017,
    0.449268,
    0.452395,
    0.39773,
    0.388789,
    0.375436,
    0.372841,
    0.367846,
    0.363294,
    0.353859,
    0.3518,
    0.338748,
    0.335439,
    0.328686,
    0.333906,
    0.325027,
    0.305333,
    0.320714,
    0.317914,
    0.310322,
    0.307736,
    0.294008,
    0.296562
  ],
  "train_total_loss": [
    1.532858,
    0.92077,
    0.783315,
    0.729201,
    0.65734,
    0.639898,
    0.621104,
    0.597627,
    0.579926,
    0.562361,
    0.540771,
    0.537555,
    0.503517,
    0.498822,
    0.480793,
    0.484064,
    0.478927,
    0.458017,
    0.449268,
    0.452395,
    0.39773,
    0.388789,
    0.375436,
    0.372841,
    0.367846,
    0.363294,
    0.353859,
    0.3518,
    0.338748,
    0.335439,
    0.328686,
    0.333906,
    0.325027,
    0.305333,
    0.320714,
    0.317914,
    0.310322,
    0.307736,
    0.294008,
    0.296562
  ],
  "learning_rates": [
    0.001,
    0.001,
    0.001,
    0.001,
    0.001,
    0.001,
    0.001,
    0.001,
    0.001,
    0.001,
    0.001,
    0.001,
    0.001,
    0.001,
    0.001,
    0.001,
    0.001,
    0.001,
    0.001,
    0.001,
    0.0005,
    0.0005,
    0.0005,
    0.0005,
    0.0005,
    0.0005,
    0.0005,
    0.0005,
    0.0005,
    0.0005,
    0.0005,
    0.0005,
    0.0005,
    0.0005,
    0.0005,
    0.0005,
    0.0005,
    0.0005,
    0.0005,
    0.0005
  ],
  "val_accuracy": [
    58.243012,
    68.910439,
    68.853394,
    72.561323,
    73.359954,
    72.390188,
    72.504278,
    73.474044,
    74.614946,
    76.041072,
    74.957216,
    75.984027,
    75.755847,
    76.098118,
    75.242442,
    76.554478,
    76.668568,
    76.326298,
    75.812892,
    76.098118,
    77.010839,
    76.611523,
    76.839703,
    77.067884,
    77.467199,
    76.782658,
    76.611523,
    76.668568,
    77.239019,
    76.953793,
    77.067884,
    77.239019,
    77.239019,
    76.497433,
    77.353109,
    77.296064,
    75.812892,
    76.041072,
    77.067884,
    76.611523
  ],
  "model_info": {
    "model_class": "BaseClassifier",
    "hidden_size": 128,
    "num_classes": 23,
    "emb_size_audio": 512,
    "emb_size_text": 0,
    "dropout": 0.1,
    "use_batch_norm": true,
    "mode": "audio",
    "num_folds": 5,
    "fold_id": 0,
    "batch_size": 64,
    "random_seed": 1821
  }
}