{
  "train_cls_loss": [
    2.363201,
    1.529434,
    1.27121,
    1.176385,
    1.097781,
    1.033909,
    0.997947,
    0.967463,
    0.930065,
    0.908002,
    0.851859,
    0.844227,
    0.820247,
    0.840793,
    0.808819,
    0.778663,
    0.776673,
    0.742477,
    0.726034,
    0.702386,
    0.65832,
    0.612177,
    0.616379,
    0.602174,
    0.564103,
    0.568671,
    0.562098,
    0.558287,
    0.554915,
    0.552558,
    0.519323,
    0.528365,
    0.527888,
    0.502299,
    0.495029,
    0.504674,
    0.496142,
    0.485089,
    0.471174,
    0.462563,
    0.427084,
    0.416768,
    0.390551,
    0.39932,
    0.38127,
    0.385455,
    0.372221,
    0.378987,
    0.368604,
    0.371705,
    0.3662,
    0.359634,
    0.354744,
    0.350659,
    0.340819,
    0.350071,
    0.344681
  ],
  "train_total_loss": [
    2.363201,
    1.529434,
    1.27121,
    1.176385,
    1.097781,
    1.033909,
    0.997947,
    0.967463,
    0.930065,
    0.908002,
    0.851859,
    0.844227,
    0.820247,
    0.840793,
    0.808819,
    0.778663,
    0.776673,
    0.742477,
    0.726034,
    0.702386,
    0.65832,
    0.612177,
    0.616379,
    0.602174,
    0.564103,
    0.568671,
    0.562098,
    0.558287,
    0.554915,
    0.552558,
    0.519323,
    0.528365,
    0.527888,
    0.502299,
    0.495029,
    0.504674,
    0.496142,
    0.485089,
    0.471174,
    0.462563,
    0.427084,
    0.416768,
    0.390551,
    0.39932,
    0.38127,
    0.385455,
    0.372221,
    0.378987,
    0.368604,
    0.371705,
    0.3662,
    0.359634,
    0.354744,
    0.350659,
    0.340819,
    0.350071,
    0.344681
  ],
  "learning_rates": [
    0.001,
    0.001,
    0.001,
    0.001,
    0.001,
    0.001,
    0.001,
    0.001,
    0.001,
    0.001,
    0.001,
    0.001,
    0.001,
    0.001,
    0.001,
    0.001,
    0.001,
    0.001,
    0.001,
    0.001,
    0.0005,
    0.0005,
    0.0005,
    0.0005,
    0.0005,
    0.0005,
    0.0005,
    0.0005,
    0.0005,
    0.0005,
    0.0005,
    0.0005,
    0.0005,
    0.0005,
    0.0005,
    0.0005,
    0.0005,
    0.0005,
    0.0005,
    0.0005,
    0.00025,
    0.00025,
    0.00025,
    0.00025,
    0.00025,
    0.00025,
    0.00025,
    0.00025,
    0.00025,
    0.00025,
    0.00025,
    0.00025,
    0.00025,
    0.00025,
    0.00025,
    0.00025,
    0.00025
  ],
  "val_accuracy": [
    55.914599,
    66.532025,
    69.705713,
    71.783035,
    72.590883,
    73.167917,
    73.514137,
    75.245239,
    76.860935,
    76.110791,
    76.110791,
    73.571841,
    75.59146,
    76.226197,
    76.687825,
    76.630121,
    76.399308,
    76.687825,
    76.803231,
    76.860935,
    76.803231,
    77.553376,
    77.264859,
    77.495672,
    76.745528,
    77.726486,
    77.899596,
    77.899596,
    78.592037,
    78.47663,
    77.437969,
    77.091748,
    77.149452,
    76.860935,
    77.611079,
    77.668782,
    78.072706,
    77.611079,
    77.322562,
    77.899596,
    78.822851,
    78.880554,
    77.957299,
    76.803231,
    77.553376,
    76.745528,
    77.437969,
    77.437969,
    77.726486,
    78.361223,
    77.380265,
    77.264859,
    76.860935,
    77.380265,
    76.918638,
    76.514714,
    77.726486
  ],
  "model_info": {
    "model_class": "BaseClassifier",
    "hidden_size": 128,
    "num_classes": 23,
    "emb_size_audio": 512,
    "emb_size_text": 0,
    "dropout": 0.1,
    "use_batch_norm": true,
    "mode": "audio",
    "num_folds": 5,
    "fold_id": 4,
    "batch_size": 64,
    "random_seed": 1821
  }
}