{
  "train_cls_loss": [
    2.411262,
    1.571171,
    1.339572,
    1.237212,
    1.151558,
    1.09668,
    1.053371,
    1.018505,
    0.970393,
    0.948788,
    0.922112,
    0.914702,
    0.869853,
    0.855259,
    0.830988,
    0.811794,
    0.802528,
    0.790016,
    0.787689,
    0.755193,
    0.671511,
    0.641521,
    0.643903,
    0.632276,
    0.614327,
    0.615694,
    0.59158,
    0.571986,
    0.567921,
    0.579884,
    0.559982,
    0.559585,
    0.558472,
    0.539191,
    0.542975,
    0.517164,
    0.52301,
    0.52007,
    0.501641,
    0.522033,
    0.455906,
    0.453357
  ],
  "train_top_cls_loss": [
    0.888204,
    0.576597,
    0.52278,
    0.502993,
    0.476447,
    0.460267,
    0.441401,
    0.431462,
    0.41628,
    0.403522,
    0.401447,
    0.39931,
    0.384861,
    0.383749,
    0.372533,
    0.355264,
    0.345211,
    0.350277,
    0.349345,
    0.344914,
    0.296376,
    0.284053,
    0.275834,
    0.281413,
    0.270647,
    0.269641,
    0.254106,
    0.253955,
    0.259102,
    0.251462,
    0.24659,
    0.24521,
    0.247073,
    0.236967,
    0.233078,
    0.226744,
    0.231995,
    0.229239,
    0.221078,
    0.228765,
    0.201846,
    0.195456
  ],
  "train_total_loss": [
    3.033005,
    1.974789,
    1.705518,
    1.589307,
    1.485071,
    1.418867,
    1.362351,
    1.320528,
    1.261789,
    1.231254,
    1.203125,
    1.194219,
    1.139256,
    1.123883,
    1.091761,
    1.060479,
    1.044176,
    1.03521,
    1.03223,
    0.996633,
    0.878974,
    0.840358,
    0.836986,
    0.829265,
    0.803779,
    0.804442,
    0.769455,
    0.749755,
    0.749292,
    0.755907,
    0.732595,
    0.731232,
    0.731423,
    0.705068,
    0.70613,
    0.675885,
    0.685407,
    0.680538,
    0.656396,
    0.682169,
    0.597199,
    0.590176
  ],
  "learning_rates": [
    0.001,
    0.001,
    0.001,
    0.001,
    0.001,
    0.001,
    0.001,
    0.001,
    0.001,
    0.001,
    0.001,
    0.001,
    0.001,
    0.001,
    0.001,
    0.001,
    0.001,
    0.001,
    0.001,
    0.001,
    0.0005,
    0.0005,
    0.0005,
    0.0005,
    0.0005,
    0.0005,
    0.0005,
    0.0005,
    0.0005,
    0.0005,
    0.0005,
    0.0005,
    0.0005,
    0.0005,
    0.0005,
    0.0005,
    0.0005,
    0.0005,
    0.0005,
    0.0005,
    0.00025,
    0.00025
  ],
  "val_accuracy": [
    54.991443,
    63.548203,
    70.621791,
    69.195665,
    73.75927,
    73.474044,
    73.702225,
    74.443811,
    75.356532,
    75.470622,
    75.242442,
    74.500856,
    75.698802,
    75.584712,
    75.242442,
    76.839703,
    75.984027,
    75.242442,
    75.698802,
    76.383343,
    76.896748,
    77.410154,
    77.181974,
    75.299487,
    76.098118,
    76.611523,
    77.581289,
    77.067884,
    75.926982,
    76.896748,
    76.554478,
    77.239019,
    76.440388,
    76.212208,
    76.782658,
    75.812892,
    76.611523,
    75.926982,
    76.668568,
    76.611523,
    76.953793,
    77.067884
  ],
  "model_info": {
    "model_class": "BaseClassifier",
    "hidden_size": 128,
    "num_classes": 23,
    "emb_size_audio": 512,
    "emb_size_text": 0,
    "dropout": 0.1,
    "use_batch_norm": true,
    "mode": "audio",
    "num_folds": 5,
    "fold_id": 1,
    "batch_size": 64,
    "random_seed": 1821
  }
}