{
  "attention_audio": [
    0.499639,
    0.487488,
    0.483829,
    0.493277,
    0.501032,
    0.505893,
    0.51141,
    0.512162,
    0.514469,
    0.521208,
    0.522234,
    0.526394,
    0.531055,
    0.5285,
    0.534666,
    0.535231,
    0.531024,
    0.532863,
    0.537255,
    0.54019,
    0.541594,
    0.545243,
    0.548939,
    0.549122,
    0.551202,
    0.553468,
    0.554716,
    0.552752,
    0.554983,
    0.556174,
    0.559167,
    0.560821,
    0.557374,
    0.557159,
    0.558336,
    0.56001,
    0.556078,
    0.56044,
    0.56136,
    0.565797,
    0.563789
  ],
  "attention_text": [
    0.500361,
    0.512512,
    0.516171,
    0.506723,
    0.498968,
    0.494107,
    0.48859,
    0.487838,
    0.485531,
    0.478792,
    0.477766,
    0.473606,
    0.468945,
    0.4715,
    0.465334,
    0.464769,
    0.468976,
    0.467137,
    0.462745,
    0.45981,
    0.458406,
    0.454757,
    0.451061,
    0.450878,
    0.448798,
    0.446532,
    0.445284,
    0.447248,
    0.445017,
    0.443826,
    0.440833,
    0.439179,
    0.442626,
    0.442841,
    0.441664,
    0.43999,
    0.443922,
    0.43956,
    0.43864,
    0.434203,
    0.436211
  ],
  "train_cls_loss": [
    2.241448,
    1.283009,
    1.037554,
    0.915836,
    0.805256,
    0.748488,
    0.718803,
    0.652983,
    0.635794,
    0.605447,
    0.567821,
    0.54042,
    0.512377,
    0.487001,
    0.465494,
    0.457278,
    0.43077,
    0.449903,
    0.405444,
    0.384666,
    0.292149,
    0.267836,
    0.256411,
    0.235637,
    0.220772,
    0.222007,
    0.201022,
    0.196731,
    0.195137,
    0.198294,
    0.188414,
    0.182632,
    0.175109,
    0.179734,
    0.162941,
    0.143883,
    0.155284,
    0.138431,
    0.14891,
    0.13757,
    0.107861
  ],
  "train_total_loss": [
    2.241448,
    1.283009,
    1.037554,
    0.915836,
    0.805256,
    0.748488,
    0.718803,
    0.652983,
    0.635794,
    0.605447,
    0.567821,
    0.54042,
    0.512377,
    0.487001,
    0.465494,
    0.457278,
    0.43077,
    0.449903,
    0.405444,
    0.384666,
    0.292149,
    0.267836,
    0.256411,
    0.235637,
    0.220772,
    0.222007,
    0.201022,
    0.196731,
    0.195137,
    0.198294,
    0.188414,
    0.182632,
    0.175109,
    0.179734,
    0.162941,
    0.143883,
    0.155284,
    0.138431,
    0.14891,
    0.13757,
    0.107861
  ],
  "learning_rates": [
    0.001,
    0.001,
    0.001,
    0.001,
    0.001,
    0.001,
    0.001,
    0.001,
    0.001,
    0.001,
    0.001,
    0.001,
    0.001,
    0.001,
    0.001,
    0.001,
    0.001,
    0.001,
    0.001,
    0.001,
    0.0005,
    0.0005,
    0.0005,
    0.0005,
    0.0005,
    0.0005,
    0.0005,
    0.0005,
    0.0005,
    0.0005,
    0.0005,
    0.0005,
    0.0005,
    0.0005,
    0.0005,
    0.0005,
    0.0005,
    0.0005,
    0.0005,
    0.0005,
    0.00025
  ],
  "val_accuracy": [
    63.377068,
    71.591557,
    74.272675,
    76.155163,
    76.269253,
    77.181974,
    77.866515,
    76.782658,
    76.896748,
    77.695379,
    76.554478,
    79.292641,
    77.695379,
    78.893326,
    79.634912,
    77.92356,
    78.15174,
    77.980605,
    78.6081,
    78.893326,
    79.178551,
    79.064461,
    78.893326,
    78.03765,
    79.064461,
    79.749002,
    78.37992,
    78.779236,
    79.121506,
    79.121506,
    79.064461,
    79.463776,
    79.121506,
    78.37992,
    78.6081,
    78.03765,
    78.208785,
    77.809469,
    77.467199,
    78.436965,
    78.950371
  ],
  "model_info": {
    "model_class": "BaseClassifier",
    "hidden_size": 128,
    "num_classes": 23,
    "emb_size_audio": 3840,
    "emb_size_text": 512,
    "dropout": 0.1,
    "use_batch_norm": true,
    "mode": "both",
    "num_folds": 5,
    "fold_id": 4,
    "batch_size": 64,
    "random_seed": 1821
  }
}