{
  "attention_audio": [
    0.508622,
    0.488314,
    0.485715,
    0.484477,
    0.483715,
    0.481095,
    0.478564,
    0.480505,
    0.479384,
    0.475489,
    0.474589,
    0.473718,
    0.472335,
    0.472901,
    0.472718,
    0.470048,
    0.471911,
    0.467572,
    0.467154,
    0.47024,
    0.474024,
    0.47079,
    0.470858,
    0.473043,
    0.472551,
    0.475574,
    0.47455,
    0.477023,
    0.474736,
    0.475058,
    0.476227,
    0.473759,
    0.47513,
    0.473156,
    0.473222,
    0.474019,
    0.473317,
    0.475567
  ],
  "attention_text": [
    0.491378,
    0.511686,
    0.514285,
    0.515523,
    0.516285,
    0.518905,
    0.521436,
    0.519495,
    0.520616,
    0.524511,
    0.525411,
    0.526282,
    0.527665,
    0.527099,
    0.527282,
    0.529952,
    0.528089,
    0.532428,
    0.532846,
    0.52976,
    0.525976,
    0.52921,
    0.529142,
    0.526957,
    0.527449,
    0.524426,
    0.52545,
    0.522977,
    0.525264,
    0.524942,
    0.523773,
    0.526241,
    0.52487,
    0.526844,
    0.526778,
    0.525981,
    0.526683,
    0.524433
  ],
  "train_cls_loss": [
    2.280951,
    1.456509,
    1.244538,
    1.118551,
    1.020039,
    0.959202,
    0.907548,
    0.86858,
    0.827437,
    0.805902,
    0.770033,
    0.751827,
    0.728657,
    0.70075,
    0.680277,
    0.669889,
    0.647804,
    0.615966,
    0.604812,
    0.61426,
    0.522013,
    0.495613,
    0.485917,
    0.469918,
    0.469839,
    0.458414,
    0.456237,
    0.439717,
    0.408876,
    0.412159,
    0.425099,
    0.404691,
    0.40537,
    0.385752,
    0.386991,
    0.37277,
    0.368751,
    0.371231
  ],
  "train_top_cls_loss": [
    0.829778,
    0.525783,
    0.475879,
    0.437442,
    0.419113,
    0.397138,
    0.390787,
    0.37239,
    0.354048,
    0.358271,
    0.331692,
    0.330748,
    0.32185,
    0.308307,
    0.300694,
    0.288087,
    0.29285,
    0.283187,
    0.273117,
    0.273299,
    0.231327,
    0.215335,
    0.209533,
    0.202075,
    0.200196,
    0.205986,
    0.200676,
    0.195205,
    0.183976,
    0.186136,
    0.180472,
    0.18121,
    0.184401,
    0.172446,
    0.174361,
    0.160967,
    0.168064,
    0.165542
  ],
  "train_total_loss": [
    2.861796,
    1.824557,
    1.577653,
    1.424761,
    1.313418,
    1.237199,
    1.181099,
    1.129253,
    1.07527,
    1.056691,
    1.002218,
    0.983351,
    0.953952,
    0.916566,
    0.890763,
    0.87155,
    0.852799,
    0.814197,
    0.795993,
    0.80557,
    0.683942,
    0.646347,
    0.63259,
    0.611371,
    0.609976,
    0.602605,
    0.59671,
    0.576361,
    0.537659,
    0.542454,
    0.551429,
    0.531538,
    0.534451,
    0.506464,
    0.509044,
    0.485446,
    0.486395,
    0.487111
  ],
  "learning_rates": [
    0.001,
    0.001,
    0.001,
    0.001,
    0.001,
    0.001,
    0.001,
    0.001,
    0.001,
    0.001,
    0.001,
    0.001,
    0.001,
    0.001,
    0.001,
    0.001,
    0.001,
    0.001,
    0.001,
    0.001,
    0.0005,
    0.0005,
    0.0005,
    0.0005,
    0.0005,
    0.0005,
    0.0005,
    0.0005,
    0.0005,
    0.0005,
    0.0005,
    0.0005,
    0.0005,
    0.0005,
    0.0005,
    0.0005,
    0.0005,
    0.0005
  ],
  "val_accuracy": [
    56.896552,
    64.137931,
    70.057471,
    70.747126,
    74.655172,
    76.206897,
    77.068966,
    76.666667,
    77.701149,
    78.16092,
    77.758621,
    76.781609,
    77.011494,
    78.563218,
    77.643678,
    78.045977,
    78.563218,
    79.712644,
    77.528736,
    78.333333,
    79.482759,
    79.425287,
    79.770115,
    79.252874,
    78.045977,
    78.62069,
    79.367816,
    79.08046,
    78.390805,
    79.08046,
    78.908046,
    78.62069,
    78.850575,
    78.62069,
    78.965517,
    78.390805,
    77.298851,
    78.16092
  ],
  "model_info": {
    "model_class": "BaseClassifier",
    "hidden_size": 128,
    "num_classes": 23,
    "emb_size_audio": 768,
    "emb_size_text": 512,
    "dropout": 0.1,
    "use_batch_norm": true,
    "mode": "both",
    "num_folds": 5,
    "fold_id": 2,
    "batch_size": 64,
    "random_seed": 1821
  }
}