{
  "attention_audio": [
    0.504544,
    0.516933,
    0.513922,
    0.508913,
    0.507303,
    0.510031,
    0.512812,
    0.510871,
    0.50763,
    0.511745,
    0.513387,
    0.518272,
    0.512662,
    0.509026,
    0.514312,
    0.512941,
    0.508652,
    0.511339,
    0.5136,
    0.512168,
    0.512305,
    0.513067,
    0.513563,
    0.514601,
    0.513979,
    0.512331,
    0.511548,
    0.511486,
    0.510071,
    0.513194,
    0.511387,
    0.512534,
    0.513517,
    0.512304,
    0.510857,
    0.50917,
    0.510578
  ],
  "attention_text": [
    0.495456,
    0.483067,
    0.486078,
    0.491087,
    0.492697,
    0.489969,
    0.487188,
    0.489129,
    0.49237,
    0.488255,
    0.486613,
    0.481728,
    0.487338,
    0.490974,
    0.485688,
    0.487059,
    0.491348,
    0.488661,
    0.4864,
    0.487832,
    0.487695,
    0.486933,
    0.486437,
    0.485399,
    0.486021,
    0.487669,
    0.488452,
    0.488514,
    0.489929,
    0.486806,
    0.488613,
    0.487466,
    0.486483,
    0.487696,
    0.489143,
    0.49083,
    0.489422
  ],
  "train_cls_loss": [
    2.480502,
    1.642487,
    1.365732,
    1.172882,
    1.071109,
    0.971263,
    0.923106,
    0.874779,
    0.828945,
    0.816138,
    0.777835,
    0.765388,
    0.752566,
    0.715131,
    0.694608,
    0.667995,
    0.677393,
    0.654405,
    0.625551,
    0.630377,
    0.543382,
    0.524909,
    0.510799,
    0.490489,
    0.476329,
    0.472699,
    0.470937,
    0.453406,
    0.438525,
    0.479962,
    0.457015,
    0.423885,
    0.4332,
    0.423413,
    0.415227,
    0.40449,
    0.400555
  ],
  "train_top_cls_loss": [
    0.791424,
    0.483739,
    0.454543,
    0.423199,
    0.412816,
    0.377521,
    0.371847,
    0.358837,
    0.335746,
    0.335674,
    0.329178,
    0.317889,
    0.315302,
    0.304578,
    0.295606,
    0.274912,
    0.286662,
    0.272572,
    0.254547,
    0.274682,
    0.219762,
    0.21969,
    0.209033,
    0.202785,
    0.197921,
    0.196945,
    0.198017,
    0.195005,
    0.178429,
    0.198047,
    0.19522,
    0.177307,
    0.181379,
    0.181505,
    0.172045,
    0.173362,
    0.17189
  ],
  "train_total_loss": [
    3.271926,
    2.126225,
    1.820274,
    1.596081,
    1.483925,
    1.348784,
    1.294953,
    1.233616,
    1.164691,
    1.151811,
    1.107013,
    1.083277,
    1.067868,
    1.019709,
    0.990215,
    0.942908,
    0.964054,
    0.926977,
    0.880098,
    0.905059,
    0.763144,
    0.744599,
    0.719832,
    0.693274,
    0.67425,
    0.669644,
    0.668954,
    0.648411,
    0.616953,
    0.678009,
    0.652235,
    0.601192,
    0.614579,
    0.604918,
    0.587272,
    0.577852,
    0.572445
  ],
  "learning_rates": [
    0.001,
    0.001,
    0.001,
    0.001,
    0.001,
    0.001,
    0.001,
    0.001,
    0.001,
    0.001,
    0.001,
    0.001,
    0.001,
    0.001,
    0.001,
    0.001,
    0.001,
    0.001,
    0.001,
    0.001,
    0.0005,
    0.0005,
    0.0005,
    0.0005,
    0.0005,
    0.0005,
    0.0005,
    0.0005,
    0.0005,
    0.0005,
    0.0005,
    0.0005,
    0.0005,
    0.0005,
    0.0005,
    0.0005,
    0.0005
  ],
  "val_accuracy": [
    43.639475,
    56.018254,
    67.027952,
    72.219053,
    73.474044,
    75.413577,
    76.155163,
    77.124929,
    78.893326,
    77.638334,
    78.6081,
    78.6081,
    79.634912,
    79.520821,
    78.722191,
    79.406731,
    79.292641,
    80.091272,
    79.806047,
    80.604678,
    81.175128,
    81.289218,
    78.893326,
    80.034227,
    79.577867,
    79.292641,
    79.863092,
    80.946948,
    79.406731,
    79.520821,
    79.520821,
    79.577867,
    79.520821,
    79.863092,
    79.634912,
    79.520821,
    80.604678
  ],
  "model_info": {
    "model_class": "BaseClassifier",
    "hidden_size": 128,
    "num_classes": 23,
    "emb_size_audio": 512,
    "emb_size_text": 512,
    "dropout": 0.1,
    "use_batch_norm": true,
    "mode": "both",
    "num_folds": 5,
    "fold_id": 2,
    "batch_size": 64,
    "random_seed": 1821
  }
}