{
  "train_cls_loss": [
    1.747258,
    1.400184,
    1.278235,
    1.204401,
    1.158144,
    1.118902,
    1.089577,
    1.060718,
    1.032956,
    1.009409,
    0.993016,
    0.967582,
    0.949329,
    0.929749,
    0.917049,
    0.904047,
    0.889734,
    0.876334,
    0.859971,
    0.848987,
    0.787635,
    0.765003,
    0.751004,
    0.741702,
    0.726374,
    0.716127,
    0.70891,
    0.697782,
    0.684882,
    0.678691,
    0.672343,
    0.65826,
    0.665244,
    0.647689,
    0.641361,
    0.632259,
    0.625222,
    0.617864,
    0.615486,
    0.606104,
    0.572008,
    0.55322,
    0.546599,
    0.534278,
    0.52513,
    0.52618,
    0.515675,
    0.51166,
    0.514595,
    0.497603
  ],
  "train_total_loss": [
    1.747258,
    1.400184,
    1.278235,
    1.204401,
    1.158144,
    1.118902,
    1.089577,
    1.060718,
    1.032956,
    1.009409,
    0.993016,
    0.967582,
    0.949329,
    0.929749,
    0.917049,
    0.904047,
    0.889734,
    0.876334,
    0.859971,
    0.848987,
    0.787635,
    0.765003,
    0.751004,
    0.741702,
    0.726374,
    0.716127,
    0.70891,
    0.697782,
    0.684882,
    0.678691,
    0.672343,
    0.65826,
    0.665244,
    0.647689,
    0.641361,
    0.632259,
    0.625222,
    0.617864,
    0.615486,
    0.606104,
    0.572008,
    0.55322,
    0.546599,
    0.534278,
    0.52513,
    0.52618,
    0.515675,
    0.51166,
    0.514595,
    0.497603
  ],
  "learning_rates": [
    0.001,
    0.001,
    0.001,
    0.001,
    0.001,
    0.001,
    0.001,
    0.001,
    0.001,
    0.001,
    0.001,
    0.001,
    0.001,
    0.001,
    0.001,
    0.001,
    0.001,
    0.001,
    0.001,
    0.001,
    0.0005,
    0.0005,
    0.0005,
    0.0005,
    0.0005,
    0.0005,
    0.0005,
    0.0005,
    0.0005,
    0.0005,
    0.0005,
    0.0005,
    0.0005,
    0.0005,
    0.0005,
    0.0005,
    0.0005,
    0.0005,
    0.0005,
    0.0005,
    0.00025,
    0.00025,
    0.00025,
    0.00025,
    0.00025,
    0.00025,
    0.00025,
    0.00025,
    0.00025,
    0.00025
  ],
  "val_accuracy": [
    56.53166,
    64.289789,
    66.058186,
    69.423845,
    68.682259,
    68.796349,
    68.739304,
    69.93725,
    70.907017,
    71.363377,
    70.336566,
    70.450656,
    69.652025,
    70.051341,
    70.735881,
    70.964062,
    71.078152,
    70.907017,
    70.165431,
    71.933828,
    71.705647,
    71.591557,
    71.762693,
    71.933828,
    71.990873,
    71.249287,
    71.591557,
    72.333143,
    70.907017,
    71.021107,
    71.363377,
    70.678836,
    70.849971,
    71.135197,
    72.504278,
    71.420422,
    71.135197,
    71.648602,
    70.507701,
    71.192242,
    71.648602,
    71.477467,
    71.249287,
    71.078152,
    71.876783,
    72.047918,
    71.819738,
    71.648602,
    71.249287,
    71.591557
  ],
  "model_info": {
    "model_class": "BaseClassifier",
    "hidden_size": 128,
    "num_classes": 23,
    "emb_size_audio": 512,
    "emb_size_text": 0,
    "dropout": 0.1,
    "use_batch_norm": true,
    "mode": "audio",
    "num_folds": 5,
    "fold_id": 0,
    "batch_size": 64,
    "random_seed": 1821
  }
}