{
  "attention_audio": [
    0.504634,
    0.482752,
    0.48778,
    0.490942,
    0.490083,
    0.492965,
    0.496442,
    0.498884,
    0.497948,
    0.494961,
    0.493834,
    0.496727,
    0.497275,
    0.498739,
    0.50291,
    0.501782,
    0.499229,
    0.502823,
    0.503754,
    0.501758,
    0.50184,
    0.501551,
    0.502609,
    0.501962,
    0.504488,
    0.503386,
    0.505794,
    0.504625,
    0.504859,
    0.505716,
    0.504723,
    0.504654,
    0.505201,
    0.503614,
    0.503857,
    0.506379,
    0.504624,
    0.503403,
    0.502911,
    0.50149,
    0.50014,
    0.5018,
    0.503048
  ],
  "attention_text": [
    0.495366,
    0.517248,
    0.51222,
    0.509058,
    0.509917,
    0.507035,
    0.503558,
    0.501116,
    0.502052,
    0.505039,
    0.506166,
    0.503273,
    0.502725,
    0.501261,
    0.49709,
    0.498218,
    0.500771,
    0.497177,
    0.496246,
    0.498242,
    0.49816,
    0.498449,
    0.497391,
    0.498038,
    0.495512,
    0.496614,
    0.494206,
    0.495375,
    0.495141,
    0.494284,
    0.495277,
    0.495346,
    0.494799,
    0.496386,
    0.496143,
    0.493621,
    0.495376,
    0.496597,
    0.497089,
    0.498511,
    0.49986,
    0.4982,
    0.496952
  ],
  "train_cls_loss": [
    2.49561,
    1.676973,
    1.503044,
    1.401255,
    1.382587,
    1.255237,
    1.27353,
    1.223319,
    1.16417,
    1.206341,
    1.162033,
    1.205108,
    1.162388,
    1.176608,
    1.080617,
    1.019163,
    1.06099,
    1.124584,
    1.039912,
    1.054953,
    0.995224,
    0.913748,
    0.909674,
    0.906871,
    0.914738,
    0.921099,
    0.983969,
    0.987849,
    0.89147,
    0.782191,
    0.930109,
    0.89393,
    0.838394,
    0.777548,
    0.905274,
    0.806828,
    0.797518,
    0.881129,
    0.904172,
    0.865068,
    0.880587,
    0.759546,
    0.840103
  ],
  "train_total_loss": [
    2.49561,
    1.676973,
    1.503044,
    1.401255,
    1.382587,
    1.255237,
    1.27353,
    1.223319,
    1.16417,
    1.206341,
    1.162033,
    1.205108,
    1.162388,
    1.176608,
    1.080617,
    1.019163,
    1.06099,
    1.124584,
    1.039912,
    1.054953,
    0.995224,
    0.913748,
    0.909674,
    0.906871,
    0.914738,
    0.921099,
    0.983969,
    0.987849,
    0.89147,
    0.782191,
    0.930109,
    0.89393,
    0.838394,
    0.777548,
    0.905274,
    0.806828,
    0.797518,
    0.881129,
    0.904172,
    0.865068,
    0.880587,
    0.759546,
    0.840103
  ],
  "learning_rates": [
    0.001,
    0.001,
    0.001,
    0.001,
    0.001,
    0.001,
    0.001,
    0.001,
    0.001,
    0.001,
    0.001,
    0.001,
    0.001,
    0.001,
    0.001,
    0.001,
    0.001,
    0.001,
    0.001,
    0.001,
    0.0005,
    0.0005,
    0.0005,
    0.0005,
    0.0005,
    0.0005,
    0.0005,
    0.0005,
    0.0005,
    0.0005,
    0.0005,
    0.0005,
    0.0005,
    0.0005,
    0.0005,
    0.0005,
    0.0005,
    0.0005,
    0.0005,
    0.0005,
    0.00025,
    0.00025,
    0.00025
  ],
  "val_accuracy": [
    61.494581,
    67.769538,
    70.507701,
    72.960639,
    75.527667,
    75.356532,
    76.668568,
    76.668568,
    77.239019,
    77.752424,
    77.92356,
    78.49401,
    78.322875,
    78.779236,
    79.235596,
    78.779236,
    78.665145,
    79.749002,
    78.722191,
    78.836281,
    80.604678,
    80.832858,
    79.920137,
    80.433542,
    80.034227,
    80.490588,
    80.262407,
    81.289218,
    80.604678,
    79.920137,
    79.863092,
    80.148317,
    79.863092,
    80.718768,
    80.319452,
    79.121506,
    79.749002,
    78.893326,
    79.577867,
    80.262407,
    80.319452,
    79.121506,
    79.691957
  ],
  "model_info": {
    "model_class": "BaseClassifier",
    "hidden_size": 128,
    "num_classes": 23,
    "emb_size_audio": 512,
    "emb_size_text": 512,
    "dropout": 0.1,
    "use_batch_norm": true,
    "mode": "both",
    "num_folds": 5,
    "fold_id": 0,
    "batch_size": 64,
    "random_seed": 1821
  }
}