{
  "train_cls_loss": [
    2.256913,
    1.564111,
    1.406104,
    1.294407,
    1.228927,
    1.170773,
    1.11394,
    1.075748,
    1.025828,
    0.994445,
    0.971879,
    0.933968,
    0.911786,
    0.89408,
    0.862497,
    0.822423,
    0.826499,
    0.799392,
    0.77108,
    0.767064,
    0.676274,
    0.6348,
    0.648102,
    0.624657,
    0.592021,
    0.580041,
    0.588259,
    0.57098,
    0.5567,
    0.548418,
    0.539988,
    0.527797,
    0.533951,
    0.510517,
    0.499322,
    0.485155,
    0.491353,
    0.47247,
    0.47085,
    0.462114,
    0.42199,
    0.428858,
    0.380482,
    0.394772,
    0.391881,
    0.388557
  ],
  "train_total_loss": [
    2.256913,
    1.564111,
    1.406104,
    1.294407,
    1.228927,
    1.170773,
    1.11394,
    1.075748,
    1.025828,
    0.994445,
    0.971879,
    0.933968,
    0.911786,
    0.89408,
    0.862497,
    0.822423,
    0.826499,
    0.799392,
    0.77108,
    0.767064,
    0.676274,
    0.6348,
    0.648102,
    0.624657,
    0.592021,
    0.580041,
    0.588259,
    0.57098,
    0.5567,
    0.548418,
    0.539988,
    0.527797,
    0.533951,
    0.510517,
    0.499322,
    0.485155,
    0.491353,
    0.47247,
    0.47085,
    0.462114,
    0.42199,
    0.428858,
    0.380482,
    0.394772,
    0.391881,
    0.388557
  ],
  "learning_rates": [
    0.001,
    0.001,
    0.001,
    0.001,
    0.001,
    0.001,
    0.001,
    0.001,
    0.001,
    0.001,
    0.001,
    0.001,
    0.001,
    0.001,
    0.001,
    0.001,
    0.001,
    0.001,
    0.001,
    0.001,
    0.0005,
    0.0005,
    0.0005,
    0.0005,
    0.0005,
    0.0005,
    0.0005,
    0.0005,
    0.0005,
    0.0005,
    0.0005,
    0.0005,
    0.0005,
    0.0005,
    0.0005,
    0.0005,
    0.0005,
    0.0005,
    0.0005,
    0.0005,
    0.00025,
    0.00025,
    0.00025,
    0.00025,
    0.00025,
    0.00025
  ],
  "val_accuracy": [
    57.843697,
    61.950941,
    65.601825,
    66.115231,
    70.336566,
    69.766115,
    71.591557,
    69.880205,
    71.534512,
    70.222476,
    72.276098,
    71.705647,
    72.504278,
    73.474044,
    72.162008,
    73.64518,
    73.074729,
    72.561323,
    73.588135,
    74.32972,
    73.930405,
    73.930405,
    74.500856,
    74.272675,
    75.128351,
    74.614946,
    75.128351,
    73.816315,
    74.729036,
    73.588135,
    75.185396,
    74.900171,
    73.930405,
    73.75927,
    73.87336,
    73.302909,
    73.302909,
    73.588135,
    74.10154,
    74.044495,
    73.702225,
    74.10154,
    74.443811,
    73.87336,
    74.386766,
    74.443811
  ],
  "model_info": {
    "model_class": "BaseClassifier",
    "hidden_size": 128,
    "num_classes": 23,
    "emb_size_audio": 768,
    "emb_size_text": 0,
    "dropout": 0.1,
    "use_batch_norm": true,
    "mode": "audio",
    "num_folds": 5,
    "fold_id": 0,
    "batch_size": 64,
    "random_seed": 1821
  }
}