{
  "attention_audio": [
    0.462,
    0.437077,
    0.424239,
    0.417214,
    0.413169,
    0.413041,
    0.409713,
    0.404919,
    0.403305,
    0.405883,
    0.412899,
    0.413072,
    0.412214,
    0.409499,
    0.409306,
    0.410883,
    0.413956,
    0.420037,
    0.422943,
    0.424792,
    0.424014,
    0.426063,
    0.425172,
    0.426852,
    0.425056,
    0.42656,
    0.423205,
    0.428617,
    0.429186,
    0.428182,
    0.432979,
    0.434993,
    0.431705,
    0.433281,
    0.433327,
    0.428649,
    0.428635,
    0.431096,
    0.434489,
    0.433729,
    0.435632
  ],
  "attention_text": [
    0.538,
    0.562923,
    0.575761,
    0.582786,
    0.586831,
    0.586959,
    0.590287,
    0.595081,
    0.596695,
    0.594117,
    0.587101,
    0.586928,
    0.587786,
    0.590501,
    0.590694,
    0.589117,
    0.586044,
    0.579963,
    0.577057,
    0.575208,
    0.575986,
    0.573937,
    0.574828,
    0.573148,
    0.574944,
    0.57344,
    0.576795,
    0.571383,
    0.570814,
    0.571818,
    0.567021,
    0.565007,
    0.568295,
    0.566719,
    0.566673,
    0.571351,
    0.571365,
    0.568904,
    0.565511,
    0.566271,
    0.564368
  ],
  "train_cls_loss": [
    0.917642,
    0.642591,
    0.577446,
    0.530187,
    0.505199,
    0.484056,
    0.465442,
    0.451883,
    0.436672,
    0.425955,
    0.415257,
    0.40263,
    0.392047,
    0.382267,
    0.377592,
    0.370426,
    0.361936,
    0.352121,
    0.348719,
    0.340986,
    0.302956,
    0.293793,
    0.287667,
    0.278872,
    0.274755,
    0.266121,
    0.263962,
    0.258394,
    0.25656,
    0.255291,
    0.246828,
    0.247517,
    0.240321,
    0.237447,
    0.232219,
    0.232448,
    0.225489,
    0.223089,
    0.223599,
    0.220036,
    0.198077
  ],
  "train_total_loss": [
    0.917642,
    0.642591,
    0.577446,
    0.530187,
    0.505199,
    0.484056,
    0.465442,
    0.451883,
    0.436672,
    0.425955,
    0.415257,
    0.40263,
    0.392047,
    0.382267,
    0.377592,
    0.370426,
    0.361936,
    0.352121,
    0.348719,
    0.340986,
    0.302956,
    0.293793,
    0.287667,
    0.278872,
    0.274755,
    0.266121,
    0.263962,
    0.258394,
    0.25656,
    0.255291,
    0.246828,
    0.247517,
    0.240321,
    0.237447,
    0.232219,
    0.232448,
    0.225489,
    0.223089,
    0.223599,
    0.220036,
    0.198077
  ],
  "learning_rates": [
    0.001,
    0.001,
    0.001,
    0.001,
    0.001,
    0.001,
    0.001,
    0.001,
    0.001,
    0.001,
    0.001,
    0.001,
    0.001,
    0.001,
    0.001,
    0.001,
    0.001,
    0.001,
    0.001,
    0.001,
    0.0005,
    0.0005,
    0.0005,
    0.0005,
    0.0005,
    0.0005,
    0.0005,
    0.0005,
    0.0005,
    0.0005,
    0.0005,
    0.0005,
    0.0005,
    0.0005,
    0.0005,
    0.0005,
    0.0005,
    0.0005,
    0.0005,
    0.0005,
    0.00025
  ],
  "val_accuracy": [
    62.464347,
    72.846549,
    71.648602,
    75.698802,
    75.242442,
    75.356532,
    76.896748,
    77.353109,
    75.413577,
    75.584712,
    75.584712,
    76.212208,
    75.812892,
    76.953793,
    77.467199,
    76.440388,
    75.641757,
    76.098118,
    77.809469,
    77.638334,
    77.980605,
    77.809469,
    76.155163,
    76.668568,
    77.638334,
    78.26583,
    76.497433,
    77.181974,
    76.440388,
    76.782658,
    76.155163,
    77.296064,
    76.668568,
    75.984027,
    75.926982,
    75.470622,
    76.782658,
    76.440388,
    75.812892,
    76.839703,
    76.212208
  ],
  "model_info": {
    "model_class": "BaseClassifier",
    "hidden_size": 128,
    "num_classes": 23,
    "emb_size_audio": 512,
    "emb_size_text": 512,
    "dropout": 0.1,
    "use_batch_norm": true,
    "mode": "both",
    "num_folds": 5,
    "fold_id": 0,
    "batch_size": 64,
    "random_seed": 1821
  }
}