{
  "attention_audio": [
    0.502182,
    0.491641,
    0.48853,
    0.484161,
    0.479642,
    0.479337,
    0.479033,
    0.481162,
    0.476247,
    0.475008,
    0.479102,
    0.47454,
    0.476378,
    0.47447,
    0.474016,
    0.472186,
    0.473098,
    0.473467,
    0.473988,
    0.476622,
    0.475675,
    0.476348,
    0.478678,
    0.477398,
    0.478182,
    0.477347,
    0.480559,
    0.481652,
    0.480772,
    0.478634,
    0.481714,
    0.480681,
    0.477973,
    0.479973,
    0.481108,
    0.480558,
    0.480961,
    0.479913,
    0.479923,
    0.481231
  ],
  "attention_text": [
    0.497818,
    0.508359,
    0.51147,
    0.515839,
    0.520358,
    0.520663,
    0.520967,
    0.518838,
    0.523753,
    0.524992,
    0.520898,
    0.52546,
    0.523622,
    0.52553,
    0.525984,
    0.527814,
    0.526902,
    0.526533,
    0.526012,
    0.523378,
    0.524325,
    0.523652,
    0.521322,
    0.522602,
    0.521818,
    0.522653,
    0.519441,
    0.518348,
    0.519228,
    0.521366,
    0.518286,
    0.519319,
    0.522027,
    0.520027,
    0.518892,
    0.519442,
    0.519039,
    0.520087,
    0.520077,
    0.518769
  ],
  "train_cls_loss": [
    2.308054,
    1.478724,
    1.237022,
    1.090284,
    0.998302,
    0.931946,
    0.880045,
    0.839161,
    0.80784,
    0.785911,
    0.756896,
    0.752146,
    0.719144,
    0.684133,
    0.677886,
    0.661767,
    0.623592,
    0.60608,
    0.586187,
    0.584332,
    0.50254,
    0.482306,
    0.472427,
    0.453814,
    0.439363,
    0.43953,
    0.423462,
    0.420728,
    0.425576,
    0.413213,
    0.409495,
    0.390154,
    0.374714,
    0.38107,
    0.360242,
    0.378414,
    0.357619,
    0.349173,
    0.349081,
    0.342911
  ],
  "train_top_cls_loss": [
    0.843478,
    0.529825,
    0.484543,
    0.446036,
    0.434601,
    0.411993,
    0.385374,
    0.374549,
    0.360556,
    0.358339,
    0.33677,
    0.338975,
    0.328728,
    0.306844,
    0.295708,
    0.296381,
    0.283018,
    0.275011,
    0.268694,
    0.271002,
    0.236727,
    0.222704,
    0.212732,
    0.208185,
    0.20366,
    0.192555,
    0.198299,
    0.18939,
    0.195404,
    0.19059,
    0.192162,
    0.18276,
    0.177729,
    0.174208,
    0.173649,
    0.180608,
    0.165403,
    0.16068,
    0.161623,
    0.168444
  ],
  "train_total_loss": [
    2.729793,
    1.743637,
    1.479294,
    1.313302,
    1.215603,
    1.137943,
    1.072732,
    1.026436,
    0.988118,
    0.965081,
    0.925281,
    0.921633,
    0.883508,
    0.837555,
    0.82574,
    0.809958,
    0.765101,
    0.743586,
    0.720535,
    0.719833,
    0.620904,
    0.593658,
    0.578793,
    0.557906,
    0.541193,
    0.535808,
    0.522611,
    0.515423,
    0.523278,
    0.508508,
    0.505577,
    0.481534,
    0.463579,
    0.468174,
    0.447067,
    0.468718,
    0.44032,
    0.429513,
    0.429892,
    0.427132
  ],
  "learning_rates": [
    0.001,
    0.001,
    0.001,
    0.001,
    0.001,
    0.001,
    0.001,
    0.001,
    0.001,
    0.001,
    0.001,
    0.001,
    0.001,
    0.001,
    0.001,
    0.001,
    0.001,
    0.001,
    0.001,
    0.001,
    0.0005,
    0.0005,
    0.0005,
    0.0005,
    0.0005,
    0.0005,
    0.0005,
    0.0005,
    0.0005,
    0.0005,
    0.0005,
    0.0005,
    0.0005,
    0.0005,
    0.0005,
    0.0005,
    0.0005,
    0.0005,
    0.0005,
    0.0005
  ],
  "val_accuracy": [
    52.528736,
    67.873563,
    68.62069,
    71.954023,
    74.827586,
    74.770115,
    75.229885,
    76.321839,
    77.241379,
    77.931034,
    77.931034,
    77.528736,
    77.471264,
    78.103448,
    77.701149,
    78.390805,
    79.08046,
    78.62069,
    77.873563,
    79.195402,
    79.310345,
    78.333333,
    79.54023,
    78.965517,
    79.597701,
    79.54023,
    78.563218,
    77.816092,
    79.597701,
    78.103448,
    78.275862,
    78.505747,
    78.390805,
    78.275862,
    79.425287,
    79.367816,
    78.333333,
    79.195402,
    78.505747,
    77.988506
  ],
  "model_info": {
    "model_class": "BaseClassifier",
    "hidden_size": 128,
    "num_classes": 23,
    "emb_size_audio": 768,
    "emb_size_text": 512,
    "dropout": 0.1,
    "use_batch_norm": true,
    "mode": "both",
    "num_folds": 5,
    "fold_id": 2,
    "batch_size": 64,
    "random_seed": 1821
  }
}