{
  "attention_audio": [
    0.523428,
    0.51329,
    0.509856,
    0.512794,
    0.512393,
    0.512578,
    0.508083,
    0.509079,
    0.506382,
    0.512757,
    0.515818,
    0.512399,
    0.509644,
    0.507325,
    0.510317,
    0.508809,
    0.505791,
    0.510378,
    0.513137,
    0.517,
    0.512324,
    0.513659,
    0.513445,
    0.515609,
    0.515208,
    0.512478,
    0.513408,
    0.515595,
    0.516025,
    0.517948,
    0.516855,
    0.516203,
    0.516988,
    0.515305,
    0.514959,
    0.514977,
    0.51789,
    0.516849,
    0.517917,
    0.519342
  ],
  "attention_text": [
    0.476572,
    0.48671,
    0.490144,
    0.487206,
    0.487607,
    0.487422,
    0.491917,
    0.490921,
    0.493618,
    0.487243,
    0.484182,
    0.487601,
    0.490356,
    0.492676,
    0.489683,
    0.491191,
    0.494209,
    0.489622,
    0.486863,
    0.483,
    0.487676,
    0.486342,
    0.486555,
    0.484391,
    0.484792,
    0.487522,
    0.486592,
    0.484405,
    0.483975,
    0.482052,
    0.483145,
    0.483797,
    0.483012,
    0.484695,
    0.485042,
    0.485023,
    0.48211,
    0.483151,
    0.482083,
    0.480658
  ],
  "train_cls_loss": [
    2.098594,
    1.296687,
    1.050016,
    0.925863,
    0.834581,
    0.784007,
    0.754154,
    0.726161,
    0.695947,
    0.659316,
    0.64407,
    0.612526,
    0.608579,
    0.584663,
    0.561066,
    0.552359,
    0.547578,
    0.538496,
    0.518979,
    0.528972,
    0.460403,
    0.428584,
    0.410147,
    0.386612,
    0.391538,
    0.389932,
    0.376265,
    0.362466,
    0.382442,
    0.35316,
    0.351818,
    0.353699,
    0.350635,
    0.34202,
    0.343822,
    0.339237,
    0.329129,
    0.319777,
    0.309349,
    0.322257
  ],
  "train_total_loss": [
    2.098594,
    1.296687,
    1.050016,
    0.925863,
    0.834581,
    0.784007,
    0.754154,
    0.726161,
    0.695947,
    0.659316,
    0.64407,
    0.612526,
    0.608579,
    0.584663,
    0.561066,
    0.552359,
    0.547578,
    0.538496,
    0.518979,
    0.528972,
    0.460403,
    0.428584,
    0.410147,
    0.386612,
    0.391538,
    0.389932,
    0.376265,
    0.362466,
    0.382442,
    0.35316,
    0.351818,
    0.353699,
    0.350635,
    0.34202,
    0.343822,
    0.339237,
    0.329129,
    0.319777,
    0.309349,
    0.322257
  ],
  "learning_rates": [
    0.001,
    0.001,
    0.001,
    0.001,
    0.001,
    0.001,
    0.001,
    0.001,
    0.001,
    0.001,
    0.001,
    0.001,
    0.001,
    0.001,
    0.001,
    0.001,
    0.001,
    0.001,
    0.001,
    0.001,
    0.0005,
    0.0005,
    0.0005,
    0.0005,
    0.0005,
    0.0005,
    0.0005,
    0.0005,
    0.0005,
    0.0005,
    0.0005,
    0.0005,
    0.0005,
    0.0005,
    0.0005,
    0.0005,
    0.0005,
    0.0005,
    0.0005,
    0.0005
  ],
  "val_accuracy": [
    60.752995,
    69.13862,
    71.591557,
    77.581289,
    77.467199,
    78.551055,
    77.866515,
    79.863092,
    79.520821,
    78.49401,
    78.6081,
    79.235596,
    80.262407,
    80.718768,
    79.121506,
    79.520821,
    80.946948,
    80.775813,
    80.490588,
    80.319452,
    80.775813,
    80.376497,
    80.718768,
    81.061038,
    81.289218,
    80.490588,
    80.889903,
    79.292641,
    80.205362,
    80.889903,
    80.319452,
    80.376497,
    80.376497,
    80.718768,
    79.749002,
    80.205362,
    79.977182,
    79.806047,
    79.634912,
    80.262407
  ],
  "model_info": {
    "model_class": "BaseClassifier",
    "hidden_size": 128,
    "num_classes": 23,
    "emb_size_audio": 512,
    "emb_size_text": 512,
    "dropout": 0.1,
    "use_batch_norm": true,
    "mode": "both",
    "num_folds": 5,
    "fold_id": 2,
    "batch_size": 64,
    "random_seed": 1821
  }
}