{
  "train_cls_loss": [
    1.364712,
    1.066484,
    0.974931,
    0.920118,
    0.875911,
    0.848215,
    0.821926,
    0.802182,
    0.780717,
    0.762449,
    0.747486,
    0.728611,
    0.717062,
    0.707062,
    0.695976,
    0.687879,
    0.678765,
    0.662246,
    0.654092,
    0.646997,
    0.598362,
    0.582723,
    0.570073,
    0.565221,
    0.557124,
    0.550026,
    0.536851,
    0.533526,
    0.524289,
    0.520235,
    0.51027,
    0.507775,
    0.505528,
    0.496235,
    0.495657,
    0.484391,
    0.480752,
    0.477129,
    0.470898,
    0.462706,
    0.436838
  ],
  "train_total_loss": [
    1.364712,
    1.066484,
    0.974931,
    0.920118,
    0.875911,
    0.848215,
    0.821926,
    0.802182,
    0.780717,
    0.762449,
    0.747486,
    0.728611,
    0.717062,
    0.707062,
    0.695976,
    0.687879,
    0.678765,
    0.662246,
    0.654092,
    0.646997,
    0.598362,
    0.582723,
    0.570073,
    0.565221,
    0.557124,
    0.550026,
    0.536851,
    0.533526,
    0.524289,
    0.520235,
    0.51027,
    0.507775,
    0.505528,
    0.496235,
    0.495657,
    0.484391,
    0.480752,
    0.477129,
    0.470898,
    0.462706,
    0.436838
  ],
  "learning_rates": [
    0.001,
    0.001,
    0.001,
    0.001,
    0.001,
    0.001,
    0.001,
    0.001,
    0.001,
    0.001,
    0.001,
    0.001,
    0.001,
    0.001,
    0.001,
    0.001,
    0.001,
    0.001,
    0.001,
    0.001,
    0.0005,
    0.0005,
    0.0005,
    0.0005,
    0.0005,
    0.0005,
    0.0005,
    0.0005,
    0.0005,
    0.0005,
    0.0005,
    0.0005,
    0.0005,
    0.0005,
    0.0005,
    0.0005,
    0.0005,
    0.0005,
    0.0005,
    0.0005,
    0.00025
  ],
  "val_accuracy": [
    58.699373,
    63.262978,
    67.370222,
    68.910439,
    69.59498,
    70.849971,
    69.994295,
    70.678836,
    71.819738,
    70.678836,
    72.447233,
    72.846549,
    72.276098,
    70.964062,
    72.219053,
    72.903594,
    72.447233,
    71.705647,
    73.131774,
    71.420422,
    72.390188,
    72.447233,
    72.675414,
    72.276098,
    73.75927,
    73.816315,
    72.789504,
    71.420422,
    71.990873,
    71.477467,
    71.933828,
    71.306332,
    72.104963,
    73.188819,
    72.960639,
    71.306332,
    71.819738,
    72.047918,
    71.534512,
    72.276098,
    70.849971
  ],
  "model_info": {
    "model_class": "BaseClassifier",
    "hidden_size": 128,
    "num_classes": 23,
    "emb_size_audio": 512,
    "emb_size_text": 0,
    "dropout": 0.1,
    "use_batch_norm": true,
    "mode": "audio",
    "num_folds": 5,
    "fold_id": 1,
    "batch_size": 64,
    "random_seed": 1821
  }
}