{
  "train_cls_loss": [
    2.396013,
    1.754594,
    1.594292,
    1.491281,
    1.373668,
    1.310595,
    1.266066,
    1.199875,
    1.171803,
    1.125063,
    1.085061,
    1.079337,
    1.054851,
    1.03353,
    1.002224,
    0.994354,
    0.938518,
    0.922685,
    0.91283,
    0.867386,
    0.825206,
    0.774224,
    0.768821,
    0.767475,
    0.737747,
    0.71625,
    0.721167,
    0.71451,
    0.686066,
    0.67774,
    0.658573,
    0.667411,
    0.666026,
    0.647541,
    0.633998,
    0.626345,
    0.595374,
    0.611778,
    0.586461
  ],
  "train_top_cls_loss": [
    0.845915,
    0.623649,
    0.581772,
    0.563466,
    0.522062,
    0.519072,
    0.503631,
    0.480826,
    0.479639,
    0.45726,
    0.427878,
    0.440502,
    0.425519,
    0.409184,
    0.400068,
    0.399953,
    0.371516,
    0.366726,
    0.363859,
    0.340004,
    0.311288,
    0.287507,
    0.293485,
    0.291771,
    0.274068,
    0.264929,
    0.267881,
    0.262346,
    0.262378,
    0.25372,
    0.248997,
    0.2462,
    0.243398,
    0.243868,
    0.236091,
    0.235074,
    0.21926,
    0.22681,
    0.220846
  ],
  "train_total_loss": [
    3.664885,
    2.690067,
    2.46695,
    2.33648,
    2.156761,
    2.089203,
    2.021513,
    1.921114,
    1.891261,
    1.810954,
    1.726878,
    1.740089,
    1.693129,
    1.647305,
    1.602326,
    1.594283,
    1.495792,
    1.472775,
    1.458619,
    1.377392,
    1.292138,
    1.205484,
    1.209049,
    1.20513,
    1.148849,
    1.113643,
    1.122988,
    1.108029,
    1.079634,
    1.05832,
    1.032069,
    1.03671,
    1.031123,
    1.013343,
    0.988134,
    0.978956,
    0.924264,
    0.951993,
    0.91773
  ],
  "learning_rates": [
    0.001,
    0.001,
    0.001,
    0.001,
    0.001,
    0.001,
    0.001,
    0.001,
    0.001,
    0.001,
    0.001,
    0.001,
    0.001,
    0.001,
    0.001,
    0.001,
    0.001,
    0.001,
    0.001,
    0.001,
    0.0005,
    0.0005,
    0.0005,
    0.0005,
    0.0005,
    0.0005,
    0.0005,
    0.0005,
    0.0005,
    0.0005,
    0.0005,
    0.0005,
    0.0005,
    0.0005,
    0.0005,
    0.0005,
    0.0005,
    0.0005,
    0.0005
  ],
  "val_accuracy": [
    45.114943,
    51.666667,
    53.16092,
    59.827586,
    62.701149,
    63.678161,
    64.885057,
    66.724138,
    66.494253,
    68.390805,
    68.448276,
    68.333333,
    68.850575,
    67.413793,
    68.045977,
    69.597701,
    69.597701,
    69.942529,
    69.712644,
    68.678161,
    70.804598,
    70.287356,
    71.551724,
    71.609195,
    71.149425,
    70.287356,
    71.034483,
    70.517241,
    70.344828,
    70.689655,
    71.264368,
    70.689655,
    70.344828,
    70.0,
    70.057471,
    69.885057,
    70.804598,
    70.344828,
    71.264368
  ],
  "model_info": {
    "model_class": "BaseClassifier",
    "hidden_size": 128,
    "num_classes": 23,
    "emb_size_audio": 768,
    "emb_size_text": 0,
    "dropout": 0.1,
    "use_batch_norm": true,
    "mode": "audio",
    "num_folds": 5,
    "fold_id": 3,
    "batch_size": 64,
    "random_seed": 1821
  }
}