{
  "train_cls_loss": [
    2.405382,
    1.594431,
    1.408148,
    1.304912,
    1.22353,
    1.182521,
    1.120173,
    1.061105,
    1.034907,
    1.005331,
    0.980419,
    0.940754,
    0.92337,
    0.876954,
    0.871909,
    0.84678,
    0.820052,
    0.798905,
    0.785677,
    0.746876,
    0.675329,
    0.647766,
    0.639867,
    0.607776,
    0.612349,
    0.585708,
    0.568891,
    0.564947,
    0.544128,
    0.530081,
    0.539145,
    0.524916,
    0.518766,
    0.514977,
    0.487649,
    0.493274,
    0.477153,
    0.470854,
    0.454506,
    0.448257,
    0.425705,
    0.408051
  ],
  "train_total_loss": [
    2.405382,
    1.594431,
    1.408148,
    1.304912,
    1.22353,
    1.182521,
    1.120173,
    1.061105,
    1.034907,
    1.005331,
    0.980419,
    0.940754,
    0.92337,
    0.876954,
    0.871909,
    0.84678,
    0.820052,
    0.798905,
    0.785677,
    0.746876,
    0.675329,
    0.647766,
    0.639867,
    0.607776,
    0.612349,
    0.585708,
    0.568891,
    0.564947,
    0.544128,
    0.530081,
    0.539145,
    0.524916,
    0.518766,
    0.514977,
    0.487649,
    0.493274,
    0.477153,
    0.470854,
    0.454506,
    0.448257,
    0.425705,
    0.408051
  ],
  "learning_rates": [
    0.001,
    0.001,
    0.001,
    0.001,
    0.001,
    0.001,
    0.001,
    0.001,
    0.001,
    0.001,
    0.001,
    0.001,
    0.001,
    0.001,
    0.001,
    0.001,
    0.001,
    0.001,
    0.001,
    0.001,
    0.0005,
    0.0005,
    0.0005,
    0.0005,
    0.0005,
    0.0005,
    0.0005,
    0.0005,
    0.0005,
    0.0005,
    0.0005,
    0.0005,
    0.0005,
    0.0005,
    0.0005,
    0.0005,
    0.0005,
    0.0005,
    0.0005,
    0.0005,
    0.00025,
    0.00025
  ],
  "val_accuracy": [
    55.904164,
    62.977752,
    63.662293,
    67.027952,
    68.910439,
    69.70907,
    70.564746,
    70.907017,
    71.306332,
    72.390188,
    72.447233,
    72.276098,
    71.933828,
    71.933828,
    72.960639,
    74.10154,
    72.276098,
    73.017684,
    74.158585,
    74.500856,
    73.074729,
    74.386766,
    73.930405,
    73.359954,
    74.500856,
    73.302909,
    75.413577,
    74.158585,
    73.416999,
    73.017684,
    73.245864,
    74.386766,
    73.131774,
    73.87336,
    72.732459,
    73.359954,
    73.816315,
    73.416999,
    72.846549,
    73.017684,
    74.32972,
    73.702225
  ],
  "model_info": {
    "model_class": "BaseClassifier",
    "hidden_size": 128,
    "num_classes": 23,
    "emb_size_audio": 768,
    "emb_size_text": 0,
    "dropout": 0.1,
    "use_batch_norm": true,
    "mode": "audio",
    "num_folds": 5,
    "fold_id": 2,
    "batch_size": 64,
    "random_seed": 1821
  }
}