{
  "train_cls_loss": [
    2.459333,
    1.911354,
    1.785806,
    1.683938,
    1.674007,
    1.572175,
    1.570945,
    1.505716,
    1.494433,
    1.483434,
    1.464301,
    1.393168,
    1.41331,
    1.374693,
    1.353457,
    1.324728,
    1.321612,
    1.309154,
    1.331372,
    1.302534,
    1.191921,
    1.222923,
    1.114904,
    1.241353,
    1.149519,
    1.111694,
    1.166697,
    1.116552,
    1.157761,
    1.114065,
    1.102295,
    1.085984,
    1.078703,
    1.038664,
    1.064969,
    1.056949,
    1.083211,
    1.019034,
    1.056689,
    0.995639,
    0.944283,
    1.056119,
    0.983271
  ],
  "train_total_loss": [
    2.459333,
    1.911354,
    1.785806,
    1.683938,
    1.674007,
    1.572175,
    1.570945,
    1.505716,
    1.494433,
    1.483434,
    1.464301,
    1.393168,
    1.41331,
    1.374693,
    1.353457,
    1.324728,
    1.321612,
    1.309154,
    1.331372,
    1.302534,
    1.191921,
    1.222923,
    1.114904,
    1.241353,
    1.149519,
    1.111694,
    1.166697,
    1.116552,
    1.157761,
    1.114065,
    1.102295,
    1.085984,
    1.078703,
    1.038664,
    1.064969,
    1.056949,
    1.083211,
    1.019034,
    1.056689,
    0.995639,
    0.944283,
    1.056119,
    0.983271
  ],
  "learning_rates": [
    0.001,
    0.001,
    0.001,
    0.001,
    0.001,
    0.001,
    0.001,
    0.001,
    0.001,
    0.001,
    0.001,
    0.001,
    0.001,
    0.001,
    0.001,
    0.001,
    0.001,
    0.001,
    0.001,
    0.001,
    0.0005,
    0.0005,
    0.0005,
    0.0005,
    0.0005,
    0.0005,
    0.0005,
    0.0005,
    0.0005,
    0.0005,
    0.0005,
    0.0005,
    0.0005,
    0.0005,
    0.0005,
    0.0005,
    0.0005,
    0.0005,
    0.0005,
    0.0005,
    0.00025,
    0.00025,
    0.00025
  ],
  "val_accuracy": [
    58.014832,
    61.323446,
    67.142042,
    66.799772,
    71.420422,
    69.48089,
    70.564746,
    70.564746,
    69.195665,
    72.618369,
    71.762693,
    72.732459,
    72.390188,
    70.678836,
    71.648602,
    72.504278,
    71.648602,
    71.363377,
    72.390188,
    73.588135,
    73.474044,
    73.302909,
    73.64518,
    72.903594,
    72.219053,
    73.017684,
    72.903594,
    73.98745,
    73.302909,
    72.390188,
    72.047918,
    72.333143,
    73.245864,
    71.591557,
    71.477467,
    72.447233,
    73.302909,
    72.732459,
    73.188819,
    71.135197,
    72.675414,
    72.333143,
    72.276098
  ],
  "model_info": {
    "model_class": "BaseClassifier",
    "hidden_size": 128,
    "num_classes": 23,
    "emb_size_audio": 512,
    "emb_size_text": 0,
    "dropout": 0.1,
    "use_batch_norm": true,
    "mode": "audio",
    "num_folds": 5,
    "fold_id": 1,
    "batch_size": 64,
    "random_seed": 1821
  }
}