{
  "attention_audio": [
    0.526597,
    0.507829,
    0.50501,
    0.504709,
    0.502704,
    0.505769,
    0.505624,
    0.503072,
    0.50637,
    0.506275,
    0.505478,
    0.505115,
    0.508702,
    0.508179,
    0.51099,
    0.506326,
    0.507753,
    0.512157,
    0.510233,
    0.510237,
    0.515377,
    0.515044,
    0.515939,
    0.519768,
    0.519163,
    0.516386,
    0.520256,
    0.520398,
    0.518054,
    0.515785,
    0.516689,
    0.515605,
    0.515679,
    0.518142,
    0.51903,
    0.51919,
    0.51724,
    0.519023,
    0.518255,
    0.519505
  ],
  "attention_text": [
    0.473403,
    0.492171,
    0.49499,
    0.495291,
    0.497296,
    0.494232,
    0.494376,
    0.496928,
    0.49363,
    0.493725,
    0.494522,
    0.494885,
    0.491298,
    0.491821,
    0.48901,
    0.493674,
    0.492247,
    0.487843,
    0.489768,
    0.489763,
    0.484623,
    0.484956,
    0.484061,
    0.480232,
    0.480837,
    0.483614,
    0.479744,
    0.479602,
    0.481946,
    0.484215,
    0.483311,
    0.484395,
    0.484321,
    0.481858,
    0.48097,
    0.48081,
    0.48276,
    0.480977,
    0.481745,
    0.480495
  ],
  "train_cls_loss": [
    2.461826,
    1.660953,
    1.483632,
    1.39487,
    1.331091,
    1.236279,
    1.205606,
    1.177547,
    1.237683,
    1.282272,
    1.247614,
    1.070558,
    1.043716,
    1.124431,
    1.082987,
    1.100018,
    1.117034,
    0.993841,
    1.02237,
    1.008857,
    0.99938,
    0.994547,
    0.893757,
    0.927541,
    0.896612,
    0.86099,
    0.876159,
    0.927265,
    0.851292,
    0.923655,
    0.880524,
    0.843159,
    0.814521,
    0.925477,
    0.845242,
    0.837969,
    0.83077,
    0.921871,
    0.802301,
    0.83517
  ],
  "train_total_loss": [
    2.461826,
    1.660953,
    1.483632,
    1.39487,
    1.331091,
    1.236279,
    1.205606,
    1.177547,
    1.237683,
    1.282272,
    1.247614,
    1.070558,
    1.043716,
    1.124431,
    1.082987,
    1.100018,
    1.117034,
    0.993841,
    1.02237,
    1.008857,
    0.99938,
    0.994547,
    0.893757,
    0.927541,
    0.896612,
    0.86099,
    0.876159,
    0.927265,
    0.851292,
    0.923655,
    0.880524,
    0.843159,
    0.814521,
    0.925477,
    0.845242,
    0.837969,
    0.83077,
    0.921871,
    0.802301,
    0.83517
  ],
  "learning_rates": [
    0.001,
    0.001,
    0.001,
    0.001,
    0.001,
    0.001,
    0.001,
    0.001,
    0.001,
    0.001,
    0.001,
    0.001,
    0.001,
    0.001,
    0.001,
    0.001,
    0.001,
    0.001,
    0.001,
    0.001,
    0.0005,
    0.0005,
    0.0005,
    0.0005,
    0.0005,
    0.0005,
    0.0005,
    0.0005,
    0.0005,
    0.0005,
    0.0005,
    0.0005,
    0.0005,
    0.0005,
    0.0005,
    0.0005,
    0.0005,
    0.0005,
    0.0005,
    0.0005
  ],
  "val_accuracy": [
    59.212778,
    68.568169,
    74.786081,
    75.413577,
    75.641757,
    76.896748,
    76.440388,
    77.353109,
    77.296064,
    77.866515,
    78.37992,
    79.007416,
    78.208785,
    78.26583,
    79.406731,
    79.064461,
    77.92356,
    78.551055,
    77.752424,
    78.436965,
    79.634912,
    79.749002,
    79.178551,
    79.007416,
    80.205362,
    79.178551,
    79.691957,
    79.977182,
    79.977182,
    79.178551,
    78.6081,
    79.064461,
    79.634912,
    79.749002,
    79.634912,
    78.665145,
    78.779236,
    79.349686,
    77.752424,
    79.064461
  ],
  "model_info": {
    "model_class": "BaseClassifier",
    "hidden_size": 128,
    "num_classes": 23,
    "emb_size_audio": 512,
    "emb_size_text": 512,
    "dropout": 0.1,
    "use_batch_norm": true,
    "mode": "both",
    "num_folds": 5,
    "fold_id": 1,
    "batch_size": 64,
    "random_seed": 1821
  }
}