{
  "train_cls_loss": [
    2.268124,
    1.38431,
    1.16699,
    1.072077,
    0.98723,
    0.961048,
    0.90651,
    0.883944,
    0.849986,
    0.820845,
    0.820936,
    0.772418,
    0.766451,
    0.735593,
    0.719854,
    0.727904,
    0.690255,
    0.687207,
    0.67835,
    0.658834,
    0.594412,
    0.561131,
    0.556405,
    0.54232,
    0.525488,
    0.522536,
    0.520598,
    0.503772,
    0.492277,
    0.506725,
    0.500846,
    0.476646,
    0.473187,
    0.474863,
    0.458069,
    0.452338,
    0.454473,
    0.446908,
    0.429836
  ],
  "train_total_loss": [
    2.268124,
    1.38431,
    1.16699,
    1.072077,
    0.98723,
    0.961048,
    0.90651,
    0.883944,
    0.849986,
    0.820845,
    0.820936,
    0.772418,
    0.766451,
    0.735593,
    0.719854,
    0.727904,
    0.690255,
    0.687207,
    0.67835,
    0.658834,
    0.594412,
    0.561131,
    0.556405,
    0.54232,
    0.525488,
    0.522536,
    0.520598,
    0.503772,
    0.492277,
    0.506725,
    0.500846,
    0.476646,
    0.473187,
    0.474863,
    0.458069,
    0.452338,
    0.454473,
    0.446908,
    0.429836
  ],
  "learning_rates": [
    0.001,
    0.001,
    0.001,
    0.001,
    0.001,
    0.001,
    0.001,
    0.001,
    0.001,
    0.001,
    0.001,
    0.001,
    0.001,
    0.001,
    0.001,
    0.001,
    0.001,
    0.001,
    0.001,
    0.001,
    0.0005,
    0.0005,
    0.0005,
    0.0005,
    0.0005,
    0.0005,
    0.0005,
    0.0005,
    0.0005,
    0.0005,
    0.0005,
    0.0005,
    0.0005,
    0.0005,
    0.0005,
    0.0005,
    0.0005,
    0.0005,
    0.0005
  ],
  "val_accuracy": [
    59.269823,
    66.115231,
    69.13862,
    74.671991,
    72.732459,
    73.64518,
    75.356532,
    74.443811,
    75.413577,
    75.128351,
    75.014261,
    75.527667,
    75.356532,
    75.413577,
    75.527667,
    76.098118,
    75.641757,
    75.926982,
    75.984027,
    76.953793,
    77.124929,
    76.896748,
    77.524244,
    77.809469,
    77.067884,
    76.839703,
    76.497433,
    77.638334,
    76.041072,
    76.725613,
    76.554478,
    76.839703,
    76.668568,
    76.953793,
    77.581289,
    76.725613,
    77.067884,
    76.839703,
    76.497433
  ],
  "model_info": {
    "model_class": "BaseClassifier",
    "hidden_size": 128,
    "num_classes": 23,
    "emb_size_audio": 512,
    "emb_size_text": 0,
    "dropout": 0.1,
    "use_batch_norm": true,
    "mode": "audio",
    "num_folds": 5,
    "fold_id": 3,
    "batch_size": 64,
    "random_seed": 1821
  }
}