{
  "attention_audio": [
    0.341062,
    0.376302,
    0.378904,
    0.374173,
    0.375307,
    0.377162,
    0.376859,
    0.373774,
    0.376738,
    0.38236,
    0.377731,
    0.376797,
    0.372519,
    0.376309,
    0.378059,
    0.376659,
    0.376721,
    0.373438,
    0.37474,
    0.37499,
    0.373021,
    0.373881,
    0.37175,
    0.377346,
    0.379518,
    0.38017,
    0.382159,
    0.382545,
    0.381497,
    0.380008,
    0.378462,
    0.379632,
    0.377189,
    0.379015,
    0.378392,
    0.381593,
    0.383974
  ],
  "attention_text": [
    0.380934,
    0.377653,
    0.374974,
    0.382414,
    0.373679,
    0.373392,
    0.38102,
    0.379409,
    0.382909,
    0.380126,
    0.381157,
    0.377465,
    0.381292,
    0.381668,
    0.3846,
    0.383317,
    0.383683,
    0.384477,
    0.385363,
    0.382264,
    0.381837,
    0.382946,
    0.385397,
    0.380242,
    0.379429,
    0.380713,
    0.377796,
    0.378003,
    0.379933,
    0.383411,
    0.385524,
    0.386299,
    0.388697,
    0.386842,
    0.387506,
    0.384535,
    0.380518
  ],
  "train_cls_loss": [
    2.380386,
    1.599484,
    1.45497,
    1.358763,
    1.322327,
    1.215484,
    1.234422,
    1.22166,
    1.148888,
    1.168072,
    1.146554,
    1.190288,
    1.145851,
    1.162989,
    1.076928,
    1.014561,
    1.043334,
    1.116796,
    1.033701,
    1.055172,
    0.969619,
    0.897219,
    0.890466,
    0.903714,
    0.900873,
    0.909685,
    0.97909,
    0.979505,
    0.891546,
    0.778348,
    0.923947,
    0.892055,
    0.827812,
    0.769347,
    0.894724,
    0.787194,
    0.796171
  ],
  "train_total_loss": [
    2.380386,
    1.599484,
    1.45497,
    1.358763,
    1.322327,
    1.215484,
    1.234422,
    1.22166,
    1.148888,
    1.168072,
    1.146554,
    1.190288,
    1.145851,
    1.162989,
    1.076928,
    1.014561,
    1.043334,
    1.116796,
    1.033701,
    1.055172,
    0.969619,
    0.897219,
    0.890466,
    0.903714,
    0.900873,
    0.909685,
    0.97909,
    0.979505,
    0.891546,
    0.778348,
    0.923947,
    0.892055,
    0.827812,
    0.769347,
    0.894724,
    0.787194,
    0.796171
  ],
  "learning_rates": [
    0.001,
    0.001,
    0.001,
    0.001,
    0.001,
    0.001,
    0.001,
    0.001,
    0.001,
    0.001,
    0.001,
    0.001,
    0.001,
    0.001,
    0.001,
    0.001,
    0.001,
    0.001,
    0.001,
    0.001,
    0.0005,
    0.0005,
    0.0005,
    0.0005,
    0.0005,
    0.0005,
    0.0005,
    0.0005,
    0.0005,
    0.0005,
    0.0005,
    0.0005,
    0.0005,
    0.0005,
    0.0005,
    0.0005,
    0.0005
  ],
  "val_accuracy": [
    61.209355,
    70.507701,
    73.474044,
    74.158585,
    76.725613,
    77.467199,
    77.353109,
    77.752424,
    77.752424,
    77.581289,
    78.950371,
    79.691957,
    80.262407,
    79.235596,
    78.49401,
    79.577867,
    79.463776,
    79.463776,
    79.292641,
    80.205362,
    80.775813,
    81.003993,
    80.091272,
    80.718768,
    79.920137,
    79.463776,
    81.003993,
    79.977182,
    79.691957,
    80.091272,
    80.376497,
    79.292641,
    79.463776,
    79.806047,
    80.775813,
    80.661723,
    77.92356
  ],
  "model_info": {
    "model_class": "BaseClassifier",
    "hidden_size": 128,
    "num_classes": 23,
    "emb_size_audio": 512,
    "emb_size_text": 512,
    "dropout": 0.1,
    "use_batch_norm": true,
    "mode": "both",
    "num_folds": 5,
    "fold_id": 0,
    "batch_size": 64,
    "random_seed": 1821
  }
}