{
  "train_cls_loss": [
    2.337997,
    1.611707,
    1.414522,
    1.309024,
    1.230135,
    1.180097,
    1.112482,
    1.052781,
    1.018703,
    0.990573,
    0.975459,
    0.933831,
    0.91588,
    0.894213,
    0.877004,
    0.841241,
    0.814298,
    0.807273,
    0.779338,
    0.755551,
    0.701945,
    0.648715,
    0.624214,
    0.618863,
    0.610795,
    0.587983,
    0.580635,
    0.564308,
    0.571224,
    0.554722,
    0.554697,
    0.533852,
    0.528152,
    0.511982,
    0.504277,
    0.496294,
    0.490671
  ],
  "train_total_loss": [
    2.337997,
    1.611707,
    1.414522,
    1.309024,
    1.230135,
    1.180097,
    1.112482,
    1.052781,
    1.018703,
    0.990573,
    0.975459,
    0.933831,
    0.91588,
    0.894213,
    0.877004,
    0.841241,
    0.814298,
    0.807273,
    0.779338,
    0.755551,
    0.701945,
    0.648715,
    0.624214,
    0.618863,
    0.610795,
    0.587983,
    0.580635,
    0.564308,
    0.571224,
    0.554722,
    0.554697,
    0.533852,
    0.528152,
    0.511982,
    0.504277,
    0.496294,
    0.490671
  ],
  "learning_rates": [
    0.001,
    0.001,
    0.001,
    0.001,
    0.001,
    0.001,
    0.001,
    0.001,
    0.001,
    0.001,
    0.001,
    0.001,
    0.001,
    0.001,
    0.001,
    0.001,
    0.001,
    0.001,
    0.001,
    0.001,
    0.0005,
    0.0005,
    0.0005,
    0.0005,
    0.0005,
    0.0005,
    0.0005,
    0.0005,
    0.0005,
    0.0005,
    0.0005,
    0.0005,
    0.0005,
    0.0005,
    0.0005,
    0.0005,
    0.0005
  ],
  "val_accuracy": [
    53.508272,
    59.612094,
    65.259555,
    68.967484,
    67.883628,
    69.93725,
    69.93725,
    71.819738,
    72.162008,
    72.333143,
    71.363377,
    71.876783,
    71.819738,
    71.762693,
    71.990873,
    72.219053,
    72.390188,
    72.276098,
    71.990873,
    71.705647,
    72.447233,
    74.557901,
    72.504278,
    73.816315,
    73.53109,
    73.245864,
    73.302909,
    72.903594,
    72.732459,
    72.162008,
    73.074729,
    73.017684,
    73.359954,
    72.732459,
    72.789504,
    72.960639,
    73.816315
  ],
  "model_info": {
    "model_class": "BaseClassifier",
    "hidden_size": 128,
    "num_classes": 23,
    "emb_size_audio": 768,
    "emb_size_text": 0,
    "dropout": 0.1,
    "use_batch_norm": true,
    "mode": "audio",
    "num_folds": 5,
    "fold_id": 1,
    "batch_size": 64,
    "random_seed": 1821
  }
}