{
  "attention_audio": [
    0.49597,
    0.487693,
    0.492809,
    0.492392,
    0.49098,
    0.491365,
    0.49232,
    0.493124,
    0.493077,
    0.494527,
    0.493402,
    0.498224,
    0.494389,
    0.49814,
    0.500309,
    0.500085,
    0.500482,
    0.501558,
    0.499555,
    0.504519,
    0.505504,
    0.507237,
    0.507209,
    0.508878,
    0.506822,
    0.508653,
    0.507819,
    0.504317,
    0.505796,
    0.506391,
    0.509454,
    0.508738,
    0.510168,
    0.512384,
    0.510763,
    0.511582,
    0.509959,
    0.509501,
    0.510315,
    0.511273,
    0.514762,
    0.513454,
    0.512953,
    0.5137,
    0.511469,
    0.509422,
    0.511599,
    0.513443,
    0.515288,
    0.514426,
    0.515122,
    0.515541
  ],
  "attention_text": [
    0.50403,
    0.512307,
    0.507191,
    0.507608,
    0.50902,
    0.508635,
    0.50768,
    0.506876,
    0.506923,
    0.505473,
    0.506598,
    0.501776,
    0.505611,
    0.50186,
    0.499691,
    0.499915,
    0.499518,
    0.498442,
    0.500445,
    0.495481,
    0.494496,
    0.492763,
    0.492791,
    0.491122,
    0.493178,
    0.491347,
    0.492181,
    0.495683,
    0.494204,
    0.493609,
    0.490546,
    0.491262,
    0.489832,
    0.487616,
    0.489237,
    0.488418,
    0.490041,
    0.490499,
    0.489685,
    0.488727,
    0.485238,
    0.486546,
    0.487047,
    0.4863,
    0.48853,
    0.490578,
    0.488401,
    0.486557,
    0.484712,
    0.485574,
    0.484878,
    0.484459
  ],
  "train_cls_loss": [
    2.149621,
    1.231969,
    1.040671,
    0.917608,
    0.869654,
    0.800673,
    0.770581,
    0.719896,
    0.725085,
    0.67705,
    0.659667,
    0.646847,
    0.61813,
    0.616718,
    0.594745,
    0.576714,
    0.559074,
    0.542595,
    0.527546,
    0.528055,
    0.450841,
    0.434909,
    0.414444,
    0.434113,
    0.411321,
    0.39445,
    0.388998,
    0.379699,
    0.376293,
    0.369658,
    0.376564,
    0.350972,
    0.352898,
    0.352494,
    0.357964,
    0.345079,
    0.323072,
    0.341376,
    0.318917,
    0.319741,
    0.284942,
    0.267242,
    0.269425,
    0.265491,
    0.255407,
    0.249743,
    0.25576,
    0.241769,
    0.243276,
    0.253479,
    0.23147,
    0.250777
  ],
  "train_total_loss": [
    2.149621,
    1.231969,
    1.040671,
    0.917608,
    0.869654,
    0.800673,
    0.770581,
    0.719896,
    0.725085,
    0.67705,
    0.659667,
    0.646847,
    0.61813,
    0.616718,
    0.594745,
    0.576714,
    0.559074,
    0.542595,
    0.527546,
    0.528055,
    0.450841,
    0.434909,
    0.414444,
    0.434113,
    0.411321,
    0.39445,
    0.388998,
    0.379699,
    0.376293,
    0.369658,
    0.376564,
    0.350972,
    0.352898,
    0.352494,
    0.357964,
    0.345079,
    0.323072,
    0.341376,
    0.318917,
    0.319741,
    0.284942,
    0.267242,
    0.269425,
    0.265491,
    0.255407,
    0.249743,
    0.25576,
    0.241769,
    0.243276,
    0.253479,
    0.23147,
    0.250777
  ],
  "learning_rates": [
    0.001,
    0.001,
    0.001,
    0.001,
    0.001,
    0.001,
    0.001,
    0.001,
    0.001,
    0.001,
    0.001,
    0.001,
    0.001,
    0.001,
    0.001,
    0.001,
    0.001,
    0.001,
    0.001,
    0.001,
    0.0005,
    0.0005,
    0.0005,
    0.0005,
    0.0005,
    0.0005,
    0.0005,
    0.0005,
    0.0005,
    0.0005,
    0.0005,
    0.0005,
    0.0005,
    0.0005,
    0.0005,
    0.0005,
    0.0005,
    0.0005,
    0.0005,
    0.0005,
    0.00025,
    0.00025,
    0.00025,
    0.00025,
    0.00025,
    0.00025,
    0.00025,
    0.00025,
    0.00025,
    0.00025,
    0.00025,
    0.00025
  ],
  "val_accuracy": [
    59.326868,
    68.282944,
    73.074729,
    73.588135,
    75.299487,
    78.15174,
    77.524244,
    76.953793,
    78.436965,
    77.181974,
    79.121506,
    78.950371,
    78.893326,
    79.749002,
    79.406731,
    79.691957,
    79.749002,
    78.665145,
    79.806047,
    78.665145,
    80.547633,
    80.661723,
    80.490588,
    80.490588,
    80.661723,
    80.490588,
    79.577867,
    80.205362,
    79.977182,
    80.148317,
    80.262407,
    79.577867,
    80.490588,
    80.091272,
    80.832858,
    80.319452,
    81.631489,
    81.061038,
    80.376497,
    80.205362,
    81.232173,
    80.262407,
    80.433542,
    80.148317,
    80.376497,
    80.148317,
    80.205362,
    79.977182,
    80.376497,
    80.376497,
    79.977182,
    79.691957
  ],
  "model_info": {
    "model_class": "BaseClassifier",
    "hidden_size": 128,
    "num_classes": 23,
    "emb_size_audio": 512,
    "emb_size_text": 512,
    "dropout": 0.1,
    "use_batch_norm": true,
    "mode": "both",
    "num_folds": 5,
    "fold_id": 0,
    "batch_size": 64,
    "random_seed": 1821
  }
}