{
  "attention_audio": [
    0.506303,
    0.475633,
    0.488832,
    0.500359,
    0.508158,
    0.51155,
    0.51717,
    0.522751,
    0.525471,
    0.530662,
    0.531719,
    0.533561,
    0.536325,
    0.532206,
    0.540456,
    0.545085,
    0.546099,
    0.547423,
    0.555505,
    0.555304,
    0.553119,
    0.558474,
    0.562421,
    0.568272,
    0.560855,
    0.566324,
    0.565057,
    0.564107,
    0.566216,
    0.567941,
    0.567895,
    0.570003,
    0.566909,
    0.565779,
    0.568532,
    0.56883
  ],
  "attention_text": [
    0.493697,
    0.524367,
    0.511168,
    0.499641,
    0.491842,
    0.48845,
    0.48283,
    0.477249,
    0.474529,
    0.469337,
    0.468281,
    0.46644,
    0.463675,
    0.467794,
    0.459544,
    0.454915,
    0.453901,
    0.452577,
    0.444495,
    0.444696,
    0.446881,
    0.441526,
    0.437579,
    0.431728,
    0.439145,
    0.433676,
    0.434943,
    0.435893,
    0.433784,
    0.432059,
    0.432105,
    0.429997,
    0.433091,
    0.434221,
    0.431469,
    0.43117
  ],
  "train_cls_loss": [
    2.285598,
    1.319693,
    1.06797,
    0.940083,
    0.852412,
    0.762892,
    0.729573,
    0.670127,
    0.635903,
    0.592193,
    0.559071,
    0.513579,
    0.509449,
    0.492997,
    0.468629,
    0.450323,
    0.439493,
    0.420299,
    0.386273,
    0.374344,
    0.305869,
    0.255732,
    0.237904,
    0.229784,
    0.210877,
    0.227331,
    0.205342,
    0.174294,
    0.192318,
    0.186143,
    0.178246,
    0.179256,
    0.157126,
    0.156524,
    0.151684,
    0.15764
  ],
  "train_total_loss": [
    2.285598,
    1.319693,
    1.06797,
    0.940083,
    0.852412,
    0.762892,
    0.729573,
    0.670127,
    0.635903,
    0.592193,
    0.559071,
    0.513579,
    0.509449,
    0.492997,
    0.468629,
    0.450323,
    0.439493,
    0.420299,
    0.386273,
    0.374344,
    0.305869,
    0.255732,
    0.237904,
    0.229784,
    0.210877,
    0.227331,
    0.205342,
    0.174294,
    0.192318,
    0.186143,
    0.178246,
    0.179256,
    0.157126,
    0.156524,
    0.151684,
    0.15764
  ],
  "learning_rates": [
    0.001,
    0.001,
    0.001,
    0.001,
    0.001,
    0.001,
    0.001,
    0.001,
    0.001,
    0.001,
    0.001,
    0.001,
    0.001,
    0.001,
    0.001,
    0.001,
    0.001,
    0.001,
    0.001,
    0.001,
    0.0005,
    0.0005,
    0.0005,
    0.0005,
    0.0005,
    0.0005,
    0.0005,
    0.0005,
    0.0005,
    0.0005,
    0.0005,
    0.0005,
    0.0005,
    0.0005,
    0.0005,
    0.0005
  ],
  "val_accuracy": [
    61.608671,
    70.907017,
    72.104963,
    74.443811,
    76.611523,
    77.296064,
    77.067884,
    77.010839,
    77.353109,
    77.92356,
    78.322875,
    77.980605,
    78.37992,
    78.6081,
    79.349686,
    78.950371,
    78.436965,
    78.436965,
    78.436965,
    77.809469,
    80.091272,
    79.691957,
    79.634912,
    78.15174,
    79.406731,
    79.634912,
    79.406731,
    78.37992,
    79.749002,
    78.37992,
    78.208785,
    78.37992,
    78.094695,
    78.436965,
    77.695379,
    78.6081
  ],
  "model_info": {
    "model_class": "BaseClassifier",
    "hidden_size": 128,
    "num_classes": 23,
    "emb_size_audio": 3840,
    "emb_size_text": 512,
    "dropout": 0.1,
    "use_batch_norm": true,
    "mode": "both",
    "num_folds": 5,
    "fold_id": 3,
    "batch_size": 64,
    "random_seed": 1821
  }
}