{
  "attention_audio": [
    0.540586,
    0.562824,
    0.567526,
    0.559357,
    0.55834,
    0.55741,
    0.562186,
    0.559048,
    0.556031,
    0.561688,
    0.567386,
    0.567573,
    0.56909,
    0.570434,
    0.573527,
    0.572646,
    0.576259,
    0.5777,
    0.577824,
    0.574957,
    0.578642,
    0.579893,
    0.578795,
    0.576175,
    0.579553,
    0.579978,
    0.583335,
    0.580773,
    0.581317,
    0.58075,
    0.579847,
    0.577593,
    0.579315,
    0.581121,
    0.581061,
    0.584555,
    0.5859,
    0.58554,
    0.584687,
    0.583169,
    0.583062,
    0.58404
  ],
  "attention_text": [
    0.459414,
    0.437176,
    0.432474,
    0.440643,
    0.44166,
    0.44259,
    0.437814,
    0.440952,
    0.443969,
    0.438312,
    0.432614,
    0.432427,
    0.43091,
    0.429566,
    0.426473,
    0.427354,
    0.423741,
    0.4223,
    0.422176,
    0.425043,
    0.421358,
    0.420107,
    0.421205,
    0.423825,
    0.420447,
    0.420022,
    0.416665,
    0.419227,
    0.418683,
    0.41925,
    0.420153,
    0.422407,
    0.420685,
    0.418879,
    0.418939,
    0.415445,
    0.4141,
    0.41446,
    0.415313,
    0.416831,
    0.416938,
    0.41596
  ],
  "train_cls_loss": [
    2.299003,
    1.517275,
    1.292137,
    1.1576,
    1.031391,
    0.974824,
    0.902807,
    0.843594,
    0.80388,
    0.768121,
    0.74309,
    0.720975,
    0.683556,
    0.655846,
    0.653466,
    0.632084,
    0.611477,
    0.580352,
    0.57565,
    0.552334,
    0.475058,
    0.427783,
    0.428464,
    0.427188,
    0.408886,
    0.396016,
    0.378694,
    0.389604,
    0.383562,
    0.370634,
    0.366438,
    0.343181,
    0.359358,
    0.349478,
    0.347602,
    0.32682,
    0.313963,
    0.322867,
    0.316334,
    0.30366,
    0.265588,
    0.24601
  ],
  "train_top_cls_loss": [
    0.705195,
    0.456546,
    0.415991,
    0.3934,
    0.371961,
    0.364727,
    0.347708,
    0.318773,
    0.321485,
    0.298793,
    0.296488,
    0.284129,
    0.271371,
    0.25581,
    0.265323,
    0.253299,
    0.24159,
    0.225081,
    0.22011,
    0.213794,
    0.186626,
    0.166929,
    0.159492,
    0.16058,
    0.159278,
    0.151495,
    0.145008,
    0.155662,
    0.151435,
    0.149067,
    0.149902,
    0.138176,
    0.149046,
    0.13675,
    0.141394,
    0.131616,
    0.122982,
    0.128207,
    0.125685,
    0.124607,
    0.108157,
    0.103284
  ],
  "train_total_loss": [
    3.356796,
    2.202094,
    1.916123,
    1.7477,
    1.589332,
    1.521914,
    1.424369,
    1.321754,
    1.286108,
    1.21631,
    1.187822,
    1.147168,
    1.090612,
    1.039561,
    1.05145,
    1.012033,
    0.973862,
    0.917973,
    0.905815,
    0.873025,
    0.754997,
    0.678177,
    0.667702,
    0.668058,
    0.647803,
    0.623259,
    0.596206,
    0.623098,
    0.610715,
    0.594235,
    0.591292,
    0.550445,
    0.582927,
    0.554603,
    0.559693,
    0.524244,
    0.498436,
    0.515177,
    0.504861,
    0.49057,
    0.427823,
    0.400935
  ],
  "learning_rates": [
    0.001,
    0.001,
    0.001,
    0.001,
    0.001,
    0.001,
    0.001,
    0.001,
    0.001,
    0.001,
    0.001,
    0.001,
    0.001,
    0.001,
    0.001,
    0.001,
    0.001,
    0.001,
    0.001,
    0.001,
    0.0005,
    0.0005,
    0.0005,
    0.0005,
    0.0005,
    0.0005,
    0.0005,
    0.0005,
    0.0005,
    0.0005,
    0.0005,
    0.0005,
    0.0005,
    0.0005,
    0.0005,
    0.0005,
    0.0005,
    0.0005,
    0.0005,
    0.0005,
    0.00025,
    0.00025
  ],
  "val_accuracy": [
    48.563218,
    55.114943,
    64.195402,
    73.62069,
    73.678161,
    73.275862,
    77.011494,
    78.103448,
    77.643678,
    78.16092,
    77.471264,
    78.735632,
    78.908046,
    79.482759,
    78.62069,
    77.011494,
    78.275862,
    78.908046,
    78.908046,
    78.62069,
    79.367816,
    79.195402,
    78.678161,
    79.712644,
    79.712644,
    79.367816,
    80.057471,
    79.195402,
    79.655172,
    80.0,
    79.827586,
    78.965517,
    78.16092,
    78.678161,
    79.597701,
    78.793103,
    79.08046,
    79.885057,
    79.770115,
    79.942529,
    79.137931,
    79.712644
  ],
  "model_info": {
    "model_class": "BaseClassifier",
    "hidden_size": 128,
    "num_classes": 23,
    "emb_size_audio": 1280,
    "emb_size_text": 512,
    "dropout": 0.1,
    "use_batch_norm": true,
    "mode": "both",
    "num_folds": 5,
    "fold_id": 1,
    "batch_size": 64,
    "random_seed": 1821
  }
}