{
  "attention_audio": [
    0.486312,
    0.503049,
    0.496086,
    0.500238,
    0.500779,
    0.501928,
    0.500541,
    0.50688,
    0.50842,
    0.510453,
    0.506725,
    0.506234,
    0.507115,
    0.509566,
    0.513192,
    0.512182,
    0.510761,
    0.509734,
    0.5107,
    0.5156,
    0.513058,
    0.513938,
    0.51558,
    0.512525,
    0.515308,
    0.513112,
    0.511569,
    0.514323,
    0.515026,
    0.514448,
    0.51792,
    0.514777,
    0.515002,
    0.515593,
    0.515015,
    0.514896,
    0.514053
  ],
  "attention_text": [
    0.513688,
    0.496951,
    0.503914,
    0.499762,
    0.499221,
    0.498072,
    0.499459,
    0.49312,
    0.49158,
    0.489547,
    0.493275,
    0.493766,
    0.492885,
    0.490434,
    0.486808,
    0.487818,
    0.489239,
    0.490266,
    0.4893,
    0.4844,
    0.486942,
    0.486062,
    0.48442,
    0.487475,
    0.484692,
    0.486888,
    0.488431,
    0.485677,
    0.484974,
    0.485552,
    0.48208,
    0.485223,
    0.484998,
    0.484407,
    0.484985,
    0.485104,
    0.485947
  ],
  "train_cls_loss": [
    1.510402,
    0.914248,
    0.71726,
    0.63511,
    0.578691,
    0.549033,
    0.530837,
    0.507342,
    0.483863,
    0.474469,
    0.436779,
    0.442541,
    0.427444,
    0.410712,
    0.398913,
    0.397736,
    0.386461,
    0.374607,
    0.369999,
    0.363529,
    0.323645,
    0.313014,
    0.298365,
    0.288323,
    0.295324,
    0.283777,
    0.293266,
    0.272423,
    0.265855,
    0.262591,
    0.252745,
    0.257758,
    0.245216,
    0.255609,
    0.237912,
    0.239431,
    0.237312
  ],
  "train_total_loss": [
    1.510402,
    0.914248,
    0.71726,
    0.63511,
    0.578691,
    0.549033,
    0.530837,
    0.507342,
    0.483863,
    0.474469,
    0.436779,
    0.442541,
    0.427444,
    0.410712,
    0.398913,
    0.397736,
    0.386461,
    0.374607,
    0.369999,
    0.363529,
    0.323645,
    0.313014,
    0.298365,
    0.288323,
    0.295324,
    0.283777,
    0.293266,
    0.272423,
    0.265855,
    0.262591,
    0.252745,
    0.257758,
    0.245216,
    0.255609,
    0.237912,
    0.239431,
    0.237312
  ],
  "learning_rates": [
    0.001,
    0.001,
    0.001,
    0.001,
    0.001,
    0.001,
    0.001,
    0.001,
    0.001,
    0.001,
    0.001,
    0.001,
    0.001,
    0.001,
    0.001,
    0.001,
    0.001,
    0.001,
    0.001,
    0.001,
    0.0005,
    0.0005,
    0.0005,
    0.0005,
    0.0005,
    0.0005,
    0.0005,
    0.0005,
    0.0005,
    0.0005,
    0.0005,
    0.0005,
    0.0005,
    0.0005,
    0.0005,
    0.0005,
    0.0005
  ],
  "val_accuracy": [
    58.128922,
    70.222476,
    72.675414,
    75.071306,
    75.984027,
    75.641757,
    77.124929,
    77.296064,
    76.326298,
    78.722191,
    77.296064,
    78.950371,
    78.03765,
    77.638334,
    79.292641,
    78.893326,
    79.920137,
    80.547633,
    80.433542,
    78.665145,
    80.376497,
    80.889903,
    80.490588,
    80.319452,
    80.661723,
    80.832858,
    80.034227,
    80.034227,
    80.091272,
    80.433542,
    80.661723,
    80.148317,
    79.863092,
    80.661723,
    79.863092,
    80.148317,
    79.749002
  ],
  "model_info": {
    "model_class": "BaseClassifier",
    "hidden_size": 128,
    "num_classes": 23,
    "emb_size_audio": 512,
    "emb_size_text": 512,
    "dropout": 0.1,
    "use_batch_norm": true,
    "mode": "both",
    "num_folds": 5,
    "fold_id": 4,
    "batch_size": 64,
    "random_seed": 1821
  }
}