{
  "train_cls_loss": [
    2.625861,
    2.04011,
    1.861437,
    1.78423,
    1.746838,
    1.701981,
    1.674838,
    1.633823,
    1.631519,
    1.608265,
    1.575704,
    1.571041,
    1.560857,
    1.529801,
    1.527954,
    1.511929,
    1.507156,
    1.481066,
    1.463515,
    1.457285,
    1.418419,
    1.395929,
    1.375695,
    1.359848,
    1.356259,
    1.343751,
    1.348384,
    1.330781,
    1.346672,
    1.343761,
    1.316092,
    1.316373,
    1.29953,
    1.293191,
    1.288244,
    1.2877,
    1.281263,
    1.274197,
    1.284876,
    1.254564,
    1.222785,
    1.225538,
    1.210329,
    1.197958,
    1.208108,
    1.185305,
    1.176736,
    1.20144,
    1.191617,
    1.170009,
    1.164819,
    1.162688,
    1.159945,
    1.149206,
    1.137097,
    1.13474,
    1.12386,
    1.12334,
    1.130031,
    1.128059,
    1.089152,
    1.095502,
    1.089763,
    1.090639,
    1.073715,
    1.080456
  ],
  "train_total_loss": [
    2.625861,
    2.04011,
    1.861437,
    1.78423,
    1.746838,
    1.701981,
    1.674838,
    1.633823,
    1.631519,
    1.608265,
    1.575704,
    1.571041,
    1.560857,
    1.529801,
    1.527954,
    1.511929,
    1.507156,
    1.481066,
    1.463515,
    1.457285,
    1.418419,
    1.395929,
    1.375695,
    1.359848,
    1.356259,
    1.343751,
    1.348384,
    1.330781,
    1.346672,
    1.343761,
    1.316092,
    1.316373,
    1.29953,
    1.293191,
    1.288244,
    1.2877,
    1.281263,
    1.274197,
    1.284876,
    1.254564,
    1.222785,
    1.225538,
    1.210329,
    1.197958,
    1.208108,
    1.185305,
    1.176736,
    1.20144,
    1.191617,
    1.170009,
    1.164819,
    1.162688,
    1.159945,
    1.149206,
    1.137097,
    1.13474,
    1.12386,
    1.12334,
    1.130031,
    1.128059,
    1.089152,
    1.095502,
    1.089763,
    1.090639,
    1.073715,
    1.080456
  ],
  "learning_rates": [
    0.001,
    0.001,
    0.001,
    0.001,
    0.001,
    0.001,
    0.001,
    0.001,
    0.001,
    0.001,
    0.001,
    0.001,
    0.001,
    0.001,
    0.001,
    0.001,
    0.001,
    0.001,
    0.001,
    0.001,
    0.0005,
    0.0005,
    0.0005,
    0.0005,
    0.0005,
    0.0005,
    0.0005,
    0.0005,
    0.0005,
    0.0005,
    0.0005,
    0.0005,
    0.0005,
    0.0005,
    0.0005,
    0.0005,
    0.0005,
    0.0005,
    0.0005,
    0.0005,
    0.00025,
    0.00025,
    0.00025,
    0.00025,
    0.00025,
    0.00025,
    0.00025,
    0.00025,
    0.00025,
    0.00025,
    0.00025,
    0.00025,
    0.00025,
    0.00025,
    0.00025,
    0.00025,
    0.00025,
    0.00025,
    0.00025,
    0.00025,
    0.000125,
    0.000125,
    0.000125,
    0.000125,
    0.000125,
    0.000125
  ],
  "val_accuracy": [
    39.361095,
    44.552196,
    48.260125,
    52.310325,
    54.021677,
    55.390759,
    56.075299,
    54.991443,
    55.447804,
    57.615516,
    56.87393,
    58.071877,
    58.699373,
    59.041643,
    59.212778,
    60.182544,
    59.498003,
    58.870508,
    60.239589,
    59.498003,
    61.950941,
    61.893896,
    62.407302,
    62.635482,
    61.494581,
    61.722761,
    61.779806,
    61.779806,
    62.863662,
    63.890473,
    63.434113,
    63.377068,
    64.004564,
    63.776383,
    63.377068,
    62.920707,
    63.776383,
    64.289789,
    61.950941,
    62.920707,
    64.803195,
    64.803195,
    64.460924,
    65.658871,
    64.118654,
    65.373645,
    64.86024,
    64.97433,
    65.601825,
    65.259555,
    66.799772,
    65.830006,
    65.373645,
    66.286366,
    64.97433,
    66.799772,
    65.944096,
    66.628637,
    66.058186,
    66.571592,
    66.514546,
    66.058186,
    66.286366,
    66.172276,
    66.571592,
    66.457501
  ],
  "model_info": {
    "model_class": "BaseClassifier",
    "hidden_size": 128,
    "num_classes": 23,
    "emb_size_audio": 512,
    "emb_size_text": 0,
    "dropout": 0.1,
    "use_batch_norm": true,
    "mode": "audio",
    "num_folds": 5,
    "fold_id": 3,
    "batch_size": 64,
    "random_seed": 1821
  }
}