{
  "attention_audio": [
    0.342521,
    0.377222,
    0.373599,
    0.37246,
    0.37046,
    0.376122,
    0.371399,
    0.375627,
    0.376015,
    0.378186,
    0.374953,
    0.372189,
    0.371756,
    0.372671,
    0.365881,
    0.372904,
    0.375462,
    0.376516,
    0.373565,
    0.374392,
    0.375887,
    0.378418,
    0.373772,
    0.373528,
    0.378461,
    0.379853,
    0.380072,
    0.380761,
    0.382819,
    0.383531,
    0.385428,
    0.384196,
    0.384355,
    0.381838,
    0.383781,
    0.382968
  ],
  "attention_text": [
    0.36129,
    0.366147,
    0.378164,
    0.381969,
    0.379467,
    0.376558,
    0.381249,
    0.377776,
    0.379512,
    0.381916,
    0.387214,
    0.38887,
    0.388502,
    0.393639,
    0.399534,
    0.390173,
    0.388946,
    0.3867,
    0.387561,
    0.391273,
    0.394873,
    0.391491,
    0.396074,
    0.393456,
    0.388348,
    0.390915,
    0.390761,
    0.392111,
    0.393791,
    0.389119,
    0.389213,
    0.390484,
    0.385453,
    0.390379,
    0.390328,
    0.389759
  ],
  "train_cls_loss": [
    2.342209,
    1.471006,
    1.257422,
    1.081042,
    1.01984,
    0.951207,
    0.885378,
    0.844469,
    0.806884,
    0.779048,
    0.730337,
    0.731414,
    0.709691,
    0.667418,
    0.664896,
    0.664703,
    0.629603,
    0.613015,
    0.620164,
    0.588187,
    0.514475,
    0.49086,
    0.473944,
    0.463708,
    0.459398,
    0.455286,
    0.427354,
    0.429805,
    0.412263,
    0.431543,
    0.408244,
    0.398009,
    0.389023,
    0.39794,
    0.378559,
    0.384553
  ],
  "train_top_cls_loss": [
    0.734058,
    0.47749,
    0.460695,
    0.40596,
    0.397046,
    0.393779,
    0.359569,
    0.355169,
    0.348297,
    0.340108,
    0.316412,
    0.321454,
    0.308459,
    0.297175,
    0.299809,
    0.293042,
    0.274864,
    0.267931,
    0.271163,
    0.256139,
    0.226182,
    0.219037,
    0.210947,
    0.206366,
    0.199833,
    0.199162,
    0.1876,
    0.192253,
    0.177091,
    0.18437,
    0.180807,
    0.179184,
    0.171903,
    0.173525,
    0.166224,
    0.169093
  ],
  "train_total_loss": [
    2.856049,
    1.805249,
    1.579909,
    1.365213,
    1.297772,
    1.226853,
    1.137076,
    1.093087,
    1.050692,
    1.017124,
    0.951826,
    0.956431,
    0.925612,
    0.87544,
    0.874762,
    0.869832,
    0.822008,
    0.800566,
    0.809977,
    0.767484,
    0.672802,
    0.644186,
    0.621607,
    0.608164,
    0.599281,
    0.594699,
    0.558674,
    0.564382,
    0.536226,
    0.560602,
    0.534809,
    0.523438,
    0.509355,
    0.519408,
    0.494916,
    0.502918
  ],
  "learning_rates": [
    0.001,
    0.001,
    0.001,
    0.001,
    0.001,
    0.001,
    0.001,
    0.001,
    0.001,
    0.001,
    0.001,
    0.001,
    0.001,
    0.001,
    0.001,
    0.001,
    0.001,
    0.001,
    0.001,
    0.001,
    0.0005,
    0.0005,
    0.0005,
    0.0005,
    0.0005,
    0.0005,
    0.0005,
    0.0005,
    0.0005,
    0.0005,
    0.0005,
    0.0005,
    0.0005,
    0.0005,
    0.0005,
    0.0005
  ],
  "val_accuracy": [
    52.13919,
    63.605248,
    69.880205,
    73.816315,
    74.32972,
    75.984027,
    75.926982,
    76.326298,
    77.866515,
    78.26583,
    78.665145,
    79.235596,
    77.467199,
    78.665145,
    79.178551,
    79.749002,
    79.178551,
    79.406731,
    79.292641,
    79.292641,
    80.775813,
    80.604678,
    79.463776,
    79.463776,
    79.749002,
    79.349686,
    80.091272,
    80.319452,
    79.977182,
    80.034227,
    79.349686,
    80.376497,
    79.977182,
    79.463776,
    79.463776,
    78.6081
  ],
  "model_info": {
    "model_class": "BaseClassifier",
    "hidden_size": 128,
    "num_classes": 23,
    "emb_size_audio": 512,
    "emb_size_text": 512,
    "dropout": 0.1,
    "use_batch_norm": true,
    "mode": "both",
    "num_folds": 5,
    "fold_id": 0,
    "batch_size": 64,
    "random_seed": 1821
  }
}