{
  "train_cls_loss": [
    2.172353,
    1.367763,
    1.182968,
    1.088185,
    1.028268,
    0.940234,
    0.900048,
    0.844415,
    0.8315,
    0.803394,
    0.742392,
    0.721428,
    0.700365,
    0.685102,
    0.670486,
    0.640409,
    0.627054,
    0.593392,
    0.579252,
    0.571497,
    0.48494,
    0.444493,
    0.438202,
    0.411174,
    0.408196,
    0.387639,
    0.385383,
    0.360105,
    0.359418,
    0.351174,
    0.34983,
    0.346684,
    0.323817,
    0.317416,
    0.317403,
    0.300646
  ],
  "train_top_cls_loss": [
    0.862331,
    0.551896,
    0.508639,
    0.473657,
    0.45257,
    0.416736,
    0.410574,
    0.38495,
    0.380082,
    0.374415,
    0.344615,
    0.337406,
    0.330832,
    0.318844,
    0.312424,
    0.30412,
    0.300888,
    0.283298,
    0.274469,
    0.270566,
    0.235367,
    0.214991,
    0.210446,
    0.19589,
    0.198532,
    0.188346,
    0.195064,
    0.179772,
    0.173391,
    0.17569,
    0.170731,
    0.172248,
    0.162546,
    0.160888,
    0.158174,
    0.156314
  ],
  "train_total_loss": [
    2.431052,
    1.533332,
    1.33556,
    1.230282,
    1.164039,
    1.065254,
    1.02322,
    0.9599,
    0.945525,
    0.915719,
    0.845776,
    0.82265,
    0.799614,
    0.780755,
    0.764213,
    0.731645,
    0.71732,
    0.678381,
    0.661592,
    0.652667,
    0.555551,
    0.50899,
    0.501336,
    0.469941,
    0.467756,
    0.444143,
    0.443902,
    0.414036,
    0.411435,
    0.403881,
    0.401049,
    0.398358,
    0.372581,
    0.365683,
    0.364855,
    0.34754
  ],
  "learning_rates": [
    0.001,
    0.001,
    0.001,
    0.001,
    0.001,
    0.001,
    0.001,
    0.001,
    0.001,
    0.001,
    0.001,
    0.001,
    0.001,
    0.001,
    0.001,
    0.001,
    0.001,
    0.001,
    0.001,
    0.001,
    0.0005,
    0.0005,
    0.0005,
    0.0005,
    0.0005,
    0.0005,
    0.0005,
    0.0005,
    0.0005,
    0.0005,
    0.0005,
    0.0005,
    0.0005,
    0.0005,
    0.0005,
    0.0005
  ],
  "val_accuracy": [
    60.45977,
    66.37931,
    70.632184,
    73.333333,
    72.068966,
    73.275862,
    74.137931,
    73.390805,
    74.252874,
    75.45977,
    75.114943,
    75.689655,
    75.402299,
    76.551724,
    75.91954,
    76.091954,
    76.781609,
    76.37931,
    76.034483,
    76.091954,
    77.356322,
    77.356322,
    77.068966,
    76.724138,
    76.436782,
    76.436782,
    76.83908,
    75.977011,
    76.37931,
    76.724138,
    77.068966,
    76.37931,
    76.954023,
    76.494253,
    75.977011,
    76.724138
  ],
  "model_info": {
    "model_class": "BaseClassifier",
    "hidden_size": 128,
    "num_classes": 23,
    "emb_size_audio": 1280,
    "emb_size_text": 0,
    "dropout": 0.1,
    "use_batch_norm": true,
    "mode": "audio",
    "num_folds": 5,
    "fold_id": 0,
    "batch_size": 64,
    "random_seed": 1821
  }
}