{
  "attention_audio": [
    0.457836,
    0.440826,
    0.429754,
    0.425984,
    0.417575,
    0.414395,
    0.413082,
    0.409835,
    0.406881,
    0.40686,
    0.408498,
    0.409885,
    0.413126,
    0.410529,
    0.415114,
    0.411792,
    0.418249,
    0.417943,
    0.416748,
    0.420923,
    0.422343,
    0.429742,
    0.428814,
    0.431086,
    0.428209,
    0.427513,
    0.431548,
    0.42901,
    0.43435,
    0.431796,
    0.431259,
    0.43154,
    0.433291
  ],
  "attention_text": [
    0.542164,
    0.559174,
    0.570246,
    0.574016,
    0.582425,
    0.585605,
    0.586918,
    0.590165,
    0.593119,
    0.59314,
    0.591502,
    0.590115,
    0.586874,
    0.589471,
    0.584886,
    0.588208,
    0.581751,
    0.582057,
    0.583252,
    0.579077,
    0.577657,
    0.570258,
    0.571186,
    0.568914,
    0.571791,
    0.572487,
    0.568452,
    0.57099,
    0.56565,
    0.568204,
    0.568741,
    0.56846,
    0.566709
  ],
  "train_cls_loss": [
    1.53014,
    1.066908,
    0.952607,
    0.878472,
    0.834261,
    0.792813,
    0.759022,
    0.731956,
    0.711386,
    0.689926,
    0.670877,
    0.653542,
    0.631312,
    0.624973,
    0.606889,
    0.589225,
    0.582531,
    0.57698,
    0.559926,
    0.543245,
    0.487196,
    0.468391,
    0.45763,
    0.448427,
    0.437821,
    0.430333,
    0.424131,
    0.41661,
    0.40838,
    0.399418,
    0.389638,
    0.38076,
    0.38218
  ],
  "train_total_loss": [
    1.53014,
    1.066908,
    0.952607,
    0.878472,
    0.834261,
    0.792813,
    0.759022,
    0.731956,
    0.711386,
    0.689926,
    0.670877,
    0.653542,
    0.631312,
    0.624973,
    0.606889,
    0.589225,
    0.582531,
    0.57698,
    0.559926,
    0.543245,
    0.487196,
    0.468391,
    0.45763,
    0.448427,
    0.437821,
    0.430333,
    0.424131,
    0.41661,
    0.40838,
    0.399418,
    0.389638,
    0.38076,
    0.38218
  ],
  "learning_rates": [
    0.001,
    0.001,
    0.001,
    0.001,
    0.001,
    0.001,
    0.001,
    0.001,
    0.001,
    0.001,
    0.001,
    0.001,
    0.001,
    0.001,
    0.001,
    0.001,
    0.001,
    0.001,
    0.001,
    0.001,
    0.0005,
    0.0005,
    0.0005,
    0.0005,
    0.0005,
    0.0005,
    0.0005,
    0.0005,
    0.0005,
    0.0005,
    0.0005,
    0.0005,
    0.0005
  ],
  "val_accuracy": [
    61.209355,
    71.135197,
    70.621791,
    73.64518,
    72.789504,
    76.269253,
    76.326298,
    74.21563,
    76.155163,
    75.812892,
    76.896748,
    75.984027,
    76.725613,
    76.497433,
    75.869937,
    76.383343,
    76.497433,
    78.26583,
    76.839703,
    76.269253,
    76.953793,
    76.782658,
    77.581289,
    77.752424,
    75.869937,
    77.124929,
    77.638334,
    77.124929,
    76.383343,
    77.581289,
    76.497433,
    75.984027,
    77.524244
  ],
  "model_info": {
    "model_class": "BaseClassifier",
    "hidden_size": 128,
    "num_classes": 23,
    "emb_size_audio": 512,
    "emb_size_text": 512,
    "dropout": 0.1,
    "use_batch_norm": true,
    "mode": "both",
    "num_folds": 5,
    "fold_id": 1,
    "batch_size": 64,
    "random_seed": 1821
  }
}