{
  "attention_audio": [
    0.50988,
    0.508044,
    0.513443,
    0.510738,
    0.515061,
    0.51035,
    0.509092,
    0.511353,
    0.508666,
    0.511406,
    0.514225,
    0.5126,
    0.510981,
    0.510484,
    0.508515,
    0.510779,
    0.512145,
    0.513376,
    0.516323,
    0.513009,
    0.513491,
    0.514751,
    0.516161,
    0.515432,
    0.513621,
    0.513642,
    0.516486,
    0.514359,
    0.515494,
    0.515378,
    0.518365,
    0.516103,
    0.517319,
    0.518814,
    0.519759,
    0.51937,
    0.513708,
    0.511011
  ],
  "attention_text": [
    0.49012,
    0.491956,
    0.486557,
    0.489262,
    0.484939,
    0.48965,
    0.490908,
    0.488647,
    0.491334,
    0.488594,
    0.485775,
    0.4874,
    0.489019,
    0.489516,
    0.491485,
    0.489221,
    0.487855,
    0.486624,
    0.483677,
    0.486991,
    0.486509,
    0.485249,
    0.483839,
    0.484568,
    0.486379,
    0.486358,
    0.483514,
    0.485641,
    0.484506,
    0.484622,
    0.481635,
    0.483897,
    0.482681,
    0.481186,
    0.480241,
    0.48063,
    0.486292,
    0.488989
  ],
  "train_cls_loss": [
    2.086665,
    1.356893,
    1.077295,
    0.980622,
    0.885007,
    0.821823,
    0.784724,
    0.760579,
    0.723704,
    0.716769,
    0.675926,
    0.666717,
    0.630683,
    0.615247,
    0.613829,
    0.591492,
    0.580222,
    0.567018,
    0.550108,
    0.534945,
    0.467199,
    0.454119,
    0.426646,
    0.419585,
    0.414174,
    0.399218,
    0.390888,
    0.391895,
    0.395278,
    0.374934,
    0.38943,
    0.375933,
    0.364002,
    0.356436,
    0.344176,
    0.346034,
    0.348421,
    0.334762
  ],
  "train_total_loss": [
    2.086665,
    1.356893,
    1.077295,
    0.980622,
    0.885007,
    0.821823,
    0.784724,
    0.760579,
    0.723704,
    0.716769,
    0.675926,
    0.666717,
    0.630683,
    0.615247,
    0.613829,
    0.591492,
    0.580222,
    0.567018,
    0.550108,
    0.534945,
    0.467199,
    0.454119,
    0.426646,
    0.419585,
    0.414174,
    0.399218,
    0.390888,
    0.391895,
    0.395278,
    0.374934,
    0.38943,
    0.375933,
    0.364002,
    0.356436,
    0.344176,
    0.346034,
    0.348421,
    0.334762
  ],
  "learning_rates": [
    0.001,
    0.001,
    0.001,
    0.001,
    0.001,
    0.001,
    0.001,
    0.001,
    0.001,
    0.001,
    0.001,
    0.001,
    0.001,
    0.001,
    0.001,
    0.001,
    0.001,
    0.001,
    0.001,
    0.001,
    0.0005,
    0.0005,
    0.0005,
    0.0005,
    0.0005,
    0.0005,
    0.0005,
    0.0005,
    0.0005,
    0.0005,
    0.0005,
    0.0005,
    0.0005,
    0.0005,
    0.0005,
    0.0005,
    0.0005,
    0.0005
  ],
  "val_accuracy": [
    55.675984,
    67.370222,
    71.762693,
    75.584712,
    76.953793,
    74.044495,
    73.074729,
    78.094695,
    77.353109,
    77.581289,
    79.007416,
    77.010839,
    79.863092,
    78.094695,
    79.977182,
    79.007416,
    80.034227,
    78.208785,
    77.524244,
    78.893326,
    80.148317,
    80.034227,
    80.490588,
    79.064461,
    80.091272,
    80.091272,
    79.520821,
    79.292641,
    80.376497,
    79.292641,
    79.806047,
    80.262407,
    79.691957,
    80.319452,
    78.722191,
    78.322875,
    79.749002,
    79.178551
  ],
  "model_info": {
    "model_class": "BaseClassifier",
    "hidden_size": 128,
    "num_classes": 23,
    "emb_size_audio": 512,
    "emb_size_text": 512,
    "dropout": 0.1,
    "use_batch_norm": true,
    "mode": "both",
    "num_folds": 5,
    "fold_id": 4,
    "batch_size": 64,
    "random_seed": 1821
  }
}