{
  "attention_audio": [
    0.335392,
    0.356617,
    0.354017,
    0.353563,
    0.356288,
    0.35951,
    0.36246,
    0.361482,
    0.358019,
    0.360669,
    0.362562,
    0.357937,
    0.357186,
    0.363653,
    0.364324,
    0.359945,
    0.361457,
    0.360634,
    0.365104,
    0.365813,
    0.360108,
    0.364192,
    0.36645,
    0.367932,
    0.369742,
    0.368902,
    0.370481,
    0.367069,
    0.372817,
    0.37237,
    0.376928,
    0.374179,
    0.371159,
    0.368857,
    0.375147,
    0.370641,
    0.369014,
    0.369141,
    0.369648,
    0.373663,
    0.37588,
    0.375999,
    0.377909,
    0.374414,
    0.376893,
    0.374957
  ],
  "attention_text": [
    0.340902,
    0.357008,
    0.361737,
    0.362784,
    0.363356,
    0.363974,
    0.36554,
    0.370811,
    0.371566,
    0.376006,
    0.371218,
    0.372166,
    0.373343,
    0.370946,
    0.375716,
    0.376089,
    0.370647,
    0.3715,
    0.367637,
    0.372297,
    0.372814,
    0.369875,
    0.369994,
    0.372074,
    0.373676,
    0.372744,
    0.373888,
    0.373069,
    0.368483,
    0.373529,
    0.371857,
    0.371106,
    0.371546,
    0.378411,
    0.370436,
    0.373005,
    0.375448,
    0.371935,
    0.36883,
    0.369842,
    0.371281,
    0.371531,
    0.371026,
    0.375244,
    0.373192,
    0.373665
  ],
  "train_cls_loss": [
    2.392211,
    1.397549,
    1.136615,
    1.015964,
    0.940952,
    0.880063,
    0.839917,
    0.808864,
    0.761583,
    0.745201,
    0.709948,
    0.6979,
    0.691788,
    0.668695,
    0.631393,
    0.623341,
    0.627013,
    0.59637,
    0.592213,
    0.560593,
    0.502532,
    0.46576,
    0.46026,
    0.445607,
    0.440373,
    0.42257,
    0.422535,
    0.418997,
    0.422899,
    0.401641,
    0.392734,
    0.377222,
    0.387313,
    0.370697,
    0.358633,
    0.361104,
    0.333915,
    0.355488,
    0.340705,
    0.325859,
    0.289706,
    0.287855,
    0.278332,
    0.274787,
    0.27788,
    0.267203
  ],
  "train_total_loss": [
    2.392211,
    1.397549,
    1.136615,
    1.015964,
    0.940952,
    0.880063,
    0.839917,
    0.808864,
    0.761583,
    0.745201,
    0.709948,
    0.6979,
    0.691788,
    0.668695,
    0.631393,
    0.623341,
    0.627013,
    0.59637,
    0.592213,
    0.560593,
    0.502532,
    0.46576,
    0.46026,
    0.445607,
    0.440373,
    0.42257,
    0.422535,
    0.418997,
    0.422899,
    0.401641,
    0.392734,
    0.377222,
    0.387313,
    0.370697,
    0.358633,
    0.361104,
    0.333915,
    0.355488,
    0.340705,
    0.325859,
    0.289706,
    0.287855,
    0.278332,
    0.274787,
    0.27788,
    0.267203
  ],
  "learning_rates": [
    0.001,
    0.001,
    0.001,
    0.001,
    0.001,
    0.001,
    0.001,
    0.001,
    0.001,
    0.001,
    0.001,
    0.001,
    0.001,
    0.001,
    0.001,
    0.001,
    0.001,
    0.001,
    0.001,
    0.001,
    0.0005,
    0.0005,
    0.0005,
    0.0005,
    0.0005,
    0.0005,
    0.0005,
    0.0005,
    0.0005,
    0.0005,
    0.0005,
    0.0005,
    0.0005,
    0.0005,
    0.0005,
    0.0005,
    0.0005,
    0.0005,
    0.0005,
    0.0005,
    0.00025,
    0.00025,
    0.00025,
    0.00025,
    0.00025,
    0.00025
  ],
  "val_accuracy": [
    58.071877,
    69.309755,
    73.87336,
    75.014261,
    77.866515,
    78.6081,
    77.866515,
    79.121506,
    79.235596,
    79.007416,
    78.665145,
    80.034227,
    80.547633,
    80.091272,
    79.749002,
    80.148317,
    78.094695,
    79.806047,
    80.148317,
    80.832858,
    80.832858,
    79.691957,
    80.148317,
    80.034227,
    79.349686,
    80.661723,
    80.376497,
    81.118083,
    79.691957,
    80.433542,
    81.574444,
    79.577867,
    80.490588,
    80.205362,
    79.920137,
    79.691957,
    79.121506,
    80.262407,
    79.691957,
    79.806047,
    80.148317,
    80.148317,
    79.863092,
    79.806047,
    79.977182,
    80.376497
  ],
  "model_info": {
    "model_class": "BaseClassifier",
    "hidden_size": 128,
    "num_classes": 23,
    "emb_size_audio": 512,
    "emb_size_text": 512,
    "dropout": 0.1,
    "use_batch_norm": true,
    "mode": "both",
    "num_folds": 5,
    "fold_id": 2,
    "batch_size": 64,
    "random_seed": 1821
  }
}