{
  "train_cls_loss": [
    2.446916,
    1.581976,
    1.349654,
    1.251016,
    1.186684,
    1.142206,
    1.102216,
    1.074693,
    0.994447,
    0.993473,
    0.969198,
    0.941723,
    0.928302,
    0.89151,
    0.895746,
    0.870663,
    0.841783,
    0.845199,
    0.838548,
    0.809427,
    0.716831,
    0.685119,
    0.693103,
    0.66403,
    0.6631,
    0.658934,
    0.638548,
    0.618813,
    0.600771,
    0.6054,
    0.589006,
    0.581995,
    0.580108,
    0.575354,
    0.572733,
    0.561317,
    0.547197,
    0.53358,
    0.531148,
    0.521885
  ],
  "train_total_loss": [
    2.446916,
    1.581976,
    1.349654,
    1.251016,
    1.186684,
    1.142206,
    1.102216,
    1.074693,
    0.994447,
    0.993473,
    0.969198,
    0.941723,
    0.928302,
    0.89151,
    0.895746,
    0.870663,
    0.841783,
    0.845199,
    0.838548,
    0.809427,
    0.716831,
    0.685119,
    0.693103,
    0.66403,
    0.6631,
    0.658934,
    0.638548,
    0.618813,
    0.600771,
    0.6054,
    0.589006,
    0.581995,
    0.580108,
    0.575354,
    0.572733,
    0.561317,
    0.547197,
    0.53358,
    0.531148,
    0.521885
  ],
  "learning_rates": [
    0.001,
    0.001,
    0.001,
    0.001,
    0.001,
    0.001,
    0.001,
    0.001,
    0.001,
    0.001,
    0.001,
    0.001,
    0.001,
    0.001,
    0.001,
    0.001,
    0.001,
    0.001,
    0.001,
    0.001,
    0.0005,
    0.0005,
    0.0005,
    0.0005,
    0.0005,
    0.0005,
    0.0005,
    0.0005,
    0.0005,
    0.0005,
    0.0005,
    0.0005,
    0.0005,
    0.0005,
    0.0005,
    0.0005,
    0.0005,
    0.0005,
    0.0005,
    0.0005
  ],
  "val_accuracy": [
    61.2664,
    67.370222,
    70.507701,
    71.762693,
    71.306332,
    74.557901,
    74.158585,
    74.557901,
    76.098118,
    74.557901,
    76.098118,
    75.185396,
    75.071306,
    76.497433,
    76.041072,
    74.957216,
    75.641757,
    76.782658,
    76.155163,
    76.554478,
    77.181974,
    76.611523,
    77.181974,
    75.755847,
    77.638334,
    76.497433,
    76.212208,
    76.269253,
    76.269253,
    75.470622,
    75.584712,
    76.554478,
    75.356532,
    76.098118,
    74.557901,
    75.413577,
    75.755847,
    75.641757,
    75.014261,
    76.440388
  ],
  "model_info": {
    "model_class": "BaseClassifier",
    "hidden_size": 128,
    "num_classes": 23,
    "emb_size_audio": 512,
    "emb_size_text": 0,
    "dropout": 0.1,
    "use_batch_norm": true,
    "mode": "audio",
    "num_folds": 5,
    "fold_id": 4,
    "batch_size": 64,
    "random_seed": 1821
  }
}