{
  "attention_audio": [
    0.506092,
    0.506186,
    0.501997,
    0.507553,
    0.511025,
    0.51351,
    0.513771,
    0.508095,
    0.509518,
    0.503274,
    0.506159,
    0.507889,
    0.509953,
    0.508305,
    0.512742,
    0.509706,
    0.511066,
    0.515783,
    0.514923,
    0.510171,
    0.517184,
    0.518544,
    0.517686,
    0.521804,
    0.517902,
    0.518028,
    0.518045,
    0.5167,
    0.522284,
    0.518837,
    0.522026,
    0.520276,
    0.52094,
    0.520956,
    0.523092,
    0.520269,
    0.519484
  ],
  "attention_text": [
    0.493908,
    0.493814,
    0.498003,
    0.492447,
    0.488975,
    0.48649,
    0.486229,
    0.491905,
    0.490482,
    0.496726,
    0.493841,
    0.492111,
    0.490047,
    0.491695,
    0.487258,
    0.490294,
    0.488934,
    0.484217,
    0.485077,
    0.489829,
    0.482816,
    0.481456,
    0.482314,
    0.478196,
    0.482098,
    0.481972,
    0.481954,
    0.4833,
    0.477716,
    0.481163,
    0.477974,
    0.479724,
    0.47906,
    0.479044,
    0.476908,
    0.479731,
    0.480516
  ],
  "train_cls_loss": [
    2.216583,
    1.340435,
    1.111715,
    1.005864,
    0.922897,
    0.885208,
    0.839448,
    0.805334,
    0.755432,
    0.723848,
    0.702574,
    0.664469,
    0.665428,
    0.648038,
    0.621908,
    0.620419,
    0.581864,
    0.57881,
    0.561402,
    0.541508,
    0.455359,
    0.439186,
    0.421425,
    0.415732,
    0.40007,
    0.398947,
    0.393547,
    0.391896,
    0.371645,
    0.367212,
    0.340488,
    0.357541,
    0.33847,
    0.335327,
    0.331798,
    0.32251,
    0.321815
  ],
  "train_contrastive_loss": [
    3.882849,
    3.643409,
    3.576854,
    3.543115,
    3.514134,
    3.492871,
    3.490307,
    3.458518,
    3.443263,
    3.439688,
    3.412416,
    3.398831,
    3.392692,
    3.395251,
    3.377435,
    3.373641,
    3.355778,
    3.360548,
    3.342072,
    3.339602,
    3.310172,
    3.293082,
    3.280492,
    3.275826,
    3.264797,
    3.274199,
    3.26498,
    3.259282,
    3.253115,
    3.248686,
    3.24556,
    3.240523,
    3.240629,
    3.243609,
    3.233611,
    3.224887,
    3.222999
  ],
  "train_total_loss": [
    4.158007,
    3.16214,
    2.900142,
    2.777421,
    2.679964,
    2.631644,
    2.584601,
    2.534593,
    2.477064,
    2.443692,
    2.408782,
    2.363884,
    2.361774,
    2.345663,
    2.310626,
    2.30724,
    2.259753,
    2.259084,
    2.232439,
    2.211309,
    2.110445,
    2.085727,
    2.061672,
    2.053645,
    2.032468,
    2.036047,
    2.026037,
    2.021537,
    1.998202,
    1.991555,
    1.963268,
    1.977803,
    1.958785,
    1.957131,
    1.948604,
    1.934953,
    1.933315
  ],
  "learning_rates": [
    0.001,
    0.001,
    0.001,
    0.001,
    0.001,
    0.001,
    0.001,
    0.001,
    0.001,
    0.001,
    0.001,
    0.001,
    0.001,
    0.001,
    0.001,
    0.001,
    0.001,
    0.001,
    0.001,
    0.001,
    0.0005,
    0.0005,
    0.0005,
    0.0005,
    0.0005,
    0.0005,
    0.0005,
    0.0005,
    0.0005,
    0.0005,
    0.0005,
    0.0005,
    0.0005,
    0.0005,
    0.0005,
    0.0005,
    0.0005
  ],
  "val_accuracy": [
    60.92413,
    69.880205,
    71.705647,
    72.789504,
    76.383343,
    77.010839,
    76.953793,
    78.094695,
    78.094695,
    79.634912,
    80.205362,
    78.551055,
    79.178551,
    79.577867,
    79.121506,
    78.26583,
    78.094695,
    79.520821,
    78.779236,
    79.406731,
    80.433542,
    81.175128,
    80.034227,
    79.406731,
    80.262407,
    80.148317,
    79.463776,
    79.691957,
    79.349686,
    79.806047,
    80.376497,
    79.977182,
    79.863092,
    79.634912,
    79.235596,
    80.433542,
    79.749002
  ],
  "model_info": {
    "model_class": "BaseClassifier",
    "hidden_size": 128,
    "num_classes": 23,
    "emb_size_audio": 512,
    "emb_size_text": 512,
    "dropout": 0.1,
    "use_batch_norm": true,
    "mode": "both",
    "num_folds": 5,
    "fold_id": 3,
    "batch_size": 64,
    "random_seed": 1821
  }
}