{
  "attention_audio": [
    0.473872,
    0.486825,
    0.488218,
    0.486596,
    0.487741,
    0.489242,
    0.489649,
    0.487658,
    0.49101,
    0.490201,
    0.49204,
    0.489087,
    0.488098,
    0.488693,
    0.487555,
    0.488309,
    0.490426,
    0.49241,
    0.489494,
    0.48964,
    0.491337,
    0.49084,
    0.494351,
    0.493061,
    0.493633,
    0.492641,
    0.494014,
    0.492317,
    0.494103,
    0.495571,
    0.494886,
    0.49606,
    0.497171,
    0.496171
  ],
  "attention_text": [
    0.526128,
    0.513175,
    0.511782,
    0.513404,
    0.512259,
    0.510758,
    0.510351,
    0.512342,
    0.50899,
    0.509799,
    0.50796,
    0.510913,
    0.511902,
    0.511307,
    0.512445,
    0.511691,
    0.509574,
    0.50759,
    0.510506,
    0.51036,
    0.508663,
    0.50916,
    0.505649,
    0.506939,
    0.506367,
    0.507359,
    0.505986,
    0.507684,
    0.505897,
    0.504429,
    0.505114,
    0.50394,
    0.502829,
    0.503829
  ],
  "train_cls_loss": [
    2.481864,
    1.703645,
    1.620217,
    1.484871,
    1.412922,
    1.409408,
    1.342158,
    1.264866,
    1.248692,
    1.474272,
    1.269059,
    1.216819,
    1.224718,
    1.197065,
    1.252771,
    1.136269,
    1.099527,
    1.115575,
    1.234887,
    1.177029,
    1.126868,
    1.127173,
    0.991959,
    0.99665,
    0.96818,
    1.022432,
    0.942548,
    0.949547,
    0.969889,
    0.888351,
    0.983263,
    0.980802,
    0.923846,
    0.895968
  ],
  "train_total_loss": [
    2.481864,
    1.703645,
    1.620217,
    1.484871,
    1.412922,
    1.409408,
    1.342158,
    1.264866,
    1.248692,
    1.474272,
    1.269059,
    1.216819,
    1.224718,
    1.197065,
    1.252771,
    1.136269,
    1.099527,
    1.115575,
    1.234887,
    1.177029,
    1.126868,
    1.127173,
    0.991959,
    0.99665,
    0.96818,
    1.022432,
    0.942548,
    0.949547,
    0.969889,
    0.888351,
    0.983263,
    0.980802,
    0.923846,
    0.895968
  ],
  "learning_rates": [
    0.001,
    0.001,
    0.001,
    0.001,
    0.001,
    0.001,
    0.001,
    0.001,
    0.001,
    0.001,
    0.001,
    0.001,
    0.001,
    0.001,
    0.001,
    0.001,
    0.001,
    0.001,
    0.001,
    0.001,
    0.0005,
    0.0005,
    0.0005,
    0.0005,
    0.0005,
    0.0005,
    0.0005,
    0.0005,
    0.0005,
    0.0005,
    0.0005,
    0.0005,
    0.0005,
    0.0005
  ],
  "val_accuracy": [
    60.69595,
    69.994295,
    72.390188,
    77.581289,
    76.782658,
    78.15174,
    78.665145,
    77.980605,
    80.262407,
    79.178551,
    79.920137,
    79.349686,
    80.832858,
    78.322875,
    79.920137,
    79.349686,
    80.376497,
    78.836281,
    81.517399,
    80.490588,
    80.433542,
    81.118083,
    81.003993,
    80.832858,
    80.832858,
    81.346264,
    80.832858,
    80.205362,
    79.463776,
    80.604678,
    80.889903,
    80.034227,
    80.034227,
    80.547633
  ],
  "model_info": {
    "model_class": "BaseClassifier",
    "hidden_size": 128,
    "num_classes": 23,
    "emb_size_audio": 512,
    "emb_size_text": 512,
    "dropout": 0.1,
    "use_batch_norm": true,
    "mode": "both",
    "num_folds": 5,
    "fold_id": 3,
    "batch_size": 64,
    "random_seed": 1821
  }
}