{
  "attention_audio": [
    0.333044,
    0.318254,
    0.311795,
    0.304457,
    0.303487,
    0.299196,
    0.29901,
    0.296927,
    0.295597,
    0.293879,
    0.292704,
    0.295639,
    0.296636,
    0.294987,
    0.29587,
    0.297644,
    0.297054,
    0.299907,
    0.292992,
    0.295146,
    0.298124,
    0.297216,
    0.297345,
    0.297003,
    0.299883,
    0.301777,
    0.296114,
    0.300739,
    0.300409,
    0.297846,
    0.294437,
    0.298198,
    0.298109,
    0.29855,
    0.300258,
    0.296169,
    0.295902,
    0.296894,
    0.298461,
    0.303051,
    0.302339,
    0.298942,
    0.301047,
    0.29771,
    0.300379,
    0.299283,
    0.298786,
    0.296935,
    0.299625,
    0.298672,
    0.297489,
    0.298652,
    0.297651,
    0.296147,
    0.299947,
    0.299904,
    0.299322,
    0.296876
  ],
  "attention_text": [
    0.417937,
    0.442921,
    0.455994,
    0.469964,
    0.474437,
    0.480195,
    0.481373,
    0.483543,
    0.484027,
    0.486384,
    0.479982,
    0.475187,
    0.476228,
    0.469573,
    0.467412,
    0.464754,
    0.459732,
    0.450146,
    0.446266,
    0.442244,
    0.434155,
    0.429947,
    0.425184,
    0.424823,
    0.420445,
    0.422582,
    0.415356,
    0.416216,
    0.417194,
    0.410839,
    0.406932,
    0.408673,
    0.411379,
    0.403119,
    0.406513,
    0.399878,
    0.395491,
    0.399752,
    0.398572,
    0.39805,
    0.393224,
    0.392806,
    0.389769,
    0.390431,
    0.388004,
    0.387007,
    0.392145,
    0.388579,
    0.393064,
    0.392836,
    0.385219,
    0.384064,
    0.387318,
    0.383602,
    0.385358,
    0.385163,
    0.385206,
    0.383756
  ],
  "train_cls_loss": [
    1.816679,
    1.403524,
    1.302777,
    1.238337,
    1.192331,
    1.169401,
    1.10991,
    1.103355,
    1.082599,
    1.062474,
    1.062472,
    1.026547,
    1.014295,
    1.019674,
    0.967237,
    0.981774,
    0.966413,
    0.946392,
    0.950525,
    0.947905,
    0.892685,
    0.866462,
    0.858099,
    0.861093,
    0.873084,
    0.81565,
    0.844767,
    0.836565,
    0.813784,
    0.826448,
    0.846594,
    0.822228,
    0.762364,
    0.784141,
    0.786874,
    0.807169,
    0.800554,
    0.796347,
    0.792277,
    0.755352,
    0.711505,
    0.706219,
    0.716101,
    0.694858,
    0.707305,
    0.721212,
    0.723724,
    0.751326,
    0.672852,
    0.669734,
    0.713071,
    0.698381,
    0.706851,
    0.721438,
    0.707686,
    0.663419,
    0.694514,
    0.699592
  ],
  "train_total_loss": [
    1.816679,
    1.403524,
    1.302777,
    1.238337,
    1.192331,
    1.169401,
    1.10991,
    1.103355,
    1.082599,
    1.062474,
    1.062472,
    1.026547,
    1.014295,
    1.019674,
    0.967237,
    0.981774,
    0.966413,
    0.946392,
    0.950525,
    0.947905,
    0.892685,
    0.866462,
    0.858099,
    0.861093,
    0.873084,
    0.81565,
    0.844767,
    0.836565,
    0.813784,
    0.826448,
    0.846594,
    0.822228,
    0.762364,
    0.784141,
    0.786874,
    0.807169,
    0.800554,
    0.796347,
    0.792277,
    0.755352,
    0.711505,
    0.706219,
    0.716101,
    0.694858,
    0.707305,
    0.721212,
    0.723724,
    0.751326,
    0.672852,
    0.669734,
    0.713071,
    0.698381,
    0.706851,
    0.721438,
    0.707686,
    0.663419,
    0.694514,
    0.699592
  ],
  "learning_rates": [
    0.001,
    0.001,
    0.001,
    0.001,
    0.001,
    0.001,
    0.001,
    0.001,
    0.001,
    0.001,
    0.001,
    0.001,
    0.001,
    0.001,
    0.001,
    0.001,
    0.001,
    0.001,
    0.001,
    0.001,
    0.0005,
    0.0005,
    0.0005,
    0.0005,
    0.0005,
    0.0005,
    0.0005,
    0.0005,
    0.0005,
    0.0005,
    0.0005,
    0.0005,
    0.0005,
    0.0005,
    0.0005,
    0.0005,
    0.0005,
    0.0005,
    0.0005,
    0.0005,
    0.00025,
    0.00025,
    0.00025,
    0.00025,
    0.00025,
    0.00025,
    0.00025,
    0.00025,
    0.00025,
    0.00025,
    0.00025,
    0.00025,
    0.00025,
    0.00025,
    0.00025,
    0.00025,
    0.00025,
    0.00025
  ],
  "val_accuracy": [
    62.407302,
    69.70907,
    71.477467,
    73.98745,
    74.957216,
    72.960639,
    76.326298,
    75.014261,
    75.356532,
    76.896748,
    75.413577,
    75.584712,
    74.500856,
    76.839703,
    75.869937,
    74.786081,
    76.098118,
    76.725613,
    75.185396,
    75.755847,
    77.010839,
    75.755847,
    76.896748,
    77.410154,
    77.353109,
    77.239019,
    76.725613,
    77.067884,
    76.611523,
    77.581289,
    76.896748,
    76.269253,
    76.896748,
    76.440388,
    76.326298,
    76.953793,
    75.984027,
    76.725613,
    77.067884,
    77.410154,
    77.638334,
    77.353109,
    78.208785,
    78.208785,
    76.440388,
    76.896748,
    76.497433,
    77.92356,
    77.296064,
    76.896748,
    76.440388,
    76.611523,
    76.554478,
    76.668568,
    76.896748,
    77.866515,
    77.010839,
    76.725613
  ],
  "model_info": {
    "model_class": "BaseClassifier",
    "hidden_size": 128,
    "num_classes": 23,
    "emb_size_audio": 512,
    "emb_size_text": 512,
    "dropout": 0.1,
    "use_batch_norm": true,
    "mode": "both",
    "num_folds": 5,
    "fold_id": 3,
    "batch_size": 64,
    "random_seed": 1821
  }
}