{
  "train_cls_loss": [
    2.285148,
    1.432347,
    1.239641,
    1.105405,
    1.016178,
    0.963592,
    0.907113,
    0.85897,
    0.837401,
    0.79622,
    0.783156,
    0.761853,
    0.735063,
    0.694267,
    0.685588,
    0.661778,
    0.643515,
    0.591654,
    0.606618,
    0.573089,
    0.508914,
    0.467662,
    0.437191,
    0.421446,
    0.424159,
    0.413457,
    0.390249,
    0.369796,
    0.375721,
    0.3712,
    0.369905,
    0.341925,
    0.345606,
    0.341989,
    0.334135,
    0.323447,
    0.313982,
    0.31027,
    0.308547,
    0.296685,
    0.263441,
    0.258917,
    0.246246,
    0.239506
  ],
  "train_top_cls_loss": [
    0.775317,
    0.526286,
    0.497036,
    0.465446,
    0.424285,
    0.420492,
    0.391291,
    0.376743,
    0.368131,
    0.349591,
    0.351372,
    0.327229,
    0.323783,
    0.302814,
    0.290065,
    0.298108,
    0.287724,
    0.258976,
    0.262279,
    0.256397,
    0.217571,
    0.202438,
    0.187523,
    0.182817,
    0.189556,
    0.181129,
    0.169742,
    0.166309,
    0.160315,
    0.163277,
    0.161654,
    0.14716,
    0.157846,
    0.144174,
    0.151059,
    0.143112,
    0.147088,
    0.137223,
    0.139961,
    0.140913,
    0.122757,
    0.11841,
    0.118448,
    0.114393
  ],
  "train_total_loss": [
    2.82787,
    1.800747,
    1.587566,
    1.431218,
    1.313177,
    1.257936,
    1.181017,
    1.12269,
    1.095093,
    1.040934,
    1.029116,
    0.990913,
    0.961711,
    0.906237,
    0.888634,
    0.870454,
    0.844921,
    0.772938,
    0.790213,
    0.752567,
    0.661213,
    0.609368,
    0.568457,
    0.549418,
    0.556848,
    0.540247,
    0.509068,
    0.486212,
    0.487941,
    0.485494,
    0.483063,
    0.444937,
    0.456098,
    0.442911,
    0.439876,
    0.423626,
    0.416944,
    0.406327,
    0.406519,
    0.395324,
    0.349371,
    0.341805,
    0.32916,
    0.319581
  ],
  "learning_rates": [
    0.001,
    0.001,
    0.001,
    0.001,
    0.001,
    0.001,
    0.001,
    0.001,
    0.001,
    0.001,
    0.001,
    0.001,
    0.001,
    0.001,
    0.001,
    0.001,
    0.001,
    0.001,
    0.001,
    0.001,
    0.0005,
    0.0005,
    0.0005,
    0.0005,
    0.0005,
    0.0005,
    0.0005,
    0.0005,
    0.0005,
    0.0005,
    0.0005,
    0.0005,
    0.0005,
    0.0005,
    0.0005,
    0.0005,
    0.0005,
    0.0005,
    0.0005,
    0.0005,
    0.00025,
    0.00025,
    0.00025,
    0.00025
  ],
  "val_accuracy": [
    54.885057,
    64.252874,
    66.896552,
    69.827586,
    71.896552,
    70.574713,
    74.137931,
    74.252874,
    72.471264,
    74.367816,
    75.45977,
    75.91954,
    75.632184,
    76.206897,
    76.896552,
    75.114943,
    76.436782,
    75.45977,
    76.091954,
    75.574713,
    77.298851,
    76.37931,
    76.896552,
    76.609195,
    75.747126,
    75.862069,
    76.436782,
    75.402299,
    77.643678,
    76.37931,
    76.321839,
    77.471264,
    75.517241,
    75.862069,
    75.747126,
    75.402299,
    75.45977,
    76.034483,
    75.45977,
    77.011494,
    76.724138,
    76.896552,
    76.206897,
    76.609195
  ],
  "model_info": {
    "model_class": "BaseClassifier",
    "hidden_size": 128,
    "num_classes": 23,
    "emb_size_audio": 1280,
    "emb_size_text": 0,
    "dropout": 0.1,
    "use_batch_norm": true,
    "mode": "audio",
    "num_folds": 5,
    "fold_id": 3,
    "batch_size": 64,
    "random_seed": 1821
  }
}