{
  "attention_audio": [
    0.522768,
    0.51552,
    0.5198,
    0.524151,
    0.525608,
    0.525088,
    0.527606,
    0.530538,
    0.534279,
    0.538951,
    0.541564,
    0.54237,
    0.544494,
    0.549212,
    0.543796,
    0.543969,
    0.546084,
    0.551593,
    0.554657,
    0.555803,
    0.55577,
    0.557996,
    0.556176,
    0.558429,
    0.554727,
    0.558699,
    0.559671,
    0.557308,
    0.559243,
    0.561191,
    0.562597,
    0.559675,
    0.563566,
    0.564233,
    0.562269,
    0.56434,
    0.567391,
    0.56784,
    0.568763,
    0.569405,
    0.569061
  ],
  "attention_text": [
    0.477232,
    0.48448,
    0.4802,
    0.475849,
    0.474392,
    0.474912,
    0.472394,
    0.469462,
    0.465721,
    0.461049,
    0.458436,
    0.45763,
    0.455506,
    0.450788,
    0.456204,
    0.456031,
    0.453916,
    0.448407,
    0.445343,
    0.444197,
    0.44423,
    0.442004,
    0.443824,
    0.441571,
    0.445273,
    0.441301,
    0.440329,
    0.442692,
    0.440757,
    0.438809,
    0.437403,
    0.440325,
    0.436434,
    0.435767,
    0.437731,
    0.43566,
    0.432609,
    0.43216,
    0.431237,
    0.430595,
    0.430939
  ],
  "train_cls_loss": [
    2.223554,
    1.358907,
    1.099386,
    0.970703,
    0.898957,
    0.840063,
    0.807383,
    0.773825,
    0.729433,
    0.684232,
    0.689087,
    0.655315,
    0.637582,
    0.600114,
    0.580263,
    0.567759,
    0.556773,
    0.526327,
    0.50668,
    0.502035,
    0.421248,
    0.391444,
    0.392224,
    0.366756,
    0.357885,
    0.356009,
    0.340094,
    0.348743,
    0.331678,
    0.30926,
    0.301255,
    0.299719,
    0.291507,
    0.28721,
    0.286206,
    0.270824,
    0.285278,
    0.261456,
    0.254004,
    0.251933,
    0.23773
  ],
  "train_top_cls_loss": [
    0.835951,
    0.507338,
    0.438208,
    0.40734,
    0.39691,
    0.36751,
    0.35543,
    0.338294,
    0.327085,
    0.31953,
    0.315498,
    0.293007,
    0.28704,
    0.281256,
    0.269082,
    0.259737,
    0.263574,
    0.241544,
    0.223844,
    0.239146,
    0.193263,
    0.176868,
    0.183886,
    0.169333,
    0.168496,
    0.17037,
    0.151848,
    0.163793,
    0.153661,
    0.141992,
    0.136088,
    0.136976,
    0.133829,
    0.136627,
    0.134252,
    0.127624,
    0.133905,
    0.126122,
    0.123773,
    0.116556,
    0.116131
  ],
  "train_total_loss": [
    2.64153,
    1.612576,
    1.31849,
    1.174372,
    1.097412,
    1.023818,
    0.985098,
    0.942972,
    0.892976,
    0.843997,
    0.846836,
    0.801818,
    0.781102,
    0.740742,
    0.714804,
    0.697628,
    0.68856,
    0.647099,
    0.618602,
    0.621608,
    0.517879,
    0.479878,
    0.484167,
    0.451423,
    0.442133,
    0.441194,
    0.416018,
    0.43064,
    0.408508,
    0.380256,
    0.369299,
    0.368206,
    0.358422,
    0.355524,
    0.353331,
    0.334636,
    0.35223,
    0.324517,
    0.315891,
    0.310211,
    0.295796
  ],
  "learning_rates": [
    0.001,
    0.001,
    0.001,
    0.001,
    0.001,
    0.001,
    0.001,
    0.001,
    0.001,
    0.001,
    0.001,
    0.001,
    0.001,
    0.001,
    0.001,
    0.001,
    0.001,
    0.001,
    0.001,
    0.001,
    0.0005,
    0.0005,
    0.0005,
    0.0005,
    0.0005,
    0.0005,
    0.0005,
    0.0005,
    0.0005,
    0.0005,
    0.0005,
    0.0005,
    0.0005,
    0.0005,
    0.0005,
    0.0005,
    0.0005,
    0.0005,
    0.0005,
    0.0005,
    0.00025
  ],
  "val_accuracy": [
    57.356322,
    68.735632,
    73.908046,
    75.45977,
    76.149425,
    75.517241,
    76.264368,
    77.873563,
    76.609195,
    78.448276,
    78.505747,
    77.643678,
    77.988506,
    77.298851,
    78.793103,
    79.137931,
    78.390805,
    78.218391,
    77.126437,
    78.448276,
    78.390805,
    78.045977,
    78.333333,
    78.218391,
    78.448276,
    79.367816,
    78.275862,
    78.448276,
    78.793103,
    78.333333,
    78.16092,
    78.390805,
    78.505747,
    78.965517,
    78.103448,
    77.643678,
    77.586207,
    77.011494,
    79.367816,
    77.758621,
    77.816092
  ],
  "model_info": {
    "model_class": "BaseClassifier",
    "hidden_size": 128,
    "num_classes": 23,
    "emb_size_audio": 1280,
    "emb_size_text": 512,
    "dropout": 0.1,
    "use_batch_norm": true,
    "mode": "both",
    "num_folds": 5,
    "fold_id": 3,
    "batch_size": 64,
    "random_seed": 1821
  }
}