{
  "train_cls_loss": [
    2.529276,
    1.867118,
    1.714769,
    1.578789,
    1.556333,
    1.55036,
    1.398406,
    1.440972,
    1.370887,
    1.26993,
    1.304711,
    1.248069,
    1.329041,
    1.338895,
    1.191254,
    1.191792,
    1.169922,
    1.186524,
    1.157585,
    1.097472,
    1.137682,
    1.121522,
    1.116723,
    1.07214,
    1.029475,
    1.016674,
    1.006266,
    0.984833,
    0.943568,
    1.006815,
    0.907137,
    0.942715,
    0.984098,
    0.914594,
    0.937156,
    0.891082,
    0.91027,
    0.985893,
    0.884538
  ],
  "train_total_loss": [
    2.529276,
    1.867118,
    1.714769,
    1.578789,
    1.556333,
    1.55036,
    1.398406,
    1.440972,
    1.370887,
    1.26993,
    1.304711,
    1.248069,
    1.329041,
    1.338895,
    1.191254,
    1.191792,
    1.169922,
    1.186524,
    1.157585,
    1.097472,
    1.137682,
    1.121522,
    1.116723,
    1.07214,
    1.029475,
    1.016674,
    1.006266,
    0.984833,
    0.943568,
    1.006815,
    0.907137,
    0.942715,
    0.984098,
    0.914594,
    0.937156,
    0.891082,
    0.91027,
    0.985893,
    0.884538
  ],
  "learning_rates": [
    0.001,
    0.001,
    0.001,
    0.001,
    0.001,
    0.001,
    0.001,
    0.001,
    0.001,
    0.001,
    0.001,
    0.001,
    0.001,
    0.001,
    0.001,
    0.001,
    0.001,
    0.001,
    0.001,
    0.001,
    0.0005,
    0.0005,
    0.0005,
    0.0005,
    0.0005,
    0.0005,
    0.0005,
    0.0005,
    0.0005,
    0.0005,
    0.0005,
    0.0005,
    0.0005,
    0.0005,
    0.0005,
    0.0005,
    0.0005,
    0.0005,
    0.0005
  ],
  "val_accuracy": [
    51.968055,
    58.243012,
    64.632059,
    66.970907,
    70.507701,
    69.82316,
    69.59498,
    71.135197,
    72.903594,
    71.078152,
    71.933828,
    72.561323,
    71.648602,
    72.561323,
    73.245864,
    71.876783,
    72.846549,
    73.074729,
    73.75927,
    72.561323,
    73.017684,
    73.188819,
    73.930405,
    74.729036,
    74.10154,
    73.474044,
    73.017684,
    73.87336,
    74.10154,
    74.443811,
    73.588135,
    74.32972,
    73.302909,
    73.98745,
    73.98745,
    73.816315,
    73.474044,
    73.017684,
    73.588135
  ],
  "model_info": {
    "model_class": "BaseClassifier",
    "hidden_size": 128,
    "num_classes": 23,
    "emb_size_audio": 768,
    "emb_size_text": 0,
    "dropout": 0.1,
    "use_batch_norm": true,
    "mode": "audio",
    "num_folds": 5,
    "fold_id": 0,
    "batch_size": 64,
    "random_seed": 1821
  }
}