{
  "train_cls_loss": [
    1.355171,
    1.064959,
    0.972691,
    0.919348,
    0.877934,
    0.846933,
    0.81803,
    0.803658,
    0.781108,
    0.765901,
    0.740282,
    0.732286,
    0.718811,
    0.705349,
    0.687863,
    0.686168,
    0.6725,
    0.660886,
    0.654721,
    0.641192,
    0.600475,
    0.585464,
    0.568668,
    0.560743,
    0.5533,
    0.544805,
    0.535234,
    0.530525,
    0.526697,
    0.516081,
    0.511063,
    0.50951,
    0.497601,
    0.492806,
    0.491311,
    0.483072,
    0.480363,
    0.475449,
    0.46892,
    0.46305,
    0.435068,
    0.425649
  ],
  "train_total_loss": [
    1.355171,
    1.064959,
    0.972691,
    0.919348,
    0.877934,
    0.846933,
    0.81803,
    0.803658,
    0.781108,
    0.765901,
    0.740282,
    0.732286,
    0.718811,
    0.705349,
    0.687863,
    0.686168,
    0.6725,
    0.660886,
    0.654721,
    0.641192,
    0.600475,
    0.585464,
    0.568668,
    0.560743,
    0.5533,
    0.544805,
    0.535234,
    0.530525,
    0.526697,
    0.516081,
    0.511063,
    0.50951,
    0.497601,
    0.492806,
    0.491311,
    0.483072,
    0.480363,
    0.475449,
    0.46892,
    0.46305,
    0.435068,
    0.425649
  ],
  "learning_rates": [
    0.001,
    0.001,
    0.001,
    0.001,
    0.001,
    0.001,
    0.001,
    0.001,
    0.001,
    0.001,
    0.001,
    0.001,
    0.001,
    0.001,
    0.001,
    0.001,
    0.001,
    0.001,
    0.001,
    0.001,
    0.0005,
    0.0005,
    0.0005,
    0.0005,
    0.0005,
    0.0005,
    0.0005,
    0.0005,
    0.0005,
    0.0005,
    0.0005,
    0.0005,
    0.0005,
    0.0005,
    0.0005,
    0.0005,
    0.0005,
    0.0005,
    0.0005,
    0.0005,
    0.00025,
    0.00025
  ],
  "val_accuracy": [
    52.0251,
    62.863662,
    69.537935,
    70.792926,
    70.792926,
    70.907017,
    69.3668,
    70.279521,
    71.021107,
    71.819738,
    71.249287,
    72.903594,
    72.333143,
    73.245864,
    70.735881,
    71.420422,
    72.960639,
    73.017684,
    71.762693,
    72.561323,
    73.416999,
    73.359954,
    72.789504,
    72.504278,
    72.276098,
    72.276098,
    73.53109,
    72.960639,
    72.960639,
    73.188819,
    71.363377,
    71.591557,
    71.933828,
    72.390188,
    72.276098,
    72.447233,
    72.162008,
    71.135197,
    72.618369,
    72.561323,
    71.192242,
    72.047918
  ],
  "model_info": {
    "model_class": "BaseClassifier",
    "hidden_size": 128,
    "num_classes": 23,
    "emb_size_audio": 512,
    "emb_size_text": 0,
    "dropout": 0.1,
    "use_batch_norm": true,
    "mode": "audio",
    "num_folds": 5,
    "fold_id": 2,
    "batch_size": 64,
    "random_seed": 1821
  }
}