{
  "train_cls_loss": [
    2.190601,
    1.355011,
    1.172878,
    1.068522,
    0.998499,
    0.951723,
    0.877632,
    0.87418,
    0.80146,
    0.775535,
    0.774164,
    0.71723,
    0.720287,
    0.675365,
    0.664762,
    0.637574,
    0.62434,
    0.596141,
    0.583485,
    0.558752,
    0.472448,
    0.454257,
    0.440099,
    0.420229,
    0.416869,
    0.399377,
    0.395308,
    0.381786,
    0.376742,
    0.355894,
    0.35704,
    0.342388,
    0.329282,
    0.331804,
    0.32134,
    0.31444
  ],
  "train_top_cls_loss": [
    0.779135,
    0.534987,
    0.492568,
    0.457537,
    0.430249,
    0.417219,
    0.389542,
    0.383107,
    0.358629,
    0.346776,
    0.345727,
    0.322521,
    0.325938,
    0.307228,
    0.30013,
    0.291778,
    0.290209,
    0.274811,
    0.264471,
    0.256844,
    0.216993,
    0.210944,
    0.205151,
    0.196193,
    0.183804,
    0.180122,
    0.182034,
    0.180072,
    0.178484,
    0.162417,
    0.168424,
    0.167594,
    0.150114,
    0.150827,
    0.14899,
    0.150743
  ],
  "train_total_loss": [
    2.580168,
    1.622505,
    1.419162,
    1.29729,
    1.213624,
    1.160332,
    1.072403,
    1.065734,
    0.980775,
    0.948923,
    0.947027,
    0.878491,
    0.883256,
    0.828979,
    0.814827,
    0.783463,
    0.769445,
    0.733546,
    0.71572,
    0.687174,
    0.580945,
    0.559728,
    0.542674,
    0.518326,
    0.508771,
    0.489438,
    0.486325,
    0.471822,
    0.465984,
    0.437102,
    0.441251,
    0.426185,
    0.40434,
    0.407217,
    0.395835,
    0.389812
  ],
  "learning_rates": [
    0.001,
    0.001,
    0.001,
    0.001,
    0.001,
    0.001,
    0.001,
    0.001,
    0.001,
    0.001,
    0.001,
    0.001,
    0.001,
    0.001,
    0.001,
    0.001,
    0.001,
    0.001,
    0.001,
    0.001,
    0.0005,
    0.0005,
    0.0005,
    0.0005,
    0.0005,
    0.0005,
    0.0005,
    0.0005,
    0.0005,
    0.0005,
    0.0005,
    0.0005,
    0.0005,
    0.0005,
    0.0005,
    0.0005
  ],
  "val_accuracy": [
    59.655172,
    67.241379,
    69.425287,
    70.057471,
    72.471264,
    73.793103,
    72.873563,
    74.942529,
    75.287356,
    75.114943,
    75.747126,
    74.827586,
    75.91954,
    75.574713,
    76.091954,
    76.436782,
    76.781609,
    75.977011,
    75.977011,
    75.977011,
    77.471264,
    76.724138,
    76.551724,
    77.183908,
    76.091954,
    76.83908,
    77.241379,
    75.91954,
    75.402299,
    75.402299,
    76.264368,
    76.149425,
    76.551724,
    75.574713,
    76.666667,
    76.034483
  ],
  "model_info": {
    "model_class": "BaseClassifier",
    "hidden_size": 128,
    "num_classes": 23,
    "emb_size_audio": 1280,
    "emb_size_text": 0,
    "dropout": 0.1,
    "use_batch_norm": true,
    "mode": "audio",
    "num_folds": 5,
    "fold_id": 0,
    "batch_size": 64,
    "random_seed": 1821
  }
}