{
  "train_cls_loss": [
    2.488974,
    1.795142,
    1.604069,
    1.486907,
    1.39146,
    1.353068,
    1.282333,
    1.239091,
    1.207846,
    1.181271,
    1.134463,
    1.102939,
    1.0803,
    1.019832,
    1.000383,
    0.992319,
    0.932807,
    0.959212,
    0.911808,
    0.902703,
    0.808841,
    0.786022,
    0.756595,
    0.743819,
    0.719107,
    0.684267,
    0.705731,
    0.68462,
    0.674484,
    0.655207,
    0.663433,
    0.635999,
    0.637944,
    0.631615,
    0.620351,
    0.597279,
    0.587166,
    0.590289
  ],
  "train_top_cls_loss": [
    0.889949,
    0.622705,
    0.574427,
    0.557598,
    0.532951,
    0.518115,
    0.49004,
    0.486059,
    0.481997,
    0.468596,
    0.450913,
    0.44548,
    0.430323,
    0.402673,
    0.409421,
    0.398565,
    0.373625,
    0.390457,
    0.367566,
    0.360317,
    0.319353,
    0.308876,
    0.29198,
    0.287858,
    0.27598,
    0.259322,
    0.271976,
    0.264563,
    0.259739,
    0.252588,
    0.255079,
    0.241135,
    0.249193,
    0.240265,
    0.239615,
    0.227825,
    0.223133,
    0.223529
  ],
  "train_total_loss": [
    3.823898,
    2.729198,
    2.465709,
    2.323304,
    2.190885,
    2.13024,
    2.017394,
    1.96818,
    1.930841,
    1.884164,
    1.810832,
    1.771159,
    1.725785,
    1.623841,
    1.614515,
    1.590166,
    1.493244,
    1.544898,
    1.463158,
    1.443179,
    1.287872,
    1.249335,
    1.194565,
    1.175606,
    1.133077,
    1.07325,
    1.113695,
    1.081465,
    1.064092,
    1.034089,
    1.046051,
    0.997701,
    1.011734,
    0.992012,
    0.979773,
    0.939016,
    0.921866,
    0.925582
  ],
  "learning_rates": [
    0.001,
    0.001,
    0.001,
    0.001,
    0.001,
    0.001,
    0.001,
    0.001,
    0.001,
    0.001,
    0.001,
    0.001,
    0.001,
    0.001,
    0.001,
    0.001,
    0.001,
    0.001,
    0.001,
    0.001,
    0.0005,
    0.0005,
    0.0005,
    0.0005,
    0.0005,
    0.0005,
    0.0005,
    0.0005,
    0.0005,
    0.0005,
    0.0005,
    0.0005,
    0.0005,
    0.0005,
    0.0005,
    0.0005,
    0.0005,
    0.0005
  ],
  "val_accuracy": [
    43.62069,
    50.747126,
    57.988506,
    62.011494,
    63.275862,
    64.482759,
    64.482759,
    64.885057,
    66.724138,
    68.908046,
    68.965517,
    67.988506,
    70.344828,
    69.08046,
    69.712644,
    70.057471,
    69.770115,
    69.770115,
    70.689655,
    71.551724,
    72.068966,
    72.126437,
    72.241379,
    72.241379,
    71.781609,
    71.494253,
    71.034483,
    71.551724,
    70.632184,
    71.034483,
    70.862069,
    71.954023,
    71.149425,
    71.896552,
    72.011494,
    71.206897,
    70.862069,
    71.436782
  ],
  "model_info": {
    "model_class": "BaseClassifier",
    "hidden_size": 128,
    "num_classes": 23,
    "emb_size_audio": 768,
    "emb_size_text": 0,
    "dropout": 0.1,
    "use_batch_norm": true,
    "mode": "audio",
    "num_folds": 5,
    "fold_id": 4,
    "batch_size": 64,
    "random_seed": 1821
  }
}