{
  "train_cls_loss": [
    2.416135,
    1.626186,
    1.454567,
    1.35804,
    1.274712,
    1.221046,
    1.195379,
    1.158276,
    1.122492,
    1.099184,
    1.061323,
    1.038714,
    1.001189,
    0.983464,
    0.945834,
    0.910856,
    0.902932,
    0.89327,
    0.859802,
    0.84659,
    0.738598,
    0.734609,
    0.716447,
    0.703827,
    0.679162,
    0.656255,
    0.648228,
    0.6443,
    0.62946,
    0.611608,
    0.586362,
    0.595357,
    0.578482,
    0.579488,
    0.551164,
    0.550709,
    0.53989
  ],
  "train_top_cls_loss": [
    0.91004,
    0.646087,
    0.606553,
    0.566871,
    0.535687,
    0.522178,
    0.519624,
    0.493604,
    0.480835,
    0.478508,
    0.456489,
    0.44958,
    0.436536,
    0.424742,
    0.404628,
    0.401807,
    0.38729,
    0.392812,
    0.380277,
    0.382878,
    0.327976,
    0.31488,
    0.314411,
    0.307302,
    0.297297,
    0.288306,
    0.277972,
    0.271897,
    0.274056,
    0.268684,
    0.260851,
    0.259393,
    0.256369,
    0.249024,
    0.244491,
    0.234654,
    0.245062
  ],
  "train_total_loss": [
    3.053163,
    2.078447,
    1.879155,
    1.75485,
    1.649693,
    1.58657,
    1.559116,
    1.503799,
    1.459077,
    1.434139,
    1.380866,
    1.35342,
    1.306764,
    1.280783,
    1.229074,
    1.192121,
    1.174035,
    1.168239,
    1.125996,
    1.114605,
    0.968182,
    0.955025,
    0.936534,
    0.918938,
    0.88727,
    0.858069,
    0.842809,
    0.834628,
    0.8213,
    0.799687,
    0.768958,
    0.776932,
    0.75794,
    0.753805,
    0.722308,
    0.714967,
    0.711433
  ],
  "learning_rates": [
    0.001,
    0.001,
    0.001,
    0.001,
    0.001,
    0.001,
    0.001,
    0.001,
    0.001,
    0.001,
    0.001,
    0.001,
    0.001,
    0.001,
    0.001,
    0.001,
    0.001,
    0.001,
    0.001,
    0.001,
    0.0005,
    0.0005,
    0.0005,
    0.0005,
    0.0005,
    0.0005,
    0.0005,
    0.0005,
    0.0005,
    0.0005,
    0.0005,
    0.0005,
    0.0005,
    0.0005,
    0.0005,
    0.0005,
    0.0005
  ],
  "val_accuracy": [
    55.172414,
    60.114943,
    59.137931,
    64.597701,
    65.0,
    66.551724,
    67.643678,
    67.701149,
    68.16092,
    68.275862,
    69.367816,
    70.057471,
    69.770115,
    70.862069,
    70.402299,
    70.402299,
    69.310345,
    71.206897,
    70.574713,
    70.747126,
    71.896552,
    72.873563,
    72.011494,
    70.804598,
    72.126437,
    70.747126,
    71.666667,
    70.287356,
    70.114943,
    71.264368,
    70.862069,
    72.126437,
    70.45977,
    70.689655,
    70.91954,
    71.494253,
    70.517241
  ],
  "model_info": {
    "model_class": "BaseClassifier",
    "hidden_size": 128,
    "num_classes": 23,
    "emb_size_audio": 768,
    "emb_size_text": 0,
    "dropout": 0.1,
    "use_batch_norm": true,
    "mode": "audio",
    "num_folds": 5,
    "fold_id": 0,
    "batch_size": 64,
    "random_seed": 1821
  }
}