{
  "train_cls_loss": [
    2.24904,
    1.385194,
    1.184748,
    1.072223,
    0.999182,
    0.975271,
    0.924828,
    0.885279,
    0.866365,
    0.849722,
    0.836496,
    0.793351,
    0.781146,
    0.754368,
    0.734381,
    0.73834,
    0.703458,
    0.687425,
    0.692097,
    0.673362,
    0.612278,
    0.602456,
    0.566094,
    0.55517,
    0.551606,
    0.529565,
    0.539821,
    0.515023,
    0.510737,
    0.505072,
    0.491133,
    0.489602
  ],
  "train_total_loss": [
    2.24904,
    1.385194,
    1.184748,
    1.072223,
    0.999182,
    0.975271,
    0.924828,
    0.885279,
    0.866365,
    0.849722,
    0.836496,
    0.793351,
    0.781146,
    0.754368,
    0.734381,
    0.73834,
    0.703458,
    0.687425,
    0.692097,
    0.673362,
    0.612278,
    0.602456,
    0.566094,
    0.55517,
    0.551606,
    0.529565,
    0.539821,
    0.515023,
    0.510737,
    0.505072,
    0.491133,
    0.489602
  ],
  "learning_rates": [
    0.001,
    0.001,
    0.001,
    0.001,
    0.001,
    0.001,
    0.001,
    0.001,
    0.001,
    0.001,
    0.001,
    0.001,
    0.001,
    0.001,
    0.001,
    0.001,
    0.001,
    0.001,
    0.001,
    0.001,
    0.0005,
    0.0005,
    0.0005,
    0.0005,
    0.0005,
    0.0005,
    0.0005,
    0.0005,
    0.0005,
    0.0005,
    0.0005,
    0.0005
  ],
  "val_accuracy": [
    54.991443,
    67.027952,
    71.420422,
    71.021107,
    73.98745,
    73.702225,
    75.128351,
    72.960639,
    73.98745,
    72.675414,
    75.812892,
    75.299487,
    76.326298,
    76.383343,
    77.067884,
    76.041072,
    75.356532,
    77.010839,
    77.296064,
    75.470622,
    78.6081,
    77.353109,
    76.953793,
    78.15174,
    76.611523,
    78.37992,
    78.436965,
    77.296064,
    77.124929,
    77.353109,
    76.725613,
    77.010839
  ]
}