{
  "attention_audio": [
    0.480865,
    0.475492,
    0.482111,
    0.488817,
    0.490608,
    0.492141,
    0.497029,
    0.498983,
    0.49945,
    0.501083,
    0.499379,
    0.498078,
    0.49785,
    0.49611,
    0.502539,
    0.500338,
    0.500805,
    0.502644,
    0.498028,
    0.498954,
    0.502484,
    0.502979,
    0.499994,
    0.498895,
    0.499343,
    0.502784,
    0.503427,
    0.503151,
    0.50336,
    0.503615,
    0.503997,
    0.504639,
    0.503864,
    0.500105,
    0.500798,
    0.504051,
    0.500417,
    0.502673,
    0.49975,
    0.501484,
    0.50198,
    0.502517,
    0.501298
  ],
  "attention_text": [
    0.519135,
    0.524508,
    0.517889,
    0.511183,
    0.509392,
    0.507859,
    0.502971,
    0.501017,
    0.50055,
    0.498917,
    0.500621,
    0.501922,
    0.50215,
    0.50389,
    0.497461,
    0.499662,
    0.499195,
    0.497356,
    0.501972,
    0.501046,
    0.497516,
    0.497021,
    0.500006,
    0.501105,
    0.500657,
    0.497216,
    0.496573,
    0.496849,
    0.49664,
    0.496385,
    0.496003,
    0.495361,
    0.496136,
    0.499895,
    0.499202,
    0.495949,
    0.499583,
    0.497327,
    0.50025,
    0.498516,
    0.49802,
    0.497483,
    0.498702
  ],
  "train_cls_loss": [
    2.518259,
    1.847134,
    1.658137,
    1.641838,
    1.541423,
    1.503254,
    1.404427,
    1.387409,
    1.415976,
    1.347116,
    1.36316,
    1.408898,
    1.341223,
    1.287246,
    1.326804,
    1.331208,
    1.261363,
    1.286881,
    1.197462,
    1.274388,
    1.110385,
    1.167329,
    1.229451,
    1.18354,
    1.232968,
    1.108311,
    1.085457,
    1.186877,
    1.082697,
    1.127884,
    1.068182,
    1.133623,
    1.039912,
    1.094947,
    1.087528,
    1.121656,
    1.136381,
    1.0886,
    1.080172,
    1.061978,
    1.059136,
    1.00293,
    0.986219
  ],
  "train_total_loss": [
    2.518259,
    1.847134,
    1.658137,
    1.641838,
    1.541423,
    1.503254,
    1.404427,
    1.387409,
    1.415976,
    1.347116,
    1.36316,
    1.408898,
    1.341223,
    1.287246,
    1.326804,
    1.331208,
    1.261363,
    1.286881,
    1.197462,
    1.274388,
    1.110385,
    1.167329,
    1.229451,
    1.18354,
    1.232968,
    1.108311,
    1.085457,
    1.186877,
    1.082697,
    1.127884,
    1.068182,
    1.133623,
    1.039912,
    1.094947,
    1.087528,
    1.121656,
    1.136381,
    1.0886,
    1.080172,
    1.061978,
    1.059136,
    1.00293,
    0.986219
  ],
  "learning_rates": [
    0.001,
    0.001,
    0.001,
    0.001,
    0.001,
    0.001,
    0.001,
    0.001,
    0.001,
    0.001,
    0.001,
    0.001,
    0.001,
    0.001,
    0.001,
    0.001,
    0.001,
    0.001,
    0.001,
    0.001,
    0.0005,
    0.0005,
    0.0005,
    0.0005,
    0.0005,
    0.0005,
    0.0005,
    0.0005,
    0.0005,
    0.0005,
    0.0005,
    0.0005,
    0.0005,
    0.0005,
    0.0005,
    0.0005,
    0.0005,
    0.0005,
    0.0005,
    0.0005,
    0.00025,
    0.00025,
    0.00025
  ],
  "val_accuracy": [
    56.132345,
    71.306332,
    71.819738,
    74.729036,
    75.641757,
    76.440388,
    77.524244,
    77.296064,
    78.551055,
    78.722191,
    78.49401,
    77.410154,
    79.691957,
    79.634912,
    79.691957,
    78.6081,
    80.034227,
    79.749002,
    79.178551,
    79.064461,
    79.863092,
    80.319452,
    79.920137,
    80.091272,
    80.376497,
    80.148317,
    80.832858,
    81.118083,
    80.775813,
    79.920137,
    79.235596,
    80.319452,
    79.463776,
    80.433542,
    79.577867,
    78.836281,
    79.691957,
    79.235596,
    78.37992,
    79.806047,
    80.661723,
    80.319452,
    80.889903
  ],
  "model_info": {
    "model_class": "BaseClassifier",
    "hidden_size": 128,
    "num_classes": 23,
    "emb_size_audio": 512,
    "emb_size_text": 512,
    "dropout": 0.1,
    "use_batch_norm": true,
    "mode": "both",
    "num_folds": 5,
    "fold_id": 0,
    "batch_size": 64,
    "random_seed": 1821
  }
}