{
  "train_cls_loss": [
    2.538396,
    1.882382,
    1.726052,
    1.590826,
    1.593639,
    1.5208,
    1.463401,
    1.367528,
    1.354057,
    1.333424,
    1.282902,
    1.262846,
    1.328835,
    1.245923,
    1.258795,
    1.140768,
    1.315226,
    1.241389,
    1.220671,
    1.301654,
    1.202769,
    1.116198,
    1.124824,
    1.171538,
    1.024855,
    1.010875,
    1.173165,
    1.044182,
    1.015604,
    1.137252,
    0.939032,
    1.142256,
    1.123059,
    1.070461,
    0.996249,
    1.013547,
    0.995239,
    0.997409
  ],
  "train_top_cls_loss": [
    1.033682,
    0.770106,
    0.753032,
    0.712614,
    0.729183,
    0.710899,
    0.682781,
    0.629881,
    0.642871,
    0.639768,
    0.606702,
    0.605151,
    0.643061,
    0.609915,
    0.61247,
    0.547707,
    0.649201,
    0.615003,
    0.604824,
    0.655102,
    0.597851,
    0.562974,
    0.565743,
    0.592762,
    0.511406,
    0.503216,
    0.592678,
    0.519778,
    0.504271,
    0.576681,
    0.467565,
    0.571734,
    0.57242,
    0.546864,
    0.506743,
    0.51361,
    0.503159,
    0.507687
  ],
  "train_total_loss": [
    3.261974,
    2.421456,
    2.253174,
    2.089656,
    2.104068,
    2.018429,
    1.941348,
    1.808445,
    1.804066,
    1.781261,
    1.707593,
    1.686452,
    1.778977,
    1.672864,
    1.687524,
    1.524164,
    1.769666,
    1.671891,
    1.644047,
    1.760225,
    1.621265,
    1.51028,
    1.520845,
    1.586471,
    1.38284,
    1.363126,
    1.588039,
    1.408026,
    1.368593,
    1.540929,
    1.266328,
    1.54247,
    1.523754,
    1.453265,
    1.350969,
    1.373075,
    1.34745,
    1.35279
  ],
  "learning_rates": [
    0.001,
    0.001,
    0.001,
    0.001,
    0.001,
    0.001,
    0.001,
    0.001,
    0.001,
    0.001,
    0.001,
    0.001,
    0.001,
    0.001,
    0.001,
    0.001,
    0.001,
    0.001,
    0.001,
    0.001,
    0.0005,
    0.0005,
    0.0005,
    0.0005,
    0.0005,
    0.0005,
    0.0005,
    0.0005,
    0.0005,
    0.0005,
    0.0005,
    0.0005,
    0.0005,
    0.0005,
    0.0005,
    0.0005,
    0.0005,
    0.0005
  ],
  "val_accuracy": [
    47.51854,
    64.004564,
    68.454079,
    69.024529,
    70.621791,
    72.960639,
    73.474044,
    73.588135,
    74.10154,
    73.474044,
    74.557901,
    73.588135,
    75.185396,
    75.755847,
    75.755847,
    75.755847,
    76.041072,
    75.984027,
    75.926982,
    77.296064,
    77.124929,
    78.03765,
    78.15174,
    77.524244,
    76.554478,
    76.440388,
    77.124929,
    77.524244,
    78.094695,
    77.866515,
    77.181974,
    77.581289,
    77.467199,
    77.353109,
    77.296064,
    77.467199,
    76.497433,
    77.524244
  ],
  "model_info": {
    "model_class": "BaseClassifier",
    "hidden_size": 128,
    "num_classes": 23,
    "emb_size_audio": 512,
    "emb_size_text": 0,
    "dropout": 0.1,
    "use_batch_norm": true,
    "mode": "audio",
    "num_folds": 5,
    "fold_id": 4,
    "batch_size": 64,
    "random_seed": 1821
  }
}