{
  "train_cls_loss": [
    2.221301,
    1.39905,
    1.180983,
    1.069042,
    1.007715,
    0.94491,
    0.898505,
    0.86657,
    0.817189,
    0.803336,
    0.759063,
    0.750855,
    0.703501,
    0.713252,
    0.670418,
    0.651518,
    0.620116,
    0.616455,
    0.569108,
    0.575136,
    0.49386,
    0.458078,
    0.443537,
    0.424137,
    0.402067,
    0.38989,
    0.389618,
    0.369566,
    0.369374,
    0.35152,
    0.348289,
    0.350172,
    0.328344,
    0.32572,
    0.305302,
    0.313771,
    0.298836,
    0.27787,
    0.290144,
    0.285939
  ],
  "train_total_loss": [
    2.221301,
    1.39905,
    1.180983,
    1.069042,
    1.007715,
    0.94491,
    0.898505,
    0.86657,
    0.817189,
    0.803336,
    0.759063,
    0.750855,
    0.703501,
    0.713252,
    0.670418,
    0.651518,
    0.620116,
    0.616455,
    0.569108,
    0.575136,
    0.49386,
    0.458078,
    0.443537,
    0.424137,
    0.402067,
    0.38989,
    0.389618,
    0.369566,
    0.369374,
    0.35152,
    0.348289,
    0.350172,
    0.328344,
    0.32572,
    0.305302,
    0.313771,
    0.298836,
    0.27787,
    0.290144,
    0.285939
  ],
  "learning_rates": [
    0.001,
    0.001,
    0.001,
    0.001,
    0.001,
    0.001,
    0.001,
    0.001,
    0.001,
    0.001,
    0.001,
    0.001,
    0.001,
    0.001,
    0.001,
    0.001,
    0.001,
    0.001,
    0.001,
    0.001,
    0.0005,
    0.0005,
    0.0005,
    0.0005,
    0.0005,
    0.0005,
    0.0005,
    0.0005,
    0.0005,
    0.0005,
    0.0005,
    0.0005,
    0.0005,
    0.0005,
    0.0005,
    0.0005,
    0.0005,
    0.0005,
    0.0005,
    0.0005
  ],
  "val_accuracy": [
    58.793103,
    67.471264,
    71.494253,
    72.873563,
    72.356322,
    76.551724,
    75.0,
    74.712644,
    76.436782,
    76.37931,
    76.83908,
    77.068966,
    76.724138,
    76.781609,
    77.643678,
    77.643678,
    77.471264,
    77.126437,
    78.275862,
    77.068966,
    77.931034,
    78.448276,
    78.448276,
    78.563218,
    79.425287,
    77.931034,
    77.528736,
    77.931034,
    78.62069,
    77.241379,
    78.735632,
    77.643678,
    77.528736,
    76.954023,
    77.356322,
    77.528736,
    77.241379,
    77.873563,
    77.528736,
    77.988506
  ],
  "model_info": {
    "model_class": "BaseClassifier",
    "hidden_size": 128,
    "num_classes": 23,
    "emb_size_audio": 1280,
    "emb_size_text": 0,
    "dropout": 0.1,
    "use_batch_norm": true,
    "mode": "audio",
    "num_folds": 5,
    "fold_id": 4,
    "batch_size": 64,
    "random_seed": 1821
  }
}