{
  "train_cls_loss": [
    2.279182,
    1.573129,
    1.39834,
    1.33116,
    1.23804,
    1.197856,
    1.133887,
    1.10566,
    1.060983,
    1.027236,
    1.02541,
    0.960083,
    0.952207,
    0.930027,
    0.921389,
    0.898982,
    0.861724,
    0.853815,
    0.832229,
    0.805864,
    0.734983,
    0.699603,
    0.694892,
    0.677775,
    0.661918,
    0.627381,
    0.642483,
    0.614413,
    0.596336,
    0.597188,
    0.582256,
    0.578791,
    0.569694,
    0.555348,
    0.538933,
    0.531339,
    0.528825,
    0.505291,
    0.494067,
    0.493152,
    0.44611,
    0.427544,
    0.427503,
    0.416463,
    0.409143,
    0.40022,
    0.40322
  ],
  "train_top_cls_loss": [
    0.949664,
    0.667672,
    0.60664,
    0.590292,
    0.552004,
    0.548632,
    0.506511,
    0.505448,
    0.476521,
    0.468677,
    0.460452,
    0.444469,
    0.444488,
    0.429202,
    0.429064,
    0.422419,
    0.400419,
    0.39614,
    0.39134,
    0.37728,
    0.352511,
    0.329319,
    0.314524,
    0.315961,
    0.313817,
    0.288941,
    0.309935,
    0.284684,
    0.27345,
    0.288121,
    0.279443,
    0.275232,
    0.270252,
    0.266626,
    0.244206,
    0.261534,
    0.256006,
    0.240578,
    0.240187,
    0.241451,
    0.219178,
    0.207737,
    0.20676,
    0.205913,
    0.191246,
    0.195606,
    0.201643
  ],
  "train_total_loss": [
    2.564081,
    1.773431,
    1.580332,
    1.508247,
    1.403641,
    1.362446,
    1.285841,
    1.257294,
    1.203939,
    1.167839,
    1.163545,
    1.093424,
    1.085553,
    1.058788,
    1.050108,
    1.025708,
    0.98185,
    0.972657,
    0.949631,
    0.919048,
    0.840736,
    0.798399,
    0.789249,
    0.772563,
    0.756063,
    0.714063,
    0.735463,
    0.699818,
    0.678371,
    0.683624,
    0.666089,
    0.66136,
    0.65077,
    0.635336,
    0.612195,
    0.609799,
    0.605627,
    0.577465,
    0.566123,
    0.565587,
    0.511863,
    0.489865,
    0.489532,
    0.478237,
    0.466516,
    0.458902,
    0.463713
  ],
  "learning_rates": [
    0.001,
    0.001,
    0.001,
    0.001,
    0.001,
    0.001,
    0.001,
    0.001,
    0.001,
    0.001,
    0.001,
    0.001,
    0.001,
    0.001,
    0.001,
    0.001,
    0.001,
    0.001,
    0.001,
    0.001,
    0.0005,
    0.0005,
    0.0005,
    0.0005,
    0.0005,
    0.0005,
    0.0005,
    0.0005,
    0.0005,
    0.0005,
    0.0005,
    0.0005,
    0.0005,
    0.0005,
    0.0005,
    0.0005,
    0.0005,
    0.0005,
    0.0005,
    0.0005,
    0.00025,
    0.00025,
    0.00025,
    0.00025,
    0.00025,
    0.00025,
    0.00025
  ],
  "val_accuracy": [
    56.206897,
    62.758621,
    66.264368,
    66.781609,
    68.563218,
    69.597701,
    69.54023,
    69.310345,
    70.91954,
    69.712644,
    71.954023,
    69.54023,
    71.954023,
    70.862069,
    72.011494,
    71.264368,
    72.183908,
    72.413793,
    71.37931,
    72.183908,
    73.390805,
    72.356322,
    73.275862,
    72.701149,
    72.241379,
    72.931034,
    73.62069,
    72.931034,
    72.298851,
    73.678161,
    73.793103,
    74.08046,
    72.241379,
    72.528736,
    73.505747,
    72.471264,
    73.390805,
    72.758621,
    73.045977,
    73.563218,
    73.850575,
    73.16092,
    73.218391,
    73.793103,
    73.333333,
    73.218391,
    72.873563
  ],
  "model_info": {
    "model_class": "BaseClassifier",
    "hidden_size": 128,
    "num_classes": 23,
    "emb_size_audio": 768,
    "emb_size_text": 0,
    "dropout": 0.1,
    "use_batch_norm": true,
    "mode": "audio",
    "num_folds": 5,
    "fold_id": 1,
    "batch_size": 64,
    "random_seed": 1821
  }
}