{
  "train_cls_loss": [
    2.270045,
    1.621229,
    1.431467,
    1.411932,
    1.321652,
    1.310092,
    1.202815,
    1.300394,
    1.244738,
    1.23374,
    1.278994,
    1.227755,
    1.169505,
    1.177136,
    1.198616,
    1.077492,
    1.04653,
    1.159049,
    1.073006,
    1.033801,
    1.111609,
    0.918192,
    1.055071,
    1.061297,
    1.004522,
    0.928141,
    0.943992,
    0.934952,
    0.927094,
    0.928482,
    0.955982,
    0.976225,
    0.984715,
    0.911753,
    0.830113,
    0.962101,
    0.966841,
    0.875888,
    0.826597,
    0.873658,
    0.845812,
    0.757915,
    0.856126,
    0.851257,
    0.863796,
    0.836256
  ],
  "train_total_loss": [
    2.270045,
    1.621229,
    1.431467,
    1.411932,
    1.321652,
    1.310092,
    1.202815,
    1.300394,
    1.244738,
    1.23374,
    1.278994,
    1.227755,
    1.169505,
    1.177136,
    1.198616,
    1.077492,
    1.04653,
    1.159049,
    1.073006,
    1.033801,
    1.111609,
    0.918192,
    1.055071,
    1.061297,
    1.004522,
    0.928141,
    0.943992,
    0.934952,
    0.927094,
    0.928482,
    0.955982,
    0.976225,
    0.984715,
    0.911753,
    0.830113,
    0.962101,
    0.966841,
    0.875888,
    0.826597,
    0.873658,
    0.845812,
    0.757915,
    0.856126,
    0.851257,
    0.863796,
    0.836256
  ],
  "learning_rates": [
    0.001,
    0.001,
    0.001,
    0.001,
    0.001,
    0.001,
    0.001,
    0.001,
    0.001,
    0.001,
    0.001,
    0.001,
    0.001,
    0.001,
    0.001,
    0.001,
    0.001,
    0.001,
    0.001,
    0.001,
    0.0005,
    0.0005,
    0.0005,
    0.0005,
    0.0005,
    0.0005,
    0.0005,
    0.0005,
    0.0005,
    0.0005,
    0.0005,
    0.0005,
    0.0005,
    0.0005,
    0.0005,
    0.0005,
    0.0005,
    0.0005,
    0.0005,
    0.0005,
    0.00025,
    0.00025,
    0.00025,
    0.00025,
    0.00025,
    0.00025
  ],
  "val_accuracy": [
    55.447804,
    64.517969,
    67.313177,
    72.047918,
    68.739304,
    72.047918,
    72.162008,
    74.044495,
    74.557901,
    74.158585,
    74.671991,
    75.128351,
    75.299487,
    75.641757,
    74.786081,
    76.497433,
    75.584712,
    76.326298,
    74.843126,
    75.755847,
    76.668568,
    77.980605,
    77.181974,
    76.782658,
    77.181974,
    75.926982,
    76.782658,
    77.980605,
    77.124929,
    77.809469,
    78.49401,
    76.155163,
    77.581289,
    76.041072,
    76.782658,
    77.752424,
    76.839703,
    77.124929,
    75.413577,
    76.383343,
    76.953793,
    77.067884,
    75.926982,
    76.497433,
    76.668568,
    77.353109
  ],
  "model_info": {
    "model_class": "BaseClassifier",
    "hidden_size": 128,
    "num_classes": 23,
    "emb_size_audio": 512,
    "emb_size_text": 0,
    "dropout": 0.1,
    "use_batch_norm": true,
    "mode": "audio",
    "num_folds": 5,
    "fold_id": 3,
    "batch_size": 64,
    "random_seed": 1821
  }
}