{
  "train_cls_loss": [
    1.478224,
    0.925805,
    0.77034,
    0.710945,
    0.661485,
    0.624548,
    0.579705,
    0.578141,
    0.543259,
    0.532812,
    0.508538,
    0.513686,
    0.490872,
    0.486609,
    0.459415,
    0.456155,
    0.444568,
    0.443974,
    0.428477,
    0.430333,
    0.371352,
    0.369947,
    0.356808,
    0.349024,
    0.343859,
    0.336483,
    0.330761,
    0.327236,
    0.332544,
    0.326676,
    0.324245,
    0.311518,
    0.308233,
    0.309459
  ],
  "train_total_loss": [
    1.478224,
    0.925805,
    0.77034,
    0.710945,
    0.661485,
    0.624548,
    0.579705,
    0.578141,
    0.543259,
    0.532812,
    0.508538,
    0.513686,
    0.490872,
    0.486609,
    0.459415,
    0.456155,
    0.444568,
    0.443974,
    0.428477,
    0.430333,
    0.371352,
    0.369947,
    0.356808,
    0.349024,
    0.343859,
    0.336483,
    0.330761,
    0.327236,
    0.332544,
    0.326676,
    0.324245,
    0.311518,
    0.308233,
    0.309459
  ],
  "learning_rates": [
    0.001,
    0.001,
    0.001,
    0.001,
    0.001,
    0.001,
    0.001,
    0.001,
    0.001,
    0.001,
    0.001,
    0.001,
    0.001,
    0.001,
    0.001,
    0.001,
    0.001,
    0.001,
    0.001,
    0.001,
    0.0005,
    0.0005,
    0.0005,
    0.0005,
    0.0005,
    0.0005,
    0.0005,
    0.0005,
    0.0005,
    0.0005,
    0.0005,
    0.0005,
    0.0005,
    0.0005
  ],
  "val_accuracy": [
    59.155733,
    68.225898,
    69.82316,
    70.907017,
    73.75927,
    74.10154,
    72.960639,
    74.044495,
    76.155163,
    76.611523,
    76.440388,
    75.984027,
    75.755847,
    75.698802,
    76.611523,
    76.383343,
    77.124929,
    76.098118,
    77.92356,
    76.326298,
    77.239019,
    77.296064,
    76.839703,
    77.752424,
    76.440388,
    77.410154,
    76.896748,
    76.212208,
    77.067884,
    77.010839,
    76.896748,
    76.041072,
    76.839703,
    76.098118
  ],
  "model_info": {
    "model_class": "BaseClassifier",
    "hidden_size": 128,
    "num_classes": 23,
    "emb_size_audio": 512,
    "emb_size_text": 0,
    "dropout": 0.1,
    "use_batch_norm": true,
    "mode": "audio",
    "num_folds": 5,
    "fold_id": 0,
    "batch_size": 64,
    "random_seed": 1821
  }
}