{
  "attention_audio": [
    0.494574,
    0.500826,
    0.491291,
    0.486686,
    0.487728,
    0.484991,
    0.484845,
    0.485234,
    0.488958,
    0.493769,
    0.48918,
    0.490668,
    0.489004,
    0.49067,
    0.489645,
    0.491357,
    0.487632,
    0.489175,
    0.489695,
    0.490953,
    0.488803,
    0.491833,
    0.492205,
    0.494014,
    0.496407,
    0.493609,
    0.496865,
    0.49659,
    0.498424,
    0.495997,
    0.493812,
    0.496379,
    0.496649,
    0.499478,
    0.498509,
    0.499298,
    0.498636,
    0.499513
  ],
  "attention_text": [
    0.505426,
    0.499173,
    0.508709,
    0.513314,
    0.512272,
    0.515009,
    0.515155,
    0.514766,
    0.511042,
    0.506231,
    0.51082,
    0.509332,
    0.510996,
    0.50933,
    0.510355,
    0.508643,
    0.512368,
    0.510825,
    0.510305,
    0.509047,
    0.511197,
    0.508167,
    0.507796,
    0.505986,
    0.503593,
    0.506391,
    0.503135,
    0.50341,
    0.501576,
    0.504003,
    0.506188,
    0.503621,
    0.503351,
    0.500522,
    0.501491,
    0.500702,
    0.501364,
    0.500487
  ],
  "train_cls_loss": [
    2.418927,
    1.603195,
    1.331002,
    1.162633,
    1.094853,
    1.003934,
    0.948118,
    0.904578,
    0.85298,
    0.826495,
    0.822485,
    0.775265,
    0.753264,
    0.73813,
    0.710518,
    0.700285,
    0.682195,
    0.67023,
    0.658585,
    0.642116,
    0.576755,
    0.538226,
    0.518183,
    0.515592,
    0.500192,
    0.49695,
    0.486862,
    0.469987,
    0.472003,
    0.471361,
    0.465972,
    0.449589,
    0.445495,
    0.42847,
    0.449591,
    0.442175,
    0.417272,
    0.410303
  ],
  "train_top_cls_loss": [
    0.773743,
    0.480271,
    0.425222,
    0.40902,
    0.407389,
    0.371186,
    0.363744,
    0.349626,
    0.338199,
    0.333861,
    0.328012,
    0.312431,
    0.311077,
    0.301956,
    0.296193,
    0.287484,
    0.280791,
    0.273734,
    0.277242,
    0.266633,
    0.229156,
    0.215472,
    0.211014,
    0.203815,
    0.199874,
    0.196259,
    0.186849,
    0.183871,
    0.189657,
    0.186774,
    0.184988,
    0.182482,
    0.175867,
    0.174988,
    0.175655,
    0.177941,
    0.167754,
    0.168091
  ],
  "train_total_loss": [
    3.579542,
    2.323602,
    1.968835,
    1.776163,
    1.705937,
    1.560713,
    1.493734,
    1.429016,
    1.360278,
    1.327287,
    1.314503,
    1.243912,
    1.219879,
    1.191064,
    1.154807,
    1.131511,
    1.103381,
    1.080831,
    1.074448,
    1.042065,
    0.920489,
    0.861435,
    0.834704,
    0.821315,
    0.800003,
    0.791339,
    0.767136,
    0.745793,
    0.75649,
    0.751521,
    0.743454,
    0.723311,
    0.709295,
    0.690951,
    0.713074,
    0.709086,
    0.668902,
    0.66244
  ],
  "learning_rates": [
    0.001,
    0.001,
    0.001,
    0.001,
    0.001,
    0.001,
    0.001,
    0.001,
    0.001,
    0.001,
    0.001,
    0.001,
    0.001,
    0.001,
    0.001,
    0.001,
    0.001,
    0.001,
    0.001,
    0.001,
    0.0005,
    0.0005,
    0.0005,
    0.0005,
    0.0005,
    0.0005,
    0.0005,
    0.0005,
    0.0005,
    0.0005,
    0.0005,
    0.0005,
    0.0005,
    0.0005,
    0.0005,
    0.0005,
    0.0005,
    0.0005
  ],
  "val_accuracy": [
    46.092413,
    53.907587,
    64.917285,
    69.994295,
    71.078152,
    74.443811,
    75.242442,
    75.984027,
    76.098118,
    76.725613,
    77.581289,
    78.49401,
    78.436965,
    78.722191,
    78.37992,
    77.866515,
    78.49401,
    78.322875,
    79.007416,
    78.322875,
    80.091272,
    80.205362,
    80.604678,
    80.376497,
    80.091272,
    80.547633,
    79.520821,
    79.806047,
    79.406731,
    79.406731,
    80.205362,
    79.292641,
    79.691957,
    80.319452,
    79.749002,
    80.034227,
    79.463776,
    80.547633
  ],
  "model_info": {
    "model_class": "BaseClassifier",
    "hidden_size": 128,
    "num_classes": 23,
    "emb_size_audio": 512,
    "emb_size_text": 512,
    "dropout": 0.1,
    "use_batch_norm": true,
    "mode": "both",
    "num_folds": 5,
    "fold_id": 4,
    "batch_size": 64,
    "random_seed": 1821
  }
}