{
  "train_cls_loss": [
    2.356293,
    1.532821,
    1.302446,
    1.213845,
    1.136877,
    1.06822,
    0.991575,
    0.979508,
    0.941363,
    0.925196,
    0.894166,
    0.870182,
    0.842864,
    0.824603,
    0.82939,
    0.806156,
    0.778482,
    0.757136,
    0.749499,
    0.742142,
    0.660795,
    0.65249,
    0.621553,
    0.630101,
    0.597853,
    0.588505,
    0.581455,
    0.579049,
    0.570581,
    0.566322,
    0.545905,
    0.543195,
    0.536865,
    0.532113,
    0.506187,
    0.518363,
    0.487858,
    0.499817,
    0.4941,
    0.486617,
    0.437078,
    0.431516,
    0.409907,
    0.405401,
    0.413993,
    0.399454,
    0.3822,
    0.397648
  ],
  "train_top_cls_loss": [
    0.975136,
    0.624881,
    0.554251,
    0.521788,
    0.502446,
    0.46706,
    0.453131,
    0.435458,
    0.423854,
    0.423294,
    0.408427,
    0.400575,
    0.387281,
    0.375228,
    0.389243,
    0.369633,
    0.362832,
    0.359241,
    0.347168,
    0.35306,
    0.310273,
    0.304567,
    0.289193,
    0.292073,
    0.278379,
    0.279431,
    0.277772,
    0.274994,
    0.269872,
    0.269133,
    0.256415,
    0.257066,
    0.254916,
    0.253879,
    0.246411,
    0.253419,
    0.240287,
    0.238963,
    0.243135,
    0.232466,
    0.21202,
    0.208326,
    0.202633,
    0.202212,
    0.202095,
    0.190339,
    0.193912,
    0.192663
  ],
  "train_total_loss": [
    2.648834,
    1.720285,
    1.468722,
    1.370381,
    1.28761,
    1.208338,
    1.127515,
    1.110146,
    1.068519,
    1.052184,
    1.016694,
    0.990355,
    0.959048,
    0.937171,
    0.946162,
    0.917046,
    0.887331,
    0.864908,
    0.853649,
    0.84806,
    0.753877,
    0.743861,
    0.708311,
    0.717723,
    0.681367,
    0.672335,
    0.664787,
    0.661547,
    0.651542,
    0.647062,
    0.622829,
    0.620315,
    0.61334,
    0.608277,
    0.580111,
    0.594389,
    0.559944,
    0.571506,
    0.567041,
    0.556357,
    0.500684,
    0.494014,
    0.470697,
    0.466065,
    0.474621,
    0.456556,
    0.440374,
    0.455447
  ],
  "learning_rates": [
    0.001,
    0.001,
    0.001,
    0.001,
    0.001,
    0.001,
    0.001,
    0.001,
    0.001,
    0.001,
    0.001,
    0.001,
    0.001,
    0.001,
    0.001,
    0.001,
    0.001,
    0.001,
    0.001,
    0.001,
    0.0005,
    0.0005,
    0.0005,
    0.0005,
    0.0005,
    0.0005,
    0.0005,
    0.0005,
    0.0005,
    0.0005,
    0.0005,
    0.0005,
    0.0005,
    0.0005,
    0.0005,
    0.0005,
    0.0005,
    0.0005,
    0.0005,
    0.0005,
    0.00025,
    0.00025,
    0.00025,
    0.00025,
    0.00025,
    0.00025,
    0.00025,
    0.00025
  ],
  "val_accuracy": [
    58.014832,
    66.742727,
    69.59498,
    71.990873,
    71.762693,
    73.017684,
    75.470622,
    73.87336,
    74.158585,
    76.725613,
    76.554478,
    75.698802,
    76.611523,
    77.124929,
    75.641757,
    75.812892,
    77.638334,
    75.812892,
    73.588135,
    76.326298,
    77.353109,
    77.866515,
    77.581289,
    77.181974,
    77.067884,
    77.467199,
    76.839703,
    77.296064,
    76.839703,
    76.497433,
    76.326298,
    75.926982,
    78.03765,
    76.668568,
    77.239019,
    76.782658,
    76.782658,
    76.440388,
    76.440388,
    76.383343,
    76.668568,
    76.212208,
    76.554478,
    76.782658,
    77.181974,
    76.440388,
    76.725613,
    77.010839
  ],
  "model_info": {
    "model_class": "BaseClassifier",
    "hidden_size": 128,
    "num_classes": 23,
    "emb_size_audio": 512,
    "emb_size_text": 0,
    "dropout": 0.1,
    "use_batch_norm": true,
    "mode": "audio",
    "num_folds": 5,
    "fold_id": 3,
    "batch_size": 64,
    "random_seed": 1821
  }
}