{
  "attention_audio": [
    0.44726,
    0.427952,
    0.421565,
    0.409562,
    0.409529,
    0.404471,
    0.402571,
    0.395981,
    0.3933,
    0.395106,
    0.393284,
    0.391733,
    0.393433,
    0.393404,
    0.395609,
    0.396468,
    0.393279,
    0.394143,
    0.393819,
    0.394173,
    0.397092,
    0.399506,
    0.399687,
    0.397163,
    0.402065,
    0.403033,
    0.401467,
    0.404303,
    0.403998,
    0.404683,
    0.401389,
    0.404003,
    0.406968,
    0.406094,
    0.4065,
    0.408118,
    0.410088,
    0.408043,
    0.407081,
    0.409773,
    0.410779,
    0.411753,
    0.412843,
    0.41298,
    0.413171,
    0.41357,
    0.414078,
    0.412855,
    0.413194,
    0.411975,
    0.411803,
    0.411687,
    0.411213,
    0.414382,
    0.413157,
    0.412178,
    0.414219,
    0.41314,
    0.413135,
    0.411431,
    0.413226,
    0.413056,
    0.414426,
    0.415689,
    0.414185,
    0.417333,
    0.417145,
    0.416846,
    0.416922,
    0.416796,
    0.415426,
    0.413825
  ],
  "attention_text": [
    0.55274,
    0.572048,
    0.578435,
    0.590438,
    0.590471,
    0.595529,
    0.597429,
    0.604019,
    0.6067,
    0.604894,
    0.606716,
    0.608267,
    0.606567,
    0.606596,
    0.604391,
    0.603532,
    0.606721,
    0.605857,
    0.606181,
    0.605827,
    0.602908,
    0.600494,
    0.600313,
    0.602837,
    0.597935,
    0.596967,
    0.598533,
    0.595697,
    0.596002,
    0.595317,
    0.598611,
    0.595997,
    0.593032,
    0.593906,
    0.5935,
    0.591883,
    0.589912,
    0.591957,
    0.592919,
    0.590227,
    0.589221,
    0.588247,
    0.587157,
    0.58702,
    0.586829,
    0.58643,
    0.585922,
    0.587145,
    0.586806,
    0.588025,
    0.588197,
    0.588314,
    0.588787,
    0.585618,
    0.586843,
    0.587822,
    0.585781,
    0.58686,
    0.586865,
    0.588569,
    0.586774,
    0.586944,
    0.585574,
    0.584311,
    0.585815,
    0.582667,
    0.582855,
    0.583154,
    0.583078,
    0.583204,
    0.584574,
    0.586175
  ],
  "train_cls_loss": [
    1.644406,
    1.13748,
    0.994686,
    0.907071,
    0.856831,
    0.80167,
    0.761979,
    0.745493,
    0.710511,
    0.688835,
    0.673843,
    0.646871,
    0.624116,
    0.601084,
    0.582732,
    0.572008,
    0.565927,
    0.547732,
    0.535114,
    0.518223,
    0.455445,
    0.424301,
    0.41596,
    0.400492,
    0.396191,
    0.379862,
    0.37513,
    0.363955,
    0.353866,
    0.35142,
    0.347016,
    0.334955,
    0.322344,
    0.322959,
    0.325095,
    0.311457,
    0.307458,
    0.305625,
    0.296822,
    0.291163,
    0.254492,
    0.248519,
    0.23974,
    0.237786,
    0.23521,
    0.234998,
    0.228135,
    0.227329,
    0.222407,
    0.21617,
    0.216909,
    0.209092,
    0.20918,
    0.212437,
    0.212224,
    0.200822,
    0.203944,
    0.204629,
    0.199617,
    0.199465,
    0.188422,
    0.18349,
    0.177638,
    0.17506,
    0.170283,
    0.169174,
    0.173316,
    0.17045,
    0.168884,
    0.170802,
    0.168161,
    0.166892
  ],
  "train_total_loss": [
    1.644406,
    1.13748,
    0.994686,
    0.907071,
    0.856831,
    0.80167,
    0.761979,
    0.745493,
    0.710511,
    0.688835,
    0.673843,
    0.646871,
    0.624116,
    0.601084,
    0.582732,
    0.572008,
    0.565927,
    0.547732,
    0.535114,
    0.518223,
    0.455445,
    0.424301,
    0.41596,
    0.400492,
    0.396191,
    0.379862,
    0.37513,
    0.363955,
    0.353866,
    0.35142,
    0.347016,
    0.334955,
    0.322344,
    0.322959,
    0.325095,
    0.311457,
    0.307458,
    0.305625,
    0.296822,
    0.291163,
    0.254492,
    0.248519,
    0.23974,
    0.237786,
    0.23521,
    0.234998,
    0.228135,
    0.227329,
    0.222407,
    0.21617,
    0.216909,
    0.209092,
    0.20918,
    0.212437,
    0.212224,
    0.200822,
    0.203944,
    0.204629,
    0.199617,
    0.199465,
    0.188422,
    0.18349,
    0.177638,
    0.17506,
    0.170283,
    0.169174,
    0.173316,
    0.17045,
    0.168884,
    0.170802,
    0.168161,
    0.166892
  ],
  "learning_rates": [
    0.001,
    0.001,
    0.001,
    0.001,
    0.001,
    0.001,
    0.001,
    0.001,
    0.001,
    0.001,
    0.001,
    0.001,
    0.001,
    0.001,
    0.001,
    0.001,
    0.001,
    0.001,
    0.001,
    0.001,
    0.0005,
    0.0005,
    0.0005,
    0.0005,
    0.0005,
    0.0005,
    0.0005,
    0.0005,
    0.0005,
    0.0005,
    0.0005,
    0.0005,
    0.0005,
    0.0005,
    0.0005,
    0.0005,
    0.0005,
    0.0005,
    0.0005,
    0.0005,
    0.00025,
    0.00025,
    0.00025,
    0.00025,
    0.00025,
    0.00025,
    0.00025,
    0.00025,
    0.00025,
    0.00025,
    0.00025,
    0.00025,
    0.00025,
    0.00025,
    0.00025,
    0.00025,
    0.00025,
    0.00025,
    0.00025,
    0.00025,
    0.000125,
    0.000125,
    0.000125,
    0.000125,
    0.000125,
    0.000125,
    0.000125,
    0.000125,
    0.000125,
    0.000125,
    0.000125,
    0.000125
  ],
  "val_accuracy": [
    69.195631,
    73.008937,
    75.948361,
    76.802383,
    77.279047,
    79.066534,
    80.099305,
    80.635551,
    80.397219,
    81.151936,
    81.807349,
    81.986097,
    82.383317,
    82.204568,
    82.701092,
    82.641509,
    82.423039,
    82.879841,
    82.542205,
    83.455809,
    84.011917,
    84.031778,
    84.150943,
    84.170804,
    83.634558,
    83.138034,
    84.309831,
    84.409136,
    84.428997,
    84.051639,
    84.309831,
    84.0715,
    83.535253,
    84.150943,
    84.131082,
    84.131082,
    84.48858,
    83.654419,
    83.833168,
    84.349553,
    84.369414,
    84.627607,
    84.309831,
    84.667329,
    84.548163,
    84.448858,
    84.568024,
    84.428997,
    84.48858,
    84.806356,
    84.309831,
    84.707051,
    84.607746,
    84.270109,
    84.28997,
    84.548163,
    84.865938,
    84.548163,
    84.0715,
    84.627607,
    84.587885,
    84.667329,
    84.746773,
    84.329692,
    84.68719,
    84.568024,
    84.786495,
    84.806356,
    84.68719,
    84.865938,
    84.806356,
    84.627607
  ],
  "model_info": {
    "model_class": "BaseClassifier",
    "hidden_size": 128,
    "num_classes": 23,
    "emb_size_audio": 512,
    "emb_size_text": 512,
    "dropout": 0.1,
    "use_batch_norm": true,
    "mode": "both",
    "num_folds": 5,
    "fold_id": 2,
    "batch_size": 64,
    "random_seed": 1821
  }
}