{
  "attention_audio": [
    0.469685,
    0.460239,
    0.462006,
    0.465838,
    0.463711,
    0.465524,
    0.46406,
    0.461903,
    0.461782,
    0.462457,
    0.460249,
    0.459005,
    0.458812,
    0.460358,
    0.460305,
    0.462168,
    0.458422,
    0.457115,
    0.45536,
    0.457668,
    0.460293,
    0.459736,
    0.458236,
    0.458345,
    0.457592,
    0.459317,
    0.462265,
    0.459078,
    0.460835,
    0.459554,
    0.463845,
    0.46163,
    0.462485,
    0.463571,
    0.462907,
    0.460833,
    0.462189,
    0.460696,
    0.462142,
    0.46348,
    0.463479,
    0.464814,
    0.46605,
    0.46664
  ],
  "attention_text": [
    0.530315,
    0.539761,
    0.537994,
    0.534162,
    0.536289,
    0.534476,
    0.53594,
    0.538097,
    0.538218,
    0.537544,
    0.539751,
    0.540995,
    0.541188,
    0.539642,
    0.539695,
    0.537832,
    0.541578,
    0.542885,
    0.54464,
    0.542332,
    0.539707,
    0.540264,
    0.541764,
    0.541655,
    0.542408,
    0.540683,
    0.537735,
    0.540922,
    0.539165,
    0.540446,
    0.536155,
    0.53837,
    0.537515,
    0.536429,
    0.537093,
    0.539167,
    0.537811,
    0.539304,
    0.537858,
    0.53652,
    0.536521,
    0.535186,
    0.53395,
    0.53336
  ],
  "train_cls_loss": [
    2.575797,
    1.619898,
    1.337293,
    1.193757,
    1.101842,
    1.047677,
    0.974524,
    0.938262,
    0.916791,
    0.880208,
    0.839117,
    0.814792,
    0.777353,
    0.7789,
    0.73657,
    0.711797,
    0.701258,
    0.687033,
    0.659819,
    0.660004,
    0.565738,
    0.542013,
    0.533751,
    0.514842,
    0.520992,
    0.505652,
    0.491275,
    0.477648,
    0.472055,
    0.470467,
    0.440345,
    0.444633,
    0.429964,
    0.432311,
    0.420101,
    0.412,
    0.407865,
    0.410399,
    0.386762,
    0.401614,
    0.3422,
    0.344815,
    0.327551,
    0.324594
  ],
  "train_top_cls_loss": [
    0.780108,
    0.50121,
    0.463052,
    0.432736,
    0.407333,
    0.39384,
    0.371591,
    0.355592,
    0.350576,
    0.342073,
    0.337535,
    0.322891,
    0.303259,
    0.315032,
    0.295319,
    0.287539,
    0.286026,
    0.278363,
    0.268157,
    0.270613,
    0.225944,
    0.211916,
    0.205948,
    0.201669,
    0.206167,
    0.197333,
    0.196018,
    0.181345,
    0.179237,
    0.183646,
    0.16626,
    0.170227,
    0.163322,
    0.176957,
    0.169503,
    0.169616,
    0.151566,
    0.159565,
    0.152003,
    0.156232,
    0.131895,
    0.13262,
    0.124931,
    0.127615
  ],
  "train_total_loss": [
    3.745958,
    2.371714,
    2.03187,
    1.84286,
    1.712841,
    1.638436,
    1.531911,
    1.47165,
    1.442655,
    1.393317,
    1.345419,
    1.299128,
    1.232241,
    1.251448,
    1.179549,
    1.143105,
    1.130296,
    1.104578,
    1.062054,
    1.065923,
    0.904654,
    0.859887,
    0.842673,
    0.817346,
    0.830243,
    0.801651,
    0.785303,
    0.749665,
    0.740911,
    0.745936,
    0.689735,
    0.699974,
    0.674946,
    0.697747,
    0.674355,
    0.666424,
    0.635214,
    0.649746,
    0.614767,
    0.635962,
    0.540042,
    0.543745,
    0.514947,
    0.516016
  ],
  "learning_rates": [
    0.001,
    0.001,
    0.001,
    0.001,
    0.001,
    0.001,
    0.001,
    0.001,
    0.001,
    0.001,
    0.001,
    0.001,
    0.001,
    0.001,
    0.001,
    0.001,
    0.001,
    0.001,
    0.001,
    0.001,
    0.0005,
    0.0005,
    0.0005,
    0.0005,
    0.0005,
    0.0005,
    0.0005,
    0.0005,
    0.0005,
    0.0005,
    0.0005,
    0.0005,
    0.0005,
    0.0005,
    0.0005,
    0.0005,
    0.0005,
    0.0005,
    0.0005,
    0.0005,
    0.00025,
    0.00025,
    0.00025,
    0.00025
  ],
  "val_accuracy": [
    42.068966,
    62.701149,
    65.172414,
    67.931034,
    72.758621,
    74.712644,
    76.034483,
    74.655172,
    76.264368,
    76.551724,
    76.724138,
    76.83908,
    76.666667,
    77.643678,
    78.793103,
    78.448276,
    76.321839,
    77.356322,
    77.758621,
    78.62069,
    78.448276,
    79.137931,
    79.08046,
    78.333333,
    78.62069,
    79.655172,
    78.908046,
    79.367816,
    79.885057,
    79.022989,
    79.367816,
    79.195402,
    77.586207,
    78.448276,
    79.195402,
    78.793103,
    78.505747,
    78.390805,
    78.850575,
    78.103448,
    78.275862,
    78.16092,
    79.022989,
    78.333333
  ],
  "model_info": {
    "model_class": "BaseClassifier",
    "hidden_size": 128,
    "num_classes": 23,
    "emb_size_audio": 768,
    "emb_size_text": 512,
    "dropout": 0.1,
    "use_batch_norm": true,
    "mode": "both",
    "num_folds": 5,
    "fold_id": 2,
    "batch_size": 64,
    "random_seed": 1821
  }
}