{
  "train_cls_loss": [
    2.523567,
    1.871447,
    1.841837,
    1.652438,
    1.615691,
    1.508287,
    1.575566,
    1.483894,
    1.484927,
    1.493891,
    1.432654,
    1.347073,
    1.376151,
    1.2794,
    1.335609,
    1.310452,
    1.27401,
    1.334668,
    1.252598,
    1.309723,
    1.260686,
    1.257773,
    1.317161,
    1.207495,
    1.210989,
    1.150763,
    1.256403,
    1.131365,
    1.162836,
    1.273485,
    1.096792,
    1.146564,
    1.135894,
    1.125162,
    1.224772,
    1.137324,
    1.142394,
    1.076433,
    1.133195,
    1.113546,
    1.053055,
    1.05712,
    1.129661,
    1.109052,
    1.008782
  ],
  "train_total_loss": [
    2.523567,
    1.871447,
    1.841837,
    1.652438,
    1.615691,
    1.508287,
    1.575566,
    1.483894,
    1.484927,
    1.493891,
    1.432654,
    1.347073,
    1.376151,
    1.2794,
    1.335609,
    1.310452,
    1.27401,
    1.334668,
    1.252598,
    1.309723,
    1.260686,
    1.257773,
    1.317161,
    1.207495,
    1.210989,
    1.150763,
    1.256403,
    1.131365,
    1.162836,
    1.273485,
    1.096792,
    1.146564,
    1.135894,
    1.125162,
    1.224772,
    1.137324,
    1.142394,
    1.076433,
    1.133195,
    1.113546,
    1.053055,
    1.05712,
    1.129661,
    1.109052,
    1.008782
  ],
  "learning_rates": [
    0.001,
    0.001,
    0.001,
    0.001,
    0.001,
    0.001,
    0.001,
    0.001,
    0.001,
    0.001,
    0.001,
    0.001,
    0.001,
    0.001,
    0.001,
    0.001,
    0.001,
    0.001,
    0.001,
    0.001,
    0.0005,
    0.0005,
    0.0005,
    0.0005,
    0.0005,
    0.0005,
    0.0005,
    0.0005,
    0.0005,
    0.0005,
    0.0005,
    0.0005,
    0.0005,
    0.0005,
    0.0005,
    0.0005,
    0.0005,
    0.0005,
    0.0005,
    0.0005,
    0.00025,
    0.00025,
    0.00025,
    0.00025,
    0.00025
  ],
  "val_accuracy": [
    56.18939,
    65.3166,
    69.309755,
    71.819738,
    71.990873,
    71.135197,
    73.131774,
    74.557901,
    73.245864,
    75.869937,
    74.21563,
    75.185396,
    74.614946,
    75.470622,
    76.212208,
    77.353109,
    75.527667,
    74.843126,
    77.239019,
    76.554478,
    77.296064,
    77.467199,
    77.239019,
    77.353109,
    77.524244,
    77.181974,
    77.296064,
    77.067884,
    77.010839,
    78.208785,
    77.524244,
    76.440388,
    76.782658,
    77.181974,
    77.353109,
    77.124929,
    76.953793,
    77.067884,
    76.953793,
    76.383343,
    77.010839,
    77.296064,
    77.239019,
    77.124929,
    77.296064
  ],
  "model_info": {
    "model_class": "BaseClassifier",
    "hidden_size": 128,
    "num_classes": 23,
    "emb_size_audio": 512,
    "emb_size_text": 0,
    "dropout": 0.1,
    "use_batch_norm": true,
    "mode": "audio",
    "num_folds": 5,
    "fold_id": 3,
    "batch_size": 64,
    "random_seed": 1821
  }
}