{
  "train_cls_loss": [
    2.586533,
    1.938625,
    1.731856,
    1.698757,
    1.516587,
    1.576156,
    1.550296,
    1.486836,
    1.484313,
    1.398924,
    1.44384,
    1.359388,
    1.465589,
    1.257932,
    1.362325,
    1.294382,
    1.326884,
    1.224534,
    1.260962,
    1.322933,
    1.235864,
    1.229917,
    1.231055,
    1.204186,
    1.232244,
    1.236874,
    1.228631,
    1.167778,
    1.099479,
    1.167169,
    1.144931,
    1.178369,
    1.070182,
    1.052885,
    1.150313,
    1.130152,
    1.17725
  ],
  "train_total_loss": [
    2.586533,
    1.938625,
    1.731856,
    1.698757,
    1.516587,
    1.576156,
    1.550296,
    1.486836,
    1.484313,
    1.398924,
    1.44384,
    1.359388,
    1.465589,
    1.257932,
    1.362325,
    1.294382,
    1.326884,
    1.224534,
    1.260962,
    1.322933,
    1.235864,
    1.229917,
    1.231055,
    1.204186,
    1.232244,
    1.236874,
    1.228631,
    1.167778,
    1.099479,
    1.167169,
    1.144931,
    1.178369,
    1.070182,
    1.052885,
    1.150313,
    1.130152,
    1.17725
  ],
  "learning_rates": [
    0.001,
    0.001,
    0.001,
    0.001,
    0.001,
    0.001,
    0.001,
    0.001,
    0.001,
    0.001,
    0.001,
    0.001,
    0.001,
    0.001,
    0.001,
    0.001,
    0.001,
    0.001,
    0.001,
    0.001,
    0.0005,
    0.0005,
    0.0005,
    0.0005,
    0.0005,
    0.0005,
    0.0005,
    0.0005,
    0.0005,
    0.0005,
    0.0005,
    0.0005,
    0.0005,
    0.0005,
    0.0005,
    0.0005,
    0.0005
  ],
  "val_accuracy": [
    57.786651,
    66.400456,
    70.792926,
    71.876783,
    71.762693,
    72.903594,
    74.10154,
    74.32972,
    75.071306,
    75.527667,
    75.527667,
    76.155163,
    75.755847,
    76.041072,
    75.299487,
    76.725613,
    75.698802,
    77.524244,
    77.809469,
    76.611523,
    77.92356,
    77.980605,
    77.695379,
    77.809469,
    77.638334,
    77.467199,
    77.410154,
    77.067884,
    76.725613,
    77.181974,
    77.296064,
    77.353109,
    77.410154,
    76.782658,
    76.953793,
    77.524244,
    76.497433
  ],
  "model_info": {
    "model_class": "BaseClassifier",
    "hidden_size": 128,
    "num_classes": 23,
    "emb_size_audio": 512,
    "emb_size_text": 0,
    "dropout": 0.1,
    "use_batch_norm": true,
    "mode": "audio",
    "num_folds": 5,
    "fold_id": 1,
    "batch_size": 64,
    "random_seed": 1821
  }
}