{
  "attention_audio": [
    0.451362,
    0.428596,
    0.423206,
    0.416002,
    0.413034,
    0.409312,
    0.404879,
    0.407546,
    0.408574,
    0.403447,
    0.399329,
    0.396389,
    0.40026,
    0.404176,
    0.401888,
    0.399953,
    0.402907,
    0.402434,
    0.401289,
    0.398683,
    0.398533,
    0.399919,
    0.402028,
    0.405761,
    0.406553,
    0.405672,
    0.403689,
    0.406395,
    0.405619,
    0.400421,
    0.406229,
    0.405592,
    0.407917,
    0.408424,
    0.407161,
    0.410867,
    0.412383,
    0.409274,
    0.406919,
    0.408332,
    0.408211,
    0.410443,
    0.411997,
    0.410757,
    0.413228,
    0.412501,
    0.414444,
    0.415214,
    0.412861,
    0.411092,
    0.413949,
    0.414284,
    0.413092
  ],
  "attention_text": [
    0.548638,
    0.571404,
    0.576794,
    0.583998,
    0.586966,
    0.590688,
    0.595121,
    0.592454,
    0.591426,
    0.596552,
    0.600671,
    0.603611,
    0.59974,
    0.595824,
    0.598112,
    0.600047,
    0.597093,
    0.597566,
    0.598711,
    0.601317,
    0.601467,
    0.600082,
    0.597972,
    0.594239,
    0.593447,
    0.594328,
    0.596311,
    0.593605,
    0.594381,
    0.59958,
    0.593771,
    0.594408,
    0.592083,
    0.591576,
    0.592839,
    0.589133,
    0.587617,
    0.590726,
    0.593081,
    0.591668,
    0.591789,
    0.589557,
    0.588003,
    0.589243,
    0.586772,
    0.587499,
    0.585556,
    0.584786,
    0.587139,
    0.588908,
    0.586051,
    0.585716,
    0.586908
  ],
  "train_cls_loss": [
    1.612402,
    1.119391,
    0.978826,
    0.907004,
    0.851825,
    0.820347,
    0.772982,
    0.745001,
    0.715905,
    0.688152,
    0.673954,
    0.647056,
    0.62525,
    0.6121,
    0.600969,
    0.573083,
    0.564254,
    0.548999,
    0.536856,
    0.533852,
    0.458513,
    0.425517,
    0.420308,
    0.397638,
    0.394963,
    0.382152,
    0.373184,
    0.367059,
    0.362277,
    0.353274,
    0.348497,
    0.328328,
    0.326508,
    0.321777,
    0.312905,
    0.31235,
    0.305052,
    0.296656,
    0.294203,
    0.289416,
    0.261373,
    0.245314,
    0.239776,
    0.232902,
    0.234437,
    0.220062,
    0.227479,
    0.219668,
    0.217388,
    0.212704,
    0.213935,
    0.211353,
    0.207184
  ],
  "train_total_loss": [
    1.612402,
    1.119391,
    0.978826,
    0.907004,
    0.851825,
    0.820347,
    0.772982,
    0.745001,
    0.715905,
    0.688152,
    0.673954,
    0.647056,
    0.62525,
    0.6121,
    0.600969,
    0.573083,
    0.564254,
    0.548999,
    0.536856,
    0.533852,
    0.458513,
    0.425517,
    0.420308,
    0.397638,
    0.394963,
    0.382152,
    0.373184,
    0.367059,
    0.362277,
    0.353274,
    0.348497,
    0.328328,
    0.326508,
    0.321777,
    0.312905,
    0.31235,
    0.305052,
    0.296656,
    0.294203,
    0.289416,
    0.261373,
    0.245314,
    0.239776,
    0.232902,
    0.234437,
    0.220062,
    0.227479,
    0.219668,
    0.217388,
    0.212704,
    0.213935,
    0.211353,
    0.207184
  ],
  "learning_rates": [
    0.001,
    0.001,
    0.001,
    0.001,
    0.001,
    0.001,
    0.001,
    0.001,
    0.001,
    0.001,
    0.001,
    0.001,
    0.001,
    0.001,
    0.001,
    0.001,
    0.001,
    0.001,
    0.001,
    0.001,
    0.0005,
    0.0005,
    0.0005,
    0.0005,
    0.0005,
    0.0005,
    0.0005,
    0.0005,
    0.0005,
    0.0005,
    0.0005,
    0.0005,
    0.0005,
    0.0005,
    0.0005,
    0.0005,
    0.0005,
    0.0005,
    0.0005,
    0.0005,
    0.00025,
    0.00025,
    0.00025,
    0.00025,
    0.00025,
    0.00025,
    0.00025,
    0.00025,
    0.00025,
    0.00025,
    0.00025,
    0.00025,
    0.00025
  ],
  "val_accuracy": [
    69.553128,
    72.750745,
    76.861966,
    77.120159,
    79.563059,
    79.602781,
    80.655412,
    80.377358,
    80.973188,
    82.184707,
    82.403178,
    82.522344,
    82.720953,
    83.038729,
    83.098312,
    82.641509,
    83.376365,
    83.435948,
    83.694141,
    83.515392,
    83.952334,
    84.230387,
    83.932473,
    84.250248,
    84.051639,
    84.409136,
    83.773585,
    84.468719,
    84.587885,
    84.111221,
    84.389275,
    84.111221,
    84.250248,
    84.508441,
    84.68719,
    84.607746,
    84.051639,
    85.024826,
    84.131082,
    84.329692,
    84.548163,
    84.468719,
    84.607746,
    84.607746,
    84.766634,
    84.230387,
    84.607746,
    84.945382,
    84.786495,
    84.329692,
    84.587885,
    84.428997,
    84.528302
  ],
  "model_info": {
    "model_class": "BaseClassifier",
    "hidden_size": 128,
    "num_classes": 23,
    "emb_size_audio": 512,
    "emb_size_text": 512,
    "dropout": 0.1,
    "use_batch_norm": true,
    "mode": "both",
    "num_folds": 5,
    "fold_id": 0,
    "batch_size": 64,
    "random_seed": 1821
  }
}