{
  "train_cls_loss": [
    2.419036,
    1.559482,
    1.371697,
    1.268751,
    1.19347,
    1.14775,
    1.110529,
    1.079838,
    1.045478,
    0.995669,
    0.968694,
    0.956886,
    0.937539,
    0.906473,
    0.892069,
    0.863373,
    0.85175,
    0.857181,
    0.845014,
    0.803132,
    0.728421,
    0.707055,
    0.686532,
    0.669898,
    0.672895,
    0.658469,
    0.634367,
    0.620049,
    0.611058,
    0.616917,
    0.598029,
    0.59952,
    0.575551,
    0.580203,
    0.585953,
    0.563834,
    0.530418
  ],
  "train_total_loss": [
    2.419036,
    1.559482,
    1.371697,
    1.268751,
    1.19347,
    1.14775,
    1.110529,
    1.079838,
    1.045478,
    0.995669,
    0.968694,
    0.956886,
    0.937539,
    0.906473,
    0.892069,
    0.863373,
    0.85175,
    0.857181,
    0.845014,
    0.803132,
    0.728421,
    0.707055,
    0.686532,
    0.669898,
    0.672895,
    0.658469,
    0.634367,
    0.620049,
    0.611058,
    0.616917,
    0.598029,
    0.59952,
    0.575551,
    0.580203,
    0.585953,
    0.563834,
    0.530418
  ],
  "learning_rates": [
    0.001,
    0.001,
    0.001,
    0.001,
    0.001,
    0.001,
    0.001,
    0.001,
    0.001,
    0.001,
    0.001,
    0.001,
    0.001,
    0.001,
    0.001,
    0.001,
    0.001,
    0.001,
    0.001,
    0.001,
    0.0005,
    0.0005,
    0.0005,
    0.0005,
    0.0005,
    0.0005,
    0.0005,
    0.0005,
    0.0005,
    0.0005,
    0.0005,
    0.0005,
    0.0005,
    0.0005,
    0.0005,
    0.0005,
    0.0005
  ],
  "val_accuracy": [
    64.517969,
    67.940673,
    72.047918,
    72.561323,
    72.675414,
    72.561323,
    74.500856,
    74.614946,
    75.242442,
    74.957216,
    73.188819,
    74.957216,
    75.413577,
    75.356532,
    74.729036,
    74.671991,
    75.812892,
    74.614946,
    74.843126,
    75.869937,
    76.155163,
    77.581289,
    76.383343,
    77.353109,
    76.440388,
    76.440388,
    75.584712,
    76.155163,
    76.155163,
    75.014261,
    75.869937,
    76.212208,
    75.755847,
    75.926982,
    74.900171,
    75.584712,
    75.128351
  ],
  "model_info": {
    "model_class": "BaseClassifier",
    "hidden_size": 128,
    "num_classes": 23,
    "emb_size_audio": 512,
    "emb_size_text": 0,
    "dropout": 0.1,
    "use_batch_norm": true,
    "mode": "audio",
    "num_folds": 5,
    "fold_id": 1,
    "batch_size": 64,
    "random_seed": 1821
  }
}