{
  "train_cls_loss": [
    2.338459,
    1.609075,
    1.399568,
    1.307875,
    1.236993,
    1.161352,
    1.136245,
    1.085935,
    1.041631,
    1.007205,
    0.976242,
    0.959268,
    0.917437,
    0.903693,
    0.868665,
    0.843342,
    0.826704,
    0.8057,
    0.770259,
    0.745814,
    0.672591,
    0.658627,
    0.635068,
    0.617752,
    0.604235,
    0.597984,
    0.574853,
    0.55634,
    0.549123,
    0.530742,
    0.540622,
    0.510491,
    0.530865,
    0.511845,
    0.487855,
    0.501752,
    0.474545,
    0.46726,
    0.459288,
    0.472681,
    0.417555,
    0.409864
  ],
  "train_total_loss": [
    2.338459,
    1.609075,
    1.399568,
    1.307875,
    1.236993,
    1.161352,
    1.136245,
    1.085935,
    1.041631,
    1.007205,
    0.976242,
    0.959268,
    0.917437,
    0.903693,
    0.868665,
    0.843342,
    0.826704,
    0.8057,
    0.770259,
    0.745814,
    0.672591,
    0.658627,
    0.635068,
    0.617752,
    0.604235,
    0.597984,
    0.574853,
    0.55634,
    0.549123,
    0.530742,
    0.540622,
    0.510491,
    0.530865,
    0.511845,
    0.487855,
    0.501752,
    0.474545,
    0.46726,
    0.459288,
    0.472681,
    0.417555,
    0.409864
  ],
  "learning_rates": [
    0.001,
    0.001,
    0.001,
    0.001,
    0.001,
    0.001,
    0.001,
    0.001,
    0.001,
    0.001,
    0.001,
    0.001,
    0.001,
    0.001,
    0.001,
    0.001,
    0.001,
    0.001,
    0.001,
    0.001,
    0.0005,
    0.0005,
    0.0005,
    0.0005,
    0.0005,
    0.0005,
    0.0005,
    0.0005,
    0.0005,
    0.0005,
    0.0005,
    0.0005,
    0.0005,
    0.0005,
    0.0005,
    0.0005,
    0.0005,
    0.0005,
    0.0005,
    0.0005,
    0.00025,
    0.00025
  ],
  "val_accuracy": [
    57.843697,
    61.608671,
    65.658871,
    66.115231,
    67.826583,
    67.084997,
    69.70907,
    70.507701,
    70.165431,
    71.762693,
    71.306332,
    73.188819,
    70.792926,
    70.964062,
    71.762693,
    71.762693,
    71.933828,
    72.390188,
    73.702225,
    72.390188,
    73.64518,
    73.359954,
    73.188819,
    73.474044,
    73.359954,
    73.816315,
    74.21563,
    73.074729,
    73.416999,
    73.416999,
    73.702225,
    73.702225,
    73.131774,
    73.53109,
    73.588135,
    72.846549,
    74.10154,
    73.074729,
    73.245864,
    72.846549,
    73.64518,
    73.416999
  ],
  "model_info": {
    "model_class": "BaseClassifier",
    "hidden_size": 128,
    "num_classes": 23,
    "emb_size_audio": 768,
    "emb_size_text": 0,
    "dropout": 0.1,
    "use_batch_norm": true,
    "mode": "audio",
    "num_folds": 5,
    "fold_id": 4,
    "batch_size": 64,
    "random_seed": 1821
  }
}