{
  "attention_audio": [
    0.51446,
    0.526799,
    0.528141,
    0.526496,
    0.526311,
    0.535672,
    0.532977,
    0.531379,
    0.5368,
    0.539627,
    0.544875,
    0.543943,
    0.544677,
    0.544871,
    0.55281,
    0.55064,
    0.550389,
    0.554325,
    0.555324,
    0.558382,
    0.56463,
    0.560982,
    0.563358,
    0.563118,
    0.56534,
    0.565647,
    0.565688,
    0.568202,
    0.566734,
    0.569645,
    0.568515,
    0.57019,
    0.571896,
    0.56895,
    0.571254,
    0.571963
  ],
  "attention_text": [
    0.48554,
    0.473201,
    0.471859,
    0.473504,
    0.473689,
    0.464328,
    0.467023,
    0.46862,
    0.4632,
    0.460373,
    0.455125,
    0.456057,
    0.455323,
    0.455129,
    0.44719,
    0.44936,
    0.449611,
    0.445675,
    0.444676,
    0.441618,
    0.43537,
    0.439018,
    0.436642,
    0.436882,
    0.43466,
    0.434353,
    0.434312,
    0.431798,
    0.433265,
    0.430356,
    0.431485,
    0.42981,
    0.428104,
    0.43105,
    0.428746,
    0.428037
  ],
  "train_cls_loss": [
    2.175871,
    1.31872,
    1.13585,
    1.020931,
    0.943296,
    0.867502,
    0.818719,
    0.750147,
    0.731655,
    0.688877,
    0.692609,
    0.650753,
    0.639861,
    0.61962,
    0.573367,
    0.574363,
    0.558149,
    0.519451,
    0.505935,
    0.501357,
    0.415521,
    0.391576,
    0.371058,
    0.35834,
    0.354046,
    0.345831,
    0.329478,
    0.322881,
    0.322518,
    0.328033,
    0.307471,
    0.317763,
    0.285845,
    0.303136,
    0.291298,
    0.285903
  ],
  "train_top_cls_loss": [
    0.816923,
    0.493314,
    0.443071,
    0.415375,
    0.390397,
    0.368081,
    0.355658,
    0.336465,
    0.331505,
    0.311884,
    0.320393,
    0.301854,
    0.292314,
    0.27635,
    0.26171,
    0.25472,
    0.253456,
    0.239636,
    0.223737,
    0.234454,
    0.19563,
    0.183656,
    0.172976,
    0.169633,
    0.163286,
    0.169687,
    0.154697,
    0.155801,
    0.149517,
    0.160902,
    0.151958,
    0.15389,
    0.137469,
    0.152182,
    0.140242,
    0.143309
  ],
  "train_total_loss": [
    2.584333,
    1.565377,
    1.357385,
    1.228619,
    1.138494,
    1.051542,
    0.996548,
    0.918379,
    0.897407,
    0.844819,
    0.852805,
    0.80168,
    0.786018,
    0.757795,
    0.704222,
    0.701723,
    0.684877,
    0.639269,
    0.617803,
    0.618584,
    0.513336,
    0.483404,
    0.457546,
    0.443157,
    0.435689,
    0.430675,
    0.406826,
    0.400782,
    0.397277,
    0.408484,
    0.38345,
    0.394707,
    0.354579,
    0.379227,
    0.361419,
    0.357557
  ],
  "learning_rates": [
    0.001,
    0.001,
    0.001,
    0.001,
    0.001,
    0.001,
    0.001,
    0.001,
    0.001,
    0.001,
    0.001,
    0.001,
    0.001,
    0.001,
    0.001,
    0.001,
    0.001,
    0.001,
    0.001,
    0.001,
    0.0005,
    0.0005,
    0.0005,
    0.0005,
    0.0005,
    0.0005,
    0.0005,
    0.0005,
    0.0005,
    0.0005,
    0.0005,
    0.0005,
    0.0005,
    0.0005,
    0.0005,
    0.0005
  ],
  "val_accuracy": [
    63.218391,
    65.689655,
    72.126437,
    74.482759,
    75.402299,
    77.298851,
    76.781609,
    77.931034,
    78.218391,
    77.241379,
    78.563218,
    79.022989,
    79.022989,
    79.54023,
    79.252874,
    80.114943,
    79.137931,
    80.229885,
    78.218391,
    80.632184,
    80.977011,
    80.45977,
    79.482759,
    79.827586,
    79.425287,
    80.344828,
    80.172414,
    79.54023,
    79.54023,
    79.367816,
    77.586207,
    79.54023,
    79.482759,
    78.563218,
    78.333333,
    78.735632
  ],
  "model_info": {
    "model_class": "BaseClassifier",
    "hidden_size": 128,
    "num_classes": 23,
    "emb_size_audio": 1280,
    "emb_size_text": 512,
    "dropout": 0.1,
    "use_batch_norm": true,
    "mode": "both",
    "num_folds": 5,
    "fold_id": 2,
    "batch_size": 64,
    "random_seed": 1821
  }
}