{
  "train_cls_loss": [
    2.520298,
    1.886678,
    1.808638,
    1.619337,
    1.511989,
    1.489662,
    1.458811,
    1.483723,
    1.371018,
    1.501616,
    1.473548,
    1.363951,
    1.363629,
    1.348557,
    1.392208,
    1.267027,
    1.286571,
    1.284916,
    1.315688,
    1.409815,
    1.181025,
    1.261143,
    1.226537,
    1.161721,
    1.191158,
    1.158226,
    1.152983,
    1.111722,
    1.181927,
    1.126845,
    1.118261,
    1.074101,
    1.140572,
    1.115052,
    1.106326,
    1.134536,
    1.148427,
    1.130088,
    1.096733,
    1.067454,
    1.127806,
    1.016078,
    1.018589,
    0.994533,
    1.137565,
    0.994417,
    1.121073,
    0.932553,
    1.083384,
    0.989359,
    0.941881,
    0.966448,
    0.950338,
    0.864165,
    1.026189,
    0.880992,
    0.929311,
    0.942425,
    1.034502,
    0.933903
  ],
  "train_total_loss": [
    2.520298,
    1.886678,
    1.808638,
    1.619337,
    1.511989,
    1.489662,
    1.458811,
    1.483723,
    1.371018,
    1.501616,
    1.473548,
    1.363951,
    1.363629,
    1.348557,
    1.392208,
    1.267027,
    1.286571,
    1.284916,
    1.315688,
    1.409815,
    1.181025,
    1.261143,
    1.226537,
    1.161721,
    1.191158,
    1.158226,
    1.152983,
    1.111722,
    1.181927,
    1.126845,
    1.118261,
    1.074101,
    1.140572,
    1.115052,
    1.106326,
    1.134536,
    1.148427,
    1.130088,
    1.096733,
    1.067454,
    1.127806,
    1.016078,
    1.018589,
    0.994533,
    1.137565,
    0.994417,
    1.121073,
    0.932553,
    1.083384,
    0.989359,
    0.941881,
    0.966448,
    0.950338,
    0.864165,
    1.026189,
    0.880992,
    0.929311,
    0.942425,
    1.034502,
    0.933903
  ],
  "learning_rates": [
    0.001,
    0.001,
    0.001,
    0.001,
    0.001,
    0.001,
    0.001,
    0.001,
    0.001,
    0.001,
    0.001,
    0.001,
    0.001,
    0.001,
    0.001,
    0.001,
    0.001,
    0.001,
    0.001,
    0.001,
    0.0005,
    0.0005,
    0.0005,
    0.0005,
    0.0005,
    0.0005,
    0.0005,
    0.0005,
    0.0005,
    0.0005,
    0.0005,
    0.0005,
    0.0005,
    0.0005,
    0.0005,
    0.0005,
    0.0005,
    0.0005,
    0.0005,
    0.0005,
    0.00025,
    0.00025,
    0.00025,
    0.00025,
    0.00025,
    0.00025,
    0.00025,
    0.00025,
    0.00025,
    0.00025,
    0.00025,
    0.00025,
    0.00025,
    0.00025,
    0.00025,
    0.00025,
    0.00025,
    0.00025,
    0.00025,
    0.00025
  ],
  "val_accuracy": [
    60.46777,
    65.145465,
    69.70907,
    70.393611,
    71.933828,
    74.10154,
    75.185396,
    75.356532,
    75.584712,
    76.611523,
    75.984027,
    74.671991,
    76.782658,
    76.269253,
    76.155163,
    76.725613,
    76.155163,
    76.896748,
    76.668568,
    75.698802,
    77.410154,
    77.524244,
    77.866515,
    77.296064,
    77.752424,
    77.695379,
    78.03765,
    77.92356,
    77.695379,
    77.353109,
    77.239019,
    78.322875,
    77.124929,
    77.124929,
    77.410154,
    78.436965,
    77.809469,
    76.041072,
    77.353109,
    77.124929,
    77.467199,
    78.26583,
    77.809469,
    77.809469,
    78.49401,
    77.809469,
    77.581289,
    77.980605,
    77.809469,
    78.15174,
    76.896748,
    77.467199,
    77.467199,
    77.296064,
    77.010839,
    76.668568,
    77.181974,
    77.467199,
    76.611523,
    77.524244
  ],
  "model_info": {
    "model_class": "BaseClassifier",
    "hidden_size": 128,
    "num_classes": 23,
    "emb_size_audio": 512,
    "emb_size_text": 0,
    "dropout": 0.1,
    "use_batch_norm": true,
    "mode": "audio",
    "num_folds": 5,
    "fold_id": 4,
    "batch_size": 64,
    "random_seed": 1821
  }
}