{
  "train_cls_loss": [
    2.452993,
    1.748706,
    1.544624,
    1.421118,
    1.368723,
    1.278627,
    1.248271,
    1.20909,
    1.14848,
    1.124937,
    1.086172,
    1.051641,
    1.021119,
    1.009678,
    0.973071,
    0.966581,
    0.934293,
    0.898942,
    0.890578,
    0.870193,
    0.779815,
    0.753833,
    0.733927,
    0.693348,
    0.698605,
    0.669347,
    0.687729,
    0.654474,
    0.661252,
    0.630237,
    0.616446,
    0.623534,
    0.616566,
    0.617295,
    0.617456,
    0.570133,
    0.560487,
    0.549614,
    0.543545,
    0.554514,
    0.498577,
    0.474787
  ],
  "train_top_cls_loss": [
    0.862074,
    0.622344,
    0.597999,
    0.558777,
    0.546474,
    0.51419,
    0.510987,
    0.494139,
    0.479305,
    0.46928,
    0.459501,
    0.439934,
    0.437795,
    0.426085,
    0.405254,
    0.407744,
    0.391499,
    0.370702,
    0.37436,
    0.362249,
    0.32061,
    0.306675,
    0.304862,
    0.278738,
    0.279893,
    0.278472,
    0.275438,
    0.266946,
    0.261116,
    0.244102,
    0.253958,
    0.248777,
    0.254646,
    0.250658,
    0.2523,
    0.226156,
    0.223103,
    0.220798,
    0.225074,
    0.228025,
    0.196978,
    0.186806
  ],
  "train_total_loss": [
    3.315067,
    2.37105,
    2.142622,
    1.979895,
    1.915196,
    1.792818,
    1.759258,
    1.703229,
    1.627785,
    1.594218,
    1.545673,
    1.491575,
    1.458914,
    1.435762,
    1.378324,
    1.374326,
    1.325792,
    1.269644,
    1.264937,
    1.232442,
    1.100425,
    1.060508,
    1.038789,
    0.972086,
    0.978497,
    0.947819,
    0.963166,
    0.921419,
    0.922369,
    0.874339,
    0.870404,
    0.872311,
    0.871212,
    0.867953,
    0.869756,
    0.796289,
    0.783589,
    0.770412,
    0.76862,
    0.782539,
    0.695555,
    0.661593
  ],
  "learning_rates": [
    0.001,
    0.001,
    0.001,
    0.001,
    0.001,
    0.001,
    0.001,
    0.001,
    0.001,
    0.001,
    0.001,
    0.001,
    0.001,
    0.001,
    0.001,
    0.001,
    0.001,
    0.001,
    0.001,
    0.001,
    0.0005,
    0.0005,
    0.0005,
    0.0005,
    0.0005,
    0.0005,
    0.0005,
    0.0005,
    0.0005,
    0.0005,
    0.0005,
    0.0005,
    0.0005,
    0.0005,
    0.0005,
    0.0005,
    0.0005,
    0.0005,
    0.0005,
    0.0005,
    0.00025,
    0.00025
  ],
  "val_accuracy": [
    47.011494,
    56.149425,
    62.528736,
    62.758621,
    65.632184,
    68.62069,
    68.62069,
    69.827586,
    71.321839,
    67.586207,
    71.551724,
    70.229885,
    71.494253,
    71.551724,
    70.229885,
    71.436782,
    73.908046,
    73.218391,
    72.643678,
    73.045977,
    73.390805,
    73.505747,
    74.195402,
    73.390805,
    73.563218,
    73.045977,
    74.885057,
    73.735632,
    74.022989,
    73.16092,
    74.022989,
    72.931034,
    73.333333,
    73.333333,
    73.275862,
    73.563218,
    74.022989,
    73.62069,
    74.137931,
    73.045977,
    73.793103,
    73.505747
  ],
  "model_info": {
    "model_class": "BaseClassifier",
    "hidden_size": 128,
    "num_classes": 23,
    "emb_size_audio": 768,
    "emb_size_text": 0,
    "dropout": 0.1,
    "use_batch_norm": true,
    "mode": "audio",
    "num_folds": 5,
    "fold_id": 2,
    "batch_size": 64,
    "random_seed": 1821
  }
}