{
  "train_cls_loss": [
    2.455126,
    1.686783,
    1.513188,
    1.399949,
    1.337812,
    1.274428,
    1.253109,
    1.183215,
    1.131577,
    1.122677,
    1.071873,
    1.051131,
    1.021128,
    1.006864,
    0.981834,
    0.949173,
    0.911597,
    0.893218,
    0.867984,
    0.853636,
    0.772944,
    0.739595,
    0.731606,
    0.700475,
    0.682962,
    0.680299,
    0.659398,
    0.644642,
    0.640633,
    0.622627,
    0.60653,
    0.607758,
    0.603499,
    0.581632,
    0.588221,
    0.558113,
    0.541486,
    0.542411,
    0.516541,
    0.517929,
    0.488182,
    0.466768,
    0.478933,
    0.436689,
    0.428863,
    0.430098,
    0.419054,
    0.419319,
    0.425067,
    0.418138,
    0.398653,
    0.409985,
    0.395275,
    0.384736
  ],
  "train_top_cls_loss": [
    0.865761,
    0.645196,
    0.597694,
    0.557701,
    0.542822,
    0.535386,
    0.510148,
    0.486239,
    0.473047,
    0.465387,
    0.44891,
    0.440091,
    0.435947,
    0.419402,
    0.420056,
    0.395744,
    0.382588,
    0.383304,
    0.359269,
    0.366345,
    0.325216,
    0.301797,
    0.302338,
    0.291744,
    0.279548,
    0.288376,
    0.271308,
    0.263417,
    0.264276,
    0.249976,
    0.25586,
    0.249318,
    0.252475,
    0.244964,
    0.24613,
    0.239459,
    0.226159,
    0.223723,
    0.212446,
    0.208991,
    0.207129,
    0.186438,
    0.195744,
    0.176797,
    0.177603,
    0.174919,
    0.179076,
    0.176182,
    0.177927,
    0.168999,
    0.159681,
    0.169453,
    0.169575,
    0.163838
  ],
  "train_total_loss": [
    3.320887,
    2.331979,
    2.110882,
    1.957649,
    1.880634,
    1.809814,
    1.763257,
    1.669454,
    1.604624,
    1.588064,
    1.520784,
    1.491223,
    1.457075,
    1.426265,
    1.40189,
    1.344918,
    1.294185,
    1.276522,
    1.227252,
    1.219981,
    1.098161,
    1.041392,
    1.033945,
    0.992219,
    0.962509,
    0.968675,
    0.930706,
    0.908059,
    0.904909,
    0.872603,
    0.86239,
    0.857076,
    0.855973,
    0.826597,
    0.834351,
    0.797572,
    0.767646,
    0.766135,
    0.728987,
    0.726919,
    0.695311,
    0.653205,
    0.674677,
    0.613486,
    0.606466,
    0.605017,
    0.59813,
    0.595501,
    0.602994,
    0.587136,
    0.558334,
    0.579438,
    0.56485,
    0.548574
  ],
  "learning_rates": [
    0.001,
    0.001,
    0.001,
    0.001,
    0.001,
    0.001,
    0.001,
    0.001,
    0.001,
    0.001,
    0.001,
    0.001,
    0.001,
    0.001,
    0.001,
    0.001,
    0.001,
    0.001,
    0.001,
    0.001,
    0.0005,
    0.0005,
    0.0005,
    0.0005,
    0.0005,
    0.0005,
    0.0005,
    0.0005,
    0.0005,
    0.0005,
    0.0005,
    0.0005,
    0.0005,
    0.0005,
    0.0005,
    0.0005,
    0.0005,
    0.0005,
    0.0005,
    0.0005,
    0.00025,
    0.00025,
    0.00025,
    0.00025,
    0.00025,
    0.00025,
    0.00025,
    0.00025,
    0.00025,
    0.00025,
    0.00025,
    0.00025,
    0.00025,
    0.00025
  ],
  "val_accuracy": [
    48.390805,
    57.758621,
    60.114943,
    64.655172,
    66.609195,
    66.896552,
    68.965517,
    68.16092,
    67.816092,
    69.425287,
    70.229885,
    70.0,
    68.678161,
    71.034483,
    71.494253,
    71.206897,
    70.632184,
    71.551724,
    71.666667,
    72.126437,
    72.528736,
    72.183908,
    71.781609,
    71.896552,
    72.298851,
    71.551724,
    72.183908,
    72.643678,
    71.609195,
    71.321839,
    72.528736,
    72.298851,
    72.068966,
    71.781609,
    71.264368,
    72.471264,
    71.609195,
    71.666667,
    73.333333,
    72.758621,
    71.321839,
    72.528736,
    71.954023,
    72.011494,
    71.83908,
    72.068966,
    72.068966,
    72.356322,
    72.356322,
    72.011494,
    72.528736,
    72.413793,
    71.666667,
    72.931034
  ],
  "model_info": {
    "model_class": "BaseClassifier",
    "hidden_size": 128,
    "num_classes": 23,
    "emb_size_audio": 768,
    "emb_size_text": 0,
    "dropout": 0.1,
    "use_batch_norm": true,
    "mode": "audio",
    "num_folds": 5,
    "fold_id": 4,
    "batch_size": 64,
    "random_seed": 1821
  }
}