{
  "attention_audio": [
    0.388072,
    0.359803,
    0.326955,
    0.315307,
    0.303894,
    0.292939,
    0.28583,
    0.285667,
    0.284397,
    0.283055,
    0.285168,
    0.279298,
    0.277802,
    0.280688,
    0.279053,
    0.280505,
    0.285135,
    0.284634,
    0.284805,
    0.28159,
    0.281285,
    0.282786,
    0.28189,
    0.279541,
    0.279696,
    0.277702,
    0.27526,
    0.276278,
    0.274368,
    0.275956,
    0.26683,
    0.27043,
    0.272832,
    0.267113,
    0.270148,
    0.274573,
    0.268581,
    0.269421,
    0.27133,
    0.264946
  ],
  "attention_text": [
    0.611928,
    0.640197,
    0.673045,
    0.684693,
    0.696106,
    0.707061,
    0.71417,
    0.714333,
    0.715603,
    0.716945,
    0.714832,
    0.720702,
    0.722198,
    0.719312,
    0.720947,
    0.719495,
    0.714865,
    0.715366,
    0.715195,
    0.71841,
    0.718715,
    0.717214,
    0.71811,
    0.720459,
    0.720304,
    0.722298,
    0.72474,
    0.723722,
    0.725632,
    0.724043,
    0.73317,
    0.729571,
    0.727168,
    0.732887,
    0.729852,
    0.725427,
    0.731419,
    0.730579,
    0.72867,
    0.735054
  ],
  "train_cls_loss": [
    1.156709,
    0.783169,
    0.709206,
    0.644256,
    0.576445,
    0.580855,
    0.55008,
    0.518712,
    0.545894,
    0.504723,
    0.509739,
    0.517566,
    0.492293,
    0.49068,
    0.48278,
    0.479324,
    0.467245,
    0.482502,
    0.491278,
    0.464262,
    0.413291,
    0.441411,
    0.408678,
    0.438211,
    0.419669,
    0.406261,
    0.396224,
    0.402522,
    0.392506,
    0.418112,
    0.408775,
    0.396007,
    0.418147,
    0.394004,
    0.394565,
    0.383977,
    0.390038,
    0.403672,
    0.373089,
    0.384505
  ],
  "train_total_loss": [
    1.156709,
    0.783169,
    0.709206,
    0.644256,
    0.576445,
    0.580855,
    0.55008,
    0.518712,
    0.545894,
    0.504723,
    0.509739,
    0.517566,
    0.492293,
    0.49068,
    0.48278,
    0.479324,
    0.467245,
    0.482502,
    0.491278,
    0.464262,
    0.413291,
    0.441411,
    0.408678,
    0.438211,
    0.419669,
    0.406261,
    0.396224,
    0.402522,
    0.392506,
    0.418112,
    0.408775,
    0.396007,
    0.418147,
    0.394004,
    0.394565,
    0.383977,
    0.390038,
    0.403672,
    0.373089,
    0.384505
  ],
  "learning_rates": [
    0.001,
    0.001,
    0.001,
    0.001,
    0.001,
    0.001,
    0.001,
    0.001,
    0.001,
    0.001,
    0.001,
    0.001,
    0.001,
    0.001,
    0.001,
    0.001,
    0.001,
    0.001,
    0.001,
    0.001,
    0.0005,
    0.0005,
    0.0005,
    0.0005,
    0.0005,
    0.0005,
    0.0005,
    0.0005,
    0.0005,
    0.0005,
    0.0005,
    0.0005,
    0.0005,
    0.0005,
    0.0005,
    0.0005,
    0.0005,
    0.0005,
    0.0005,
    0.0005
  ],
  "val_accuracy": [
    64.97433,
    72.618369,
    74.32972,
    75.356532,
    76.383343,
    76.212208,
    77.010839,
    77.752424,
    78.722191,
    78.722191,
    78.03765,
    79.121506,
    78.950371,
    79.520821,
    79.806047,
    78.551055,
    79.235596,
    79.577867,
    79.977182,
    78.322875,
    80.262407,
    80.604678,
    80.205362,
    79.920137,
    80.661723,
    79.064461,
    80.148317,
    79.806047,
    80.319452,
    79.920137,
    79.634912,
    79.349686,
    79.691957,
    79.121506,
    80.376497,
    80.433542,
    79.520821,
    79.691957,
    79.577867,
    78.779236
  ],
  "model_info": {
    "model_class": "BaseClassifier",
    "hidden_size": 128,
    "num_classes": 23,
    "emb_size_audio": 512,
    "emb_size_text": 512,
    "dropout": 0.1,
    "use_batch_norm": true,
    "mode": "both",
    "num_folds": 5,
    "fold_id": 2,
    "batch_size": 64,
    "random_seed": 1821
  }
}