{
  "attention_audio": [
    0.508491,
    0.501837,
    0.494234,
    0.494948,
    0.497725,
    0.498404,
    0.499572,
    0.497449,
    0.501143,
    0.500112,
    0.499571,
    0.500122,
    0.500783,
    0.501357,
    0.502507,
    0.501413,
    0.505249,
    0.504481,
    0.50226,
    0.505566,
    0.505189,
    0.50777,
    0.511247,
    0.511573,
    0.51229,
    0.511542,
    0.512893,
    0.511166,
    0.514964,
    0.515899,
    0.516529,
    0.515046,
    0.514746,
    0.517578,
    0.515445,
    0.516914,
    0.516694,
    0.517908,
    0.518107,
    0.517404,
    0.519461,
    0.520069,
    0.519145,
    0.51979
  ],
  "attention_text": [
    0.491509,
    0.498163,
    0.505766,
    0.505052,
    0.502275,
    0.501596,
    0.500428,
    0.502551,
    0.498857,
    0.499888,
    0.50043,
    0.499878,
    0.499217,
    0.498643,
    0.497493,
    0.498587,
    0.494751,
    0.495519,
    0.49774,
    0.494434,
    0.494811,
    0.49223,
    0.488753,
    0.488427,
    0.487709,
    0.488458,
    0.487107,
    0.488834,
    0.485036,
    0.484101,
    0.483471,
    0.484954,
    0.485254,
    0.482421,
    0.484555,
    0.483086,
    0.483306,
    0.482092,
    0.481893,
    0.482596,
    0.480539,
    0.479931,
    0.480855,
    0.48021
  ],
  "train_cls_loss": [
    1.484123,
    0.859552,
    0.689912,
    0.61726,
    0.578374,
    0.548,
    0.515101,
    0.501983,
    0.490464,
    0.458344,
    0.450694,
    0.449368,
    0.414487,
    0.412037,
    0.413078,
    0.388407,
    0.382006,
    0.37543,
    0.364475,
    0.356272,
    0.30816,
    0.287133,
    0.288536,
    0.294735,
    0.283043,
    0.274376,
    0.276514,
    0.268684,
    0.268431,
    0.255221,
    0.25677,
    0.254533,
    0.248622,
    0.238815,
    0.2424,
    0.234443,
    0.234355,
    0.231341,
    0.227567,
    0.220945,
    0.199515,
    0.183301,
    0.189012,
    0.187655
  ],
  "train_total_loss": [
    1.484123,
    0.859552,
    0.689912,
    0.61726,
    0.578374,
    0.548,
    0.515101,
    0.501983,
    0.490464,
    0.458344,
    0.450694,
    0.449368,
    0.414487,
    0.412037,
    0.413078,
    0.388407,
    0.382006,
    0.37543,
    0.364475,
    0.356272,
    0.30816,
    0.287133,
    0.288536,
    0.294735,
    0.283043,
    0.274376,
    0.276514,
    0.268684,
    0.268431,
    0.255221,
    0.25677,
    0.254533,
    0.248622,
    0.238815,
    0.2424,
    0.234443,
    0.234355,
    0.231341,
    0.227567,
    0.220945,
    0.199515,
    0.183301,
    0.189012,
    0.187655
  ],
  "learning_rates": [
    0.001,
    0.001,
    0.001,
    0.001,
    0.001,
    0.001,
    0.001,
    0.001,
    0.001,
    0.001,
    0.001,
    0.001,
    0.001,
    0.001,
    0.001,
    0.001,
    0.001,
    0.001,
    0.001,
    0.001,
    0.0005,
    0.0005,
    0.0005,
    0.0005,
    0.0005,
    0.0005,
    0.0005,
    0.0005,
    0.0005,
    0.0005,
    0.0005,
    0.0005,
    0.0005,
    0.0005,
    0.0005,
    0.0005,
    0.0005,
    0.0005,
    0.0005,
    0.0005,
    0.00025,
    0.00025,
    0.00025,
    0.00025
  ],
  "val_accuracy": [
    62.236167,
    70.336566,
    72.447233,
    73.64518,
    76.212208,
    76.782658,
    75.413577,
    75.641757,
    76.896748,
    77.296064,
    77.524244,
    79.121506,
    77.581289,
    78.15174,
    77.866515,
    79.007416,
    79.121506,
    79.235596,
    78.49401,
    79.520821,
    80.034227,
    80.034227,
    79.634912,
    78.322875,
    79.064461,
    79.977182,
    79.463776,
    79.007416,
    80.661723,
    79.121506,
    78.836281,
    79.178551,
    79.007416,
    79.349686,
    78.779236,
    78.893326,
    78.893326,
    79.863092,
    80.205362,
    79.007416,
    79.577867,
    79.235596,
    79.292641,
    79.806047
  ],
  "model_info": {
    "model_class": "BaseClassifier",
    "hidden_size": 128,
    "num_classes": 23,
    "emb_size_audio": 512,
    "emb_size_text": 512,
    "dropout": 0.1,
    "use_batch_norm": true,
    "mode": "both",
    "num_folds": 5,
    "fold_id": 0,
    "batch_size": 64,
    "random_seed": 1821
  }
}