{
  "train_cls_loss": [
    2.446408,
    1.844006,
    1.632081,
    1.643618,
    1.524542,
    1.491408,
    1.433697,
    1.450983,
    1.44232,
    1.378786,
    1.319651,
    1.333538,
    1.310793,
    1.249829,
    1.234748,
    1.201362,
    1.189554,
    1.120112,
    1.311472,
    1.098175,
    1.142625,
    1.054177,
    1.02338,
    1.051175,
    0.936188,
    1.060259,
    1.076052,
    0.967626,
    1.028775,
    0.937337,
    0.985876,
    0.922078,
    1.058322,
    0.89571,
    0.889833,
    0.895517,
    0.91651,
    0.802201,
    0.81517,
    0.888577,
    0.936038,
    0.81901,
    0.914416,
    0.926625,
    0.800792,
    0.888866
  ],
  "train_total_loss": [
    2.446408,
    1.844006,
    1.632081,
    1.643618,
    1.524542,
    1.491408,
    1.433697,
    1.450983,
    1.44232,
    1.378786,
    1.319651,
    1.333538,
    1.310793,
    1.249829,
    1.234748,
    1.201362,
    1.189554,
    1.120112,
    1.311472,
    1.098175,
    1.142625,
    1.054177,
    1.02338,
    1.051175,
    0.936188,
    1.060259,
    1.076052,
    0.967626,
    1.028775,
    0.937337,
    0.985876,
    0.922078,
    1.058322,
    0.89571,
    0.889833,
    0.895517,
    0.91651,
    0.802201,
    0.81517,
    0.888577,
    0.936038,
    0.81901,
    0.914416,
    0.926625,
    0.800792,
    0.888866
  ],
  "learning_rates": [
    0.001,
    0.001,
    0.001,
    0.001,
    0.001,
    0.001,
    0.001,
    0.001,
    0.001,
    0.001,
    0.001,
    0.001,
    0.001,
    0.001,
    0.001,
    0.001,
    0.001,
    0.001,
    0.001,
    0.001,
    0.0005,
    0.0005,
    0.0005,
    0.0005,
    0.0005,
    0.0005,
    0.0005,
    0.0005,
    0.0005,
    0.0005,
    0.0005,
    0.0005,
    0.0005,
    0.0005,
    0.0005,
    0.0005,
    0.0005,
    0.0005,
    0.0005,
    0.0005,
    0.00025,
    0.00025,
    0.00025,
    0.00025,
    0.00025,
    0.00025
  ],
  "val_accuracy": [
    54.420993,
    62.977752,
    61.551626,
    66.457501,
    68.739304,
    70.450656,
    70.165431,
    69.93725,
    71.078152,
    70.621791,
    70.849971,
    72.846549,
    72.104963,
    71.249287,
    73.074729,
    73.930405,
    72.903594,
    72.960639,
    73.702225,
    73.53109,
    73.53109,
    73.702225,
    73.816315,
    73.302909,
    74.32972,
    74.32972,
    73.75927,
    73.359954,
    72.903594,
    74.614946,
    75.242442,
    73.588135,
    73.98745,
    73.188819,
    72.960639,
    74.21563,
    72.789504,
    74.10154,
    73.302909,
    73.017684,
    73.64518,
    73.474044,
    72.903594,
    74.21563,
    73.53109,
    73.474044
  ],
  "model_info": {
    "model_class": "BaseClassifier",
    "hidden_size": 128,
    "num_classes": 23,
    "emb_size_audio": 768,
    "emb_size_text": 0,
    "dropout": 0.1,
    "use_batch_norm": true,
    "mode": "audio",
    "num_folds": 5,
    "fold_id": 1,
    "batch_size": 64,
    "random_seed": 1821
  }
}