{
  "attention_audio": [
    0.504691,
    0.494707,
    0.493371,
    0.498342,
    0.49994,
    0.500279,
    0.502962,
    0.505584,
    0.502515,
    0.50232,
    0.502839,
    0.498793,
    0.500087,
    0.501114,
    0.497709,
    0.498138,
    0.499362,
    0.498357,
    0.499978,
    0.503954,
    0.507528,
    0.504086,
    0.505371,
    0.504995,
    0.504614,
    0.505343,
    0.505731,
    0.503451,
    0.505986,
    0.507058,
    0.507583,
    0.503883,
    0.506334,
    0.504763
  ],
  "attention_text": [
    0.495309,
    0.505293,
    0.506629,
    0.501658,
    0.50006,
    0.499721,
    0.497038,
    0.494416,
    0.497485,
    0.49768,
    0.497161,
    0.501207,
    0.499913,
    0.498886,
    0.502291,
    0.501862,
    0.500638,
    0.501643,
    0.500022,
    0.496046,
    0.492472,
    0.495914,
    0.494629,
    0.495005,
    0.495386,
    0.494657,
    0.494269,
    0.496549,
    0.494014,
    0.492942,
    0.492417,
    0.496117,
    0.493666,
    0.495237
  ],
  "train_cls_loss": [
    1.7181,
    1.108184,
    0.879196,
    0.777366,
    0.71014,
    0.648762,
    0.618813,
    0.586397,
    0.582304,
    0.521092,
    0.518703,
    0.512497,
    0.486626,
    0.474858,
    0.462923,
    0.450141,
    0.452273,
    0.441503,
    0.425654,
    0.405405,
    0.364524,
    0.3371,
    0.336226,
    0.334389,
    0.320793,
    0.309365,
    0.313528,
    0.309148,
    0.306971,
    0.304133,
    0.293926,
    0.29815,
    0.292281,
    0.293818
  ],
  "train_top_cls_loss": [
    0.786908,
    0.514002,
    0.442349,
    0.423435,
    0.411159,
    0.387877,
    0.381194,
    0.375857,
    0.365032,
    0.339297,
    0.326552,
    0.341195,
    0.318678,
    0.300313,
    0.303517,
    0.298213,
    0.294809,
    0.286343,
    0.290411,
    0.273234,
    0.249307,
    0.230775,
    0.224581,
    0.211666,
    0.215501,
    0.198951,
    0.209748,
    0.205514,
    0.205239,
    0.198075,
    0.192306,
    0.194627,
    0.193937,
    0.19407
  ],
  "train_total_loss": [
    2.268936,
    1.467986,
    1.188841,
    1.07377,
    0.997952,
    0.920276,
    0.885649,
    0.849496,
    0.837827,
    0.7586,
    0.747289,
    0.751333,
    0.709701,
    0.685078,
    0.675385,
    0.658891,
    0.65864,
    0.641943,
    0.628942,
    0.596668,
    0.539039,
    0.498643,
    0.493433,
    0.482555,
    0.471644,
    0.448631,
    0.460351,
    0.453008,
    0.450638,
    0.442785,
    0.42854,
    0.434389,
    0.428036,
    0.429667
  ],
  "learning_rates": [
    0.001,
    0.001,
    0.001,
    0.001,
    0.001,
    0.001,
    0.001,
    0.001,
    0.001,
    0.001,
    0.001,
    0.001,
    0.001,
    0.001,
    0.001,
    0.001,
    0.001,
    0.001,
    0.001,
    0.001,
    0.0005,
    0.0005,
    0.0005,
    0.0005,
    0.0005,
    0.0005,
    0.0005,
    0.0005,
    0.0005,
    0.0005,
    0.0005,
    0.0005,
    0.0005,
    0.0005
  ],
  "val_accuracy": [
    48.488306,
    59.269823,
    64.118654,
    72.618369,
    74.900171,
    74.500856,
    76.611523,
    76.953793,
    75.926982,
    76.041072,
    76.896748,
    77.124929,
    77.980605,
    78.722191,
    77.809469,
    76.497433,
    78.836281,
    79.064461,
    79.977182,
    77.581289,
    79.406731,
    79.749002,
    78.836281,
    79.463776,
    78.665145,
    78.6081,
    78.49401,
    79.178551,
    78.15174,
    79.121506,
    78.779236,
    79.064461,
    78.37992,
    79.064461
  ],
  "model_info": {
    "model_class": "BaseClassifier",
    "hidden_size": 128,
    "num_classes": 23,
    "emb_size_audio": 512,
    "emb_size_text": 512,
    "dropout": 0.1,
    "use_batch_norm": true,
    "mode": "both",
    "num_folds": 5,
    "fold_id": 1,
    "batch_size": 64,
    "random_seed": 1821
  }
}