{
  "attention_audio": [
    0.47745,
    0.484491,
    0.483927,
    0.485177,
    0.489239,
    0.493279,
    0.492105,
    0.493108,
    0.494147,
    0.494584,
    0.494051,
    0.497606,
    0.495968,
    0.49557,
    0.496667,
    0.496078,
    0.497544,
    0.498816,
    0.501586,
    0.502252,
    0.503412,
    0.502647,
    0.503822,
    0.50584,
    0.507398,
    0.505846,
    0.50725,
    0.507013,
    0.507072,
    0.50652,
    0.505938,
    0.50701,
    0.505556,
    0.506406,
    0.505783,
    0.504881,
    0.506935
  ],
  "attention_text": [
    0.52255,
    0.515509,
    0.516073,
    0.514823,
    0.510761,
    0.506721,
    0.507895,
    0.506892,
    0.505853,
    0.505416,
    0.505949,
    0.502394,
    0.504032,
    0.50443,
    0.503333,
    0.503922,
    0.502456,
    0.501184,
    0.498414,
    0.497748,
    0.496588,
    0.497353,
    0.496178,
    0.49416,
    0.492602,
    0.494154,
    0.49275,
    0.492987,
    0.492928,
    0.49348,
    0.494062,
    0.492991,
    0.494444,
    0.493594,
    0.494217,
    0.495119,
    0.493065
  ],
  "train_cls_loss": [
    2.408778,
    1.637036,
    1.493308,
    1.404091,
    1.30826,
    1.308597,
    1.212341,
    1.203379,
    1.128764,
    1.154768,
    1.151015,
    1.064751,
    1.120467,
    1.128447,
    1.013675,
    1.071125,
    1.019578,
    0.950042,
    0.987379,
    0.952544,
    1.00239,
    1.017812,
    0.856599,
    0.882028,
    0.867836,
    0.888712,
    0.887368,
    0.811676,
    0.928972,
    0.940938,
    0.93633,
    0.896705,
    0.857104,
    0.857587,
    0.846809,
    0.843918,
    0.773158
  ],
  "train_total_loss": [
    2.408778,
    1.637036,
    1.493308,
    1.404091,
    1.30826,
    1.308597,
    1.212341,
    1.203379,
    1.128764,
    1.154768,
    1.151015,
    1.064751,
    1.120467,
    1.128447,
    1.013675,
    1.071125,
    1.019578,
    0.950042,
    0.987379,
    0.952544,
    1.00239,
    1.017812,
    0.856599,
    0.882028,
    0.867836,
    0.888712,
    0.887368,
    0.811676,
    0.928972,
    0.940938,
    0.93633,
    0.896705,
    0.857104,
    0.857587,
    0.846809,
    0.843918,
    0.773158
  ],
  "learning_rates": [
    0.001,
    0.001,
    0.001,
    0.001,
    0.001,
    0.001,
    0.001,
    0.001,
    0.001,
    0.001,
    0.001,
    0.001,
    0.001,
    0.001,
    0.001,
    0.001,
    0.001,
    0.001,
    0.001,
    0.001,
    0.0005,
    0.0005,
    0.0005,
    0.0005,
    0.0005,
    0.0005,
    0.0005,
    0.0005,
    0.0005,
    0.0005,
    0.0005,
    0.0005,
    0.0005,
    0.0005,
    0.0005,
    0.0005,
    0.0005
  ],
  "val_accuracy": [
    62.635482,
    69.766115,
    71.477467,
    75.014261,
    76.554478,
    77.181974,
    78.665145,
    78.322875,
    78.551055,
    78.322875,
    79.463776,
    80.148317,
    78.436965,
    79.064461,
    80.205362,
    80.661723,
    79.977182,
    80.718768,
    80.490588,
    79.977182,
    80.490588,
    81.802624,
    81.118083,
    80.262407,
    80.433542,
    80.205362,
    81.061038,
    80.319452,
    80.034227,
    80.604678,
    80.547633,
    79.920137,
    79.806047,
    80.547633,
    80.490588,
    80.376497,
    80.490588
  ],
  "model_info": {
    "model_class": "BaseClassifier",
    "hidden_size": 128,
    "num_classes": 23,
    "emb_size_audio": 512,
    "emb_size_text": 512,
    "dropout": 0.1,
    "use_batch_norm": true,
    "mode": "both",
    "num_folds": 5,
    "fold_id": 4,
    "batch_size": 64,
    "random_seed": 1821
  }
}