{
  "train_cls_loss": [
    2.213914,
    1.398456,
    1.179415,
    1.093501,
    1.000187,
    0.94911,
    0.89508,
    0.86921,
    0.804773,
    0.812099,
    0.75579,
    0.74595,
    0.710098,
    0.67601,
    0.670446,
    0.646952,
    0.632627,
    0.600895,
    0.567726,
    0.552615,
    0.495133,
    0.455946,
    0.433603,
    0.408879,
    0.421825,
    0.390742,
    0.38285,
    0.389086,
    0.357336,
    0.35285,
    0.343873,
    0.357363,
    0.335593,
    0.324741,
    0.315825,
    0.304847,
    0.310223,
    0.302764,
    0.297949
  ],
  "train_total_loss": [
    2.213914,
    1.398456,
    1.179415,
    1.093501,
    1.000187,
    0.94911,
    0.89508,
    0.86921,
    0.804773,
    0.812099,
    0.75579,
    0.74595,
    0.710098,
    0.67601,
    0.670446,
    0.646952,
    0.632627,
    0.600895,
    0.567726,
    0.552615,
    0.495133,
    0.455946,
    0.433603,
    0.408879,
    0.421825,
    0.390742,
    0.38285,
    0.389086,
    0.357336,
    0.35285,
    0.343873,
    0.357363,
    0.335593,
    0.324741,
    0.315825,
    0.304847,
    0.310223,
    0.302764,
    0.297949
  ],
  "learning_rates": [
    0.001,
    0.001,
    0.001,
    0.001,
    0.001,
    0.001,
    0.001,
    0.001,
    0.001,
    0.001,
    0.001,
    0.001,
    0.001,
    0.001,
    0.001,
    0.001,
    0.001,
    0.001,
    0.001,
    0.001,
    0.0005,
    0.0005,
    0.0005,
    0.0005,
    0.0005,
    0.0005,
    0.0005,
    0.0005,
    0.0005,
    0.0005,
    0.0005,
    0.0005,
    0.0005,
    0.0005,
    0.0005,
    0.0005,
    0.0005,
    0.0005,
    0.0005
  ],
  "val_accuracy": [
    57.356322,
    66.436782,
    70.344828,
    71.609195,
    72.471264,
    74.597701,
    72.816092,
    73.563218,
    73.908046,
    74.597701,
    76.034483,
    77.068966,
    74.54023,
    76.321839,
    75.804598,
    76.83908,
    75.689655,
    76.896552,
    76.264368,
    75.689655,
    76.551724,
    76.321839,
    76.896552,
    77.241379,
    76.954023,
    77.183908,
    76.149425,
    77.011494,
    76.551724,
    77.011494,
    75.977011,
    76.666667,
    76.091954,
    77.183908,
    76.83908,
    75.632184,
    75.977011,
    75.804598,
    76.206897
  ],
  "model_info": {
    "model_class": "BaseClassifier",
    "hidden_size": 128,
    "num_classes": 23,
    "emb_size_audio": 1280,
    "emb_size_text": 0,
    "dropout": 0.1,
    "use_batch_norm": true,
    "mode": "audio",
    "num_folds": 5,
    "fold_id": 0,
    "batch_size": 64,
    "random_seed": 1821
  }
}