{
  "train_cls_loss": [
    1.523629,
    0.903566,
    0.774498,
    0.694953,
    0.650168,
    0.619849,
    0.580785,
    0.571746,
    0.557407,
    0.529813,
    0.51794,
    0.494255,
    0.486812,
    0.475347,
    0.456994,
    0.451193,
    0.439203,
    0.432138,
    0.429137,
    0.421436,
    0.364513,
    0.3664,
    0.344027,
    0.343271,
    0.340983,
    0.332559,
    0.338772,
    0.325384,
    0.317493,
    0.325794,
    0.307288,
    0.310404,
    0.306503,
    0.302638,
    0.299953,
    0.284464,
    0.29533,
    0.27828,
    0.278871,
    0.276789,
    0.262513,
    0.243466,
    0.231603,
    0.246954,
    0.23571,
    0.238355,
    0.22842,
    0.220372,
    0.228281,
    0.225749
  ],
  "train_total_loss": [
    1.523629,
    0.903566,
    0.774498,
    0.694953,
    0.650168,
    0.619849,
    0.580785,
    0.571746,
    0.557407,
    0.529813,
    0.51794,
    0.494255,
    0.486812,
    0.475347,
    0.456994,
    0.451193,
    0.439203,
    0.432138,
    0.429137,
    0.421436,
    0.364513,
    0.3664,
    0.344027,
    0.343271,
    0.340983,
    0.332559,
    0.338772,
    0.325384,
    0.317493,
    0.325794,
    0.307288,
    0.310404,
    0.306503,
    0.302638,
    0.299953,
    0.284464,
    0.29533,
    0.27828,
    0.278871,
    0.276789,
    0.262513,
    0.243466,
    0.231603,
    0.246954,
    0.23571,
    0.238355,
    0.22842,
    0.220372,
    0.228281,
    0.225749
  ],
  "learning_rates": [
    0.001,
    0.001,
    0.001,
    0.001,
    0.001,
    0.001,
    0.001,
    0.001,
    0.001,
    0.001,
    0.001,
    0.001,
    0.001,
    0.001,
    0.001,
    0.001,
    0.001,
    0.001,
    0.001,
    0.001,
    0.0005,
    0.0005,
    0.0005,
    0.0005,
    0.0005,
    0.0005,
    0.0005,
    0.0005,
    0.0005,
    0.0005,
    0.0005,
    0.0005,
    0.0005,
    0.0005,
    0.0005,
    0.0005,
    0.0005,
    0.0005,
    0.0005,
    0.0005,
    0.00025,
    0.00025,
    0.00025,
    0.00025,
    0.00025,
    0.00025,
    0.00025,
    0.00025,
    0.00025,
    0.00025
  ],
  "val_accuracy": [
    57.216201,
    66.799772,
    68.168853,
    71.591557,
    73.53109,
    72.162008,
    75.014261,
    74.32972,
    75.299487,
    74.32972,
    75.014261,
    76.896748,
    76.497433,
    76.440388,
    75.242442,
    76.611523,
    77.695379,
    77.866515,
    77.695379,
    77.638334,
    78.094695,
    77.467199,
    78.094695,
    78.37992,
    77.809469,
    77.181974,
    77.124929,
    77.410154,
    76.497433,
    77.638334,
    77.467199,
    77.980605,
    77.92356,
    78.03765,
    78.436965,
    77.752424,
    77.752424,
    76.953793,
    77.067884,
    77.067884,
    77.524244,
    77.010839,
    77.181974,
    76.839703,
    77.695379,
    77.124929,
    76.896748,
    77.353109,
    77.581289,
    76.269253
  ],
  "model_info": {
    "model_class": "BaseClassifier",
    "hidden_size": 128,
    "num_classes": 23,
    "emb_size_audio": 512,
    "emb_size_text": 0,
    "dropout": 0.1,
    "use_batch_norm": true,
    "mode": "audio",
    "num_folds": 5,
    "fold_id": 4,
    "batch_size": 64,
    "random_seed": 1821
  }
}