{
  "train_cls_loss": [
    2.152166,
    1.393949,
    1.191967,
    1.102613,
    1.00268,
    0.955289,
    0.909213,
    0.863781,
    0.846504,
    0.792924,
    0.768292,
    0.759991,
    0.735449,
    0.683906,
    0.673888,
    0.662845,
    0.633637,
    0.594392,
    0.588173,
    0.586246,
    0.496785,
    0.460564,
    0.447469,
    0.433721,
    0.425061,
    0.405379,
    0.404578,
    0.392439,
    0.37339,
    0.383648,
    0.348249,
    0.34376,
    0.352973,
    0.330421,
    0.314046,
    0.32087,
    0.295565,
    0.309313,
    0.300304,
    0.291402
  ],
  "train_top_cls_loss": [
    0.87793,
    0.564077,
    0.508541,
    0.489502,
    0.452564,
    0.437737,
    0.408451,
    0.403693,
    0.390204,
    0.375061,
    0.364594,
    0.360557,
    0.352491,
    0.317096,
    0.326771,
    0.316417,
    0.310569,
    0.288209,
    0.286742,
    0.279862,
    0.247266,
    0.229602,
    0.222313,
    0.218889,
    0.210151,
    0.195363,
    0.203747,
    0.19067,
    0.187255,
    0.189559,
    0.175727,
    0.171944,
    0.179632,
    0.168575,
    0.162694,
    0.162297,
    0.161407,
    0.154755,
    0.15603,
    0.156871
  ],
  "train_total_loss": [
    2.415545,
    1.563172,
    1.344529,
    1.249464,
    1.138449,
    1.08661,
    1.031748,
    0.984889,
    0.963565,
    0.905442,
    0.87767,
    0.868158,
    0.841196,
    0.779035,
    0.771919,
    0.75777,
    0.726808,
    0.680855,
    0.674196,
    0.670204,
    0.570965,
    0.529445,
    0.514163,
    0.499388,
    0.488107,
    0.463987,
    0.465702,
    0.44964,
    0.429566,
    0.440516,
    0.400967,
    0.395343,
    0.406862,
    0.380993,
    0.362854,
    0.369559,
    0.343987,
    0.355739,
    0.347113,
    0.338464
  ],
  "learning_rates": [
    0.001,
    0.001,
    0.001,
    0.001,
    0.001,
    0.001,
    0.001,
    0.001,
    0.001,
    0.001,
    0.001,
    0.001,
    0.001,
    0.001,
    0.001,
    0.001,
    0.001,
    0.001,
    0.001,
    0.001,
    0.0005,
    0.0005,
    0.0005,
    0.0005,
    0.0005,
    0.0005,
    0.0005,
    0.0005,
    0.0005,
    0.0005,
    0.0005,
    0.0005,
    0.0005,
    0.0005,
    0.0005,
    0.0005,
    0.0005,
    0.0005,
    0.0005,
    0.0005
  ],
  "val_accuracy": [
    62.701149,
    69.310345,
    71.954023,
    71.551724,
    73.678161,
    75.114943,
    75.977011,
    76.034483,
    76.609195,
    75.804598,
    77.068966,
    77.356322,
    77.931034,
    77.873563,
    77.011494,
    77.241379,
    77.586207,
    77.701149,
    76.954023,
    77.701149,
    78.735632,
    78.045977,
    78.103448,
    77.816092,
    78.850575,
    78.045977,
    77.931034,
    78.16092,
    78.16092,
    77.758621,
    78.390805,
    78.275862,
    77.586207,
    77.126437,
    78.218391,
    76.954023,
    76.781609,
    77.931034,
    77.298851,
    77.816092
  ],
  "model_info": {
    "model_class": "BaseClassifier",
    "hidden_size": 128,
    "num_classes": 23,
    "emb_size_audio": 1280,
    "emb_size_text": 0,
    "dropout": 0.1,
    "use_batch_norm": true,
    "mode": "audio",
    "num_folds": 5,
    "fold_id": 4,
    "batch_size": 64,
    "random_seed": 1821
  }
}