{
  "attention_audio": [
    0.482199,
    0.483847,
    0.490867,
    0.49396,
    0.494951,
    0.495135,
    0.494072,
    0.498224,
    0.500833,
    0.505937,
    0.505533,
    0.505525,
    0.508675,
    0.506645,
    0.506774,
    0.506679,
    0.504215,
    0.50903,
    0.509018,
    0.506526,
    0.506817,
    0.50369,
    0.507209,
    0.509044,
    0.507512,
    0.507561,
    0.507462,
    0.507264,
    0.507305,
    0.507669,
    0.506875,
    0.50712,
    0.508345,
    0.509152,
    0.511493,
    0.511962,
    0.5106,
    0.50719
  ],
  "attention_text": [
    0.517801,
    0.516153,
    0.509133,
    0.50604,
    0.505049,
    0.504865,
    0.505928,
    0.501776,
    0.499167,
    0.494063,
    0.494467,
    0.494475,
    0.491325,
    0.493355,
    0.493226,
    0.493321,
    0.495786,
    0.49097,
    0.490982,
    0.493474,
    0.493183,
    0.49631,
    0.492791,
    0.490956,
    0.492488,
    0.492439,
    0.492538,
    0.492736,
    0.492695,
    0.492331,
    0.493125,
    0.49288,
    0.491655,
    0.490848,
    0.488507,
    0.488038,
    0.4894,
    0.49281
  ],
  "train_cls_loss": [
    1.397441,
    0.831617,
    0.684831,
    0.608115,
    0.565471,
    0.521712,
    0.489454,
    0.477932,
    0.458612,
    0.44339,
    0.416723,
    0.412618,
    0.39806,
    0.396091,
    0.392851,
    0.375388,
    0.369252,
    0.355082,
    0.349634,
    0.34227,
    0.29984,
    0.280177,
    0.281326,
    0.277444,
    0.267238,
    0.259357,
    0.2536,
    0.255506,
    0.253026,
    0.247609,
    0.240114,
    0.239528,
    0.233274,
    0.22874,
    0.219791,
    0.229769,
    0.218224,
    0.223196
  ],
  "train_total_loss": [
    1.397441,
    0.831617,
    0.684831,
    0.608115,
    0.565471,
    0.521712,
    0.489454,
    0.477932,
    0.458612,
    0.44339,
    0.416723,
    0.412618,
    0.39806,
    0.396091,
    0.392851,
    0.375388,
    0.369252,
    0.355082,
    0.349634,
    0.34227,
    0.29984,
    0.280177,
    0.281326,
    0.277444,
    0.267238,
    0.259357,
    0.2536,
    0.255506,
    0.253026,
    0.247609,
    0.240114,
    0.239528,
    0.233274,
    0.22874,
    0.219791,
    0.229769,
    0.218224,
    0.223196
  ],
  "learning_rates": [
    0.001,
    0.001,
    0.001,
    0.001,
    0.001,
    0.001,
    0.001,
    0.001,
    0.001,
    0.001,
    0.001,
    0.001,
    0.001,
    0.001,
    0.001,
    0.001,
    0.001,
    0.001,
    0.001,
    0.001,
    0.0005,
    0.0005,
    0.0005,
    0.0005,
    0.0005,
    0.0005,
    0.0005,
    0.0005,
    0.0005,
    0.0005,
    0.0005,
    0.0005,
    0.0005,
    0.0005,
    0.0005,
    0.0005,
    0.0005,
    0.0005
  ],
  "val_accuracy": [
    56.30348,
    67.199087,
    71.990873,
    75.698802,
    76.554478,
    77.752424,
    78.03765,
    77.752424,
    79.178551,
    78.49401,
    78.722191,
    78.665145,
    79.007416,
    80.148317,
    78.950371,
    78.722191,
    79.634912,
    79.064461,
    79.577867,
    78.551055,
    79.520821,
    79.064461,
    80.775813,
    79.577867,
    80.490588,
    80.148317,
    79.806047,
    79.463776,
    79.235596,
    80.034227,
    79.634912,
    79.064461,
    79.406731,
    79.007416,
    79.406731,
    79.121506,
    79.691957,
    79.463776
  ],
  "model_info": {
    "model_class": "BaseClassifier",
    "hidden_size": 128,
    "num_classes": 23,
    "emb_size_audio": 512,
    "emb_size_text": 512,
    "dropout": 0.1,
    "use_batch_norm": true,
    "mode": "both",
    "num_folds": 5,
    "fold_id": 3,
    "batch_size": 64,
    "random_seed": 1821
  }
}