{
  "train_cls_loss": [
    2.565285,
    1.955438,
    1.730089,
    1.536995,
    1.579248,
    1.557363,
    1.504179,
    1.513429,
    1.487842,
    1.374459,
    1.393773,
    1.409455,
    1.460998,
    1.301691,
    1.287806,
    1.332858,
    1.255965,
    1.37952,
    1.388776,
    1.319489,
    1.198523,
    1.248536,
    1.137511,
    1.147646,
    1.180594,
    1.202177,
    1.162025,
    1.044029,
    1.098588,
    1.082891,
    1.13084,
    1.159377,
    1.122713,
    1.085174,
    1.032947,
    1.195892,
    1.132288,
    1.081344
  ],
  "train_total_loss": [
    2.565285,
    1.955438,
    1.730089,
    1.536995,
    1.579248,
    1.557363,
    1.504179,
    1.513429,
    1.487842,
    1.374459,
    1.393773,
    1.409455,
    1.460998,
    1.301691,
    1.287806,
    1.332858,
    1.255965,
    1.37952,
    1.388776,
    1.319489,
    1.198523,
    1.248536,
    1.137511,
    1.147646,
    1.180594,
    1.202177,
    1.162025,
    1.044029,
    1.098588,
    1.082891,
    1.13084,
    1.159377,
    1.122713,
    1.085174,
    1.032947,
    1.195892,
    1.132288,
    1.081344
  ],
  "learning_rates": [
    0.001,
    0.001,
    0.001,
    0.001,
    0.001,
    0.001,
    0.001,
    0.001,
    0.001,
    0.001,
    0.001,
    0.001,
    0.001,
    0.001,
    0.001,
    0.001,
    0.001,
    0.001,
    0.001,
    0.001,
    0.0005,
    0.0005,
    0.0005,
    0.0005,
    0.0005,
    0.0005,
    0.0005,
    0.0005,
    0.0005,
    0.0005,
    0.0005,
    0.0005,
    0.0005,
    0.0005,
    0.0005,
    0.0005,
    0.0005,
    0.0005
  ],
  "val_accuracy": [
    55.618939,
    69.309755,
    73.416999,
    72.789504,
    75.584712,
    75.755847,
    75.413577,
    77.067884,
    75.527667,
    75.869937,
    76.896748,
    76.326298,
    76.725613,
    77.067884,
    76.611523,
    77.467199,
    77.353109,
    77.92356,
    78.208785,
    78.15174,
    78.6081,
    78.722191,
    78.836281,
    77.695379,
    78.322875,
    78.15174,
    78.26583,
    78.49401,
    77.695379,
    78.094695,
    77.695379,
    77.467199,
    77.695379,
    77.980605,
    77.353109,
    78.26583,
    77.353109,
    76.953793
  ],
  "model_info": {
    "model_class": "BaseClassifier",
    "hidden_size": 128,
    "num_classes": 23,
    "emb_size_audio": 512,
    "emb_size_text": 0,
    "dropout": 0.1,
    "use_batch_norm": true,
    "mode": "audio",
    "num_folds": 5,
    "fold_id": 2,
    "batch_size": 64,
    "random_seed": 1821
  }
}