{
  "attention_audio": [
    0.487169,
    0.491024,
    0.495275,
    0.498098,
    0.50133,
    0.496486,
    0.504156,
    0.502256,
    0.504158,
    0.506204,
    0.505125,
    0.5046,
    0.50374,
    0.511001,
    0.508802,
    0.510168,
    0.50994,
    0.513748,
    0.509709,
    0.509979,
    0.511145,
    0.51331,
    0.512386,
    0.514404,
    0.515895,
    0.511966,
    0.512896,
    0.515166,
    0.518163,
    0.518305,
    0.518346,
    0.522647,
    0.520505,
    0.525231,
    0.521677,
    0.523895,
    0.521183,
    0.520499,
    0.522187,
    0.521793
  ],
  "attention_text": [
    0.512831,
    0.508976,
    0.504725,
    0.501902,
    0.49867,
    0.503514,
    0.495844,
    0.497744,
    0.495842,
    0.493796,
    0.494875,
    0.4954,
    0.49626,
    0.488999,
    0.491198,
    0.489832,
    0.49006,
    0.486252,
    0.490291,
    0.490021,
    0.488855,
    0.48669,
    0.487614,
    0.485596,
    0.484105,
    0.488034,
    0.487104,
    0.484834,
    0.481837,
    0.481695,
    0.481654,
    0.477353,
    0.479495,
    0.474769,
    0.478323,
    0.476105,
    0.478817,
    0.479501,
    0.477813,
    0.478207
  ],
  "train_cls_loss": [
    2.254939,
    1.309642,
    1.051797,
    0.895638,
    0.829309,
    0.777641,
    0.728892,
    0.708666,
    0.659102,
    0.65943,
    0.603872,
    0.595078,
    0.574117,
    0.578921,
    0.538437,
    0.540653,
    0.507951,
    0.505361,
    0.490917,
    0.482701,
    0.416931,
    0.393754,
    0.369188,
    0.356935,
    0.358062,
    0.349409,
    0.337576,
    0.314582,
    0.324532,
    0.318968,
    0.311766,
    0.314816,
    0.304887,
    0.294549,
    0.284067,
    0.285555,
    0.287016,
    0.277341,
    0.263984,
    0.26528
  ],
  "train_total_loss": [
    2.254939,
    1.309642,
    1.051797,
    0.895638,
    0.829309,
    0.777641,
    0.728892,
    0.708666,
    0.659102,
    0.65943,
    0.603872,
    0.595078,
    0.574117,
    0.578921,
    0.538437,
    0.540653,
    0.507951,
    0.505361,
    0.490917,
    0.482701,
    0.416931,
    0.393754,
    0.369188,
    0.356935,
    0.358062,
    0.349409,
    0.337576,
    0.314582,
    0.324532,
    0.318968,
    0.311766,
    0.314816,
    0.304887,
    0.294549,
    0.284067,
    0.285555,
    0.287016,
    0.277341,
    0.263984,
    0.26528
  ],
  "learning_rates": [
    0.001,
    0.001,
    0.001,
    0.001,
    0.001,
    0.001,
    0.001,
    0.001,
    0.001,
    0.001,
    0.001,
    0.001,
    0.001,
    0.001,
    0.001,
    0.001,
    0.001,
    0.001,
    0.001,
    0.001,
    0.0005,
    0.0005,
    0.0005,
    0.0005,
    0.0005,
    0.0005,
    0.0005,
    0.0005,
    0.0005,
    0.0005,
    0.0005,
    0.0005,
    0.0005,
    0.0005,
    0.0005,
    0.0005,
    0.0005,
    0.0005,
    0.0005,
    0.0005
  ],
  "val_accuracy": [
    61.323446,
    71.306332,
    75.242442,
    76.098118,
    77.410154,
    76.725613,
    77.239019,
    78.779236,
    77.524244,
    78.03765,
    78.950371,
    78.15174,
    78.665145,
    79.007416,
    79.691957,
    80.034227,
    79.806047,
    79.121506,
    78.722191,
    79.007416,
    80.376497,
    80.832858,
    81.003993,
    80.604678,
    81.175128,
    80.319452,
    80.262407,
    79.863092,
    79.749002,
    80.091272,
    79.577867,
    78.893326,
    80.148317,
    80.262407,
    79.007416,
    79.977182,
    80.433542,
    80.775813,
    79.406731,
    79.977182
  ],
  "model_info": {
    "model_class": "BaseClassifier",
    "hidden_size": 128,
    "num_classes": 23,
    "emb_size_audio": 512,
    "emb_size_text": 512,
    "dropout": 0.1,
    "use_batch_norm": true,
    "mode": "both",
    "num_folds": 5,
    "fold_id": 3,
    "batch_size": 64,
    "random_seed": 1821
  }
}