{
  "attention_audio": [
    0.512033,
    0.512428,
    0.509014,
    0.515031,
    0.519186,
    0.519131,
    0.52577,
    0.531744,
    0.532585,
    0.533989,
    0.536746,
    0.542369,
    0.543625,
    0.54721,
    0.546217,
    0.549378,
    0.553102,
    0.552527,
    0.551384,
    0.554759,
    0.552537,
    0.555249,
    0.557281,
    0.561504,
    0.563936,
    0.565398,
    0.567432,
    0.563848,
    0.566682,
    0.565748,
    0.566309,
    0.567174,
    0.567322,
    0.566058,
    0.568254,
    0.566681,
    0.569978,
    0.571679,
    0.57343,
    0.571974,
    0.577754
  ],
  "attention_text": [
    0.487967,
    0.487572,
    0.490986,
    0.484969,
    0.480814,
    0.480869,
    0.47423,
    0.468256,
    0.467415,
    0.466011,
    0.463254,
    0.457631,
    0.456375,
    0.45279,
    0.453783,
    0.450622,
    0.446898,
    0.447473,
    0.448616,
    0.445241,
    0.447463,
    0.444751,
    0.442719,
    0.438496,
    0.436064,
    0.434602,
    0.432568,
    0.436152,
    0.433318,
    0.434252,
    0.433691,
    0.432826,
    0.432678,
    0.433942,
    0.431746,
    0.433319,
    0.430022,
    0.428321,
    0.42657,
    0.428026,
    0.422246
  ],
  "train_cls_loss": [
    2.209502,
    1.34673,
    1.091016,
    0.966409,
    0.894054,
    0.860878,
    0.785463,
    0.753292,
    0.720711,
    0.685024,
    0.669569,
    0.634984,
    0.628189,
    0.590145,
    0.580317,
    0.558948,
    0.535901,
    0.517294,
    0.50936,
    0.483627,
    0.425745,
    0.396284,
    0.376173,
    0.3604,
    0.34515,
    0.332928,
    0.329601,
    0.318696,
    0.320994,
    0.302165,
    0.290637,
    0.292676,
    0.296344,
    0.283601,
    0.291314,
    0.275431,
    0.268371,
    0.261811,
    0.261013,
    0.251469,
    0.210843
  ],
  "train_top_cls_loss": [
    0.787629,
    0.519004,
    0.466144,
    0.412538,
    0.393936,
    0.39339,
    0.359317,
    0.352816,
    0.339755,
    0.31874,
    0.313129,
    0.298846,
    0.302178,
    0.274219,
    0.284469,
    0.269455,
    0.250749,
    0.250126,
    0.245014,
    0.236773,
    0.207775,
    0.191567,
    0.187819,
    0.172366,
    0.163029,
    0.16927,
    0.165833,
    0.152495,
    0.161192,
    0.147847,
    0.144725,
    0.146864,
    0.152793,
    0.139238,
    0.142381,
    0.138314,
    0.133074,
    0.137556,
    0.128643,
    0.131343,
    0.111265
  ],
  "train_total_loss": [
    2.445791,
    1.502431,
    1.230859,
    1.09017,
    1.012235,
    0.978895,
    0.893258,
    0.859137,
    0.822638,
    0.780646,
    0.763508,
    0.724638,
    0.718842,
    0.672411,
    0.665658,
    0.639785,
    0.611126,
    0.592331,
    0.582864,
    0.554659,
    0.488077,
    0.453754,
    0.432519,
    0.41211,
    0.394059,
    0.383709,
    0.379351,
    0.364445,
    0.369352,
    0.346519,
    0.334055,
    0.336736,
    0.342181,
    0.325373,
    0.334029,
    0.316926,
    0.308294,
    0.303078,
    0.299606,
    0.290872,
    0.244222
  ],
  "learning_rates": [
    0.001,
    0.001,
    0.001,
    0.001,
    0.001,
    0.001,
    0.001,
    0.001,
    0.001,
    0.001,
    0.001,
    0.001,
    0.001,
    0.001,
    0.001,
    0.001,
    0.001,
    0.001,
    0.001,
    0.001,
    0.0005,
    0.0005,
    0.0005,
    0.0005,
    0.0005,
    0.0005,
    0.0005,
    0.0005,
    0.0005,
    0.0005,
    0.0005,
    0.0005,
    0.0005,
    0.0005,
    0.0005,
    0.0005,
    0.0005,
    0.0005,
    0.0005,
    0.0005,
    0.00025
  ],
  "val_accuracy": [
    56.781609,
    67.528736,
    72.356322,
    73.505747,
    74.827586,
    74.942529,
    77.011494,
    78.218391,
    78.908046,
    78.045977,
    78.678161,
    77.298851,
    79.770115,
    78.965517,
    78.103448,
    77.758621,
    77.241379,
    77.873563,
    78.045977,
    77.528736,
    79.252874,
    79.252874,
    78.735632,
    79.195402,
    79.482759,
    80.057471,
    79.195402,
    79.482759,
    78.390805,
    78.735632,
    78.103448,
    78.793103,
    78.850575,
    77.988506,
    78.908046,
    77.126437,
    78.448276,
    78.16092,
    79.137931,
    78.103448,
    79.08046
  ],
  "model_info": {
    "model_class": "BaseClassifier",
    "hidden_size": 128,
    "num_classes": 23,
    "emb_size_audio": 1280,
    "emb_size_text": 512,
    "dropout": 0.1,
    "use_batch_norm": true,
    "mode": "both",
    "num_folds": 5,
    "fold_id": 3,
    "batch_size": 64,
    "random_seed": 1821
  }
}