{
  "attention_audio": [
    0.495428,
    0.489527,
    0.493923,
    0.505289,
    0.511673,
    0.50818,
    0.505373,
    0.516371,
    0.515006,
    0.515714,
    0.515576,
    0.51555,
    0.52496,
    0.527015,
    0.521803,
    0.526393,
    0.526105,
    0.530627,
    0.53259,
    0.534012,
    0.534478,
    0.539645,
    0.545608,
    0.5439,
    0.544546,
    0.543912,
    0.541322,
    0.544807,
    0.548614,
    0.550139,
    0.546428,
    0.546206,
    0.546389,
    0.548723,
    0.553291,
    0.551359
  ],
  "attention_text": [
    0.504572,
    0.510473,
    0.506077,
    0.494711,
    0.488327,
    0.49182,
    0.494627,
    0.483629,
    0.484994,
    0.484286,
    0.484424,
    0.48445,
    0.47504,
    0.472985,
    0.478196,
    0.473607,
    0.473895,
    0.469373,
    0.46741,
    0.465988,
    0.465522,
    0.460355,
    0.454392,
    0.4561,
    0.455454,
    0.456088,
    0.458678,
    0.455193,
    0.451386,
    0.449861,
    0.453572,
    0.453794,
    0.453611,
    0.451277,
    0.446709,
    0.448641
  ],
  "train_cls_loss": [
    2.389303,
    1.393067,
    1.086263,
    0.932424,
    0.852206,
    0.775004,
    0.732541,
    0.690236,
    0.659742,
    0.617416,
    0.577729,
    0.57125,
    0.528985,
    0.499821,
    0.462505,
    0.449034,
    0.444613,
    0.420687,
    0.395431,
    0.367428,
    0.285146,
    0.266821,
    0.242107,
    0.234136,
    0.221313,
    0.224028,
    0.206141,
    0.21231,
    0.184556,
    0.176,
    0.174671,
    0.178854,
    0.167421,
    0.153256,
    0.157899,
    0.154262
  ],
  "train_total_loss": [
    2.389303,
    1.393067,
    1.086263,
    0.932424,
    0.852206,
    0.775004,
    0.732541,
    0.690236,
    0.659742,
    0.617416,
    0.577729,
    0.57125,
    0.528985,
    0.499821,
    0.462505,
    0.449034,
    0.444613,
    0.420687,
    0.395431,
    0.367428,
    0.285146,
    0.266821,
    0.242107,
    0.234136,
    0.221313,
    0.224028,
    0.206141,
    0.21231,
    0.184556,
    0.176,
    0.174671,
    0.178854,
    0.167421,
    0.153256,
    0.157899,
    0.154262
  ],
  "learning_rates": [
    0.001,
    0.001,
    0.001,
    0.001,
    0.001,
    0.001,
    0.001,
    0.001,
    0.001,
    0.001,
    0.001,
    0.001,
    0.001,
    0.001,
    0.001,
    0.001,
    0.001,
    0.001,
    0.001,
    0.001,
    0.0005,
    0.0005,
    0.0005,
    0.0005,
    0.0005,
    0.0005,
    0.0005,
    0.0005,
    0.0005,
    0.0005,
    0.0005,
    0.0005,
    0.0005,
    0.0005,
    0.0005,
    0.0005
  ],
  "val_accuracy": [
    58.300057,
    69.3668,
    72.561323,
    71.933828,
    74.32972,
    77.866515,
    76.440388,
    76.725613,
    77.353109,
    76.497433,
    76.497433,
    77.92356,
    79.064461,
    77.866515,
    78.03765,
    77.124929,
    78.37992,
    77.866515,
    78.551055,
    79.292641,
    79.977182,
    78.6081,
    78.893326,
    78.551055,
    79.121506,
    77.92356,
    78.836281,
    77.752424,
    79.064461,
    78.950371,
    79.634912,
    79.121506,
    78.094695,
    79.007416,
    78.779236,
    78.03765
  ],
  "model_info": {
    "model_class": "BaseClassifier",
    "hidden_size": 128,
    "num_classes": 23,
    "emb_size_audio": 3840,
    "emb_size_text": 512,
    "dropout": 0.1,
    "use_batch_norm": true,
    "mode": "both",
    "num_folds": 5,
    "fold_id": 0,
    "batch_size": 64,
    "random_seed": 1821
  }
}