{
  "attention_audio": [
    0.506546,
    0.506961,
    0.501252,
    0.499497,
    0.495696,
    0.498945,
    0.499052,
    0.501347,
    0.499348,
    0.498872,
    0.498806,
    0.503147,
    0.502917,
    0.503501,
    0.504157,
    0.502033,
    0.504605,
    0.505739,
    0.504676,
    0.505826,
    0.509512,
    0.51121,
    0.509248,
    0.50958,
    0.508787,
    0.509391,
    0.509889,
    0.509028,
    0.51162,
    0.510781,
    0.510677,
    0.514431,
    0.515423,
    0.513564,
    0.512262,
    0.513889,
    0.51271
  ],
  "attention_text": [
    0.493454,
    0.493039,
    0.498748,
    0.500503,
    0.504304,
    0.501055,
    0.500948,
    0.498653,
    0.500652,
    0.501128,
    0.501194,
    0.496853,
    0.497083,
    0.496499,
    0.495843,
    0.497967,
    0.495395,
    0.494261,
    0.495324,
    0.494174,
    0.490488,
    0.48879,
    0.490752,
    0.49042,
    0.491213,
    0.490609,
    0.490111,
    0.490972,
    0.48838,
    0.489219,
    0.489323,
    0.485569,
    0.484577,
    0.486436,
    0.487738,
    0.486111,
    0.48729
  ],
  "train_cls_loss": [
    1.441799,
    0.81617,
    0.691219,
    0.60177,
    0.563657,
    0.512498,
    0.484068,
    0.47188,
    0.469394,
    0.440307,
    0.428916,
    0.418716,
    0.399021,
    0.403819,
    0.394785,
    0.381287,
    0.360812,
    0.358312,
    0.341989,
    0.339867,
    0.285232,
    0.279514,
    0.271574,
    0.277586,
    0.271158,
    0.257802,
    0.255959,
    0.251775,
    0.255219,
    0.243742,
    0.244548,
    0.236819,
    0.23984,
    0.231803,
    0.242833,
    0.2242,
    0.223126
  ],
  "train_total_loss": [
    1.441799,
    0.81617,
    0.691219,
    0.60177,
    0.563657,
    0.512498,
    0.484068,
    0.47188,
    0.469394,
    0.440307,
    0.428916,
    0.418716,
    0.399021,
    0.403819,
    0.394785,
    0.381287,
    0.360812,
    0.358312,
    0.341989,
    0.339867,
    0.285232,
    0.279514,
    0.271574,
    0.277586,
    0.271158,
    0.257802,
    0.255959,
    0.251775,
    0.255219,
    0.243742,
    0.244548,
    0.236819,
    0.23984,
    0.231803,
    0.242833,
    0.2242,
    0.223126
  ],
  "learning_rates": [
    0.001,
    0.001,
    0.001,
    0.001,
    0.001,
    0.001,
    0.001,
    0.001,
    0.001,
    0.001,
    0.001,
    0.001,
    0.001,
    0.001,
    0.001,
    0.001,
    0.001,
    0.001,
    0.001,
    0.001,
    0.0005,
    0.0005,
    0.0005,
    0.0005,
    0.0005,
    0.0005,
    0.0005,
    0.0005,
    0.0005,
    0.0005,
    0.0005,
    0.0005,
    0.0005,
    0.0005,
    0.0005,
    0.0005,
    0.0005
  ],
  "val_accuracy": [
    63.434113,
    70.507701,
    69.93725,
    74.443811,
    76.269253,
    76.440388,
    76.611523,
    78.722191,
    78.094695,
    78.893326,
    78.6081,
    79.806047,
    78.49401,
    79.007416,
    78.836281,
    79.349686,
    80.091272,
    79.235596,
    79.121506,
    79.863092,
    80.661723,
    80.889903,
    79.691957,
    79.977182,
    80.148317,
    79.349686,
    79.463776,
    79.920137,
    80.433542,
    80.604678,
    80.775813,
    80.319452,
    79.463776,
    80.718768,
    80.262407,
    80.148317,
    80.148317
  ],
  "model_info": {
    "model_class": "BaseClassifier",
    "hidden_size": 128,
    "num_classes": 23,
    "emb_size_audio": 512,
    "emb_size_text": 512,
    "dropout": 0.1,
    "use_batch_norm": true,
    "mode": "both",
    "num_folds": 5,
    "fold_id": 0,
    "batch_size": 64,
    "random_seed": 1821
  }
}