{
  "train_cls_loss": [
    2.216874,
    1.616145,
    1.424517,
    1.407111,
    1.36874,
    1.245644,
    1.261638,
    1.203872,
    1.1382,
    1.174186,
    1.108452,
    1.192694,
    1.20682,
    1.058499,
    1.086658,
    1.053292,
    1.080187,
    1.059921,
    1.000413,
    1.069985,
    1.043418,
    1.034239,
    1.002865,
    0.951214,
    0.956614,
    0.958242,
    0.919143,
    0.892967,
    0.94228,
    0.866076,
    0.908283,
    0.928637,
    0.873628,
    0.890009,
    0.85007,
    0.877143,
    0.933684,
    0.870178,
    0.828009,
    0.858577,
    0.776907,
    0.848149,
    0.827561,
    0.832344,
    0.783373,
    0.850948,
    0.86983
  ],
  "train_total_loss": [
    2.216874,
    1.616145,
    1.424517,
    1.407111,
    1.36874,
    1.245644,
    1.261638,
    1.203872,
    1.1382,
    1.174186,
    1.108452,
    1.192694,
    1.20682,
    1.058499,
    1.086658,
    1.053292,
    1.080187,
    1.059921,
    1.000413,
    1.069985,
    1.043418,
    1.034239,
    1.002865,
    0.951214,
    0.956614,
    0.958242,
    0.919143,
    0.892967,
    0.94228,
    0.866076,
    0.908283,
    0.928637,
    0.873628,
    0.890009,
    0.85007,
    0.877143,
    0.933684,
    0.870178,
    0.828009,
    0.858577,
    0.776907,
    0.848149,
    0.827561,
    0.832344,
    0.783373,
    0.850948,
    0.86983
  ],
  "learning_rates": [
    0.001,
    0.001,
    0.001,
    0.001,
    0.001,
    0.001,
    0.001,
    0.001,
    0.001,
    0.001,
    0.001,
    0.001,
    0.001,
    0.001,
    0.001,
    0.001,
    0.001,
    0.001,
    0.001,
    0.001,
    0.0005,
    0.0005,
    0.0005,
    0.0005,
    0.0005,
    0.0005,
    0.0005,
    0.0005,
    0.0005,
    0.0005,
    0.0005,
    0.0005,
    0.0005,
    0.0005,
    0.0005,
    0.0005,
    0.0005,
    0.0005,
    0.0005,
    0.0005,
    0.00025,
    0.00025,
    0.00025,
    0.00025,
    0.00025,
    0.00025,
    0.00025
  ],
  "val_accuracy": [
    57.672561,
    67.142042,
    70.336566,
    73.359954,
    74.957216,
    74.10154,
    71.192242,
    72.618369,
    73.588135,
    75.869937,
    76.554478,
    74.786081,
    76.554478,
    75.584712,
    75.812892,
    74.900171,
    75.926982,
    74.10154,
    76.554478,
    76.440388,
    76.098118,
    76.155163,
    76.383343,
    77.010839,
    76.098118,
    76.212208,
    75.299487,
    76.725613,
    76.212208,
    76.725613,
    76.668568,
    77.124929,
    77.124929,
    76.383343,
    76.668568,
    75.356532,
    75.242442,
    76.440388,
    75.812892,
    76.383343,
    76.554478,
    76.782658,
    76.725613,
    76.668568,
    76.326298,
    76.440388,
    76.212208
  ],
  "model_info": {
    "model_class": "BaseClassifier",
    "hidden_size": 128,
    "num_classes": 23,
    "emb_size_audio": 512,
    "emb_size_text": 0,
    "dropout": 0.1,
    "use_batch_norm": true,
    "mode": "audio",
    "num_folds": 5,
    "fold_id": 0,
    "batch_size": 64,
    "random_seed": 1821
  }
}