{
  "attention_audio": [
    0.479284,
    0.470417,
    0.484635,
    0.495133,
    0.494464,
    0.495934,
    0.499953,
    0.502219,
    0.496497,
    0.49954,
    0.500571,
    0.501921,
    0.504818,
    0.505099,
    0.506281,
    0.506701,
    0.505898,
    0.51033,
    0.507346,
    0.507593,
    0.502843,
    0.508045,
    0.508057,
    0.505186,
    0.506057,
    0.505519,
    0.50427,
    0.505057,
    0.506224,
    0.50669,
    0.503371,
    0.506418,
    0.506948,
    0.505585,
    0.503397,
    0.504626,
    0.505484,
    0.503629,
    0.50346,
    0.505537,
    0.504491,
    0.50282,
    0.502686,
    0.504279,
    0.505672,
    0.504548,
    0.505317,
    0.505682,
    0.505534,
    0.503783,
    0.503636,
    0.504382,
    0.505235,
    0.505056,
    0.505017,
    0.505186,
    0.503245,
    0.5041,
    0.503959,
    0.503587,
    0.503663
  ],
  "attention_text": [
    0.520716,
    0.529583,
    0.515365,
    0.504867,
    0.505536,
    0.504066,
    0.500047,
    0.497781,
    0.503503,
    0.50046,
    0.499429,
    0.498079,
    0.495182,
    0.494901,
    0.493719,
    0.493299,
    0.494102,
    0.48967,
    0.492654,
    0.492407,
    0.497157,
    0.491955,
    0.491943,
    0.494814,
    0.493943,
    0.494481,
    0.49573,
    0.494943,
    0.493776,
    0.49331,
    0.496629,
    0.493582,
    0.493052,
    0.494415,
    0.496603,
    0.495374,
    0.494516,
    0.496371,
    0.49654,
    0.494463,
    0.495509,
    0.49718,
    0.497314,
    0.495721,
    0.494328,
    0.495452,
    0.494683,
    0.494319,
    0.494466,
    0.496217,
    0.496364,
    0.495618,
    0.494765,
    0.494944,
    0.494983,
    0.494814,
    0.496755,
    0.4959,
    0.496041,
    0.496413,
    0.496337
  ],
  "train_cls_loss": [
    2.29511,
    1.366255,
    1.06882,
    0.893268,
    0.799171,
    0.722225,
    0.642174,
    0.605887,
    0.59581,
    0.600204,
    0.541558,
    0.526982,
    0.480934,
    0.473816,
    0.458318,
    0.46552,
    0.44776,
    0.408247,
    0.411108,
    0.397264,
    0.353184,
    0.307913,
    0.309884,
    0.314487,
    0.307229,
    0.289743,
    0.292923,
    0.277973,
    0.280719,
    0.281053,
    0.255382,
    0.287733,
    0.280392,
    0.26043,
    0.267751,
    0.2603,
    0.244423,
    0.240558,
    0.241886,
    0.2419,
    0.226133,
    0.212191,
    0.211634,
    0.192775,
    0.198541,
    0.199561,
    0.196728,
    0.192673,
    0.180931,
    0.197386,
    0.20109,
    0.18819,
    0.169345,
    0.170027,
    0.167374,
    0.189151,
    0.184223,
    0.18608,
    0.166735,
    0.18575,
    0.160394
  ],
  "train_total_loss": [
    2.29511,
    1.366255,
    1.06882,
    0.893268,
    0.799171,
    0.722225,
    0.642174,
    0.605887,
    0.59581,
    0.600204,
    0.541558,
    0.526982,
    0.480934,
    0.473816,
    0.458318,
    0.46552,
    0.44776,
    0.408247,
    0.411108,
    0.397264,
    0.353184,
    0.307913,
    0.309884,
    0.314487,
    0.307229,
    0.289743,
    0.292923,
    0.277973,
    0.280719,
    0.281053,
    0.255382,
    0.287733,
    0.280392,
    0.26043,
    0.267751,
    0.2603,
    0.244423,
    0.240558,
    0.241886,
    0.2419,
    0.226133,
    0.212191,
    0.211634,
    0.192775,
    0.198541,
    0.199561,
    0.196728,
    0.192673,
    0.180931,
    0.197386,
    0.20109,
    0.18819,
    0.169345,
    0.170027,
    0.167374,
    0.189151,
    0.184223,
    0.18608,
    0.166735,
    0.18575,
    0.160394
  ],
  "learning_rates": [
    0.001,
    0.001,
    0.001,
    0.001,
    0.001,
    0.001,
    0.001,
    0.001,
    0.001,
    0.001,
    0.001,
    0.001,
    0.001,
    0.001,
    0.001,
    0.001,
    0.001,
    0.001,
    0.001,
    0.001,
    0.0005,
    0.0005,
    0.0005,
    0.0005,
    0.0005,
    0.0005,
    0.0005,
    0.0005,
    0.0005,
    0.0005,
    0.0005,
    0.0005,
    0.0005,
    0.0005,
    0.0005,
    0.0005,
    0.0005,
    0.0005,
    0.0005,
    0.0005,
    0.00025,
    0.00025,
    0.00025,
    0.00025,
    0.00025,
    0.00025,
    0.00025,
    0.00025,
    0.00025,
    0.00025,
    0.00025,
    0.00025,
    0.00025,
    0.00025,
    0.00025,
    0.00025,
    0.00025,
    0.00025,
    0.00025,
    0.00025,
    0.000125
  ],
  "val_accuracy": [
    65.833333,
    71.759259,
    77.037037,
    81.018519,
    81.944444,
    83.611111,
    85.277778,
    86.481481,
    86.481481,
    85.925926,
    86.851852,
    86.759259,
    86.759259,
    86.203704,
    86.851852,
    87.314815,
    88.240741,
    87.592593,
    87.777778,
    87.87037,
    87.314815,
    87.685185,
    88.240741,
    88.425926,
    88.703704,
    88.611111,
    89.074074,
    88.240741,
    88.518519,
    87.962963,
    88.703704,
    88.796296,
    88.240741,
    88.240741,
    89.259259,
    88.425926,
    88.148148,
    88.055556,
    88.518519,
    87.87037,
    88.055556,
    88.611111,
    88.796296,
    88.888889,
    88.611111,
    89.444444,
    88.611111,
    89.074074,
    88.425926,
    88.611111,
    88.518519,
    88.981481,
    88.425926,
    88.796296,
    88.703704,
    87.592593,
    88.333333,
    88.888889,
    88.055556,
    88.425926,
    88.333333
  ],
  "model_info": {
    "model_class": "BaseClassifier",
    "hidden_size": 128,
    "num_classes": 23,
    "emb_size_audio": 512,
    "emb_size_text": 512,
    "dropout": 0.1,
    "use_batch_norm": true,
    "mode": "both",
    "num_folds": 5,
    "fold_id": 2,
    "batch_size": 64,
    "random_seed": 1821
  }
}