{
  "attention_audio": [
    0.53446,
    0.509484,
    0.511836,
    0.512852,
    0.513644,
    0.510957,
    0.508976,
    0.507296,
    0.5088,
    0.50693,
    0.507215,
    0.510247,
    0.506907,
    0.508592,
    0.511889,
    0.507344,
    0.506052,
    0.504987,
    0.507407,
    0.507292,
    0.506388,
    0.506161,
    0.508523,
    0.506457,
    0.508245,
    0.508174,
    0.50639,
    0.505298,
    0.506228,
    0.506647,
    0.504503,
    0.501221,
    0.503525,
    0.504,
    0.505391,
    0.506735,
    0.506573,
    0.503664,
    0.504344,
    0.504629,
    0.505565,
    0.506217,
    0.505897,
    0.506095,
    0.506111
  ],
  "attention_text": [
    0.46554,
    0.490516,
    0.488164,
    0.487148,
    0.486356,
    0.489043,
    0.491024,
    0.492704,
    0.4912,
    0.49307,
    0.492785,
    0.489753,
    0.493093,
    0.491408,
    0.488111,
    0.492656,
    0.493948,
    0.495013,
    0.492593,
    0.492708,
    0.493612,
    0.493839,
    0.491477,
    0.493543,
    0.491755,
    0.491826,
    0.49361,
    0.494702,
    0.493772,
    0.493353,
    0.495497,
    0.498779,
    0.496475,
    0.496,
    0.494609,
    0.493265,
    0.493427,
    0.496336,
    0.495656,
    0.495371,
    0.494435,
    0.493783,
    0.494103,
    0.493905,
    0.493889
  ],
  "train_cls_loss": [
    2.503199,
    1.892585,
    1.639055,
    1.629023,
    1.589401,
    1.567927,
    1.533562,
    1.421736,
    1.313533,
    1.384272,
    1.348142,
    1.378297,
    1.358413,
    1.254218,
    1.27722,
    1.252796,
    1.32197,
    1.239235,
    1.313017,
    1.160799,
    1.179646,
    1.155792,
    1.088445,
    1.170153,
    1.169762,
    1.076108,
    1.121352,
    1.154319,
    1.064012,
    1.095186,
    1.132385,
    1.075718,
    1.067024,
    1.07544,
    1.132235,
    1.111239,
    1.014507,
    1.055361,
    1.057634,
    1.045818,
    1.037472,
    1.032861,
    1.090513,
    0.94984,
    0.95835
  ],
  "train_total_loss": [
    2.503199,
    1.892585,
    1.639055,
    1.629023,
    1.589401,
    1.567927,
    1.533562,
    1.421736,
    1.313533,
    1.384272,
    1.348142,
    1.378297,
    1.358413,
    1.254218,
    1.27722,
    1.252796,
    1.32197,
    1.239235,
    1.313017,
    1.160799,
    1.179646,
    1.155792,
    1.088445,
    1.170153,
    1.169762,
    1.076108,
    1.121352,
    1.154319,
    1.064012,
    1.095186,
    1.132385,
    1.075718,
    1.067024,
    1.07544,
    1.132235,
    1.111239,
    1.014507,
    1.055361,
    1.057634,
    1.045818,
    1.037472,
    1.032861,
    1.090513,
    0.94984,
    0.95835
  ],
  "learning_rates": [
    0.001,
    0.001,
    0.001,
    0.001,
    0.001,
    0.001,
    0.001,
    0.001,
    0.001,
    0.001,
    0.001,
    0.001,
    0.001,
    0.001,
    0.001,
    0.001,
    0.001,
    0.001,
    0.001,
    0.001,
    0.0005,
    0.0005,
    0.0005,
    0.0005,
    0.0005,
    0.0005,
    0.0005,
    0.0005,
    0.0005,
    0.0005,
    0.0005,
    0.0005,
    0.0005,
    0.0005,
    0.0005,
    0.0005,
    0.0005,
    0.0005,
    0.0005,
    0.0005,
    0.00025,
    0.00025,
    0.00025,
    0.00025,
    0.00025
  ],
  "val_accuracy": [
    55.961209,
    70.108386,
    72.561323,
    75.128351,
    75.185396,
    76.725613,
    76.782658,
    76.953793,
    76.041072,
    77.695379,
    77.980605,
    77.239019,
    78.779236,
    77.866515,
    78.779236,
    78.03765,
    79.806047,
    78.665145,
    78.49401,
    78.779236,
    78.950371,
    79.749002,
    79.806047,
    79.463776,
    79.178551,
    79.235596,
    79.577867,
    79.463776,
    79.749002,
    80.376497,
    79.806047,
    79.634912,
    79.977182,
    79.406731,
    79.406731,
    79.406731,
    78.551055,
    79.178551,
    79.178551,
    79.463776,
    79.691957,
    79.178551,
    79.406731,
    79.749002,
    79.406731
  ],
  "model_info": {
    "model_class": "BaseClassifier",
    "hidden_size": 128,
    "num_classes": 23,
    "emb_size_audio": 512,
    "emb_size_text": 512,
    "dropout": 0.1,
    "use_batch_norm": true,
    "mode": "both",
    "num_folds": 5,
    "fold_id": 1,
    "batch_size": 64,
    "random_seed": 1821
  }
}