{
  "train_cls_loss": [
    2.298475,
    1.485825,
    1.256488,
    1.15335,
    1.085528,
    1.026337,
    0.977159,
    0.946289,
    0.924179,
    0.879802,
    0.878551,
    0.840477,
    0.800342,
    0.799489,
    0.780201,
    0.769673,
    0.74038,
    0.742801,
    0.712866,
    0.710209,
    0.617141,
    0.61796,
    0.598631,
    0.583853,
    0.580479,
    0.567545,
    0.552477,
    0.546488,
    0.541288,
    0.53845,
    0.509274,
    0.527786,
    0.502508,
    0.494957,
    0.494213,
    0.472553,
    0.482854,
    0.46244,
    0.471949
  ],
  "train_total_loss": [
    2.298475,
    1.485825,
    1.256488,
    1.15335,
    1.085528,
    1.026337,
    0.977159,
    0.946289,
    0.924179,
    0.879802,
    0.878551,
    0.840477,
    0.800342,
    0.799489,
    0.780201,
    0.769673,
    0.74038,
    0.742801,
    0.712866,
    0.710209,
    0.617141,
    0.61796,
    0.598631,
    0.583853,
    0.580479,
    0.567545,
    0.552477,
    0.546488,
    0.541288,
    0.53845,
    0.509274,
    0.527786,
    0.502508,
    0.494957,
    0.494213,
    0.472553,
    0.482854,
    0.46244,
    0.471949
  ],
  "learning_rates": [
    0.001,
    0.001,
    0.001,
    0.001,
    0.001,
    0.001,
    0.001,
    0.001,
    0.001,
    0.001,
    0.001,
    0.001,
    0.001,
    0.001,
    0.001,
    0.001,
    0.001,
    0.001,
    0.001,
    0.001,
    0.0005,
    0.0005,
    0.0005,
    0.0005,
    0.0005,
    0.0005,
    0.0005,
    0.0005,
    0.0005,
    0.0005,
    0.0005,
    0.0005,
    0.0005,
    0.0005,
    0.0005,
    0.0005,
    0.0005,
    0.0005,
    0.0005
  ],
  "val_accuracy": [
    61.197467,
    66.781808,
    72.711572,
    73.402418,
    75.417386,
    75.532527,
    74.035694,
    75.647668,
    76.396085,
    76.396085,
    77.259643,
    76.91422,
    76.856649,
    76.856649,
    76.856649,
    76.91422,
    78.411054,
    78.411054,
    78.180771,
    77.662637,
    78.756477,
    77.835348,
    78.526195,
    78.929188,
    78.756477,
    77.777778,
    77.144502,
    77.950489,
    77.547496,
    77.259643,
    77.489925,
    77.720207,
    76.396085,
    77.662637,
    77.720207,
    77.489925,
    77.835348,
    77.547496,
    76.856649
  ],
  "model_info": {
    "model_class": "BaseClassifier",
    "hidden_size": 128,
    "num_classes": 23,
    "emb_size_audio": 512,
    "emb_size_text": 0,
    "dropout": 0.1,
    "use_batch_norm": true,
    "mode": "audio",
    "num_folds": 5,
    "fold_id": 2,
    "batch_size": 64,
    "random_seed": 1821
  }
}