{
  "attention_audio": [
    0.327517,
    0.343841,
    0.350082,
    0.357365,
    0.360376,
    0.3523,
    0.358891,
    0.356831,
    0.360907,
    0.360618,
    0.360312,
    0.359162,
    0.354771,
    0.358911,
    0.367134,
    0.365334,
    0.363561,
    0.371441,
    0.368442,
    0.371686,
    0.374389,
    0.376678,
    0.374418,
    0.375303,
    0.373965,
    0.376243,
    0.373681,
    0.372657,
    0.376103,
    0.37831,
    0.380328,
    0.376832,
    0.379516,
    0.380875
  ],
  "attention_text": [
    0.3694,
    0.364956,
    0.375222,
    0.378429,
    0.377971,
    0.385519,
    0.382895,
    0.385562,
    0.384356,
    0.388909,
    0.387586,
    0.389902,
    0.394523,
    0.394086,
    0.388874,
    0.393445,
    0.395133,
    0.391907,
    0.392368,
    0.387988,
    0.387107,
    0.384878,
    0.388026,
    0.387965,
    0.385249,
    0.383333,
    0.385225,
    0.388573,
    0.387256,
    0.38437,
    0.383639,
    0.387502,
    0.387243,
    0.383696
  ],
  "train_cls_loss": [
    2.422138,
    1.478298,
    1.168875,
    1.004992,
    0.949071,
    0.88122,
    0.8556,
    0.800786,
    0.77131,
    0.733039,
    0.721359,
    0.694698,
    0.67564,
    0.656858,
    0.646691,
    0.629939,
    0.621537,
    0.604141,
    0.585247,
    0.565255,
    0.490177,
    0.468224,
    0.453588,
    0.436798,
    0.447348,
    0.437326,
    0.425424,
    0.420461,
    0.422451,
    0.402051,
    0.399724,
    0.384302,
    0.383922,
    0.384344
  ],
  "train_total_loss": [
    2.422138,
    1.478298,
    1.168875,
    1.004992,
    0.949071,
    0.88122,
    0.8556,
    0.800786,
    0.77131,
    0.733039,
    0.721359,
    0.694698,
    0.67564,
    0.656858,
    0.646691,
    0.629939,
    0.621537,
    0.604141,
    0.585247,
    0.565255,
    0.490177,
    0.468224,
    0.453588,
    0.436798,
    0.447348,
    0.437326,
    0.425424,
    0.420461,
    0.422451,
    0.402051,
    0.399724,
    0.384302,
    0.383922,
    0.384344
  ],
  "learning_rates": [
    0.001,
    0.001,
    0.001,
    0.001,
    0.001,
    0.001,
    0.001,
    0.001,
    0.001,
    0.001,
    0.001,
    0.001,
    0.001,
    0.001,
    0.001,
    0.001,
    0.001,
    0.001,
    0.001,
    0.001,
    0.0005,
    0.0005,
    0.0005,
    0.0005,
    0.0005,
    0.0005,
    0.0005,
    0.0005,
    0.0005,
    0.0005,
    0.0005,
    0.0005,
    0.0005,
    0.0005
  ],
  "val_accuracy": [
    56.64575,
    67.598403,
    71.420422,
    73.416999,
    76.440388,
    76.839703,
    78.49401,
    78.49401,
    77.410154,
    77.067884,
    79.235596,
    78.322875,
    78.15174,
    79.463776,
    78.15174,
    80.034227,
    79.977182,
    79.634912,
    80.490588,
    80.205362,
    80.148317,
    80.148317,
    80.376497,
    80.091272,
    79.920137,
    79.749002,
    79.577867,
    79.121506,
    79.178551,
    80.091272,
    78.950371,
    79.520821,
    79.634912,
    79.863092
  ],
  "model_info": {
    "model_class": "BaseClassifier",
    "hidden_size": 128,
    "num_classes": 23,
    "emb_size_audio": 512,
    "emb_size_text": 512,
    "dropout": 0.1,
    "use_batch_norm": true,
    "mode": "both",
    "num_folds": 5,
    "fold_id": 4,
    "batch_size": 64,
    "random_seed": 1821
  }
}