{
  "train_cls_loss": [
    1.373406,
    1.063878,
    0.973991,
    0.916081,
    0.876843,
    0.84611,
    0.821015,
    0.799867,
    0.780117,
    0.761944,
    0.745681,
    0.732296,
    0.716533,
    0.707722,
    0.69464,
    0.682773,
    0.673364,
    0.65941,
    0.65584,
    0.644058,
    0.595104,
    0.581983
  ],
  "train_total_loss": [
    1.373406,
    1.063878,
    0.973991,
    0.916081,
    0.876843,
    0.84611,
    0.821015,
    0.799867,
    0.780117,
    0.761944,
    0.745681,
    0.732296,
    0.716533,
    0.707722,
    0.69464,
    0.682773,
    0.673364,
    0.65941,
    0.65584,
    0.644058,
    0.595104,
    0.581983
  ],
  "learning_rates": [
    0.001,
    0.001,
    0.001,
    0.001,
    0.001,
    0.001,
    0.001,
    0.001,
    0.001,
    0.001,
    0.001,
    0.001,
    0.001,
    0.001,
    0.001,
    0.001,
    0.001,
    0.001,
    0.001,
    0.001,
    0.0005,
    0.0005
  ],
  "val_accuracy": [
    54.478038,
    62.863662,
    68.796349,
    69.766115,
    69.48089,
    71.705647,
    72.903594,
    71.477467,
    72.104963,
    71.648602,
    71.534512,
    72.104963,
    72.618369,
    72.219053,
    71.420422,
    71.306332,
    71.591557,
    72.162008,
    72.390188,
    72.732459,
    72.732459,
    72.219053
  ],
  "model_info": {
    "model_class": "BaseClassifier",
    "hidden_size": 128,
    "num_classes": 23,
    "emb_size_audio": 512,
    "emb_size_text": 0,
    "dropout": 0.1,
    "use_batch_norm": true,
    "mode": "audio",
    "num_folds": 5,
    "fold_id": 0,
    "batch_size": 64,
    "random_seed": 1821
  }
}