{
  "train_cls_loss": [
    2.224909,
    1.567682,
    1.405568,
    1.312138,
    1.2514,
    1.191277,
    1.142846,
    1.122802,
    1.078303,
    1.051037,
    1.017364,
    0.980419,
    0.957446,
    0.939402,
    0.920867,
    0.8956,
    0.878168,
    0.853783,
    0.845356,
    0.825819,
    0.738897,
    0.705662,
    0.686162,
    0.684935,
    0.661126,
    0.661346,
    0.645577,
    0.636541,
    0.626404,
    0.612318,
    0.602015,
    0.600367,
    0.579652,
    0.584389,
    0.569966
  ],
  "train_total_loss": [
    2.224909,
    1.567682,
    1.405568,
    1.312138,
    1.2514,
    1.191277,
    1.142846,
    1.122802,
    1.078303,
    1.051037,
    1.017364,
    0.980419,
    0.957446,
    0.939402,
    0.920867,
    0.8956,
    0.878168,
    0.853783,
    0.845356,
    0.825819,
    0.738897,
    0.705662,
    0.686162,
    0.684935,
    0.661126,
    0.661346,
    0.645577,
    0.636541,
    0.626404,
    0.612318,
    0.602015,
    0.600367,
    0.579652,
    0.584389,
    0.569966
  ],
  "learning_rates": [
    0.001,
    0.001,
    0.001,
    0.001,
    0.001,
    0.001,
    0.001,
    0.001,
    0.001,
    0.001,
    0.001,
    0.001,
    0.001,
    0.001,
    0.001,
    0.001,
    0.001,
    0.001,
    0.001,
    0.001,
    0.0005,
    0.0005,
    0.0005,
    0.0005,
    0.0005,
    0.0005,
    0.0005,
    0.0005,
    0.0005,
    0.0005,
    0.0005,
    0.0005,
    0.0005,
    0.0005,
    0.0005
  ],
  "val_accuracy": [
    60.58186,
    63.434113,
    69.024529,
    67.541358,
    66.742727,
    71.762693,
    70.849971,
    71.534512,
    68.568169,
    71.705647,
    71.591557,
    70.849971,
    72.162008,
    71.705647,
    70.051341,
    72.789504,
    72.276098,
    73.188819,
    71.705647,
    73.75927,
    73.017684,
    73.017684,
    73.702225,
    72.732459,
    72.618369,
    73.074729,
    73.131774,
    72.390188,
    71.933828,
    73.188819,
    71.762693,
    71.705647,
    72.789504,
    71.819738,
    72.333143
  ],
  "model_info": {
    "model_class": "BaseClassifier",
    "hidden_size": 128,
    "num_classes": 23,
    "emb_size_audio": 512,
    "emb_size_text": 0,
    "dropout": 0.1,
    "use_batch_norm": true,
    "mode": "audio",
    "num_folds": 5,
    "fold_id": 0,
    "batch_size": 64,
    "random_seed": 1821
  }
}