{
  "train_cls_loss": [
    2.222977,
    1.391135,
    1.192765,
    1.086443,
    0.998749,
    0.929333,
    0.899165,
    0.843192,
    0.832304,
    0.775362,
    0.750851,
    0.728132,
    0.692665,
    0.680833,
    0.659952,
    0.636571,
    0.605052,
    0.576083,
    0.565814,
    0.552663,
    0.465667,
    0.451759,
    0.420704,
    0.396111,
    0.423042,
    0.390261,
    0.386007,
    0.381963,
    0.349257,
    0.354268,
    0.335601,
    0.329633,
    0.309081,
    0.323155,
    0.323199,
    0.328172,
    0.312967,
    0.29729,
    0.304423,
    0.304931,
    0.243398,
    0.232417,
    0.240097
  ],
  "train_top_cls_loss": [
    0.798892,
    0.524979,
    0.490897,
    0.450585,
    0.424281,
    0.399306,
    0.390041,
    0.368238,
    0.369487,
    0.340332,
    0.340774,
    0.331403,
    0.314139,
    0.310364,
    0.294643,
    0.287951,
    0.280168,
    0.266504,
    0.25925,
    0.253253,
    0.207975,
    0.207265,
    0.197431,
    0.179542,
    0.193899,
    0.179865,
    0.184205,
    0.177455,
    0.161538,
    0.173805,
    0.161876,
    0.157669,
    0.147327,
    0.153894,
    0.158104,
    0.154119,
    0.15177,
    0.146651,
    0.148363,
    0.153498,
    0.123254,
    0.115073,
    0.123895
  ],
  "train_total_loss": [
    2.622423,
    1.653625,
    1.438213,
    1.311736,
    1.21089,
    1.128986,
    1.094185,
    1.027311,
    1.017048,
    0.945528,
    0.921238,
    0.893834,
    0.849735,
    0.836015,
    0.807274,
    0.780546,
    0.745137,
    0.709335,
    0.695439,
    0.67929,
    0.569655,
    0.555391,
    0.519419,
    0.485882,
    0.519991,
    0.480193,
    0.478109,
    0.470691,
    0.430026,
    0.441171,
    0.416539,
    0.408467,
    0.382744,
    0.400102,
    0.402251,
    0.405232,
    0.388852,
    0.370615,
    0.378604,
    0.38168,
    0.305025,
    0.289953,
    0.302044
  ],
  "learning_rates": [
    0.001,
    0.001,
    0.001,
    0.001,
    0.001,
    0.001,
    0.001,
    0.001,
    0.001,
    0.001,
    0.001,
    0.001,
    0.001,
    0.001,
    0.001,
    0.001,
    0.001,
    0.001,
    0.001,
    0.001,
    0.0005,
    0.0005,
    0.0005,
    0.0005,
    0.0005,
    0.0005,
    0.0005,
    0.0005,
    0.0005,
    0.0005,
    0.0005,
    0.0005,
    0.0005,
    0.0005,
    0.0005,
    0.0005,
    0.0005,
    0.0005,
    0.0005,
    0.0005,
    0.00025,
    0.00025,
    0.00025
  ],
  "val_accuracy": [
    55.344828,
    68.62069,
    71.609195,
    72.988506,
    74.195402,
    74.195402,
    76.321839,
    75.287356,
    76.83908,
    75.747126,
    78.16092,
    77.586207,
    78.390805,
    78.045977,
    76.83908,
    78.275862,
    77.528736,
    76.436782,
    77.586207,
    76.724138,
    78.218391,
    77.758621,
    77.931034,
    78.045977,
    77.816092,
    77.873563,
    77.586207,
    79.08046,
    77.988506,
    77.816092,
    77.988506,
    78.103448,
    77.988506,
    78.218391,
    77.528736,
    77.356322,
    77.471264,
    77.643678,
    77.643678,
    77.758621,
    76.896552,
    77.873563,
    77.701149
  ],
  "model_info": {
    "model_class": "BaseClassifier",
    "hidden_size": 128,
    "num_classes": 23,
    "emb_size_audio": 1280,
    "emb_size_text": 0,
    "dropout": 0.1,
    "use_batch_norm": true,
    "mode": "audio",
    "num_folds": 5,
    "fold_id": 2,
    "batch_size": 64,
    "random_seed": 1821
  }
}