{
  "attention_audio": [
    0.465713,
    0.455669,
    0.454787,
    0.449094,
    0.448346,
    0.444518,
    0.445804,
    0.446767,
    0.446781,
    0.445791,
    0.444605,
    0.446579,
    0.448568,
    0.448249,
    0.450939,
    0.446117,
    0.450275,
    0.446902,
    0.447578,
    0.450754,
    0.452045,
    0.452565,
    0.453933,
    0.455765,
    0.45622,
    0.455119,
    0.458261,
    0.457647,
    0.459805,
    0.46026,
    0.462014,
    0.461173,
    0.459597,
    0.458742,
    0.458595,
    0.458678,
    0.461791
  ],
  "attention_text": [
    0.534287,
    0.544331,
    0.545213,
    0.550906,
    0.551654,
    0.555482,
    0.554196,
    0.553233,
    0.553219,
    0.554209,
    0.555395,
    0.553421,
    0.551432,
    0.551751,
    0.549061,
    0.553883,
    0.549725,
    0.553098,
    0.552422,
    0.549246,
    0.547955,
    0.547435,
    0.546067,
    0.544235,
    0.54378,
    0.544881,
    0.541739,
    0.542353,
    0.540195,
    0.53974,
    0.537986,
    0.538827,
    0.540403,
    0.541257,
    0.541405,
    0.541322,
    0.538209
  ],
  "train_cls_loss": [
    2.088104,
    1.29547,
    1.100707,
    1.011189,
    0.925831,
    0.895191,
    0.847064,
    0.820704,
    0.783465,
    0.755183,
    0.723013,
    0.69816,
    0.679983,
    0.665183,
    0.64333,
    0.633003,
    0.61509,
    0.597104,
    0.581843,
    0.573777,
    0.498096,
    0.468091,
    0.453653,
    0.440046,
    0.43233,
    0.429973,
    0.413536,
    0.406614,
    0.397476,
    0.394526,
    0.381188,
    0.377852,
    0.3756,
    0.361045,
    0.362552,
    0.346305,
    0.35234
  ],
  "train_total_loss": [
    2.088104,
    1.29547,
    1.100707,
    1.011189,
    0.925831,
    0.895191,
    0.847064,
    0.820704,
    0.783465,
    0.755183,
    0.723013,
    0.69816,
    0.679983,
    0.665183,
    0.64333,
    0.633003,
    0.61509,
    0.597104,
    0.581843,
    0.573777,
    0.498096,
    0.468091,
    0.453653,
    0.440046,
    0.43233,
    0.429973,
    0.413536,
    0.406614,
    0.397476,
    0.394526,
    0.381188,
    0.377852,
    0.3756,
    0.361045,
    0.362552,
    0.346305,
    0.35234
  ],
  "learning_rates": [
    0.001,
    0.001,
    0.001,
    0.001,
    0.001,
    0.001,
    0.001,
    0.001,
    0.001,
    0.001,
    0.001,
    0.001,
    0.001,
    0.001,
    0.001,
    0.001,
    0.001,
    0.001,
    0.001,
    0.001,
    0.0005,
    0.0005,
    0.0005,
    0.0005,
    0.0005,
    0.0005,
    0.0005,
    0.0005,
    0.0005,
    0.0005,
    0.0005,
    0.0005,
    0.0005,
    0.0005,
    0.0005,
    0.0005,
    0.0005
  ],
  "val_accuracy": [
    59.212778,
    69.13862,
    71.990873,
    74.386766,
    73.816315,
    75.413577,
    74.786081,
    76.383343,
    75.984027,
    76.440388,
    77.92356,
    76.611523,
    78.37992,
    77.239019,
    76.725613,
    76.953793,
    77.695379,
    78.03765,
    78.436965,
    77.181974,
    78.37992,
    79.178551,
    78.03765,
    78.15174,
    77.581289,
    77.581289,
    79.121506,
    77.296064,
    77.752424,
    78.03765,
    77.866515,
    77.980605,
    78.950371,
    78.15174,
    77.92356,
    77.581289,
    78.551055
  ],
  "model_info": {
    "model_class": "BaseClassifier",
    "hidden_size": 128,
    "num_classes": 23,
    "emb_size_audio": 512,
    "emb_size_text": 512,
    "dropout": 0.1,
    "use_batch_norm": true,
    "mode": "both",
    "num_folds": 5,
    "fold_id": 4,
    "batch_size": 64,
    "random_seed": 1821
  }
}