{
  "attention_audio": [
    0.487094,
    0.474871,
    0.47824,
    0.482693,
    0.484694,
    0.48896,
    0.485796,
    0.492476,
    0.48792,
    0.493881,
    0.490332,
    0.494071,
    0.496725,
    0.498122,
    0.498266,
    0.501033,
    0.503394,
    0.501661,
    0.502898,
    0.504106,
    0.504398,
    0.504775,
    0.506531,
    0.506887,
    0.507066,
    0.50447,
    0.502653,
    0.503365,
    0.507072,
    0.506251,
    0.506431,
    0.506516,
    0.506431,
    0.509082,
    0.507465,
    0.507568,
    0.504514,
    0.50485,
    0.507244,
    0.508352,
    0.509742,
    0.509835,
    0.509262,
    0.509644,
    0.510817,
    0.511519,
    0.510174
  ],
  "attention_text": [
    0.512906,
    0.525129,
    0.52176,
    0.517307,
    0.515306,
    0.51104,
    0.514204,
    0.507524,
    0.51208,
    0.506119,
    0.509668,
    0.505929,
    0.503275,
    0.501878,
    0.501734,
    0.498967,
    0.496606,
    0.498339,
    0.497102,
    0.495894,
    0.495602,
    0.495225,
    0.493469,
    0.493113,
    0.492934,
    0.49553,
    0.497347,
    0.496635,
    0.492928,
    0.493749,
    0.493569,
    0.493484,
    0.493569,
    0.490918,
    0.492535,
    0.492432,
    0.495486,
    0.49515,
    0.492756,
    0.491648,
    0.490258,
    0.490165,
    0.490738,
    0.490356,
    0.489183,
    0.488481,
    0.489826
  ],
  "train_cls_loss": [
    2.340919,
    1.389522,
    1.164539,
    1.037565,
    0.95082,
    0.884431,
    0.836446,
    0.801319,
    0.789263,
    0.760484,
    0.742369,
    0.698976,
    0.687469,
    0.664656,
    0.66352,
    0.644044,
    0.634342,
    0.609362,
    0.603577,
    0.596026,
    0.523194,
    0.477415,
    0.453149,
    0.474579,
    0.457459,
    0.457735,
    0.429195,
    0.427175,
    0.425076,
    0.416706,
    0.418828,
    0.413066,
    0.40728,
    0.391107,
    0.397655,
    0.377251,
    0.363732,
    0.354566,
    0.36704,
    0.355807,
    0.325368,
    0.291762,
    0.288796,
    0.28456,
    0.285627,
    0.29184,
    0.286525
  ],
  "train_top_cls_loss": [
    0.955382,
    0.535287,
    0.48125,
    0.441471,
    0.42875,
    0.398397,
    0.388239,
    0.367008,
    0.365562,
    0.351999,
    0.34312,
    0.327508,
    0.323736,
    0.312832,
    0.310009,
    0.302134,
    0.303365,
    0.281427,
    0.285318,
    0.285853,
    0.245999,
    0.228723,
    0.215963,
    0.224663,
    0.219693,
    0.221706,
    0.207788,
    0.212017,
    0.209886,
    0.205562,
    0.20701,
    0.206147,
    0.198569,
    0.195831,
    0.198757,
    0.185373,
    0.187892,
    0.178491,
    0.184976,
    0.183211,
    0.16224,
    0.151191,
    0.151638,
    0.148582,
    0.145789,
    0.146358,
    0.141254
  ],
  "train_total_loss": [
    2.627534,
    1.550108,
    1.308914,
    1.170006,
    1.079445,
    1.00395,
    0.952917,
    0.911422,
    0.898932,
    0.866084,
    0.845305,
    0.797228,
    0.78459,
    0.758506,
    0.756523,
    0.734684,
    0.725352,
    0.69379,
    0.689172,
    0.681782,
    0.596994,
    0.546032,
    0.517938,
    0.541978,
    0.523367,
    0.524246,
    0.491531,
    0.49078,
    0.488041,
    0.478374,
    0.480931,
    0.47491,
    0.466851,
    0.449856,
    0.457282,
    0.432863,
    0.4201,
    0.408113,
    0.422533,
    0.41077,
    0.37404,
    0.33712,
    0.334288,
    0.329134,
    0.329364,
    0.335748,
    0.328901
  ],
  "learning_rates": [
    0.001,
    0.001,
    0.001,
    0.001,
    0.001,
    0.001,
    0.001,
    0.001,
    0.001,
    0.001,
    0.001,
    0.001,
    0.001,
    0.001,
    0.001,
    0.001,
    0.001,
    0.001,
    0.001,
    0.001,
    0.0005,
    0.0005,
    0.0005,
    0.0005,
    0.0005,
    0.0005,
    0.0005,
    0.0005,
    0.0005,
    0.0005,
    0.0005,
    0.0005,
    0.0005,
    0.0005,
    0.0005,
    0.0005,
    0.0005,
    0.0005,
    0.0005,
    0.0005,
    0.00025,
    0.00025,
    0.00025,
    0.00025,
    0.00025,
    0.00025,
    0.00025
  ],
  "val_accuracy": [
    59.440958,
    66.343411,
    73.245864,
    75.926982,
    75.641757,
    75.984027,
    77.239019,
    78.551055,
    78.665145,
    78.322875,
    78.49401,
    79.121506,
    78.03765,
    78.893326,
    79.292641,
    79.121506,
    78.49401,
    78.436965,
    79.634912,
    80.205362,
    80.433542,
    79.691957,
    80.319452,
    79.520821,
    80.547633,
    79.977182,
    79.806047,
    80.148317,
    79.920137,
    79.406731,
    79.863092,
    80.889903,
    79.806047,
    80.148317,
    79.863092,
    79.349686,
    79.749002,
    78.836281,
    79.806047,
    79.806047,
    80.547633,
    80.205362,
    79.634912,
    79.634912,
    79.520821,
    79.863092,
    79.977182
  ],
  "model_info": {
    "model_class": "BaseClassifier",
    "hidden_size": 128,
    "num_classes": 23,
    "emb_size_audio": 512,
    "emb_size_text": 512,
    "dropout": 0.1,
    "use_batch_norm": true,
    "mode": "both",
    "num_folds": 5,
    "fold_id": 4,
    "batch_size": 64,
    "random_seed": 1821
  }
}