{
  "attention_audio": [
    0.496113,
    0.481326,
    0.48652,
    0.492289,
    0.492733,
    0.493899,
    0.493077,
    0.494345,
    0.492936,
    0.500912,
    0.49609,
    0.4989,
    0.494577,
    0.497164,
    0.501423,
    0.501541,
    0.50142,
    0.500755,
    0.502748,
    0.506219,
    0.500847,
    0.502789,
    0.506461,
    0.507042,
    0.505556,
    0.505694,
    0.505748,
    0.506121,
    0.510181,
    0.505735,
    0.507187,
    0.508137,
    0.509618,
    0.508505,
    0.509687,
    0.508944,
    0.509708,
    0.510719,
    0.509994
  ],
  "attention_text": [
    0.503887,
    0.518674,
    0.51348,
    0.507711,
    0.507267,
    0.506101,
    0.506923,
    0.505655,
    0.507064,
    0.499088,
    0.50391,
    0.5011,
    0.505423,
    0.502836,
    0.498577,
    0.498459,
    0.49858,
    0.499245,
    0.497252,
    0.493781,
    0.499153,
    0.497211,
    0.493539,
    0.492958,
    0.494444,
    0.494306,
    0.494252,
    0.493879,
    0.489819,
    0.494265,
    0.492813,
    0.491863,
    0.490382,
    0.491495,
    0.490313,
    0.491056,
    0.490292,
    0.489281,
    0.490006
  ],
  "train_cls_loss": [
    2.315404,
    1.310791,
    1.039324,
    0.926892,
    0.82326,
    0.7889,
    0.716176,
    0.704656,
    0.650303,
    0.651127,
    0.616157,
    0.585636,
    0.581409,
    0.560732,
    0.543724,
    0.543298,
    0.529573,
    0.517214,
    0.489694,
    0.476591,
    0.411932,
    0.405875,
    0.373182,
    0.378983,
    0.346646,
    0.348705,
    0.338457,
    0.342751,
    0.327773,
    0.334397,
    0.31302,
    0.307802,
    0.299358,
    0.304633,
    0.292268,
    0.295139,
    0.291107,
    0.273914,
    0.279088
  ],
  "train_total_loss": [
    2.315404,
    1.310791,
    1.039324,
    0.926892,
    0.82326,
    0.7889,
    0.716176,
    0.704656,
    0.650303,
    0.651127,
    0.616157,
    0.585636,
    0.581409,
    0.560732,
    0.543724,
    0.543298,
    0.529573,
    0.517214,
    0.489694,
    0.476591,
    0.411932,
    0.405875,
    0.373182,
    0.378983,
    0.346646,
    0.348705,
    0.338457,
    0.342751,
    0.327773,
    0.334397,
    0.31302,
    0.307802,
    0.299358,
    0.304633,
    0.292268,
    0.295139,
    0.291107,
    0.273914,
    0.279088
  ],
  "learning_rates": [
    0.001,
    0.001,
    0.001,
    0.001,
    0.001,
    0.001,
    0.001,
    0.001,
    0.001,
    0.001,
    0.001,
    0.001,
    0.001,
    0.001,
    0.001,
    0.001,
    0.001,
    0.001,
    0.001,
    0.001,
    0.0005,
    0.0005,
    0.0005,
    0.0005,
    0.0005,
    0.0005,
    0.0005,
    0.0005,
    0.0005,
    0.0005,
    0.0005,
    0.0005,
    0.0005,
    0.0005,
    0.0005,
    0.0005,
    0.0005,
    0.0005,
    0.0005
  ],
  "val_accuracy": [
    58.528237,
    71.021107,
    74.158585,
    74.671991,
    76.554478,
    74.671991,
    76.440388,
    77.524244,
    78.436965,
    77.980605,
    77.752424,
    76.725613,
    77.239019,
    78.722191,
    78.665145,
    77.980605,
    79.292641,
    78.722191,
    78.436965,
    79.064461,
    79.292641,
    79.634912,
    79.292641,
    79.749002,
    79.064461,
    78.551055,
    78.551055,
    78.836281,
    79.406731,
    79.349686,
    79.292641,
    78.779236,
    77.92356,
    79.520821,
    79.178551,
    78.094695,
    77.980605,
    78.322875,
    77.695379
  ],
  "model_info": {
    "model_class": "BaseClassifier",
    "hidden_size": 128,
    "num_classes": 23,
    "emb_size_audio": 512,
    "emb_size_text": 512,
    "dropout": 0.1,
    "use_batch_norm": true,
    "mode": "both",
    "num_folds": 5,
    "fold_id": 1,
    "batch_size": 64,
    "random_seed": 1821
  }
}