{
  "attention_audio": [
    0.526505,
    0.528629,
    0.527991,
    0.528217,
    0.527346,
    0.531922,
    0.530272,
    0.537207,
    0.53707,
    0.538776,
    0.542885,
    0.546941,
    0.55234,
    0.554265,
    0.552557,
    0.551115,
    0.555469,
    0.55772,
    0.557949,
    0.557728,
    0.56006,
    0.560319,
    0.562469,
    0.565326,
    0.563217,
    0.567057,
    0.565034,
    0.566125,
    0.564758,
    0.567366,
    0.564403,
    0.566164,
    0.569527,
    0.569684,
    0.569756,
    0.566265
  ],
  "attention_text": [
    0.473495,
    0.471371,
    0.472009,
    0.471783,
    0.472654,
    0.468078,
    0.469728,
    0.462793,
    0.46293,
    0.461224,
    0.457115,
    0.453059,
    0.44766,
    0.445735,
    0.447443,
    0.448885,
    0.444531,
    0.44228,
    0.442051,
    0.442272,
    0.43994,
    0.439681,
    0.437531,
    0.434674,
    0.436783,
    0.432943,
    0.434966,
    0.433875,
    0.435242,
    0.432634,
    0.435597,
    0.433836,
    0.430473,
    0.430316,
    0.430244,
    0.433735
  ],
  "train_cls_loss": [
    2.260936,
    1.403975,
    1.182496,
    1.070912,
    0.958308,
    0.906719,
    0.84846,
    0.812823,
    0.763366,
    0.742321,
    0.69807,
    0.684552,
    0.654115,
    0.623732,
    0.61631,
    0.602514,
    0.579101,
    0.56347,
    0.539412,
    0.518595,
    0.442029,
    0.416441,
    0.399215,
    0.383808,
    0.381425,
    0.362996,
    0.361976,
    0.331387,
    0.341499,
    0.324958,
    0.329939,
    0.309323,
    0.321087,
    0.315695,
    0.302445,
    0.303381
  ],
  "train_top_cls_loss": [
    0.749462,
    0.487221,
    0.440452,
    0.418164,
    0.386606,
    0.373795,
    0.358116,
    0.344317,
    0.3299,
    0.315988,
    0.300542,
    0.291952,
    0.280147,
    0.273529,
    0.269101,
    0.260586,
    0.245902,
    0.243789,
    0.231863,
    0.230831,
    0.195946,
    0.183725,
    0.175461,
    0.165917,
    0.163541,
    0.16183,
    0.1648,
    0.155789,
    0.146953,
    0.14467,
    0.147318,
    0.138472,
    0.144092,
    0.148442,
    0.139736,
    0.144011
  ],
  "train_total_loss": [
    2.78556,
    1.74503,
    1.490813,
    1.363627,
    1.228933,
    1.168375,
    1.099141,
    1.053845,
    0.994296,
    0.963513,
    0.908449,
    0.888919,
    0.850218,
    0.815202,
    0.804681,
    0.784924,
    0.751233,
    0.734123,
    0.701716,
    0.680177,
    0.579191,
    0.545048,
    0.522037,
    0.49995,
    0.495904,
    0.476278,
    0.477336,
    0.44044,
    0.444366,
    0.426227,
    0.433061,
    0.406253,
    0.421952,
    0.419605,
    0.40026,
    0.404189
  ],
  "learning_rates": [
    0.001,
    0.001,
    0.001,
    0.001,
    0.001,
    0.001,
    0.001,
    0.001,
    0.001,
    0.001,
    0.001,
    0.001,
    0.001,
    0.001,
    0.001,
    0.001,
    0.001,
    0.001,
    0.001,
    0.001,
    0.0005,
    0.0005,
    0.0005,
    0.0005,
    0.0005,
    0.0005,
    0.0005,
    0.0005,
    0.0005,
    0.0005,
    0.0005,
    0.0005,
    0.0005,
    0.0005,
    0.0005,
    0.0005
  ],
  "val_accuracy": [
    58.218391,
    67.241379,
    70.517241,
    75.229885,
    75.632184,
    76.034483,
    78.275862,
    77.586207,
    78.965517,
    78.103448,
    78.735632,
    80.0,
    78.965517,
    78.850575,
    79.597701,
    80.229885,
    80.0,
    80.229885,
    79.425287,
    79.54023,
    80.45977,
    80.172414,
    79.942529,
    79.885057,
    80.057471,
    79.827586,
    79.712644,
    78.62069,
    79.022989,
    78.850575,
    79.482759,
    80.057471,
    79.597701,
    78.850575,
    79.770115,
    79.310345
  ],
  "model_info": {
    "model_class": "BaseClassifier",
    "hidden_size": 128,
    "num_classes": 23,
    "emb_size_audio": 1280,
    "emb_size_text": 512,
    "dropout": 0.1,
    "use_batch_norm": true,
    "mode": "both",
    "num_folds": 5,
    "fold_id": 4,
    "batch_size": 64,
    "random_seed": 1821
  }
}