{
  "attention_audio": [
    0.499245,
    0.49134,
    0.487771,
    0.487303,
    0.481946,
    0.482564,
    0.478615,
    0.479631,
    0.480135,
    0.477228,
    0.478182,
    0.477509,
    0.473867,
    0.473964,
    0.472541,
    0.474966,
    0.473178,
    0.474825,
    0.472379,
    0.476435,
    0.479092,
    0.478202,
    0.478883,
    0.47841,
    0.479751,
    0.475807,
    0.475089,
    0.474713,
    0.477014,
    0.477176,
    0.47667,
    0.475388,
    0.479281,
    0.475885,
    0.475538,
    0.475326,
    0.473367,
    0.477741,
    0.477179,
    0.478652,
    0.479956,
    0.478781,
    0.478115,
    0.477343,
    0.477859,
    0.478611,
    0.477447,
    0.478094,
    0.477674,
    0.478641,
    0.478059,
    0.478831,
    0.478597,
    0.478571
  ],
  "attention_text": [
    0.500755,
    0.50866,
    0.512229,
    0.512697,
    0.518054,
    0.517436,
    0.521385,
    0.520369,
    0.519865,
    0.522772,
    0.521818,
    0.522491,
    0.526133,
    0.526036,
    0.527459,
    0.525034,
    0.526823,
    0.525175,
    0.527621,
    0.523565,
    0.520908,
    0.521798,
    0.521117,
    0.52159,
    0.520249,
    0.524193,
    0.524911,
    0.525287,
    0.522986,
    0.522824,
    0.52333,
    0.524612,
    0.520719,
    0.524115,
    0.524462,
    0.524674,
    0.526633,
    0.522259,
    0.522821,
    0.521348,
    0.520044,
    0.521219,
    0.521885,
    0.522657,
    0.522141,
    0.521389,
    0.522554,
    0.521906,
    0.522326,
    0.521359,
    0.521941,
    0.521169,
    0.521403,
    0.521429
  ],
  "train_cls_loss": [
    2.37287,
    1.623782,
    1.387135,
    1.282465,
    1.143912,
    1.07178,
    0.998552,
    0.957226,
    0.894208,
    0.877569,
    0.851586,
    0.8221,
    0.796595,
    0.768423,
    0.765515,
    0.737778,
    0.721313,
    0.692508,
    0.662688,
    0.648429,
    0.576091,
    0.550323,
    0.538421,
    0.517534,
    0.511235,
    0.502504,
    0.488522,
    0.479521,
    0.474262,
    0.478044,
    0.451552,
    0.458081,
    0.441062,
    0.430897,
    0.421387,
    0.439036,
    0.410068,
    0.427022,
    0.401739,
    0.410495,
    0.337209,
    0.336891,
    0.323415,
    0.306294,
    0.315845,
    0.305454,
    0.309,
    0.309826,
    0.291352,
    0.301911,
    0.286968,
    0.293565,
    0.290871,
    0.274463
  ],
  "train_top_cls_loss": [
    0.723427,
    0.513049,
    0.456815,
    0.446933,
    0.413494,
    0.401058,
    0.37746,
    0.364248,
    0.347763,
    0.34611,
    0.33182,
    0.328162,
    0.320594,
    0.307001,
    0.297494,
    0.293662,
    0.298216,
    0.276791,
    0.265092,
    0.251162,
    0.224067,
    0.216071,
    0.206828,
    0.193206,
    0.199201,
    0.199421,
    0.191386,
    0.184509,
    0.181611,
    0.18379,
    0.177511,
    0.17821,
    0.172503,
    0.167173,
    0.167377,
    0.164735,
    0.163019,
    0.163439,
    0.164894,
    0.157905,
    0.131039,
    0.125496,
    0.127116,
    0.112073,
    0.1229,
    0.117254,
    0.122803,
    0.124808,
    0.119885,
    0.117275,
    0.120038,
    0.118046,
    0.117003,
    0.108159
  ],
  "train_total_loss": [
    3.458011,
    2.393356,
    2.072357,
    1.952864,
    1.764153,
    1.673367,
    1.564742,
    1.503598,
    1.415852,
    1.396734,
    1.349316,
    1.314343,
    1.277486,
    1.228924,
    1.211756,
    1.178271,
    1.168637,
    1.107695,
    1.060326,
    1.025171,
    0.912191,
    0.87443,
    0.848663,
    0.807343,
    0.810037,
    0.801636,
    0.7756,
    0.756284,
    0.746679,
    0.753729,
    0.717819,
    0.725396,
    0.699816,
    0.681656,
    0.672453,
    0.686139,
    0.654597,
    0.672181,
    0.649079,
    0.647352,
    0.533768,
    0.525135,
    0.514088,
    0.474404,
    0.500195,
    0.481336,
    0.493205,
    0.497039,
    0.47118,
    0.477823,
    0.467025,
    0.470634,
    0.466375,
    0.436701
  ],
  "learning_rates": [
    0.001,
    0.001,
    0.001,
    0.001,
    0.001,
    0.001,
    0.001,
    0.001,
    0.001,
    0.001,
    0.001,
    0.001,
    0.001,
    0.001,
    0.001,
    0.001,
    0.001,
    0.001,
    0.001,
    0.001,
    0.0005,
    0.0005,
    0.0005,
    0.0005,
    0.0005,
    0.0005,
    0.0005,
    0.0005,
    0.0005,
    0.0005,
    0.0005,
    0.0005,
    0.0005,
    0.0005,
    0.0005,
    0.0005,
    0.0005,
    0.0005,
    0.0005,
    0.0005,
    0.00025,
    0.00025,
    0.00025,
    0.00025,
    0.00025,
    0.00025,
    0.00025,
    0.00025,
    0.00025,
    0.00025,
    0.00025,
    0.00025,
    0.00025,
    0.00025
  ],
  "val_accuracy": [
    49.597701,
    57.126437,
    63.793103,
    68.16092,
    69.137931,
    71.666667,
    72.298851,
    74.310345,
    75.114943,
    75.574713,
    77.528736,
    76.724138,
    77.298851,
    77.643678,
    78.448276,
    77.931034,
    78.62069,
    77.988506,
    79.252874,
    77.701149,
    79.367816,
    78.16092,
    78.850575,
    79.367816,
    78.965517,
    79.022989,
    79.310345,
    78.448276,
    79.482759,
    79.310345,
    79.252874,
    78.793103,
    78.505747,
    79.137931,
    77.758621,
    79.482759,
    78.678161,
    79.655172,
    79.942529,
    79.712644,
    79.195402,
    79.597701,
    79.827586,
    79.885057,
    79.08046,
    79.310345,
    78.563218,
    79.597701,
    79.137931,
    79.195402,
    78.908046,
    79.08046,
    78.275862,
    78.333333
  ],
  "model_info": {
    "model_class": "BaseClassifier",
    "hidden_size": 128,
    "num_classes": 23,
    "emb_size_audio": 768,
    "emb_size_text": 512,
    "dropout": 0.1,
    "use_batch_norm": true,
    "mode": "both",
    "num_folds": 5,
    "fold_id": 4,
    "batch_size": 64,
    "random_seed": 1821
  }
}