{
  "train_cls_loss": [
    2.198695,
    1.592278,
    1.428758,
    1.323541,
    1.264827,
    1.201583,
    1.162567,
    1.119087,
    1.085201,
    1.049737,
    1.006326,
    0.987074,
    0.977721,
    0.953682,
    0.923992,
    0.905042,
    0.87514,
    0.86949,
    0.840338,
    0.829558,
    0.743437,
    0.711896,
    0.700346,
    0.682277,
    0.660285,
    0.65491,
    0.641128,
    0.628269,
    0.619751,
    0.618619,
    0.606383,
    0.584604,
    0.582933,
    0.569791,
    0.562389,
    0.560984,
    0.546636,
    0.544447,
    0.533214,
    0.521365
  ],
  "train_total_loss": [
    2.198695,
    1.592278,
    1.428758,
    1.323541,
    1.264827,
    1.201583,
    1.162567,
    1.119087,
    1.085201,
    1.049737,
    1.006326,
    0.987074,
    0.977721,
    0.953682,
    0.923992,
    0.905042,
    0.87514,
    0.86949,
    0.840338,
    0.829558,
    0.743437,
    0.711896,
    0.700346,
    0.682277,
    0.660285,
    0.65491,
    0.641128,
    0.628269,
    0.619751,
    0.618619,
    0.606383,
    0.584604,
    0.582933,
    0.569791,
    0.562389,
    0.560984,
    0.546636,
    0.544447,
    0.533214,
    0.521365
  ],
  "learning_rates": [
    0.001,
    0.001,
    0.001,
    0.001,
    0.001,
    0.001,
    0.001,
    0.001,
    0.001,
    0.001,
    0.001,
    0.001,
    0.001,
    0.001,
    0.001,
    0.001,
    0.001,
    0.001,
    0.001,
    0.001,
    0.0005,
    0.0005,
    0.0005,
    0.0005,
    0.0005,
    0.0005,
    0.0005,
    0.0005,
    0.0005,
    0.0005,
    0.0005,
    0.0005,
    0.0005,
    0.0005,
    0.0005,
    0.0005,
    0.0005,
    0.0005,
    0.0005,
    0.0005
  ],
  "val_accuracy": [
    60.410724,
    60.46777,
    67.199087,
    68.225898,
    69.3668,
    69.48089,
    71.705647,
    69.766115,
    69.195665,
    70.678836,
    71.705647,
    70.792926,
    72.390188,
    70.735881,
    73.930405,
    74.158585,
    72.276098,
    73.302909,
    73.017684,
    72.960639,
    72.789504,
    74.272675,
    73.074729,
    73.474044,
    74.500856,
    71.876783,
    72.447233,
    73.75927,
    73.588135,
    73.302909,
    73.588135,
    72.504278,
    73.53109,
    73.702225,
    73.074729,
    73.416999,
    73.87336,
    73.188819,
    73.302909,
    72.618369
  ],
  "model_info": {
    "model_class": "BaseClassifier",
    "hidden_size": 128,
    "num_classes": 23,
    "emb_size_audio": 512,
    "emb_size_text": 0,
    "dropout": 0.1,
    "use_batch_norm": true,
    "mode": "audio",
    "num_folds": 5,
    "fold_id": 3,
    "batch_size": 64,
    "random_seed": 1821
  }
}