{
  "attention_audio": [
    0.455916,
    0.441076,
    0.436856,
    0.430242,
    0.424224,
    0.421621,
    0.420793,
    0.416231,
    0.417968,
    0.41734,
    0.417319,
    0.418192,
    0.41991,
    0.417497,
    0.423945,
    0.423335,
    0.428587,
    0.428948,
    0.427362,
    0.431917,
    0.43257,
    0.436067,
    0.434893,
    0.438586,
    0.437064,
    0.437803,
    0.439533,
    0.436995,
    0.43748,
    0.437946,
    0.437083
  ],
  "attention_text": [
    0.544084,
    0.558924,
    0.563144,
    0.569758,
    0.575776,
    0.578379,
    0.579207,
    0.583769,
    0.582032,
    0.58266,
    0.582681,
    0.581808,
    0.58009,
    0.582503,
    0.576055,
    0.576665,
    0.571413,
    0.571052,
    0.572638,
    0.568083,
    0.56743,
    0.563933,
    0.565107,
    0.561414,
    0.562936,
    0.562197,
    0.560467,
    0.563005,
    0.56252,
    0.562054,
    0.562917
  ],
  "train_cls_loss": [
    0.941572,
    0.653775,
    0.582081,
    0.532071,
    0.508201,
    0.483959,
    0.471595,
    0.456982,
    0.441405,
    0.428575,
    0.414047,
    0.406735,
    0.394077,
    0.387785,
    0.381102,
    0.368406,
    0.359568,
    0.351999,
    0.345135,
    0.342163,
    0.304212,
    0.291221,
    0.286281,
    0.276333,
    0.275606,
    0.268419,
    0.268065,
    0.260134,
    0.257158,
    0.25232,
    0.249173
  ],
  "train_total_loss": [
    0.941572,
    0.653775,
    0.582081,
    0.532071,
    0.508201,
    0.483959,
    0.471595,
    0.456982,
    0.441405,
    0.428575,
    0.414047,
    0.406735,
    0.394077,
    0.387785,
    0.381102,
    0.368406,
    0.359568,
    0.351999,
    0.345135,
    0.342163,
    0.304212,
    0.291221,
    0.286281,
    0.276333,
    0.275606,
    0.268419,
    0.268065,
    0.260134,
    0.257158,
    0.25232,
    0.249173
  ],
  "learning_rates": [
    0.001,
    0.001,
    0.001,
    0.001,
    0.001,
    0.001,
    0.001,
    0.001,
    0.001,
    0.001,
    0.001,
    0.001,
    0.001,
    0.001,
    0.001,
    0.001,
    0.001,
    0.001,
    0.001,
    0.001,
    0.0005,
    0.0005,
    0.0005,
    0.0005,
    0.0005,
    0.0005,
    0.0005,
    0.0005,
    0.0005,
    0.0005,
    0.0005
  ],
  "val_accuracy": [
    65.54478,
    71.933828,
    71.648602,
    75.755847,
    75.984027,
    74.786081,
    77.809469,
    77.752424,
    77.124929,
    76.554478,
    77.124929,
    77.92356,
    77.467199,
    76.497433,
    77.524244,
    78.6081,
    77.467199,
    76.839703,
    77.353109,
    77.866515,
    77.752424,
    78.436965,
    77.181974,
    77.809469,
    77.866515,
    78.094695,
    77.296064,
    77.181974,
    77.124929,
    76.953793,
    77.124929
  ],
  "model_info": {
    "model_class": "BaseClassifier",
    "hidden_size": 128,
    "num_classes": 23,
    "emb_size_audio": 512,
    "emb_size_text": 512,
    "dropout": 0.1,
    "use_batch_norm": true,
    "mode": "both",
    "num_folds": 5,
    "fold_id": 1,
    "batch_size": 64,
    "random_seed": 1821
  }
}