{
  "train_cls_loss": [
    0.805469,
    0.613772,
    0.560641,
    0.525878,
    0.506862,
    0.484464,
    0.474935,
    0.461497,
    0.451115,
    0.443158,
    0.427401,
    0.421157,
    0.41509,
    0.407345,
    0.400631,
    0.395053,
    0.388584,
    0.383711,
    0.378055,
    0.369066,
    0.34586,
    0.338186,
    0.329134,
    0.324497,
    0.322053,
    0.317363,
    0.31504,
    0.308774,
    0.307794,
    0.303016,
    0.300215,
    0.296412
  ],
  "train_total_loss": [
    0.805469,
    0.613772,
    0.560641,
    0.525878,
    0.506862,
    0.484464,
    0.474935,
    0.461497,
    0.451115,
    0.443158,
    0.427401,
    0.421157,
    0.41509,
    0.407345,
    0.400631,
    0.395053,
    0.388584,
    0.383711,
    0.378055,
    0.369066,
    0.34586,
    0.338186,
    0.329134,
    0.324497,
    0.322053,
    0.317363,
    0.31504,
    0.308774,
    0.307794,
    0.303016,
    0.300215,
    0.296412
  ],
  "learning_rates": [
    0.001,
    0.001,
    0.001,
    0.001,
    0.001,
    0.001,
    0.001,
    0.001,
    0.001,
    0.001,
    0.001,
    0.001,
    0.001,
    0.001,
    0.001,
    0.001,
    0.001,
    0.001,
    0.001,
    0.001,
    0.0005,
    0.0005,
    0.0005,
    0.0005,
    0.0005,
    0.0005,
    0.0005,
    0.0005,
    0.0005,
    0.0005,
    0.0005,
    0.0005
  ],
  "val_accuracy": [
    58.300057,
    66.001141,
    67.712493,
    71.078152,
    71.363377,
    73.416999,
    72.504278,
    73.816315,
    73.131774,
    73.188819,
    73.474044,
    74.044495,
    73.75927,
    73.98745,
    74.21563,
    73.98745,
    74.957216,
    73.188819,
    72.960639,
    74.044495,
    73.75927,
    73.87336,
    73.53109,
    73.816315,
    72.846549,
    72.390188,
    73.930405,
    73.588135,
    73.302909,
    74.272675,
    74.158585,
    74.443811
  ],
  "model_info": {
    "model_class": "BaseClassifier",
    "hidden_size": 128,
    "num_classes": 23,
    "emb_size_audio": 512,
    "emb_size_text": 0,
    "dropout": 0.1,
    "use_batch_norm": true,
    "mode": "audio",
    "num_folds": 5,
    "fold_id": 0,
    "batch_size": 64,
    "random_seed": 1821
  }
}