{
  "attention_audio": [
    0.50018,
    0.494727,
    0.488127,
    0.487941,
    0.489159,
    0.490863,
    0.490576,
    0.490679,
    0.488497,
    0.491512,
    0.496088,
    0.495074,
    0.499371,
    0.499201,
    0.499283,
    0.499915,
    0.502337,
    0.505281,
    0.503525,
    0.502079,
    0.505093,
    0.506424,
    0.504938,
    0.50792,
    0.509032,
    0.507045,
    0.508116,
    0.506372,
    0.508017,
    0.507092,
    0.506693,
    0.505853,
    0.50295,
    0.506464,
    0.507456,
    0.505311,
    0.505012,
    0.504359,
    0.504152,
    0.505302,
    0.50673,
    0.507848
  ],
  "attention_text": [
    0.49982,
    0.505273,
    0.511873,
    0.512059,
    0.510841,
    0.509137,
    0.509424,
    0.509321,
    0.511503,
    0.508488,
    0.503912,
    0.504926,
    0.500629,
    0.500799,
    0.500717,
    0.500085,
    0.497663,
    0.494719,
    0.496475,
    0.497921,
    0.494907,
    0.493576,
    0.495062,
    0.49208,
    0.490968,
    0.492955,
    0.491884,
    0.493628,
    0.491983,
    0.492908,
    0.493307,
    0.494147,
    0.49705,
    0.493536,
    0.492544,
    0.494689,
    0.494988,
    0.495641,
    0.495848,
    0.494698,
    0.49327,
    0.492152
  ],
  "train_cls_loss": [
    2.214335,
    1.572892,
    1.298376,
    1.257744,
    1.150884,
    1.200129,
    1.20984,
    1.149831,
    1.183302,
    1.164339,
    1.033754,
    1.027524,
    0.971039,
    1.035313,
    1.010185,
    0.937144,
    1.015067,
    0.942027,
    0.925369,
    0.97054,
    0.939258,
    0.840277,
    0.872775,
    0.779748,
    0.860914,
    0.812005,
    0.836863,
    0.800524,
    0.767605,
    0.831554,
    0.745422,
    0.78185,
    0.807758,
    0.757458,
    0.797434,
    0.791603,
    0.801265,
    0.730427,
    0.780895,
    0.724969,
    0.712864,
    0.648157
  ],
  "train_total_loss": [
    2.214335,
    1.572892,
    1.298376,
    1.257744,
    1.150884,
    1.200129,
    1.20984,
    1.149831,
    1.183302,
    1.164339,
    1.033754,
    1.027524,
    0.971039,
    1.035313,
    1.010185,
    0.937144,
    1.015067,
    0.942027,
    0.925369,
    0.97054,
    0.939258,
    0.840277,
    0.872775,
    0.779748,
    0.860914,
    0.812005,
    0.836863,
    0.800524,
    0.767605,
    0.831554,
    0.745422,
    0.78185,
    0.807758,
    0.757458,
    0.797434,
    0.791603,
    0.801265,
    0.730427,
    0.780895,
    0.724969,
    0.712864,
    0.648157
  ],
  "learning_rates": [
    0.001,
    0.001,
    0.001,
    0.001,
    0.001,
    0.001,
    0.001,
    0.001,
    0.001,
    0.001,
    0.001,
    0.001,
    0.001,
    0.001,
    0.001,
    0.001,
    0.001,
    0.001,
    0.001,
    0.001,
    0.0005,
    0.0005,
    0.0005,
    0.0005,
    0.0005,
    0.0005,
    0.0005,
    0.0005,
    0.0005,
    0.0005,
    0.0005,
    0.0005,
    0.0005,
    0.0005,
    0.0005,
    0.0005,
    0.0005,
    0.0005,
    0.0005,
    0.0005,
    0.00025,
    0.00025
  ],
  "val_accuracy": [
    61.095265,
    70.621791,
    73.98745,
    76.212208,
    75.356532,
    77.010839,
    77.809469,
    76.326298,
    77.866515,
    77.866515,
    78.436965,
    79.520821,
    76.554478,
    77.181974,
    78.893326,
    77.010839,
    80.262407,
    79.349686,
    79.463776,
    77.752424,
    79.977182,
    79.691957,
    80.091272,
    80.034227,
    79.463776,
    79.634912,
    80.433542,
    79.691957,
    79.863092,
    79.178551,
    79.520821,
    79.920137,
    78.779236,
    79.749002,
    80.205362,
    79.178551,
    79.577867,
    79.406731,
    77.980605,
    79.349686,
    79.806047,
    79.920137
  ],
  "model_info": {
    "model_class": "BaseClassifier",
    "hidden_size": 128,
    "num_classes": 23,
    "emb_size_audio": 512,
    "emb_size_text": 512,
    "dropout": 0.1,
    "use_batch_norm": true,
    "mode": "both",
    "num_folds": 5,
    "fold_id": 4,
    "batch_size": 64,
    "random_seed": 1821
  }
}