{
  "attention_audio": [
    0.488152,
    0.496579,
    0.491462,
    0.48909,
    0.488793,
    0.489351,
    0.488895,
    0.490744,
    0.491532,
    0.491034,
    0.495472,
    0.496306,
    0.494612,
    0.497358,
    0.496924,
    0.492433,
    0.495389,
    0.492313,
    0.499468,
    0.495663,
    0.495368,
    0.495939,
    0.497974,
    0.498321,
    0.498223,
    0.501774,
    0.502854,
    0.502265,
    0.50119,
    0.501571,
    0.500234,
    0.501392,
    0.500011,
    0.500478,
    0.499325,
    0.501281
  ],
  "attention_text": [
    0.511848,
    0.503421,
    0.508538,
    0.51091,
    0.511207,
    0.510649,
    0.511105,
    0.509256,
    0.508468,
    0.508966,
    0.504528,
    0.503694,
    0.505388,
    0.502642,
    0.503076,
    0.507567,
    0.504611,
    0.507687,
    0.500532,
    0.504337,
    0.504632,
    0.504061,
    0.502026,
    0.501679,
    0.501777,
    0.498226,
    0.497146,
    0.497735,
    0.49881,
    0.498429,
    0.499766,
    0.498608,
    0.499989,
    0.499522,
    0.500675,
    0.498719
  ],
  "train_cls_loss": [
    2.460274,
    1.564604,
    1.271893,
    1.137771,
    1.045015,
    0.948704,
    0.899099,
    0.883499,
    0.844773,
    0.825252,
    0.78741,
    0.769531,
    0.720647,
    0.704589,
    0.699844,
    0.687678,
    0.64464,
    0.651552,
    0.627336,
    0.621593,
    0.551467,
    0.517517,
    0.504822,
    0.487488,
    0.489156,
    0.469715,
    0.482897,
    0.460417,
    0.443971,
    0.441145,
    0.429951,
    0.448247,
    0.420819,
    0.414302,
    0.421252,
    0.416891
  ],
  "train_top_cls_loss": [
    0.779991,
    0.49921,
    0.454509,
    0.423286,
    0.408894,
    0.377151,
    0.365349,
    0.363266,
    0.344528,
    0.34556,
    0.335404,
    0.325509,
    0.310871,
    0.297421,
    0.302713,
    0.300437,
    0.273631,
    0.281924,
    0.275947,
    0.271085,
    0.230892,
    0.218665,
    0.220628,
    0.207768,
    0.216366,
    0.202252,
    0.203913,
    0.1992,
    0.187194,
    0.187778,
    0.187803,
    0.188115,
    0.17872,
    0.177501,
    0.181425,
    0.184427
  ],
  "train_total_loss": [
    3.240266,
    2.063814,
    1.726402,
    1.561057,
    1.453909,
    1.325855,
    1.264448,
    1.246766,
    1.189301,
    1.170813,
    1.122815,
    1.09504,
    1.031518,
    1.00201,
    1.002557,
    0.988114,
    0.918271,
    0.933475,
    0.903283,
    0.892677,
    0.78236,
    0.736181,
    0.72545,
    0.695257,
    0.705522,
    0.671967,
    0.686809,
    0.659618,
    0.631165,
    0.628923,
    0.617755,
    0.636362,
    0.599539,
    0.591803,
    0.602677,
    0.601319
  ],
  "learning_rates": [
    0.001,
    0.001,
    0.001,
    0.001,
    0.001,
    0.001,
    0.001,
    0.001,
    0.001,
    0.001,
    0.001,
    0.001,
    0.001,
    0.001,
    0.001,
    0.001,
    0.001,
    0.001,
    0.001,
    0.001,
    0.0005,
    0.0005,
    0.0005,
    0.0005,
    0.0005,
    0.0005,
    0.0005,
    0.0005,
    0.0005,
    0.0005,
    0.0005,
    0.0005,
    0.0005,
    0.0005,
    0.0005,
    0.0005
  ],
  "val_accuracy": [
    47.689675,
    63.491158,
    69.3668,
    70.678836,
    73.474044,
    74.843126,
    75.413577,
    75.812892,
    75.470622,
    76.725613,
    77.524244,
    77.980605,
    77.296064,
    77.581289,
    77.467199,
    77.638334,
    78.37992,
    79.178551,
    77.524244,
    79.007416,
    79.920137,
    79.121506,
    78.322875,
    79.406731,
    79.463776,
    78.722191,
    79.064461,
    79.064461,
    78.665145,
    79.634912,
    78.436965,
    78.722191,
    79.007416,
    78.49401,
    78.322875,
    77.353109
  ],
  "model_info": {
    "model_class": "BaseClassifier",
    "hidden_size": 128,
    "num_classes": 23,
    "emb_size_audio": 512,
    "emb_size_text": 512,
    "dropout": 0.1,
    "use_batch_norm": true,
    "mode": "both",
    "num_folds": 5,
    "fold_id": 1,
    "batch_size": 64,
    "random_seed": 1821
  }
}