{
  "train_cls_loss": [
    2.398131,
    1.619307,
    1.396971,
    1.248976,
    1.149064,
    1.107042,
    1.04358,
    1.024001,
    0.978074,
    0.933721,
    0.924411,
    0.902454,
    0.869879,
    0.853391,
    0.844122,
    0.826273,
    0.813244,
    0.780712,
    0.783908,
    0.754569,
    0.692106,
    0.661256,
    0.654957,
    0.625622,
    0.618739,
    0.608471,
    0.587302,
    0.586587,
    0.572826,
    0.566675,
    0.560576,
    0.556432,
    0.544519,
    0.543695,
    0.539612,
    0.513247,
    0.532788,
    0.515195,
    0.495591,
    0.518019,
    0.480152
  ],
  "train_top_cls_loss": [
    0.859197,
    0.576332,
    0.51822,
    0.494985,
    0.463277,
    0.461511,
    0.434946,
    0.433823,
    0.405798,
    0.395681,
    0.398213,
    0.389756,
    0.371173,
    0.368918,
    0.370828,
    0.358478,
    0.342673,
    0.334089,
    0.341837,
    0.324306,
    0.301807,
    0.281518,
    0.283313,
    0.265026,
    0.269608,
    0.262421,
    0.252671,
    0.248317,
    0.245389,
    0.239635,
    0.237203,
    0.241287,
    0.234091,
    0.239143,
    0.228377,
    0.212325,
    0.226618,
    0.22706,
    0.214899,
    0.227407,
    0.204358
  ],
  "train_total_loss": [
    2.999569,
    2.022739,
    1.759725,
    1.595465,
    1.473358,
    1.4301,
    1.348043,
    1.327678,
    1.262132,
    1.210698,
    1.203161,
    1.175283,
    1.1297,
    1.111634,
    1.103702,
    1.077208,
    1.053115,
    1.014574,
    1.023194,
    0.981584,
    0.903371,
    0.858319,
    0.853276,
    0.81114,
    0.807465,
    0.792166,
    0.764171,
    0.760409,
    0.744598,
    0.73442,
    0.726618,
    0.725334,
    0.708383,
    0.711096,
    0.699477,
    0.661874,
    0.691421,
    0.674137,
    0.646021,
    0.677203,
    0.623203
  ],
  "learning_rates": [
    0.001,
    0.001,
    0.001,
    0.001,
    0.001,
    0.001,
    0.001,
    0.001,
    0.001,
    0.001,
    0.001,
    0.001,
    0.001,
    0.001,
    0.001,
    0.001,
    0.001,
    0.001,
    0.001,
    0.001,
    0.0005,
    0.0005,
    0.0005,
    0.0005,
    0.0005,
    0.0005,
    0.0005,
    0.0005,
    0.0005,
    0.0005,
    0.0005,
    0.0005,
    0.0005,
    0.0005,
    0.0005,
    0.0005,
    0.0005,
    0.0005,
    0.0005,
    0.0005,
    0.00025
  ],
  "val_accuracy": [
    48.602396,
    58.185967,
    68.054763,
    70.964062,
    73.359954,
    72.732459,
    73.930405,
    74.272675,
    76.383343,
    76.668568,
    76.896748,
    75.242442,
    77.467199,
    76.155163,
    77.809469,
    76.497433,
    76.269253,
    77.752424,
    77.353109,
    76.611523,
    78.03765,
    77.92356,
    77.524244,
    77.866515,
    78.03765,
    78.836281,
    77.353109,
    77.752424,
    78.322875,
    77.980605,
    77.980605,
    77.581289,
    77.980605,
    76.896748,
    77.92356,
    76.782658,
    76.326298,
    76.896748,
    77.010839,
    76.155163,
    77.524244
  ],
  "model_info": {
    "model_class": "BaseClassifier",
    "hidden_size": 128,
    "num_classes": 23,
    "emb_size_audio": 512,
    "emb_size_text": 0,
    "dropout": 0.1,
    "use_batch_norm": true,
    "mode": "audio",
    "num_folds": 5,
    "fold_id": 2,
    "batch_size": 64,
    "random_seed": 1821
  }
}