{
  "attention_audio": [
    0.53056,
    0.5289,
    0.522013,
    0.522108,
    0.526385,
    0.529629,
    0.533018,
    0.534541,
    0.540707,
    0.543053,
    0.542791,
    0.544649,
    0.548558,
    0.543645,
    0.548194,
    0.552215,
    0.549686,
    0.549602,
    0.55204,
    0.553116,
    0.553522,
    0.553766,
    0.552201,
    0.556017,
    0.556398,
    0.555236,
    0.554118,
    0.557513,
    0.559897
  ],
  "attention_text": [
    0.46944,
    0.4711,
    0.477987,
    0.477892,
    0.473615,
    0.470371,
    0.466982,
    0.465459,
    0.459293,
    0.456947,
    0.457209,
    0.455351,
    0.451442,
    0.456355,
    0.451806,
    0.447785,
    0.450314,
    0.450398,
    0.44796,
    0.446884,
    0.446478,
    0.446234,
    0.447799,
    0.443982,
    0.443602,
    0.444764,
    0.445882,
    0.442487,
    0.440103
  ],
  "train_cls_loss": [
    2.419783,
    1.54983,
    1.260645,
    1.118645,
    0.989048,
    0.893898,
    0.852642,
    0.813008,
    0.768265,
    0.725172,
    0.685804,
    0.668433,
    0.65823,
    0.649127,
    0.607008,
    0.602611,
    0.564734,
    0.552989,
    0.547942,
    0.514864,
    0.437511,
    0.417509,
    0.397675,
    0.38302,
    0.372498,
    0.376528,
    0.372732,
    0.351746,
    0.355477
  ],
  "train_top_cls_loss": [
    0.720292,
    0.467774,
    0.431562,
    0.424868,
    0.385346,
    0.35295,
    0.35655,
    0.340704,
    0.311779,
    0.307616,
    0.291988,
    0.28265,
    0.275869,
    0.268986,
    0.266717,
    0.265995,
    0.236869,
    0.233199,
    0.23482,
    0.211601,
    0.181259,
    0.170823,
    0.163314,
    0.161617,
    0.156277,
    0.147791,
    0.160581,
    0.14969,
    0.149817
  ],
  "train_total_loss": [
    3.140075,
    2.017604,
    1.692207,
    1.543513,
    1.374394,
    1.246848,
    1.209193,
    1.153712,
    1.080044,
    1.032788,
    0.977792,
    0.951082,
    0.934099,
    0.918114,
    0.873725,
    0.868606,
    0.801603,
    0.786188,
    0.782762,
    0.726464,
    0.61877,
    0.588332,
    0.560988,
    0.544638,
    0.528775,
    0.524319,
    0.533312,
    0.501436,
    0.505294
  ],
  "learning_rates": [
    0.001,
    0.001,
    0.001,
    0.001,
    0.001,
    0.001,
    0.001,
    0.001,
    0.001,
    0.001,
    0.001,
    0.001,
    0.001,
    0.001,
    0.001,
    0.001,
    0.001,
    0.001,
    0.001,
    0.001,
    0.0005,
    0.0005,
    0.0005,
    0.0005,
    0.0005,
    0.0005,
    0.0005,
    0.0005,
    0.0005
  ],
  "val_accuracy": [
    48.333333,
    61.896552,
    67.988506,
    70.747126,
    74.425287,
    74.942529,
    75.977011,
    77.758621,
    77.068966,
    78.678161,
    78.390805,
    77.873563,
    78.965517,
    80.0,
    78.735632,
    78.793103,
    79.08046,
    78.62069,
    78.275862,
    78.448276,
    79.885057,
    79.885057,
    78.735632,
    78.850575,
    78.333333,
    77.413793,
    78.908046,
    77.413793,
    79.08046
  ],
  "model_info": {
    "model_class": "BaseClassifier",
    "hidden_size": 128,
    "num_classes": 23,
    "emb_size_audio": 1280,
    "emb_size_text": 512,
    "dropout": 0.1,
    "use_batch_norm": true,
    "mode": "both",
    "num_folds": 5,
    "fold_id": 3,
    "batch_size": 64,
    "random_seed": 1821
  }
}