{
  "attention_audio": [
    0.486911,
    0.491504,
    0.498628,
    0.501948,
    0.49923,
    0.498306,
    0.500019,
    0.503046,
    0.503458,
    0.506794,
    0.504165,
    0.503979,
    0.505392,
    0.502309,
    0.504213,
    0.506426,
    0.506564,
    0.506385,
    0.503427,
    0.502641,
    0.503447,
    0.504564,
    0.504838,
    0.50704,
    0.507977,
    0.508237,
    0.505909,
    0.507814,
    0.50625,
    0.504655,
    0.50633,
    0.504163,
    0.503479,
    0.503459,
    0.503424,
    0.504286,
    0.504156,
    0.506858,
    0.505569,
    0.505512,
    0.505443,
    0.506718,
    0.505973,
    0.505467,
    0.503166,
    0.502035,
    0.504618,
    0.504519,
    0.505246,
    0.505003,
    0.504322,
    0.506381,
    0.50414,
    0.502751,
    0.502983,
    0.504119
  ],
  "attention_text": [
    0.513089,
    0.508496,
    0.501372,
    0.498052,
    0.50077,
    0.501694,
    0.499981,
    0.496954,
    0.496542,
    0.493206,
    0.495835,
    0.496021,
    0.494608,
    0.497691,
    0.495787,
    0.493574,
    0.493436,
    0.493615,
    0.496573,
    0.497359,
    0.496553,
    0.495436,
    0.495162,
    0.49296,
    0.492023,
    0.491763,
    0.494091,
    0.492186,
    0.49375,
    0.495345,
    0.49367,
    0.495837,
    0.496521,
    0.496541,
    0.496576,
    0.495714,
    0.495844,
    0.493142,
    0.494431,
    0.494488,
    0.494557,
    0.493282,
    0.494027,
    0.494533,
    0.496834,
    0.497965,
    0.495382,
    0.495481,
    0.494754,
    0.494997,
    0.495678,
    0.493619,
    0.49586,
    0.497249,
    0.497017,
    0.495881
  ],
  "train_cls_loss": [
    2.431179,
    1.706092,
    1.620432,
    1.532036,
    1.465902,
    1.370369,
    1.309597,
    1.321727,
    1.321892,
    1.205759,
    1.317007,
    1.272526,
    1.312435,
    1.256487,
    1.177768,
    1.204348,
    1.250046,
    1.142087,
    1.157544,
    1.147757,
    1.064632,
    1.042279,
    1.069743,
    1.091383,
    1.020736,
    1.120596,
    1.022182,
    1.034106,
    0.994126,
    1.0336,
    1.017881,
    0.954482,
    0.986974,
    0.997418,
    0.91486,
    0.989564,
    0.998683,
    1.003718,
    1.03812,
    0.931625,
    0.978557,
    0.931999,
    0.885153,
    0.961045,
    0.813218,
    0.913837,
    0.858668,
    0.880686,
    0.790579,
    0.88269,
    0.897421,
    0.954742,
    0.957113,
    0.851336,
    0.736267,
    0.848898
  ],
  "train_total_loss": [
    2.431179,
    1.706092,
    1.620432,
    1.532036,
    1.465902,
    1.370369,
    1.309597,
    1.321727,
    1.321892,
    1.205759,
    1.317007,
    1.272526,
    1.312435,
    1.256487,
    1.177768,
    1.204348,
    1.250046,
    1.142087,
    1.157544,
    1.147757,
    1.064632,
    1.042279,
    1.069743,
    1.091383,
    1.020736,
    1.120596,
    1.022182,
    1.034106,
    0.994126,
    1.0336,
    1.017881,
    0.954482,
    0.986974,
    0.997418,
    0.91486,
    0.989564,
    0.998683,
    1.003718,
    1.03812,
    0.931625,
    0.978557,
    0.931999,
    0.885153,
    0.961045,
    0.813218,
    0.913837,
    0.858668,
    0.880686,
    0.790579,
    0.88269,
    0.897421,
    0.954742,
    0.957113,
    0.851336,
    0.736267,
    0.848898
  ],
  "learning_rates": [
    0.001,
    0.001,
    0.001,
    0.001,
    0.001,
    0.001,
    0.001,
    0.001,
    0.001,
    0.001,
    0.001,
    0.001,
    0.001,
    0.001,
    0.001,
    0.001,
    0.001,
    0.001,
    0.001,
    0.001,
    0.0005,
    0.0005,
    0.0005,
    0.0005,
    0.0005,
    0.0005,
    0.0005,
    0.0005,
    0.0005,
    0.0005,
    0.0005,
    0.0005,
    0.0005,
    0.0005,
    0.0005,
    0.0005,
    0.0005,
    0.0005,
    0.0005,
    0.0005,
    0.00025,
    0.00025,
    0.00025,
    0.00025,
    0.00025,
    0.00025,
    0.00025,
    0.00025,
    0.00025,
    0.00025,
    0.00025,
    0.00025,
    0.00025,
    0.00025,
    0.00025,
    0.00025
  ],
  "val_accuracy": [
    60.69595,
    71.135197,
    72.561323,
    73.188819,
    75.299487,
    76.725613,
    77.809469,
    77.467199,
    78.208785,
    77.353109,
    80.091272,
    78.03765,
    79.806047,
    79.235596,
    79.121506,
    80.148317,
    80.319452,
    79.806047,
    78.836281,
    79.463776,
    79.749002,
    79.977182,
    80.034227,
    79.806047,
    79.920137,
    80.604678,
    80.661723,
    80.889903,
    79.920137,
    80.319452,
    80.034227,
    80.490588,
    80.433542,
    80.319452,
    80.319452,
    79.577867,
    80.034227,
    79.178551,
    80.319452,
    80.034227,
    81.061038,
    80.091272,
    79.806047,
    80.319452,
    80.262407,
    80.091272,
    80.091272,
    80.091272,
    79.920137,
    79.577867,
    79.577867,
    80.490588,
    79.406731,
    80.376497,
    79.178551,
    79.292641
  ],
  "model_info": {
    "model_class": "BaseClassifier",
    "hidden_size": 128,
    "num_classes": 23,
    "emb_size_audio": 512,
    "emb_size_text": 512,
    "dropout": 0.1,
    "use_batch_norm": true,
    "mode": "both",
    "num_folds": 5,
    "fold_id": 0,
    "batch_size": 64,
    "random_seed": 1821
  }
}