{
  "attention_audio": [
    0.497823,
    0.494963,
    0.490958,
    0.491727,
    0.490226,
    0.488836,
    0.492152,
    0.491825,
    0.491754,
    0.492514,
    0.491567,
    0.492567,
    0.496663,
    0.493897,
    0.501167,
    0.502044,
    0.502679,
    0.502549,
    0.502594,
    0.501041,
    0.503955,
    0.505341,
    0.502471,
    0.501707,
    0.501914,
    0.503677,
    0.50416,
    0.50088,
    0.50183,
    0.503207,
    0.502931,
    0.503386,
    0.504834,
    0.503333,
    0.500388,
    0.49879
  ],
  "attention_text": [
    0.502177,
    0.505037,
    0.509042,
    0.508273,
    0.509774,
    0.511164,
    0.507848,
    0.508175,
    0.508246,
    0.507486,
    0.508433,
    0.507433,
    0.503337,
    0.506103,
    0.498833,
    0.497956,
    0.497321,
    0.497451,
    0.497406,
    0.498959,
    0.496045,
    0.494659,
    0.497529,
    0.498293,
    0.498086,
    0.496323,
    0.49584,
    0.49912,
    0.49817,
    0.496793,
    0.497069,
    0.496614,
    0.495166,
    0.496667,
    0.499612,
    0.50121
  ],
  "train_cls_loss": [
    1.766132,
    1.258455,
    1.068009,
    1.02841,
    0.954905,
    0.923566,
    0.922388,
    0.849186,
    0.83037,
    0.836819,
    0.816846,
    0.780498,
    0.758329,
    0.750801,
    0.811643,
    0.848669,
    0.836301,
    0.689845,
    0.687942,
    0.749228,
    0.688328,
    0.70543,
    0.724077,
    0.637692,
    0.650846,
    0.647788,
    0.671817,
    0.684953,
    0.616018,
    0.645558,
    0.615449,
    0.596769,
    0.602973,
    0.630711,
    0.588901,
    0.646073
  ],
  "train_total_loss": [
    1.766132,
    1.258455,
    1.068009,
    1.02841,
    0.954905,
    0.923566,
    0.922388,
    0.849186,
    0.83037,
    0.836819,
    0.816846,
    0.780498,
    0.758329,
    0.750801,
    0.811643,
    0.848669,
    0.836301,
    0.689845,
    0.687942,
    0.749228,
    0.688328,
    0.70543,
    0.724077,
    0.637692,
    0.650846,
    0.647788,
    0.671817,
    0.684953,
    0.616018,
    0.645558,
    0.615449,
    0.596769,
    0.602973,
    0.630711,
    0.588901,
    0.646073
  ],
  "learning_rates": [
    0.001,
    0.001,
    0.001,
    0.001,
    0.001,
    0.001,
    0.001,
    0.001,
    0.001,
    0.001,
    0.001,
    0.001,
    0.001,
    0.001,
    0.001,
    0.001,
    0.001,
    0.001,
    0.001,
    0.001,
    0.0005,
    0.0005,
    0.0005,
    0.0005,
    0.0005,
    0.0005,
    0.0005,
    0.0005,
    0.0005,
    0.0005,
    0.0005,
    0.0005,
    0.0005,
    0.0005,
    0.0005,
    0.0005
  ],
  "val_accuracy": [
    62.521392,
    69.537935,
    71.192242,
    74.957216,
    75.755847,
    76.725613,
    75.641757,
    77.581289,
    77.809469,
    78.779236,
    78.03765,
    78.722191,
    78.551055,
    79.235596,
    79.292641,
    78.893326,
    79.235596,
    79.178551,
    78.893326,
    79.634912,
    80.604678,
    79.235596,
    79.349686,
    80.148317,
    78.950371,
    79.406731,
    79.863092,
    79.577867,
    79.406731,
    79.977182,
    80.205362,
    79.749002,
    79.577867,
    79.920137,
    79.863092,
    78.893326
  ],
  "model_info": {
    "model_class": "BaseClassifier",
    "hidden_size": 128,
    "num_classes": 23,
    "emb_size_audio": 512,
    "emb_size_text": 512,
    "dropout": 0.1,
    "use_batch_norm": true,
    "mode": "both",
    "num_folds": 5,
    "fold_id": 1,
    "batch_size": 64,
    "random_seed": 1821
  }
}