{
  "train_cls_loss": [
    2.380187,
    1.524455,
    1.2754,
    1.131259,
    1.040692,
    0.998951,
    0.942042,
    0.90702,
    0.883115,
    0.829372,
    0.850113,
    0.819189,
    0.761954,
    0.75935,
    0.736579,
    0.734495,
    0.688453,
    0.701786,
    0.696449,
    0.669812,
    0.587849,
    0.57026,
    0.555033,
    0.548544,
    0.53105,
    0.542288,
    0.51367,
    0.515161,
    0.504934,
    0.508115,
    0.491859,
    0.489886,
    0.476606,
    0.473744,
    0.469627,
    0.448833,
    0.451118,
    0.443587,
    0.442482,
    0.42616,
    0.411409,
    0.37933,
    0.37759,
    0.372558,
    0.378409
  ],
  "train_total_loss": [
    2.380187,
    1.524455,
    1.2754,
    1.131259,
    1.040692,
    0.998951,
    0.942042,
    0.90702,
    0.883115,
    0.829372,
    0.850113,
    0.819189,
    0.761954,
    0.75935,
    0.736579,
    0.734495,
    0.688453,
    0.701786,
    0.696449,
    0.669812,
    0.587849,
    0.57026,
    0.555033,
    0.548544,
    0.53105,
    0.542288,
    0.51367,
    0.515161,
    0.504934,
    0.508115,
    0.491859,
    0.489886,
    0.476606,
    0.473744,
    0.469627,
    0.448833,
    0.451118,
    0.443587,
    0.442482,
    0.42616,
    0.411409,
    0.37933,
    0.37759,
    0.372558,
    0.378409
  ],
  "learning_rates": [
    0.001,
    0.001,
    0.001,
    0.001,
    0.001,
    0.001,
    0.001,
    0.001,
    0.001,
    0.001,
    0.001,
    0.001,
    0.001,
    0.001,
    0.001,
    0.001,
    0.001,
    0.001,
    0.001,
    0.001,
    0.0005,
    0.0005,
    0.0005,
    0.0005,
    0.0005,
    0.0005,
    0.0005,
    0.0005,
    0.0005,
    0.0005,
    0.0005,
    0.0005,
    0.0005,
    0.0005,
    0.0005,
    0.0005,
    0.0005,
    0.0005,
    0.0005,
    0.0005,
    0.00025,
    0.00025,
    0.00025,
    0.00025,
    0.00025
  ],
  "val_accuracy": [
    59.567901,
    65.617284,
    69.506173,
    73.580247,
    74.259259,
    75.0,
    78.333333,
    77.037037,
    77.160494,
    76.975309,
    77.839506,
    78.024691,
    78.333333,
    79.074074,
    78.765432,
    78.641975,
    78.703704,
    79.320988,
    78.08642,
    78.024691,
    79.938272,
    80.185185,
    79.012346,
    80.308642,
    79.382716,
    79.506173,
    79.382716,
    79.012346,
    79.444444,
    80.37037,
    79.506173,
    79.320988,
    79.814815,
    79.62963,
    79.567901,
    78.641975,
    78.82716,
    79.135802,
    78.148148,
    79.506173,
    79.506173,
    78.950617,
    79.012346,
    79.567901,
    79.012346
  ],
  "model_info": {
    "model_class": "BaseClassifier",
    "hidden_size": 128,
    "num_classes": 23,
    "emb_size_audio": 512,
    "emb_size_text": 0,
    "dropout": 0.1,
    "use_batch_norm": true,
    "mode": "audio",
    "num_folds": 5,
    "fold_id": 4,
    "batch_size": 64,
    "random_seed": 1821
  }
}