{
  "attention_audio": [
    0.493926,
    0.496846,
    0.502191,
    0.498767,
    0.497053,
    0.497247,
    0.496791,
    0.499341,
    0.501259,
    0.505331,
    0.507091,
    0.504921,
    0.507423,
    0.508028,
    0.50913,
    0.508067,
    0.507659,
    0.508648,
    0.51563,
    0.515381,
    0.513573,
    0.510723,
    0.512978,
    0.514329,
    0.514746,
    0.513576,
    0.515166,
    0.516148,
    0.514742,
    0.513007,
    0.515457,
    0.519053,
    0.518652,
    0.521191,
    0.518131,
    0.520541
  ],
  "attention_text": [
    0.506074,
    0.503154,
    0.497809,
    0.501233,
    0.502947,
    0.502753,
    0.503209,
    0.500659,
    0.498741,
    0.494669,
    0.492909,
    0.495079,
    0.492577,
    0.491972,
    0.49087,
    0.491933,
    0.492341,
    0.491352,
    0.48437,
    0.484619,
    0.486427,
    0.489277,
    0.487022,
    0.485671,
    0.485254,
    0.486424,
    0.484834,
    0.483852,
    0.485258,
    0.486993,
    0.484543,
    0.480947,
    0.481348,
    0.478809,
    0.481869,
    0.479459
  ],
  "train_cls_loss": [
    2.397642,
    1.54563,
    1.411694,
    1.254578,
    1.136542,
    1.059728,
    1.036964,
    1.13411,
    1.000864,
    0.917821,
    1.037718,
    0.930164,
    0.995944,
    0.903148,
    0.965541,
    0.839036,
    0.934653,
    0.890183,
    0.865527,
    0.878314,
    0.770004,
    0.733401,
    0.811474,
    0.771167,
    0.850586,
    0.683534,
    0.744484,
    0.695406,
    0.753139,
    0.796203,
    0.734607,
    0.727088,
    0.698698,
    0.652288,
    0.660133,
    0.717837
  ],
  "train_total_loss": [
    2.397642,
    1.54563,
    1.411694,
    1.254578,
    1.136542,
    1.059728,
    1.036964,
    1.13411,
    1.000864,
    0.917821,
    1.037718,
    0.930164,
    0.995944,
    0.903148,
    0.965541,
    0.839036,
    0.934653,
    0.890183,
    0.865527,
    0.878314,
    0.770004,
    0.733401,
    0.811474,
    0.771167,
    0.850586,
    0.683534,
    0.744484,
    0.695406,
    0.753139,
    0.796203,
    0.734607,
    0.727088,
    0.698698,
    0.652288,
    0.660133,
    0.717837
  ],
  "learning_rates": [
    0.001,
    0.001,
    0.001,
    0.001,
    0.001,
    0.001,
    0.001,
    0.001,
    0.001,
    0.001,
    0.001,
    0.001,
    0.001,
    0.001,
    0.001,
    0.001,
    0.001,
    0.001,
    0.001,
    0.001,
    0.0005,
    0.0005,
    0.0005,
    0.0005,
    0.0005,
    0.0005,
    0.0005,
    0.0005,
    0.0005,
    0.0005,
    0.0005,
    0.0005,
    0.0005,
    0.0005,
    0.0005,
    0.0005
  ],
  "val_accuracy": [
    58.471192,
    70.564746,
    70.735881,
    75.755847,
    77.181974,
    78.49401,
    78.208785,
    77.695379,
    78.665145,
    78.893326,
    78.6081,
    79.406731,
    78.836281,
    79.691957,
    80.604678,
    81.061038,
    79.178551,
    80.832858,
    80.262407,
    80.547633,
    81.460354,
    80.604678,
    80.946948,
    80.034227,
    80.490588,
    81.061038,
    80.547633,
    79.806047,
    80.034227,
    80.661723,
    80.376497,
    79.920137,
    79.920137,
    80.262407,
    80.547633,
    79.406731
  ],
  "model_info": {
    "model_class": "BaseClassifier",
    "hidden_size": 128,
    "num_classes": 23,
    "emb_size_audio": 512,
    "emb_size_text": 512,
    "dropout": 0.1,
    "use_batch_norm": true,
    "mode": "both",
    "num_folds": 5,
    "fold_id": 2,
    "batch_size": 64,
    "random_seed": 1821
  }
}