{
  "attention_audio": [
    0.490425,
    0.497986,
    0.500007,
    0.503448,
    0.502714,
    0.501065,
    0.50261,
    0.501138,
    0.499371,
    0.499764,
    0.499875,
    0.497468,
    0.4997,
    0.502483,
    0.499809,
    0.504513,
    0.502796,
    0.510192,
    0.506798,
    0.505416,
    0.504494,
    0.504553,
    0.50497,
    0.507693,
    0.504716,
    0.505129,
    0.505809,
    0.507432,
    0.507695,
    0.506749,
    0.507284,
    0.506752,
    0.511073,
    0.509386,
    0.508006,
    0.51202,
    0.510361,
    0.509486,
    0.507556,
    0.510427,
    0.511718,
    0.510859,
    0.510689,
    0.511022,
    0.511952,
    0.510278,
    0.510633,
    0.511946,
    0.512271,
    0.511444,
    0.509172,
    0.509362,
    0.511018,
    0.510709,
    0.50909,
    0.510867,
    0.511131
  ],
  "attention_text": [
    0.509575,
    0.502014,
    0.499993,
    0.496552,
    0.497286,
    0.498935,
    0.49739,
    0.498862,
    0.500629,
    0.500235,
    0.500125,
    0.502532,
    0.5003,
    0.497517,
    0.50019,
    0.495487,
    0.497204,
    0.489808,
    0.493202,
    0.494584,
    0.495506,
    0.495447,
    0.49503,
    0.492308,
    0.495284,
    0.494871,
    0.49419,
    0.492568,
    0.492305,
    0.493251,
    0.492716,
    0.493248,
    0.488927,
    0.490614,
    0.491994,
    0.48798,
    0.489639,
    0.490514,
    0.492444,
    0.489573,
    0.488282,
    0.489141,
    0.489311,
    0.488978,
    0.488048,
    0.489722,
    0.489367,
    0.488054,
    0.487729,
    0.488556,
    0.490828,
    0.490638,
    0.488982,
    0.489291,
    0.49091,
    0.489133,
    0.488869
  ],
  "train_cls_loss": [
    2.404131,
    1.591119,
    1.348465,
    1.194958,
    1.114625,
    1.004799,
    0.948521,
    0.905874,
    0.871817,
    0.826486,
    0.808149,
    0.776302,
    0.767412,
    0.742806,
    0.716421,
    0.688164,
    0.688454,
    0.650618,
    0.649073,
    0.609867,
    0.558697,
    0.511457,
    0.519106,
    0.507246,
    0.497412,
    0.490999,
    0.47549,
    0.46362,
    0.482132,
    0.45348,
    0.455611,
    0.448895,
    0.438561,
    0.438291,
    0.428446,
    0.431983,
    0.414288,
    0.413954,
    0.406147,
    0.394409,
    0.360011,
    0.327834,
    0.328298,
    0.324875,
    0.32045,
    0.310523,
    0.311868,
    0.307784,
    0.293804,
    0.302751,
    0.30635,
    0.292256,
    0.2985,
    0.287981,
    0.283342,
    0.278681,
    0.279386
  ],
  "train_top_cls_loss": [
    0.761787,
    0.472586,
    0.429335,
    0.410817,
    0.39986,
    0.374378,
    0.368742,
    0.356327,
    0.349254,
    0.330843,
    0.323525,
    0.315973,
    0.307288,
    0.306425,
    0.286323,
    0.280425,
    0.279879,
    0.26249,
    0.263258,
    0.247042,
    0.222492,
    0.19933,
    0.199843,
    0.201503,
    0.192645,
    0.199722,
    0.185443,
    0.181647,
    0.194202,
    0.17885,
    0.177047,
    0.180419,
    0.167238,
    0.169198,
    0.172136,
    0.165114,
    0.159584,
    0.160092,
    0.159629,
    0.153206,
    0.137182,
    0.125744,
    0.124839,
    0.124767,
    0.123124,
    0.117044,
    0.126421,
    0.117711,
    0.113607,
    0.121757,
    0.117377,
    0.114855,
    0.116076,
    0.114003,
    0.115558,
    0.113692,
    0.109828
  ],
  "train_total_loss": [
    3.546811,
    2.299998,
    1.992468,
    1.811183,
    1.714415,
    1.566366,
    1.501634,
    1.440364,
    1.395699,
    1.32275,
    1.293437,
    1.250262,
    1.228344,
    1.202444,
    1.145906,
    1.108801,
    1.108272,
    1.044353,
    1.043961,
    0.98043,
    0.892435,
    0.810452,
    0.81887,
    0.809501,
    0.78638,
    0.790582,
    0.753654,
    0.73609,
    0.773436,
    0.721755,
    0.721182,
    0.719524,
    0.689417,
    0.692088,
    0.686651,
    0.679654,
    0.653665,
    0.654091,
    0.645591,
    0.624218,
    0.565784,
    0.51645,
    0.515557,
    0.512026,
    0.505136,
    0.486089,
    0.501499,
    0.484349,
    0.464214,
    0.485387,
    0.482415,
    0.464538,
    0.472614,
    0.458985,
    0.456679,
    0.44922,
    0.444129
  ],
  "learning_rates": [
    0.001,
    0.001,
    0.001,
    0.001,
    0.001,
    0.001,
    0.001,
    0.001,
    0.001,
    0.001,
    0.001,
    0.001,
    0.001,
    0.001,
    0.001,
    0.001,
    0.001,
    0.001,
    0.001,
    0.001,
    0.0005,
    0.0005,
    0.0005,
    0.0005,
    0.0005,
    0.0005,
    0.0005,
    0.0005,
    0.0005,
    0.0005,
    0.0005,
    0.0005,
    0.0005,
    0.0005,
    0.0005,
    0.0005,
    0.0005,
    0.0005,
    0.0005,
    0.0005,
    0.00025,
    0.00025,
    0.00025,
    0.00025,
    0.00025,
    0.00025,
    0.00025,
    0.00025,
    0.00025,
    0.00025,
    0.00025,
    0.00025,
    0.00025,
    0.00025,
    0.00025,
    0.00025,
    0.00025
  ],
  "val_accuracy": [
    44.152881,
    57.102111,
    65.20251,
    69.652025,
    73.75927,
    74.843126,
    73.930405,
    75.356532,
    77.752424,
    75.698802,
    76.839703,
    77.067884,
    77.524244,
    77.92356,
    77.752424,
    78.722191,
    77.809469,
    78.893326,
    78.49401,
    78.208785,
    79.749002,
    79.178551,
    79.178551,
    79.749002,
    79.292641,
    79.463776,
    78.665145,
    79.749002,
    78.665145,
    77.638334,
    79.178551,
    80.148317,
    79.806047,
    79.749002,
    79.463776,
    79.806047,
    79.863092,
    79.292641,
    78.551055,
    79.178551,
    79.806047,
    80.490588,
    79.806047,
    79.863092,
    79.007416,
    79.121506,
    79.463776,
    79.463776,
    79.007416,
    79.349686,
    78.49401,
    78.950371,
    78.950371,
    78.37992,
    78.836281,
    79.977182,
    78.950371
  ],
  "model_info": {
    "model_class": "BaseClassifier",
    "hidden_size": 128,
    "num_classes": 23,
    "emb_size_audio": 512,
    "emb_size_text": 512,
    "dropout": 0.1,
    "use_batch_norm": true,
    "mode": "both",
    "num_folds": 5,
    "fold_id": 0,
    "batch_size": 64,
    "random_seed": 1821
  }
}