{
  "attention_audio": [
    0.554659,
    0.565679,
    0.557347,
    0.555548,
    0.551009,
    0.557807,
    0.558766,
    0.559317,
    0.561107,
    0.566035,
    0.568145,
    0.570571,
    0.571227,
    0.565738,
    0.569261,
    0.569956,
    0.572807,
    0.57378,
    0.580451,
    0.580726,
    0.580448,
    0.579909,
    0.583267,
    0.580182,
    0.579795,
    0.581422,
    0.581126,
    0.583292,
    0.581004,
    0.581308,
    0.583269,
    0.581598,
    0.583566,
    0.582666,
    0.584454,
    0.586033,
    0.590233,
    0.587515,
    0.587306
  ],
  "attention_text": [
    0.445341,
    0.434321,
    0.442653,
    0.444452,
    0.448991,
    0.442193,
    0.441234,
    0.440683,
    0.438893,
    0.433965,
    0.431856,
    0.429429,
    0.428773,
    0.434262,
    0.430739,
    0.430044,
    0.427193,
    0.42622,
    0.419549,
    0.419274,
    0.419552,
    0.420091,
    0.416733,
    0.419818,
    0.420205,
    0.418578,
    0.418874,
    0.416708,
    0.418996,
    0.418692,
    0.416731,
    0.418402,
    0.416434,
    0.417334,
    0.415546,
    0.413967,
    0.409767,
    0.412485,
    0.412694
  ],
  "train_cls_loss": [
    2.192005,
    1.349898,
    1.119216,
    1.004172,
    0.911455,
    0.864062,
    0.812112,
    0.783911,
    0.727713,
    0.703427,
    0.672586,
    0.644579,
    0.631086,
    0.604915,
    0.57025,
    0.567877,
    0.566665,
    0.547981,
    0.532556,
    0.520378,
    0.428599,
    0.391958,
    0.386829,
    0.37598,
    0.350568,
    0.35911,
    0.33643,
    0.32157,
    0.3168,
    0.310375,
    0.315726,
    0.292617,
    0.311451,
    0.279207,
    0.282356,
    0.27612,
    0.286915,
    0.269819,
    0.270155
  ],
  "train_total_loss": [
    2.192005,
    1.349898,
    1.119216,
    1.004172,
    0.911455,
    0.864062,
    0.812112,
    0.783911,
    0.727713,
    0.703427,
    0.672586,
    0.644579,
    0.631086,
    0.604915,
    0.57025,
    0.567877,
    0.566665,
    0.547981,
    0.532556,
    0.520378,
    0.428599,
    0.391958,
    0.386829,
    0.37598,
    0.350568,
    0.35911,
    0.33643,
    0.32157,
    0.3168,
    0.310375,
    0.315726,
    0.292617,
    0.311451,
    0.279207,
    0.282356,
    0.27612,
    0.286915,
    0.269819,
    0.270155
  ],
  "learning_rates": [
    0.001,
    0.001,
    0.001,
    0.001,
    0.001,
    0.001,
    0.001,
    0.001,
    0.001,
    0.001,
    0.001,
    0.001,
    0.001,
    0.001,
    0.001,
    0.001,
    0.001,
    0.001,
    0.001,
    0.001,
    0.0005,
    0.0005,
    0.0005,
    0.0005,
    0.0005,
    0.0005,
    0.0005,
    0.0005,
    0.0005,
    0.0005,
    0.0005,
    0.0005,
    0.0005,
    0.0005,
    0.0005,
    0.0005,
    0.0005,
    0.0005,
    0.0005
  ],
  "val_accuracy": [
    59.482759,
    68.045977,
    72.931034,
    75.344828,
    77.356322,
    78.16092,
    76.954023,
    77.356322,
    78.390805,
    79.942529,
    78.563218,
    79.770115,
    79.367816,
    78.735632,
    80.402299,
    80.172414,
    80.057471,
    79.022989,
    80.0,
    80.229885,
    80.862069,
    79.770115,
    79.310345,
    80.977011,
    79.712644,
    80.344828,
    79.482759,
    79.54023,
    79.597701,
    80.402299,
    79.597701,
    79.367816,
    79.885057,
    79.885057,
    79.310345,
    79.252874,
    80.632184,
    80.287356,
    79.425287
  ],
  "model_info": {
    "model_class": "BaseClassifier",
    "hidden_size": 128,
    "num_classes": 23,
    "emb_size_audio": 1280,
    "emb_size_text": 512,
    "dropout": 0.1,
    "use_batch_norm": true,
    "mode": "both",
    "num_folds": 5,
    "fold_id": 4,
    "batch_size": 64,
    "random_seed": 1821
  }
}