{
  "attention_audio": [
    0.498762,
    0.49265,
    0.496778,
    0.49722,
    0.49969,
    0.50135,
    0.500459,
    0.502887,
    0.499363,
    0.503017,
    0.499983,
    0.504992,
    0.504485,
    0.505469,
    0.507526,
    0.503666,
    0.505286,
    0.504282,
    0.501798,
    0.505721,
    0.508282,
    0.507015,
    0.51068,
    0.508982,
    0.507869,
    0.509135,
    0.510476,
    0.509078,
    0.510527,
    0.51427,
    0.512538,
    0.512103,
    0.516527,
    0.516265,
    0.513457,
    0.51359,
    0.51621
  ],
  "attention_text": [
    0.501238,
    0.50735,
    0.503222,
    0.50278,
    0.50031,
    0.49865,
    0.49954,
    0.497113,
    0.500637,
    0.496983,
    0.500017,
    0.495008,
    0.495515,
    0.494531,
    0.492474,
    0.496334,
    0.494714,
    0.495718,
    0.498202,
    0.494279,
    0.491718,
    0.492985,
    0.48932,
    0.491018,
    0.492131,
    0.490865,
    0.489524,
    0.490922,
    0.489473,
    0.48573,
    0.487462,
    0.487897,
    0.483473,
    0.483735,
    0.486543,
    0.48641,
    0.48379
  ],
  "train_cls_loss": [
    2.288986,
    1.54157,
    1.297108,
    1.291119,
    1.16363,
    1.166733,
    1.023279,
    1.087413,
    0.949879,
    0.996627,
    0.971271,
    0.994458,
    0.921504,
    0.940136,
    0.920035,
    0.94412,
    0.84182,
    0.856399,
    0.883463,
    0.915688,
    0.811245,
    0.755203,
    0.75909,
    0.719882,
    0.707142,
    0.692074,
    0.740712,
    0.695191,
    0.67197,
    0.676603,
    0.674337,
    0.656194,
    0.729742,
    0.637577,
    0.681032,
    0.626123,
    0.566142
  ],
  "train_total_loss": [
    2.288986,
    1.54157,
    1.297108,
    1.291119,
    1.16363,
    1.166733,
    1.023279,
    1.087413,
    0.949879,
    0.996627,
    0.971271,
    0.994458,
    0.921504,
    0.940136,
    0.920035,
    0.94412,
    0.84182,
    0.856399,
    0.883463,
    0.915688,
    0.811245,
    0.755203,
    0.75909,
    0.719882,
    0.707142,
    0.692074,
    0.740712,
    0.695191,
    0.67197,
    0.676603,
    0.674337,
    0.656194,
    0.729742,
    0.637577,
    0.681032,
    0.626123,
    0.566142
  ],
  "learning_rates": [
    0.001,
    0.001,
    0.001,
    0.001,
    0.001,
    0.001,
    0.001,
    0.001,
    0.001,
    0.001,
    0.001,
    0.001,
    0.001,
    0.001,
    0.001,
    0.001,
    0.001,
    0.001,
    0.001,
    0.001,
    0.0005,
    0.0005,
    0.0005,
    0.0005,
    0.0005,
    0.0005,
    0.0005,
    0.0005,
    0.0005,
    0.0005,
    0.0005,
    0.0005,
    0.0005,
    0.0005,
    0.0005,
    0.0005,
    0.0005
  ],
  "val_accuracy": [
    62.236167,
    69.93725,
    73.702225,
    73.816315,
    76.212208,
    77.353109,
    76.953793,
    78.322875,
    78.722191,
    77.239019,
    78.49401,
    78.551055,
    78.779236,
    79.406731,
    79.806047,
    78.436965,
    79.634912,
    79.406731,
    79.577867,
    78.49401,
    80.604678,
    80.775813,
    80.262407,
    79.577867,
    80.547633,
    79.121506,
    79.806047,
    80.148317,
    79.691957,
    80.034227,
    80.148317,
    80.091272,
    79.349686,
    80.547633,
    80.319452,
    79.463776,
    79.920137
  ],
  "model_info": {
    "model_class": "BaseClassifier",
    "hidden_size": 128,
    "num_classes": 23,
    "emb_size_audio": 512,
    "emb_size_text": 512,
    "dropout": 0.1,
    "use_batch_norm": true,
    "mode": "both",
    "num_folds": 5,
    "fold_id": 4,
    "batch_size": 64,
    "random_seed": 1821
  }
}