{
  "attention_audio": [
    0.467116,
    0.446632,
    0.433723,
    0.428889,
    0.416965,
    0.413872,
    0.409498,
    0.409456,
    0.409305,
    0.410194,
    0.413541,
    0.412835,
    0.413712,
    0.414309,
    0.416204,
    0.416026,
    0.420781,
    0.420345,
    0.417449,
    0.425052,
    0.423578,
    0.428121,
    0.426801,
    0.428302,
    0.430268,
    0.430936,
    0.43497,
    0.433889,
    0.436733,
    0.440495,
    0.43881,
    0.441017,
    0.436985,
    0.439163,
    0.439835,
    0.436771,
    0.438736,
    0.43966,
    0.440925,
    0.441311,
    0.440109,
    0.441049,
    0.442224,
    0.442691,
    0.44572,
    0.44443,
    0.442427,
    0.443793,
    0.44233,
    0.442909
  ],
  "attention_text": [
    0.532884,
    0.553368,
    0.566277,
    0.571111,
    0.583035,
    0.586128,
    0.590502,
    0.590544,
    0.590695,
    0.589806,
    0.586459,
    0.587165,
    0.586288,
    0.585691,
    0.583796,
    0.583974,
    0.579219,
    0.579655,
    0.582551,
    0.574948,
    0.576422,
    0.571879,
    0.573199,
    0.571698,
    0.569732,
    0.569064,
    0.56503,
    0.566111,
    0.563267,
    0.559505,
    0.56119,
    0.558983,
    0.563015,
    0.560837,
    0.560165,
    0.563229,
    0.561264,
    0.56034,
    0.559075,
    0.558689,
    0.559891,
    0.558951,
    0.557775,
    0.557309,
    0.55428,
    0.55557,
    0.557573,
    0.556207,
    0.55767,
    0.557091
  ],
  "train_cls_loss": [
    1.560861,
    1.051799,
    0.935217,
    0.870118,
    0.823564,
    0.789621,
    0.758386,
    0.73604,
    0.707088,
    0.690663,
    0.670246,
    0.65414,
    0.636004,
    0.622112,
    0.607042,
    0.594955,
    0.582893,
    0.568995,
    0.556575,
    0.548447,
    0.490701,
    0.467746,
    0.45929,
    0.447273,
    0.437967,
    0.432743,
    0.423418,
    0.415866,
    0.411585,
    0.402567,
    0.393575,
    0.392721,
    0.381402,
    0.377042,
    0.367567,
    0.364537,
    0.363422,
    0.360995,
    0.35253,
    0.347632,
    0.322618,
    0.301085,
    0.298784,
    0.297943,
    0.291082,
    0.284191,
    0.287786,
    0.280788,
    0.272938,
    0.269736
  ],
  "train_total_loss": [
    1.560861,
    1.051799,
    0.935217,
    0.870118,
    0.823564,
    0.789621,
    0.758386,
    0.73604,
    0.707088,
    0.690663,
    0.670246,
    0.65414,
    0.636004,
    0.622112,
    0.607042,
    0.594955,
    0.582893,
    0.568995,
    0.556575,
    0.548447,
    0.490701,
    0.467746,
    0.45929,
    0.447273,
    0.437967,
    0.432743,
    0.423418,
    0.415866,
    0.411585,
    0.402567,
    0.393575,
    0.392721,
    0.381402,
    0.377042,
    0.367567,
    0.364537,
    0.363422,
    0.360995,
    0.35253,
    0.347632,
    0.322618,
    0.301085,
    0.298784,
    0.297943,
    0.291082,
    0.284191,
    0.287786,
    0.280788,
    0.272938,
    0.269736
  ],
  "learning_rates": [
    0.001,
    0.001,
    0.001,
    0.001,
    0.001,
    0.001,
    0.001,
    0.001,
    0.001,
    0.001,
    0.001,
    0.001,
    0.001,
    0.001,
    0.001,
    0.001,
    0.001,
    0.001,
    0.001,
    0.001,
    0.0005,
    0.0005,
    0.0005,
    0.0005,
    0.0005,
    0.0005,
    0.0005,
    0.0005,
    0.0005,
    0.0005,
    0.0005,
    0.0005,
    0.0005,
    0.0005,
    0.0005,
    0.0005,
    0.0005,
    0.0005,
    0.0005,
    0.0005,
    0.00025,
    0.00025,
    0.00025,
    0.00025,
    0.00025,
    0.00025,
    0.00025,
    0.00025,
    0.00025,
    0.00025
  ],
  "val_accuracy": [
    60.524815,
    66.343411,
    68.625214,
    72.675414,
    73.930405,
    74.614946,
    75.698802,
    74.32972,
    75.755847,
    75.584712,
    75.641757,
    75.356532,
    75.698802,
    76.497433,
    75.926982,
    75.470622,
    75.185396,
    75.014261,
    75.014261,
    74.786081,
    76.782658,
    76.839703,
    76.098118,
    76.155163,
    75.755847,
    74.729036,
    76.554478,
    76.041072,
    75.584712,
    75.584712,
    76.269253,
    75.641757,
    75.356532,
    75.242442,
    77.181974,
    75.812892,
    76.383343,
    75.926982,
    76.326298,
    75.812892,
    75.014261,
    75.584712,
    75.584712,
    75.413577,
    75.755847,
    74.843126,
    74.900171,
    75.299487,
    75.299487,
    74.500856
  ],
  "model_info": {
    "model_class": "BaseClassifier",
    "hidden_size": 128,
    "num_classes": 23,
    "emb_size_audio": 512,
    "emb_size_text": 512,
    "dropout": 0.1,
    "use_batch_norm": true,
    "mode": "both",
    "num_folds": 5,
    "fold_id": 3,
    "batch_size": 64,
    "random_seed": 1821
  }
}