{
  "train_cls_loss": [
    1.460044,
    0.896034,
    0.787336,
    0.717909,
    0.663063,
    0.63518,
    0.590925,
    0.569147,
    0.54719,
    0.533764,
    0.527138,
    0.51197,
    0.493063,
    0.475358,
    0.483626,
    0.463338,
    0.465724,
    0.464398,
    0.442101,
    0.432725,
    0.402837,
    0.368511,
    0.361501,
    0.35064,
    0.347203,
    0.347911,
    0.350915,
    0.346445,
    0.328491,
    0.324154,
    0.324605,
    0.316693,
    0.31658,
    0.303848,
    0.308348,
    0.29647,
    0.294488,
    0.28621,
    0.295331,
    0.288891,
    0.266979,
    0.255019,
    0.250159
  ],
  "train_total_loss": [
    1.460044,
    0.896034,
    0.787336,
    0.717909,
    0.663063,
    0.63518,
    0.590925,
    0.569147,
    0.54719,
    0.533764,
    0.527138,
    0.51197,
    0.493063,
    0.475358,
    0.483626,
    0.463338,
    0.465724,
    0.464398,
    0.442101,
    0.432725,
    0.402837,
    0.368511,
    0.361501,
    0.35064,
    0.347203,
    0.347911,
    0.350915,
    0.346445,
    0.328491,
    0.324154,
    0.324605,
    0.316693,
    0.31658,
    0.303848,
    0.308348,
    0.29647,
    0.294488,
    0.28621,
    0.295331,
    0.288891,
    0.266979,
    0.255019,
    0.250159
  ],
  "learning_rates": [
    0.001,
    0.001,
    0.001,
    0.001,
    0.001,
    0.001,
    0.001,
    0.001,
    0.001,
    0.001,
    0.001,
    0.001,
    0.001,
    0.001,
    0.001,
    0.001,
    0.001,
    0.001,
    0.001,
    0.001,
    0.0005,
    0.0005,
    0.0005,
    0.0005,
    0.0005,
    0.0005,
    0.0005,
    0.0005,
    0.0005,
    0.0005,
    0.0005,
    0.0005,
    0.0005,
    0.0005,
    0.0005,
    0.0005,
    0.0005,
    0.0005,
    0.0005,
    0.0005,
    0.00025,
    0.00025,
    0.00025
  ],
  "val_accuracy": [
    54.820308,
    66.970907,
    70.735881,
    69.766115,
    73.017684,
    74.158585,
    74.900171,
    74.32972,
    74.957216,
    74.272675,
    75.641757,
    76.611523,
    75.470622,
    76.155163,
    75.984027,
    75.128351,
    76.725613,
    75.641757,
    75.527667,
    75.641757,
    76.611523,
    76.725613,
    77.067884,
    76.725613,
    76.668568,
    77.124929,
    76.497433,
    77.296064,
    76.953793,
    77.124929,
    76.896748,
    76.212208,
    75.926982,
    76.668568,
    76.668568,
    76.383343,
    75.926982,
    75.926982,
    76.554478,
    75.242442,
    76.554478,
    76.440388,
    76.383343
  ],
  "model_info": {
    "model_class": "BaseClassifier",
    "hidden_size": 128,
    "num_classes": 23,
    "emb_size_audio": 512,
    "emb_size_text": 0,
    "dropout": 0.1,
    "use_batch_norm": true,
    "mode": "audio",
    "num_folds": 5,
    "fold_id": 3,
    "batch_size": 64,
    "random_seed": 1821
  }
}