{
  "train_cls_loss": [
    0.975397,
    0.756272,
    0.691642,
    0.652676,
    0.624864,
    0.606004,
    0.580974,
    0.56987,
    0.55806,
    0.541111,
    0.532092,
    0.520503,
    0.510448,
    0.501224,
    0.494975,
    0.484178,
    0.477772,
    0.466687,
    0.464933,
    0.457145,
    0.423124,
    0.41384,
    0.408843,
    0.400673,
    0.395162,
    0.390376,
    0.383989,
    0.380365,
    0.373825,
    0.371667,
    0.367,
    0.36194,
    0.356916,
    0.353665,
    0.347604,
    0.344256
  ],
  "train_total_loss": [
    0.975397,
    0.756272,
    0.691642,
    0.652676,
    0.624864,
    0.606004,
    0.580974,
    0.56987,
    0.55806,
    0.541111,
    0.532092,
    0.520503,
    0.510448,
    0.501224,
    0.494975,
    0.484178,
    0.477772,
    0.466687,
    0.464933,
    0.457145,
    0.423124,
    0.41384,
    0.408843,
    0.400673,
    0.395162,
    0.390376,
    0.383989,
    0.380365,
    0.373825,
    0.371667,
    0.367,
    0.36194,
    0.356916,
    0.353665,
    0.347604,
    0.344256
  ],
  "learning_rates": [
    0.001,
    0.001,
    0.001,
    0.001,
    0.001,
    0.001,
    0.001,
    0.001,
    0.001,
    0.001,
    0.001,
    0.001,
    0.001,
    0.001,
    0.001,
    0.001,
    0.001,
    0.001,
    0.001,
    0.001,
    0.0005,
    0.0005,
    0.0005,
    0.0005,
    0.0005,
    0.0005,
    0.0005,
    0.0005,
    0.0005,
    0.0005,
    0.0005,
    0.0005,
    0.0005,
    0.0005,
    0.0005,
    0.0005
  ],
  "val_accuracy": [
    53.394181,
    64.403879,
    68.682259,
    70.336566,
    69.423845,
    68.967484,
    72.390188,
    71.534512,
    71.249287,
    69.48089,
    70.279521,
    71.192242,
    70.735881,
    71.135197,
    69.3668,
    69.652025,
    71.078152,
    72.047918,
    71.078152,
    72.047918,
    73.131774,
    72.333143,
    72.732459,
    71.477467,
    71.534512,
    71.477467,
    71.420422,
    72.504278,
    72.162008,
    71.705647,
    71.990873,
    72.618369,
    71.078152,
    70.964062,
    72.104963,
    71.078152
  ],
  "model_info": {
    "model_class": "BaseClassifier",
    "hidden_size": 128,
    "num_classes": 23,
    "emb_size_audio": 512,
    "emb_size_text": 0,
    "dropout": 0.1,
    "use_batch_norm": true,
    "mode": "audio",
    "num_folds": 5,
    "fold_id": 3,
    "batch_size": 64,
    "random_seed": 1821
  }
}