{
  "train_cls_loss": [
    2.126508,
    1.39253,
    1.174179,
    1.061175,
    0.982632,
    0.925692,
    0.884603,
    0.855214,
    0.827187,
    0.795009,
    0.767318,
    0.737206,
    0.713021,
    0.677182,
    0.651136,
    0.644016,
    0.612388,
    0.598354,
    0.587443,
    0.581756,
    0.48663,
    0.45414,
    0.433176,
    0.412623,
    0.415286,
    0.391912,
    0.384206,
    0.373551,
    0.372726,
    0.364716,
    0.350131,
    0.343511,
    0.34802,
    0.338795,
    0.318968,
    0.318165,
    0.296861,
    0.304626,
    0.301036,
    0.291075,
    0.266335
  ],
  "train_total_loss": [
    2.126508,
    1.39253,
    1.174179,
    1.061175,
    0.982632,
    0.925692,
    0.884603,
    0.855214,
    0.827187,
    0.795009,
    0.767318,
    0.737206,
    0.713021,
    0.677182,
    0.651136,
    0.644016,
    0.612388,
    0.598354,
    0.587443,
    0.581756,
    0.48663,
    0.45414,
    0.433176,
    0.412623,
    0.415286,
    0.391912,
    0.384206,
    0.373551,
    0.372726,
    0.364716,
    0.350131,
    0.343511,
    0.34802,
    0.338795,
    0.318968,
    0.318165,
    0.296861,
    0.304626,
    0.301036,
    0.291075,
    0.266335
  ],
  "learning_rates": [
    0.001,
    0.001,
    0.001,
    0.001,
    0.001,
    0.001,
    0.001,
    0.001,
    0.001,
    0.001,
    0.001,
    0.001,
    0.001,
    0.001,
    0.001,
    0.001,
    0.001,
    0.001,
    0.001,
    0.001,
    0.0005,
    0.0005,
    0.0005,
    0.0005,
    0.0005,
    0.0005,
    0.0005,
    0.0005,
    0.0005,
    0.0005,
    0.0005,
    0.0005,
    0.0005,
    0.0005,
    0.0005,
    0.0005,
    0.0005,
    0.0005,
    0.0005,
    0.0005,
    0.00025
  ],
  "val_accuracy": [
    56.83908,
    69.655172,
    72.241379,
    72.643678,
    73.850575,
    73.908046,
    76.264368,
    77.298851,
    75.574713,
    77.183908,
    76.724138,
    76.321839,
    76.436782,
    78.16092,
    77.126437,
    76.494253,
    76.206897,
    76.666667,
    77.758621,
    75.172414,
    77.298851,
    77.241379,
    77.068966,
    77.643678,
    78.333333,
    78.448276,
    77.816092,
    76.896552,
    76.436782,
    77.413793,
    76.321839,
    77.126437,
    76.724138,
    76.206897,
    77.413793,
    77.241379,
    77.011494,
    77.471264,
    76.37931,
    76.781609,
    77.126437
  ],
  "model_info": {
    "model_class": "BaseClassifier",
    "hidden_size": 128,
    "num_classes": 23,
    "emb_size_audio": 1280,
    "emb_size_text": 0,
    "dropout": 0.1,
    "use_batch_norm": true,
    "mode": "audio",
    "num_folds": 5,
    "fold_id": 1,
    "batch_size": 64,
    "random_seed": 1821
  }
}