{
  "train_cls_loss": [
    2.478859,
    1.507349,
    1.259459,
    1.108378,
    0.985984,
    0.912953,
    0.859821,
    0.800732,
    0.74471,
    0.719931,
    0.673398,
    0.682019,
    0.647031,
    0.63484,
    0.620357,
    0.5967,
    0.566322,
    0.554411,
    0.548771,
    0.524337,
    0.470905,
    0.442478,
    0.439551,
    0.421402,
    0.409929,
    0.40509,
    0.40954,
    0.399377,
    0.382992,
    0.39137,
    0.37957,
    0.392282
  ],
  "train_total_loss": [
    2.478859,
    1.507349,
    1.259459,
    1.108378,
    0.985984,
    0.912953,
    0.859821,
    0.800732,
    0.74471,
    0.719931,
    0.673398,
    0.682019,
    0.647031,
    0.63484,
    0.620357,
    0.5967,
    0.566322,
    0.554411,
    0.548771,
    0.524337,
    0.470905,
    0.442478,
    0.439551,
    0.421402,
    0.409929,
    0.40509,
    0.40954,
    0.399377,
    0.382992,
    0.39137,
    0.37957,
    0.392282
  ],
  "learning_rates": [
    0.001,
    0.001,
    0.001,
    0.001,
    0.001,
    0.001,
    0.001,
    0.001,
    0.001,
    0.001,
    0.001,
    0.001,
    0.001,
    0.001,
    0.001,
    0.001,
    0.001,
    0.001,
    0.001,
    0.001,
    0.0005,
    0.0005,
    0.0005,
    0.0005,
    0.0005,
    0.0005,
    0.0005,
    0.0005,
    0.0005,
    0.0005,
    0.0005,
    0.0005
  ],
  "val_accuracy": [
    61.707989,
    69.054178,
    72.451791,
    75.206612,
    78.420569,
    78.696051,
    80.991736,
    80.532599,
    82.185491,
    81.910009,
    81.083563,
    81.910009,
    84.297521,
    82.369146,
    82.644628,
    83.838384,
    85.399449,
    81.818182,
    83.562902,
    84.481175,
    84.481175,
    84.022039,
    84.481175,
    83.930211,
    84.389348,
    84.940312,
    84.573003,
    84.389348,
    84.481175,
    84.756657,
    84.205693,
    84.756657
  ],
  "model_info": {
    "model_class": "BaseClassifier",
    "hidden_size": 128,
    "num_classes": 23,
    "emb_size_audio": 512,
    "emb_size_text": 0,
    "dropout": 0.1,
    "use_batch_norm": true,
    "mode": "audio",
    "num_folds": 5,
    "fold_id": 0,
    "batch_size": 64,
    "random_seed": 1821
  }
}