{
  "attention_audio": [
    0.50807,
    0.504393,
    0.498404,
    0.500424,
    0.499241,
    0.50257,
    0.503043,
    0.504356,
    0.504082,
    0.505585,
    0.502838,
    0.503264,
    0.499146,
    0.506411,
    0.503327,
    0.507815,
    0.508201,
    0.509742,
    0.509063,
    0.507568,
    0.509381,
    0.508407,
    0.507995,
    0.510782,
    0.510981,
    0.512927,
    0.512627,
    0.512478,
    0.512111,
    0.513814,
    0.514042
  ],
  "attention_text": [
    0.49193,
    0.495607,
    0.501596,
    0.499576,
    0.500759,
    0.49743,
    0.496957,
    0.495644,
    0.495918,
    0.494415,
    0.497162,
    0.496736,
    0.500854,
    0.493589,
    0.496673,
    0.492185,
    0.491799,
    0.490258,
    0.490937,
    0.492432,
    0.490619,
    0.491593,
    0.492005,
    0.489218,
    0.489019,
    0.487073,
    0.487373,
    0.487522,
    0.487889,
    0.486186,
    0.485958
  ],
  "train_cls_loss": [
    2.353268,
    1.467576,
    1.212211,
    1.073494,
    0.992302,
    0.924568,
    0.879066,
    0.830872,
    0.809925,
    0.775308,
    0.767404,
    0.741179,
    0.716656,
    0.690507,
    0.666162,
    0.66013,
    0.64263,
    0.617175,
    0.606983,
    0.585765,
    0.516694,
    0.47447,
    0.479144,
    0.476727,
    0.460763,
    0.453487,
    0.438089,
    0.437635,
    0.434529,
    0.419623,
    0.400015
  ],
  "train_top_cls_loss": [
    0.797024,
    0.487466,
    0.443906,
    0.418604,
    0.406133,
    0.390197,
    0.386869,
    0.359188,
    0.350748,
    0.344387,
    0.336766,
    0.323731,
    0.317857,
    0.309809,
    0.298834,
    0.293745,
    0.289421,
    0.271753,
    0.273478,
    0.264837,
    0.226591,
    0.21065,
    0.210642,
    0.215858,
    0.202231,
    0.203383,
    0.188412,
    0.198103,
    0.197071,
    0.182092,
    0.177367
  ],
  "train_total_loss": [
    2.911185,
    1.808802,
    1.522945,
    1.366517,
    1.276596,
    1.197706,
    1.149874,
    1.082304,
    1.055448,
    1.016378,
    1.003141,
    0.96779,
    0.939156,
    0.907374,
    0.875346,
    0.865752,
    0.845225,
    0.807401,
    0.798418,
    0.771151,
    0.675307,
    0.621925,
    0.626594,
    0.627828,
    0.602325,
    0.595855,
    0.569977,
    0.576307,
    0.572479,
    0.547088,
    0.524172
  ],
  "learning_rates": [
    0.001,
    0.001,
    0.001,
    0.001,
    0.001,
    0.001,
    0.001,
    0.001,
    0.001,
    0.001,
    0.001,
    0.001,
    0.001,
    0.001,
    0.001,
    0.001,
    0.001,
    0.001,
    0.001,
    0.001,
    0.0005,
    0.0005,
    0.0005,
    0.0005,
    0.0005,
    0.0005,
    0.0005,
    0.0005,
    0.0005,
    0.0005,
    0.0005
  ],
  "val_accuracy": [
    54.249857,
    62.806617,
    69.766115,
    74.21563,
    74.272675,
    76.383343,
    74.443811,
    76.896748,
    77.581289,
    78.836281,
    76.896748,
    78.26583,
    77.695379,
    79.863092,
    79.349686,
    80.889903,
    79.235596,
    78.836281,
    78.665145,
    79.064461,
    80.148317,
    80.034227,
    79.520821,
    79.806047,
    80.832858,
    79.178551,
    79.691957,
    79.463776,
    79.806047,
    78.665145,
    79.121506
  ],
  "model_info": {
    "model_class": "BaseClassifier",
    "hidden_size": 128,
    "num_classes": 23,
    "emb_size_audio": 512,
    "emb_size_text": 512,
    "dropout": 0.1,
    "use_batch_norm": true,
    "mode": "both",
    "num_folds": 5,
    "fold_id": 0,
    "batch_size": 64,
    "random_seed": 1821
  }
}