{
  "train_cls_loss": [
    1.716228,
    1.16778,
    0.974948,
    0.846926,
    0.806223,
    0.744836,
    0.712463,
    0.693608,
    0.666166,
    0.636013,
    0.634329,
    0.606154,
    0.593651,
    0.57792,
    0.56814,
    0.555437,
    0.542752,
    0.536164,
    0.520042,
    0.522798,
    0.469378,
    0.4466,
    0.429651,
    0.431456,
    0.427633,
    0.401717,
    0.411939,
    0.410028,
    0.400456,
    0.402649,
    0.397787,
    0.379056,
    0.384954,
    0.363815,
    0.361419,
    0.359181,
    0.365173,
    0.349602,
    0.34194,
    0.351026,
    0.321743,
    0.311337,
    0.299762,
    0.298063,
    0.294774,
    0.294055,
    0.275743,
    0.280279,
    0.271276,
    0.27537,
    0.274517
  ],
  "train_top_cls_loss": [
    0.861631,
    0.576325,
    0.526053,
    0.484545,
    0.478575,
    0.444257,
    0.43957,
    0.423129,
    0.405519,
    0.401827,
    0.395,
    0.387062,
    0.376366,
    0.36828,
    0.367183,
    0.355302,
    0.345217,
    0.34438,
    0.332599,
    0.337541,
    0.304819,
    0.284666,
    0.271758,
    0.275639,
    0.275876,
    0.256323,
    0.25822,
    0.261775,
    0.26539,
    0.250479,
    0.244623,
    0.241549,
    0.250067,
    0.237814,
    0.231694,
    0.227755,
    0.231487,
    0.222993,
    0.218234,
    0.22291,
    0.199614,
    0.190494,
    0.192562,
    0.181378,
    0.18679,
    0.183757,
    0.173006,
    0.183081,
    0.175968,
    0.175348,
    0.169678
  ],
  "train_total_loss": [
    2.31937,
    1.571207,
    1.343186,
    1.186107,
    1.141225,
    1.055816,
    1.020162,
    0.989798,
    0.95003,
    0.917292,
    0.910829,
    0.877097,
    0.857107,
    0.835716,
    0.825168,
    0.804149,
    0.784403,
    0.77723,
    0.752862,
    0.759077,
    0.682751,
    0.645866,
    0.619882,
    0.624403,
    0.620746,
    0.581143,
    0.592693,
    0.593271,
    0.586229,
    0.577984,
    0.569023,
    0.548141,
    0.56,
    0.530285,
    0.523605,
    0.518609,
    0.527214,
    0.505697,
    0.494704,
    0.507063,
    0.461473,
    0.444683,
    0.434555,
    0.425027,
    0.425527,
    0.422685,
    0.396847,
    0.408436,
    0.394454,
    0.398113,
    0.393292
  ],
  "learning_rates": [
    0.001,
    0.001,
    0.001,
    0.001,
    0.001,
    0.001,
    0.001,
    0.001,
    0.001,
    0.001,
    0.001,
    0.001,
    0.001,
    0.001,
    0.001,
    0.001,
    0.001,
    0.001,
    0.001,
    0.001,
    0.0005,
    0.0005,
    0.0005,
    0.0005,
    0.0005,
    0.0005,
    0.0005,
    0.0005,
    0.0005,
    0.0005,
    0.0005,
    0.0005,
    0.0005,
    0.0005,
    0.0005,
    0.0005,
    0.0005,
    0.0005,
    0.0005,
    0.0005,
    0.00025,
    0.00025,
    0.00025,
    0.00025,
    0.00025,
    0.00025,
    0.00025,
    0.00025,
    0.00025,
    0.00025,
    0.00025
  ],
  "val_accuracy": [
    46.719909,
    58.528237,
    66.343411,
    69.880205,
    69.024529,
    71.534512,
    73.75927,
    73.131774,
    73.87336,
    74.843126,
    75.470622,
    75.470622,
    74.900171,
    76.041072,
    76.668568,
    75.641757,
    76.839703,
    75.185396,
    75.299487,
    75.926982,
    76.725613,
    76.839703,
    76.611523,
    75.812892,
    76.896748,
    76.497433,
    76.953793,
    76.953793,
    76.098118,
    76.725613,
    77.010839,
    75.698802,
    76.782658,
    76.383343,
    76.782658,
    77.239019,
    76.041072,
    76.497433,
    76.953793,
    76.098118,
    76.497433,
    76.953793,
    76.725613,
    76.155163,
    76.725613,
    76.098118,
    77.067884,
    76.782658,
    76.782658,
    76.326298,
    77.010839
  ],
  "model_info": {
    "model_class": "BaseClassifier",
    "hidden_size": 128,
    "num_classes": 23,
    "emb_size_audio": 512,
    "emb_size_text": 0,
    "dropout": 0.1,
    "use_batch_norm": true,
    "mode": "audio",
    "num_folds": 5,
    "fold_id": 3,
    "batch_size": 64,
    "random_seed": 1821
  }
}