{
  "attention_audio": [
    0.384518,
    0.360591,
    0.349781,
    0.336805,
    0.326601,
    0.320564,
    0.310939,
    0.307505,
    0.305007,
    0.298796,
    0.299482,
    0.29419,
    0.29631,
    0.297286,
    0.294381,
    0.292597,
    0.292142,
    0.288522,
    0.288391,
    0.294198,
    0.288035,
    0.287235,
    0.287615,
    0.282768,
    0.276549,
    0.27716,
    0.274395,
    0.278826,
    0.280539,
    0.286469,
    0.281514,
    0.281551,
    0.281325,
    0.279251,
    0.277543,
    0.280353,
    0.277604
  ],
  "attention_text": [
    0.615482,
    0.639409,
    0.650219,
    0.663195,
    0.673399,
    0.679436,
    0.689061,
    0.692495,
    0.694993,
    0.701204,
    0.700518,
    0.70581,
    0.70369,
    0.702714,
    0.705619,
    0.707403,
    0.707858,
    0.711478,
    0.711609,
    0.705802,
    0.711965,
    0.712765,
    0.712385,
    0.717232,
    0.723451,
    0.72284,
    0.725605,
    0.721174,
    0.719461,
    0.713531,
    0.718486,
    0.718449,
    0.718675,
    0.720749,
    0.722457,
    0.719647,
    0.722396
  ],
  "train_cls_loss": [
    0.54349,
    0.397196,
    0.340008,
    0.326308,
    0.317275,
    0.300882,
    0.300269,
    0.300817,
    0.276317,
    0.283537,
    0.275392,
    0.26247,
    0.265767,
    0.264383,
    0.257419,
    0.241149,
    0.252751,
    0.233417,
    0.2515,
    0.246367,
    0.222486,
    0.225058,
    0.210324,
    0.228207,
    0.218804,
    0.222573,
    0.203563,
    0.221253,
    0.202382,
    0.210833,
    0.217825,
    0.212949,
    0.207297,
    0.201811,
    0.200862,
    0.196998,
    0.204314
  ],
  "train_total_loss": [
    0.54349,
    0.397196,
    0.340008,
    0.326308,
    0.317275,
    0.300882,
    0.300269,
    0.300817,
    0.276317,
    0.283537,
    0.275392,
    0.26247,
    0.265767,
    0.264383,
    0.257419,
    0.241149,
    0.252751,
    0.233417,
    0.2515,
    0.246367,
    0.222486,
    0.225058,
    0.210324,
    0.228207,
    0.218804,
    0.222573,
    0.203563,
    0.221253,
    0.202382,
    0.210833,
    0.217825,
    0.212949,
    0.207297,
    0.201811,
    0.200862,
    0.196998,
    0.204314
  ],
  "learning_rates": [
    0.001,
    0.001,
    0.001,
    0.001,
    0.001,
    0.001,
    0.001,
    0.001,
    0.001,
    0.001,
    0.001,
    0.001,
    0.001,
    0.001,
    0.001,
    0.001,
    0.001,
    0.001,
    0.001,
    0.001,
    0.0005,
    0.0005,
    0.0005,
    0.0005,
    0.0005,
    0.0005,
    0.0005,
    0.0005,
    0.0005,
    0.0005,
    0.0005,
    0.0005,
    0.0005,
    0.0005,
    0.0005,
    0.0005,
    0.0005
  ],
  "val_accuracy": [
    65.54478,
    70.849971,
    71.534512,
    74.21563,
    75.698802,
    75.470622,
    76.611523,
    78.094695,
    75.869937,
    77.809469,
    77.524244,
    76.896748,
    77.695379,
    76.440388,
    78.551055,
    78.551055,
    79.806047,
    79.520821,
    78.15174,
    78.950371,
    79.520821,
    80.661723,
    79.634912,
    79.064461,
    79.863092,
    80.604678,
    80.148317,
    79.634912,
    79.863092,
    79.178551,
    79.691957,
    80.433542,
    79.634912,
    79.007416,
    79.235596,
    79.235596,
    79.292641
  ],
  "model_info": {
    "model_class": "BaseClassifier",
    "hidden_size": 128,
    "num_classes": 23,
    "emb_size_audio": 512,
    "emb_size_text": 512,
    "dropout": 0.1,
    "use_batch_norm": true,
    "mode": "both",
    "num_folds": 5,
    "fold_id": 4,
    "batch_size": 64,
    "random_seed": 1821
  }
}