{
  "attention_audio": [
    0.498321,
    0.512325,
    0.504385,
    0.505368,
    0.50542,
    0.500617,
    0.502382,
    0.501616,
    0.504424,
    0.503184,
    0.503991,
    0.498213,
    0.501218,
    0.504879,
    0.506431,
    0.5029,
    0.50552,
    0.507837,
    0.504876,
    0.502298,
    0.504894,
    0.504886,
    0.505889,
    0.505251,
    0.508462,
    0.508358,
    0.508368,
    0.506758,
    0.512431,
    0.509494,
    0.510607,
    0.511349,
    0.512979,
    0.510815,
    0.512754,
    0.51309
  ],
  "attention_text": [
    0.501679,
    0.487675,
    0.495615,
    0.494632,
    0.49458,
    0.499383,
    0.497618,
    0.498384,
    0.495576,
    0.496816,
    0.496009,
    0.501787,
    0.498782,
    0.495121,
    0.493569,
    0.4971,
    0.49448,
    0.492163,
    0.495124,
    0.497702,
    0.495106,
    0.495114,
    0.494111,
    0.494749,
    0.491538,
    0.491642,
    0.491632,
    0.493242,
    0.487569,
    0.490506,
    0.489393,
    0.488651,
    0.487021,
    0.489185,
    0.487246,
    0.48691
  ],
  "train_cls_loss": [
    2.330371,
    1.593338,
    1.394549,
    1.293125,
    1.23424,
    1.155839,
    1.032843,
    1.069238,
    1.038709,
    0.98602,
    1.045923,
    1.000736,
    0.947672,
    0.968794,
    0.909461,
    0.975281,
    0.947565,
    0.935751,
    0.871033,
    0.832109,
    0.809064,
    0.790432,
    0.740881,
    0.761261,
    0.685392,
    0.76451,
    0.84376,
    0.842691,
    0.786146,
    0.849761,
    0.71327,
    0.769018,
    0.62876,
    0.64606,
    0.747424,
    0.649004
  ],
  "train_total_loss": [
    2.330371,
    1.593338,
    1.394549,
    1.293125,
    1.23424,
    1.155839,
    1.032843,
    1.069238,
    1.038709,
    0.98602,
    1.045923,
    1.000736,
    0.947672,
    0.968794,
    0.909461,
    0.975281,
    0.947565,
    0.935751,
    0.871033,
    0.832109,
    0.809064,
    0.790432,
    0.740881,
    0.761261,
    0.685392,
    0.76451,
    0.84376,
    0.842691,
    0.786146,
    0.849761,
    0.71327,
    0.769018,
    0.62876,
    0.64606,
    0.747424,
    0.649004
  ],
  "learning_rates": [
    0.001,
    0.001,
    0.001,
    0.001,
    0.001,
    0.001,
    0.001,
    0.001,
    0.001,
    0.001,
    0.001,
    0.001,
    0.001,
    0.001,
    0.001,
    0.001,
    0.001,
    0.001,
    0.001,
    0.001,
    0.0005,
    0.0005,
    0.0005,
    0.0005,
    0.0005,
    0.0005,
    0.0005,
    0.0005,
    0.0005,
    0.0005,
    0.0005,
    0.0005,
    0.0005,
    0.0005,
    0.0005,
    0.0005
  ],
  "val_accuracy": [
    57.273246,
    68.910439,
    74.044495,
    75.413577,
    76.269253,
    77.010839,
    77.124929,
    79.292641,
    79.292641,
    79.749002,
    79.863092,
    79.064461,
    78.950371,
    80.148317,
    80.091272,
    80.490588,
    79.749002,
    80.946948,
    80.319452,
    79.463776,
    81.061038,
    80.889903,
    80.889903,
    80.604678,
    79.977182,
    80.661723,
    80.148317,
    80.490588,
    80.889903,
    80.832858,
    79.292641,
    80.091272,
    79.691957,
    80.262407,
    81.061038,
    79.178551
  ],
  "model_info": {
    "model_class": "BaseClassifier",
    "hidden_size": 128,
    "num_classes": 23,
    "emb_size_audio": 512,
    "emb_size_text": 512,
    "dropout": 0.1,
    "use_batch_norm": true,
    "mode": "both",
    "num_folds": 5,
    "fold_id": 3,
    "batch_size": 64,
    "random_seed": 1821
  }
}