{
  "attention_audio": [
    0.56165,
    0.554373,
    0.548552,
    0.551619,
    0.556257,
    0.554209,
    0.561959,
    0.563531,
    0.562921,
    0.565549,
    0.569105,
    0.567351,
    0.570159,
    0.570011,
    0.568946,
    0.570735,
    0.571205,
    0.572314,
    0.580542,
    0.58256,
    0.582322,
    0.58415,
    0.582549,
    0.581244,
    0.583052,
    0.581604,
    0.582808,
    0.586023,
    0.587948,
    0.587336,
    0.588147,
    0.584677,
    0.585219,
    0.590038,
    0.585962,
    0.587137,
    0.587489,
    0.591012
  ],
  "attention_text": [
    0.43835,
    0.445627,
    0.451448,
    0.448381,
    0.443743,
    0.445791,
    0.438041,
    0.436469,
    0.437079,
    0.434451,
    0.430895,
    0.432649,
    0.429841,
    0.429989,
    0.431054,
    0.429265,
    0.428795,
    0.427686,
    0.419458,
    0.41744,
    0.417678,
    0.41585,
    0.417451,
    0.418756,
    0.416948,
    0.418396,
    0.417192,
    0.413977,
    0.412052,
    0.412664,
    0.411853,
    0.415323,
    0.414781,
    0.409962,
    0.414038,
    0.412863,
    0.412511,
    0.408988
  ],
  "train_cls_loss": [
    2.206515,
    1.317896,
    1.065813,
    0.991727,
    0.893562,
    0.846974,
    0.799233,
    0.768576,
    0.744529,
    0.693528,
    0.685188,
    0.643366,
    0.616459,
    0.608582,
    0.594319,
    0.577502,
    0.549061,
    0.533258,
    0.50422,
    0.521993,
    0.420924,
    0.401677,
    0.38131,
    0.371118,
    0.350507,
    0.350759,
    0.338807,
    0.332234,
    0.322947,
    0.296672,
    0.297847,
    0.303426,
    0.298443,
    0.29182,
    0.291446,
    0.279939,
    0.28156,
    0.262169
  ],
  "train_top_cls_loss": [
    0.859633,
    0.530033,
    0.452629,
    0.447024,
    0.394853,
    0.383733,
    0.357806,
    0.347387,
    0.335926,
    0.319265,
    0.319703,
    0.295797,
    0.294657,
    0.283399,
    0.280514,
    0.269073,
    0.259785,
    0.247117,
    0.23775,
    0.25063,
    0.197918,
    0.191796,
    0.186157,
    0.17714,
    0.170549,
    0.165767,
    0.163794,
    0.163012,
    0.156392,
    0.152204,
    0.145793,
    0.149178,
    0.150584,
    0.145272,
    0.147772,
    0.13954,
    0.145372,
    0.133551
  ],
  "train_total_loss": [
    2.464405,
    1.476906,
    1.201602,
    1.125834,
    1.012018,
    0.962094,
    0.906575,
    0.872793,
    0.845306,
    0.789308,
    0.781098,
    0.732105,
    0.704856,
    0.693602,
    0.678473,
    0.658224,
    0.626996,
    0.607393,
    0.575545,
    0.597182,
    0.480299,
    0.459215,
    0.437158,
    0.42426,
    0.401672,
    0.400489,
    0.387945,
    0.381138,
    0.369865,
    0.342333,
    0.341585,
    0.34818,
    0.343618,
    0.335401,
    0.335778,
    0.321801,
    0.325172,
    0.302234
  ],
  "learning_rates": [
    0.001,
    0.001,
    0.001,
    0.001,
    0.001,
    0.001,
    0.001,
    0.001,
    0.001,
    0.001,
    0.001,
    0.001,
    0.001,
    0.001,
    0.001,
    0.001,
    0.001,
    0.001,
    0.001,
    0.001,
    0.0005,
    0.0005,
    0.0005,
    0.0005,
    0.0005,
    0.0005,
    0.0005,
    0.0005,
    0.0005,
    0.0005,
    0.0005,
    0.0005,
    0.0005,
    0.0005,
    0.0005,
    0.0005,
    0.0005,
    0.0005
  ],
  "val_accuracy": [
    60.632184,
    71.666667,
    75.402299,
    76.034483,
    76.666667,
    77.873563,
    78.103448,
    77.356322,
    78.965517,
    78.333333,
    78.563218,
    80.0,
    78.333333,
    78.103448,
    80.172414,
    79.195402,
    79.482759,
    79.712644,
    78.505747,
    78.505747,
    79.942529,
    80.574713,
    80.632184,
    79.597701,
    78.793103,
    80.344828,
    80.574713,
    79.885057,
    79.770115,
    79.367816,
    78.678161,
    79.655172,
    79.885057,
    80.057471,
    79.137931,
    78.965517,
    78.908046,
    79.08046
  ],
  "model_info": {
    "model_class": "BaseClassifier",
    "hidden_size": 128,
    "num_classes": 23,
    "emb_size_audio": 1280,
    "emb_size_text": 512,
    "dropout": 0.1,
    "use_batch_norm": true,
    "mode": "both",
    "num_folds": 5,
    "fold_id": 1,
    "batch_size": 64,
    "random_seed": 1821
  }
}