{
  "attention_audio": [
    0.525433,
    0.534003,
    0.536694,
    0.53697,
    0.535717,
    0.536446,
    0.544951,
    0.547379,
    0.549678,
    0.546765,
    0.548013,
    0.552962,
    0.55421,
    0.555462,
    0.559298,
    0.559576,
    0.557457,
    0.557095,
    0.556352,
    0.557487,
    0.561334,
    0.564742,
    0.564523,
    0.562373,
    0.561981,
    0.562492,
    0.563548,
    0.56501,
    0.568122,
    0.568694,
    0.570869,
    0.569299,
    0.569,
    0.571432,
    0.57255,
    0.572545,
    0.571021
  ],
  "attention_text": [
    0.474567,
    0.465997,
    0.463306,
    0.46303,
    0.464283,
    0.463554,
    0.455049,
    0.452621,
    0.450322,
    0.453235,
    0.451987,
    0.447038,
    0.44579,
    0.444538,
    0.440702,
    0.440424,
    0.442543,
    0.442905,
    0.443648,
    0.442513,
    0.438666,
    0.435258,
    0.435477,
    0.437627,
    0.438019,
    0.437508,
    0.436452,
    0.43499,
    0.431878,
    0.431306,
    0.429131,
    0.430701,
    0.431,
    0.428568,
    0.42745,
    0.427455,
    0.428979
  ],
  "train_cls_loss": [
    2.249299,
    1.339833,
    1.126388,
    0.996935,
    0.903758,
    0.862797,
    0.820846,
    0.781877,
    0.744034,
    0.705659,
    0.676034,
    0.644149,
    0.628443,
    0.603613,
    0.587104,
    0.57323,
    0.568895,
    0.530279,
    0.510079,
    0.492096,
    0.435409,
    0.404426,
    0.377946,
    0.370631,
    0.367717,
    0.34755,
    0.339583,
    0.351843,
    0.336366,
    0.325141,
    0.312095,
    0.308632,
    0.297514,
    0.307344,
    0.288687,
    0.283561,
    0.276767
  ],
  "train_top_cls_loss": [
    0.793933,
    0.495387,
    0.450817,
    0.408518,
    0.385998,
    0.379599,
    0.359468,
    0.350497,
    0.32898,
    0.312727,
    0.305464,
    0.291058,
    0.285965,
    0.275374,
    0.266803,
    0.261916,
    0.2551,
    0.246249,
    0.234202,
    0.225201,
    0.207301,
    0.185623,
    0.177721,
    0.173306,
    0.169033,
    0.157744,
    0.160893,
    0.165139,
    0.160555,
    0.160653,
    0.146644,
    0.144802,
    0.141475,
    0.140591,
    0.136932,
    0.134068,
    0.138059
  ],
  "train_total_loss": [
    2.646265,
    1.587527,
    1.351797,
    1.201194,
    1.096757,
    1.052596,
    1.00058,
    0.957125,
    0.908524,
    0.862023,
    0.828765,
    0.789678,
    0.771426,
    0.7413,
    0.720505,
    0.704188,
    0.696445,
    0.653404,
    0.62718,
    0.604696,
    0.53906,
    0.497238,
    0.466807,
    0.457284,
    0.452233,
    0.426423,
    0.420029,
    0.434413,
    0.416644,
    0.405467,
    0.385417,
    0.381033,
    0.368251,
    0.377639,
    0.357153,
    0.350595,
    0.345796
  ],
  "learning_rates": [
    0.001,
    0.001,
    0.001,
    0.001,
    0.001,
    0.001,
    0.001,
    0.001,
    0.001,
    0.001,
    0.001,
    0.001,
    0.001,
    0.001,
    0.001,
    0.001,
    0.001,
    0.001,
    0.001,
    0.001,
    0.0005,
    0.0005,
    0.0005,
    0.0005,
    0.0005,
    0.0005,
    0.0005,
    0.0005,
    0.0005,
    0.0005,
    0.0005,
    0.0005,
    0.0005,
    0.0005,
    0.0005,
    0.0005,
    0.0005
  ],
  "val_accuracy": [
    59.252874,
    68.735632,
    70.402299,
    74.482759,
    74.597701,
    76.724138,
    76.264368,
    77.758621,
    76.724138,
    78.16092,
    76.321839,
    77.356322,
    78.333333,
    77.586207,
    77.643678,
    78.045977,
    78.103448,
    79.022989,
    78.62069,
    77.643678,
    79.425287,
    80.287356,
    79.195402,
    79.252874,
    78.103448,
    79.712644,
    79.022989,
    79.310345,
    77.183908,
    78.908046,
    78.045977,
    79.425287,
    78.505747,
    79.195402,
    78.390805,
    77.471264,
    79.022989
  ],
  "model_info": {
    "model_class": "BaseClassifier",
    "hidden_size": 128,
    "num_classes": 23,
    "emb_size_audio": 1280,
    "emb_size_text": 512,
    "dropout": 0.1,
    "use_batch_norm": true,
    "mode": "both",
    "num_folds": 5,
    "fold_id": 0,
    "batch_size": 64,
    "random_seed": 1821
  }
}