{
  "train_cls_loss": [
    1.357487,
    1.068977,
    0.978214,
    0.91983,
    0.88663,
    0.859801,
    0.829195,
    0.808273,
    0.791159,
    0.771118,
    0.750346,
    0.738033,
    0.724633,
    0.712839,
    0.703277,
    0.686263,
    0.681736,
    0.665699,
    0.656518,
    0.647539,
    0.606846,
    0.584467,
    0.577461,
    0.568387,
    0.557651,
    0.552485,
    0.546616,
    0.534901,
    0.531685,
    0.525109,
    0.520848
  ],
  "train_total_loss": [
    1.357487,
    1.068977,
    0.978214,
    0.91983,
    0.88663,
    0.859801,
    0.829195,
    0.808273,
    0.791159,
    0.771118,
    0.750346,
    0.738033,
    0.724633,
    0.712839,
    0.703277,
    0.686263,
    0.681736,
    0.665699,
    0.656518,
    0.647539,
    0.606846,
    0.584467,
    0.577461,
    0.568387,
    0.557651,
    0.552485,
    0.546616,
    0.534901,
    0.531685,
    0.525109,
    0.520848
  ],
  "learning_rates": [
    0.001,
    0.001,
    0.001,
    0.001,
    0.001,
    0.001,
    0.001,
    0.001,
    0.001,
    0.001,
    0.001,
    0.001,
    0.001,
    0.001,
    0.001,
    0.001,
    0.001,
    0.001,
    0.001,
    0.001,
    0.0005,
    0.0005,
    0.0005,
    0.0005,
    0.0005,
    0.0005,
    0.0005,
    0.0005,
    0.0005,
    0.0005,
    0.0005
  ],
  "val_accuracy": [
    53.907587,
    63.947519,
    63.548203,
    66.970907,
    69.48089,
    69.024529,
    69.994295,
    72.333143,
    71.819738,
    69.59498,
    70.735881,
    72.219053,
    71.705647,
    70.393611,
    70.393611,
    73.074729,
    70.849971,
    70.621791,
    71.933828,
    71.705647,
    72.047918,
    72.903594,
    71.591557,
    72.104963,
    71.306332,
    70.678836,
    71.762693,
    70.279521,
    71.135197,
    72.732459,
    72.789504
  ],
  "model_info": {
    "model_class": "BaseClassifier",
    "hidden_size": 128,
    "num_classes": 23,
    "emb_size_audio": 512,
    "emb_size_text": 0,
    "dropout": 0.1,
    "use_batch_norm": true,
    "mode": "audio",
    "num_folds": 5,
    "fold_id": 3,
    "batch_size": 64,
    "random_seed": 1821
  }
}