{
  "attention_audio": [
    0.501028,
    0.532767,
    0.524089,
    0.52578,
    0.526103,
    0.533787,
    0.534472,
    0.535452,
    0.537773,
    0.537695,
    0.544538,
    0.547008,
    0.553161,
    0.549903,
    0.554325,
    0.554781,
    0.558534,
    0.559713,
    0.562728,
    0.567797,
    0.565715,
    0.569031,
    0.569414,
    0.570833,
    0.571466,
    0.571369,
    0.572011,
    0.573722,
    0.571786,
    0.570824,
    0.573389,
    0.579182,
    0.578639,
    0.579558,
    0.57901,
    0.58273,
    0.584364,
    0.583997,
    0.587717,
    0.587853,
    0.588042,
    0.587223,
    0.585443,
    0.58583,
    0.58703,
    0.586484,
    0.587678,
    0.587845,
    0.58904,
    0.589099,
    0.58742,
    0.587576,
    0.589521,
    0.59008,
    0.591989,
    0.590816,
    0.592133,
    0.591282,
    0.592347,
    0.591463,
    0.591878
  ],
  "attention_text": [
    0.498972,
    0.467233,
    0.475911,
    0.47422,
    0.473897,
    0.466213,
    0.465528,
    0.464548,
    0.462227,
    0.462305,
    0.455462,
    0.452992,
    0.446839,
    0.450097,
    0.445675,
    0.445219,
    0.441466,
    0.440287,
    0.437272,
    0.432203,
    0.434285,
    0.430969,
    0.430586,
    0.429167,
    0.428534,
    0.428631,
    0.427989,
    0.426278,
    0.428214,
    0.429176,
    0.426611,
    0.420818,
    0.421361,
    0.420442,
    0.42099,
    0.41727,
    0.415636,
    0.416003,
    0.412283,
    0.412147,
    0.411958,
    0.412777,
    0.414557,
    0.41417,
    0.41297,
    0.413516,
    0.412322,
    0.412155,
    0.41096,
    0.410901,
    0.41258,
    0.412424,
    0.410479,
    0.40992,
    0.408011,
    0.409184,
    0.407867,
    0.408718,
    0.407653,
    0.408537,
    0.408122
  ],
  "train_cls_loss": [
    2.23562,
    1.349535,
    1.108745,
    0.991126,
    0.901811,
    0.837064,
    0.811682,
    0.725694,
    0.711499,
    0.701877,
    0.652444,
    0.643891,
    0.597255,
    0.583436,
    0.586094,
    0.558398,
    0.534822,
    0.525111,
    0.51266,
    0.483612,
    0.423066,
    0.380407,
    0.359438,
    0.345082,
    0.32343,
    0.335212,
    0.330402,
    0.315461,
    0.309935,
    0.29644,
    0.301788,
    0.29236,
    0.293152,
    0.277977,
    0.27596,
    0.277665,
    0.270279,
    0.266044,
    0.246431,
    0.261035,
    0.222528,
    0.196728,
    0.19231,
    0.181894,
    0.180995,
    0.188498,
    0.188636,
    0.184136,
    0.186658,
    0.179176,
    0.180474,
    0.167742,
    0.182286,
    0.176323,
    0.17076,
    0.176441,
    0.170915,
    0.176394,
    0.161888,
    0.168497,
    0.155621
  ],
  "train_total_loss": [
    2.23562,
    1.349535,
    1.108745,
    0.991126,
    0.901811,
    0.837064,
    0.811682,
    0.725694,
    0.711499,
    0.701877,
    0.652444,
    0.643891,
    0.597255,
    0.583436,
    0.586094,
    0.558398,
    0.534822,
    0.525111,
    0.51266,
    0.483612,
    0.423066,
    0.380407,
    0.359438,
    0.345082,
    0.32343,
    0.335212,
    0.330402,
    0.315461,
    0.309935,
    0.29644,
    0.301788,
    0.29236,
    0.293152,
    0.277977,
    0.27596,
    0.277665,
    0.270279,
    0.266044,
    0.246431,
    0.261035,
    0.222528,
    0.196728,
    0.19231,
    0.181894,
    0.180995,
    0.188498,
    0.188636,
    0.184136,
    0.186658,
    0.179176,
    0.180474,
    0.167742,
    0.182286,
    0.176323,
    0.17076,
    0.176441,
    0.170915,
    0.176394,
    0.161888,
    0.168497,
    0.155621
  ],
  "learning_rates": [
    0.001,
    0.001,
    0.001,
    0.001,
    0.001,
    0.001,
    0.001,
    0.001,
    0.001,
    0.001,
    0.001,
    0.001,
    0.001,
    0.001,
    0.001,
    0.001,
    0.001,
    0.001,
    0.001,
    0.001,
    0.0005,
    0.0005,
    0.0005,
    0.0005,
    0.0005,
    0.0005,
    0.0005,
    0.0005,
    0.0005,
    0.0005,
    0.0005,
    0.0005,
    0.0005,
    0.0005,
    0.0005,
    0.0005,
    0.0005,
    0.0005,
    0.0005,
    0.0005,
    0.00025,
    0.00025,
    0.00025,
    0.00025,
    0.00025,
    0.00025,
    0.00025,
    0.00025,
    0.00025,
    0.00025,
    0.00025,
    0.00025,
    0.00025,
    0.00025,
    0.00025,
    0.00025,
    0.00025,
    0.00025,
    0.00025,
    0.00025,
    0.000125
  ],
  "val_accuracy": [
    60.287356,
    68.678161,
    73.448276,
    74.08046,
    75.0,
    75.402299,
    76.321839,
    77.643678,
    77.643678,
    78.563218,
    77.011494,
    78.563218,
    78.333333,
    79.195402,
    77.931034,
    78.908046,
    77.758621,
    77.758621,
    79.54023,
    78.275862,
    79.827586,
    79.137931,
    79.252874,
    79.54023,
    79.022989,
    79.022989,
    78.735632,
    79.022989,
    78.735632,
    79.08046,
    78.735632,
    79.195402,
    79.425287,
    79.367816,
    80.057471,
    80.0,
    79.137931,
    79.597701,
    78.563218,
    78.563218,
    79.252874,
    79.942529,
    79.367816,
    79.942529,
    80.057471,
    80.172414,
    79.367816,
    80.057471,
    79.712644,
    79.137931,
    79.022989,
    79.482759,
    79.08046,
    79.022989,
    78.678161,
    78.793103,
    79.885057,
    79.137931,
    78.16092,
    79.022989,
    79.08046
  ],
  "model_info": {
    "model_class": "BaseClassifier",
    "hidden_size": 128,
    "num_classes": 23,
    "emb_size_audio": 1280,
    "emb_size_text": 512,
    "dropout": 0.1,
    "use_batch_norm": true,
    "mode": "both",
    "num_folds": 5,
    "fold_id": 0,
    "batch_size": 64,
    "random_seed": 1821
  }
}