{
  "attention_audio": [
    0.482146,
    0.485182,
    0.48542,
    0.486904,
    0.486519,
    0.49107,
    0.494492,
    0.496265,
    0.496018,
    0.49618,
    0.491701,
    0.494886,
    0.493944,
    0.491786,
    0.495377,
    0.496986,
    0.49845,
    0.502713,
    0.504565,
    0.499845,
    0.501756,
    0.502848,
    0.504777,
    0.506636,
    0.507503,
    0.508169,
    0.505952,
    0.501462,
    0.501059,
    0.505598,
    0.504253,
    0.503306,
    0.502324,
    0.501766,
    0.504275,
    0.506971,
    0.505529,
    0.508238,
    0.506364,
    0.50716,
    0.509832,
    0.509818,
    0.509073,
    0.507257,
    0.506433
  ],
  "attention_text": [
    0.517854,
    0.514818,
    0.51458,
    0.513096,
    0.513481,
    0.50893,
    0.505508,
    0.503735,
    0.503982,
    0.50382,
    0.508299,
    0.505114,
    0.506056,
    0.508214,
    0.504623,
    0.503014,
    0.50155,
    0.497287,
    0.495435,
    0.500155,
    0.498244,
    0.497152,
    0.495223,
    0.493364,
    0.492497,
    0.491831,
    0.494048,
    0.498538,
    0.498941,
    0.494402,
    0.495747,
    0.496694,
    0.497676,
    0.498234,
    0.495725,
    0.493029,
    0.494471,
    0.491762,
    0.493636,
    0.49284,
    0.490168,
    0.490182,
    0.490927,
    0.492743,
    0.493567
  ],
  "train_cls_loss": [
    2.455425,
    1.637543,
    1.491919,
    1.392348,
    1.36174,
    1.249165,
    1.252663,
    1.227388,
    1.152505,
    1.178598,
    1.155265,
    1.189688,
    1.161727,
    1.161981,
    1.091895,
    1.02003,
    1.064983,
    1.120523,
    1.036087,
    1.065119,
    0.991982,
    0.910621,
    0.902064,
    0.916633,
    0.908246,
    0.920207,
    0.976928,
    0.983465,
    0.893176,
    0.799889,
    0.933127,
    0.890111,
    0.838369,
    0.779062,
    0.90587,
    0.810617,
    0.805993,
    0.886031,
    0.906317,
    0.865603,
    0.873394,
    0.771057,
    0.845484,
    0.765214,
    0.775849
  ],
  "train_total_loss": [
    2.455425,
    1.637543,
    1.491919,
    1.392348,
    1.36174,
    1.249165,
    1.252663,
    1.227388,
    1.152505,
    1.178598,
    1.155265,
    1.189688,
    1.161727,
    1.161981,
    1.091895,
    1.02003,
    1.064983,
    1.120523,
    1.036087,
    1.065119,
    0.991982,
    0.910621,
    0.902064,
    0.916633,
    0.908246,
    0.920207,
    0.976928,
    0.983465,
    0.893176,
    0.799889,
    0.933127,
    0.890111,
    0.838369,
    0.779062,
    0.90587,
    0.810617,
    0.805993,
    0.886031,
    0.906317,
    0.865603,
    0.873394,
    0.771057,
    0.845484,
    0.765214,
    0.775849
  ],
  "learning_rates": [
    0.001,
    0.001,
    0.001,
    0.001,
    0.001,
    0.001,
    0.001,
    0.001,
    0.001,
    0.001,
    0.001,
    0.001,
    0.001,
    0.001,
    0.001,
    0.001,
    0.001,
    0.001,
    0.001,
    0.001,
    0.0005,
    0.0005,
    0.0005,
    0.0005,
    0.0005,
    0.0005,
    0.0005,
    0.0005,
    0.0005,
    0.0005,
    0.0005,
    0.0005,
    0.0005,
    0.0005,
    0.0005,
    0.0005,
    0.0005,
    0.0005,
    0.0005,
    0.0005,
    0.00025,
    0.00025,
    0.00025,
    0.00025,
    0.00025
  ],
  "val_accuracy": [
    59.897319,
    66.343411,
    72.162008,
    74.044495,
    74.386766,
    75.812892,
    76.269253,
    78.15174,
    77.581289,
    78.836281,
    79.178551,
    77.124929,
    79.691957,
    79.007416,
    79.406731,
    79.463776,
    79.121506,
    79.007416,
    79.235596,
    78.779236,
    79.406731,
    80.433542,
    79.749002,
    79.920137,
    79.806047,
    79.977182,
    80.376497,
    79.863092,
    80.205362,
    80.490588,
    78.436965,
    78.893326,
    78.37992,
    78.436965,
    79.292641,
    79.064461,
    78.950371,
    79.292641,
    80.319452,
    79.749002,
    79.463776,
    79.463776,
    79.977182,
    79.121506,
    79.863092
  ],
  "model_info": {
    "model_class": "BaseClassifier",
    "hidden_size": 128,
    "num_classes": 23,
    "emb_size_audio": 512,
    "emb_size_text": 512,
    "dropout": 0.1,
    "use_batch_norm": true,
    "mode": "both",
    "num_folds": 5,
    "fold_id": 0,
    "batch_size": 64,
    "random_seed": 1821
  }
}